id,equipment_id,date,hours_operated,downtime_hours,downtime_reason,fuel_consumed_liters,material_moved_tonnes
1,1,2026-06-01,0.5,7.5,Blasting toxic fume / dust clearance standstill,16.3,21.7
2,1,2026-06-02,7.7,0.3,,308.0,218.7
3,1,2026-06-03,5.6,2.4,Shift changeover & inspection,227.5,235.3
4,1,2026-06-04,7.3,0.7,,266.8,282.7
5,1,2026-06-05,6.5,1.5,Shift changeover & inspection,236.7,189.5
6,1,2026-06-06,6.5,1.5,Shift changeover & inspection,265.8,171.5
7,1,2026-06-07,6.6,1.4,Shift changeover & inspection,184.0,306.9
8,1,2026-06-08,5.9,2.1,Shift changeover & inspection,152.3,133.4
9,1,2026-06-09,6.2,1.8,Shift changeover & inspection,137.2,197.2
10,1,2026-06-10,7.1,0.9,,261.6,228.1
11,1,2026-06-11,6.9,1.1,Shift changeover & inspection,296.4,326.7
12,1,2026-06-12,6.4,1.6,Shift changeover & inspection,276.8,266.5
13,1,2026-06-13,6.3,1.7,Shift changeover & inspection,214.5,198.3
14,1,2026-06-14,3.1,4.9,Tyre sidewall cut on sharp gondite boulders,82.4,151.9
15,1,2026-06-15,6.7,1.3,Shift changeover & inspection,263.3,165.4
16,1,2026-06-16,7.6,0.4,,199.6,349.2
17,1,2026-06-17,6.9,1.1,Shift changeover & inspection,194.7,228.2
18,1,2026-06-18,6.2,1.8,Shift changeover & inspection,178.8,173.5
19,1,2026-06-19,7.1,0.9,,224.2,221.9
20,1,2026-06-20,7.5,0.5,,174.5,240.9
21,1,2026-06-21,7.5,0.5,,169.7,186.0
22,1,2026-06-22,6.4,1.6,Shift changeover & inspection,197.8,260.4
23,1,2026-06-23,1.2,6.8,Engine overheated (>44°C ambient summer load),28.4,31.8
24,1,2026-06-24,7.2,0.8,,193.1,205.3
25,1,2026-06-25,7.3,0.7,,261.9,195.1
26,1,2026-06-26,6.6,1.4,Shift changeover & inspection,264.8,192.4
27,1,2026-06-27,7.6,0.4,,196.7,268.3
28,1,2026-06-28,5.7,2.3,Shift changeover & inspection,236.4,228.1
29,1,2026-06-29,7.3,0.7,,323.1,169.2
30,1,2026-06-30,6.7,1.3,Shift changeover & inspection,213.1,155.2
31,1,2026-07-01,6.9,1.1,Shift changeover & inspection,285.0,233.5
32,1,2026-07-02,6.2,1.8,Shift changeover & inspection,277.7,280.5
33,1,2026-07-03,7.5,0.5,,235.2,274.1
34,1,2026-07-04,6.4,1.6,Shift changeover & inspection,154.1,130.1
35,1,2026-07-05,3.2,4.8,Rainwater inundation at bottom pit bench (>40mm downpour),131.7,82.0
36,1,2026-07-06,6.4,1.6,Shift changeover & inspection,282.3,228.0
37,1,2026-07-07,6.1,1.9,Shift changeover & inspection,144.6,294.0
38,1,2026-07-08,5.9,2.1,Shift changeover & inspection,245.9,241.6
39,1,2026-07-09,3.7,4.3,Rainwater inundation at bottom pit bench (>40mm downpour),87.3,94.2
40,1,2026-07-10,7.3,0.7,,244.9,305.7
41,1,2026-07-11,1.0,7.0,Rainwater inundation at bottom pit bench (>40mm downpour),22.2,32.6
42,1,2026-07-12,3.2,4.8,Main sump pump silt clogging from monsoon slurry,119.2,82.5
43,1,2026-07-13,1.4,6.6,Engine overheated (>44°C ambient summer load),52.5,31.0
44,1,2026-07-14,3.1,4.9,Rainwater inundation at bottom pit bench (>40mm downpour),135.6,126.1
45,1,2026-07-15,2.5,5.5,Main sump pump silt clogging from monsoon slurry,76.0,119.8
46,1,2026-07-16,1.1,6.9,Blasting toxic fume / dust clearance standstill,29.7,40.2
47,1,2026-07-17,4.3,3.7,Main sump pump silt clogging from monsoon slurry,123.3,196.8
48,1,2026-07-18,6.1,1.9,Shift changeover & inspection,178.5,138.0
49,1,2026-07-19,1.6,6.4,Rainwater inundation at bottom pit bench (>40mm downpour),58.8,68.7
50,1,2026-07-20,5.6,2.4,Shift changeover & inspection,163.9,138.3
51,1,2026-07-21,7.7,0.3,,258.6,231.8
52,1,2026-07-22,5.9,2.1,Shift changeover & inspection,258.3,264.3
53,1,2026-07-23,6.4,1.6,Shift changeover & inspection,251.1,205.3
54,1,2026-07-24,7.4,0.6,,266.5,356.8
55,1,2026-07-25,5.7,2.3,Shift changeover & inspection,206.0,217.6
56,1,2026-07-26,4.2,3.8,Tyre sidewall cut on sharp gondite boulders,149.3,191.4
57,1,2026-07-27,2.9,5.1,Main sump pump silt clogging from monsoon slurry,127.5,139.3
58,1,2026-07-28,4.5,3.5,Tyre sidewall cut on sharp gondite boulders,176.6,184.3
59,1,2026-07-29,3.9,4.1,Tyre sidewall cut on sharp gondite boulders,155.9,115.0
60,1,2026-07-30,6.4,1.6,Shift changeover & inspection,252.9,290.9
61,1,2026-07-31,6.2,1.8,Shift changeover & inspection,236.4,166.5
62,1,2026-08-01,6.5,1.5,Shift changeover & inspection,284.0,236.7
63,1,2026-08-02,3.9,4.1,Rainwater inundation at bottom pit bench (>40mm downpour),124.8,191.2
64,1,2026-08-03,7.6,0.4,,236.9,299.1
65,1,2026-08-04,4.3,3.7,Tyre sidewall cut on sharp gondite boulders,191.5,125.7
66,1,2026-08-05,6.6,1.4,Shift changeover & inspection,210.1,137.4
67,1,2026-08-06,4.4,3.6,Rainwater inundation at bottom pit bench (>40mm downpour),191.2,108.8
68,1,2026-08-07,2.6,5.4,Main sump pump silt clogging from monsoon slurry,109.0,74.2
69,1,2026-08-08,6.5,1.5,Shift changeover & inspection,280.7,270.3
70,1,2026-08-09,7.2,0.8,,274.3,348.1
71,1,2026-08-10,2.1,5.9,Main sump pump silt clogging from monsoon slurry,86.0,98.6
72,1,2026-08-11,6.8,1.2,Shift changeover & inspection,211.4,212.1
73,1,2026-08-12,2.0,6.0,Rainwater inundation at bottom pit bench (>40mm downpour),57.4,62.3
74,1,2026-08-13,7.6,0.4,,262.7,212.7
75,1,2026-08-14,2.8,5.2,Rainwater inundation at bottom pit bench (>40mm downpour),114.8,126.8
76,1,2026-08-15,6.4,1.6,Shift changeover & inspection,217.7,148.4
77,1,2026-08-16,6.8,1.2,Shift changeover & inspection,305.8,329.3
78,1,2026-08-17,3.7,4.3,Rainwater inundation at bottom pit bench (>40mm downpour),98.2,170.0
79,1,2026-08-18,6.5,1.5,Shift changeover & inspection,283.4,323.0
80,1,2026-08-19,6.3,1.7,Shift changeover & inspection,200.1,161.6
81,1,2026-08-20,2.2,5.8,Main sump pump silt clogging from monsoon slurry,88.0,101.6
82,1,2026-08-21,5.7,2.3,Shift changeover & inspection,218.6,246.8
83,1,2026-08-22,6.0,2.0,Shift changeover & inspection,238.4,224.0
84,1,2026-08-23,7.1,0.9,,216.0,335.3
85,1,2026-08-24,5.8,2.2,Shift changeover & inspection,233.0,130.0
86,1,2026-08-25,2.6,5.4,Main sump pump silt clogging from monsoon slurry,73.1,97.3
87,1,2026-08-26,7.6,0.4,,275.2,328.1
88,1,2026-08-27,1.8,6.2,Rainwater inundation at bottom pit bench (>40mm downpour),52.7,87.3
89,1,2026-08-28,2.3,5.7,Rainwater inundation at bottom pit bench (>40mm downpour),53.7,49.4
90,1,2026-08-29,7.5,0.5,,305.3,344.9
91,2,2026-06-01,7.3,0.7,,98.7,256.4
92,2,2026-06-02,7.8,0.2,,74.1,345.5
93,2,2026-06-03,7.6,0.4,,112.7,197.5
94,2,2026-06-04,7.3,0.7,,67.3,188.4
95,2,2026-06-05,7.7,0.3,,102.3,359.0
96,2,2026-06-06,6.6,1.4,Shift changeover & inspection,84.6,220.9
97,2,2026-06-07,5.8,2.2,Shift changeover & inspection,61.4,189.4
98,2,2026-06-08,6.2,1.8,Shift changeover & inspection,80.6,273.9
99,2,2026-06-09,5.9,2.1,Shift changeover & inspection,81.3,214.1
100,2,2026-06-10,2.7,5.3,Shaft winder cage guide rope alignment check,34.6,77.7
101,2,2026-06-11,6.4,1.6,Shift changeover & inspection,68.5,221.6
102,2,2026-06-12,5.6,2.4,Shift changeover & inspection,61.7,228.8
103,2,2026-06-13,7.6,0.4,,90.0,358.3
104,2,2026-06-14,6.1,1.9,Shift changeover & inspection,64.8,249.2
105,2,2026-06-15,6.4,1.6,Shift changeover & inspection,89.8,192.4
106,2,2026-06-16,5.8,2.2,Shift changeover & inspection,51.5,244.6
107,2,2026-06-17,7.3,0.7,,105.8,221.9
108,2,2026-06-18,7.6,0.4,,95.2,221.7
109,2,2026-06-19,6.1,1.9,Shift changeover & inspection,76.1,137.2
110,2,2026-06-20,5.5,2.5,Shift changeover & inspection,79.4,266.0
111,2,2026-06-21,6.4,1.6,Shift changeover & inspection,84.1,233.5
112,2,2026-06-22,5.9,2.1,Shift changeover & inspection,85.4,122.9
113,2,2026-06-23,6.5,1.5,Shift changeover & inspection,75.9,222.2
114,2,2026-06-24,7.7,0.3,,104.9,359.9
115,2,2026-06-25,7.3,0.7,,89.6,177.0
116,2,2026-06-26,6.5,1.5,Shift changeover & inspection,56.9,175.9
117,2,2026-06-27,7.1,0.9,,82.0,350.7
118,2,2026-06-28,6.3,1.7,Shift changeover & inspection,77.3,126.4
119,2,2026-06-29,7.0,1.0,Shift changeover & inspection,60.7,280.7
120,2,2026-06-30,7.4,0.6,,64.5,197.9
121,2,2026-07-01,3.6,4.4,Main sump pump silt clogging from monsoon slurry,48.0,88.5
122,2,2026-07-02,4.0,4.0,Tyre sidewall cut on sharp gondite boulders,42.5,87.6
123,2,2026-07-03,7.5,0.5,,97.2,231.8
124,2,2026-07-04,4.3,3.7,Main sump pump silt clogging from monsoon slurry,52.5,119.6
125,2,2026-07-05,1.9,6.1,Tyre sidewall cut on sharp gondite boulders,24.4,60.6
126,2,2026-07-06,4.5,3.5,Tyre sidewall cut on sharp gondite boulders,40.6,184.0
127,2,2026-07-07,1.6,6.4,Shaft winder cage guide rope alignment check,23.2,46.9
128,2,2026-07-08,7.7,0.3,,105.9,241.0
129,2,2026-07-09,1.8,6.2,Tyre sidewall cut on sharp gondite boulders,19.4,40.7
130,2,2026-07-10,2.0,6.0,Main sump pump silt clogging from monsoon slurry,24.7,40.6
131,2,2026-07-11,4.4,3.6,Tyre sidewall cut on sharp gondite boulders,50.1,138.8
132,2,2026-07-12,7.3,0.7,,78.4,332.4
133,2,2026-07-13,6.8,1.2,Shift changeover & inspection,61.5,272.5
134,2,2026-07-14,6.3,1.7,Shift changeover & inspection,53.7,147.6
135,2,2026-07-15,6.0,2.0,Shift changeover & inspection,76.5,228.5
136,2,2026-07-16,5.7,2.3,Shift changeover & inspection,72.1,194.4
137,2,2026-07-17,6.9,1.1,Shift changeover & inspection,66.9,194.1
138,2,2026-07-18,1.6,6.4,Tyre sidewall cut on sharp gondite boulders,16.9,34.9
139,2,2026-07-19,5.8,2.2,Shift changeover & inspection,77.5,192.3
140,2,2026-07-20,6.6,1.4,Shift changeover & inspection,61.4,186.4
141,2,2026-07-21,6.3,1.7,Shift changeover & inspection,51.4,172.9
142,2,2026-07-22,2.4,5.6,Main sump pump silt clogging from monsoon slurry,20.8,96.7
143,2,2026-07-23,3.5,4.5,Main sump pump silt clogging from monsoon slurry,31.9,97.8
144,2,2026-07-24,6.1,1.9,Shift changeover & inspection,85.4,127.0
145,2,2026-07-25,2.8,5.2,Main sump pump silt clogging from monsoon slurry,39.1,104.2
146,2,2026-07-26,5.6,2.4,Shift changeover & inspection,68.0,250.9
147,2,2026-07-27,2.3,5.7,Tyre sidewall cut on sharp gondite boulders,24.6,84.1
148,2,2026-07-28,3.2,4.8,Rainwater inundation at bottom pit bench (>40mm downpour),43.6,96.4
149,2,2026-07-29,5.9,2.1,Shift changeover & inspection,50.3,138.2
150,2,2026-07-30,6.4,1.6,Shift changeover & inspection,53.9,194.1
151,2,2026-07-31,7.0,1.0,Shift changeover & inspection,83.1,163.9
152,2,2026-08-01,4.3,3.7,Main sump pump silt clogging from monsoon slurry,50.2,204.5
153,2,2026-08-02,6.7,1.3,Shift changeover & inspection,68.0,307.3
154,2,2026-08-03,7.6,0.4,,108.1,309.5
155,2,2026-08-04,6.0,2.0,Shift changeover & inspection,63.3,258.0
156,2,2026-08-05,5.6,2.4,Shift changeover & inspection,73.3,244.6
157,2,2026-08-06,6.8,1.2,Shift changeover & inspection,83.0,278.7
158,2,2026-08-07,3.7,4.3,Tyre sidewall cut on sharp gondite boulders,45.5,158.0
159,2,2026-08-08,1.7,6.3,Main sump pump silt clogging from monsoon slurry,22.3,41.3
160,2,2026-08-09,1.7,6.3,Main sump pump silt clogging from monsoon slurry,22.0,70.9
161,2,2026-08-10,7.6,0.4,,86.1,338.3
162,2,2026-08-11,6.2,1.8,Shift changeover & inspection,51.2,154.8
163,2,2026-08-12,6.0,2.0,Shift changeover & inspection,71.1,270.2
164,2,2026-08-13,7.6,0.4,,65.4,313.7
165,2,2026-08-14,6.0,2.0,Shift changeover & inspection,81.9,281.7
166,2,2026-08-15,3.8,4.2,Main sump pump silt clogging from monsoon slurry,56.7,153.2
167,2,2026-08-16,3.0,5.0,Main sump pump silt clogging from monsoon slurry,28.8,103.4
168,2,2026-08-17,6.6,1.4,Shift changeover & inspection,79.0,234.9
169,2,2026-08-18,3.1,4.9,Rainwater inundation at bottom pit bench (>40mm downpour),26.4,147.0
170,2,2026-08-19,1.6,6.4,Main sump pump silt clogging from monsoon slurry,22.4,56.4
171,2,2026-08-20,5.6,2.4,Shift changeover & inspection,67.8,114.4
172,2,2026-08-21,3.9,4.1,Tyre sidewall cut on sharp gondite boulders,43.7,127.9
173,2,2026-08-22,6.6,1.4,Shift changeover & inspection,54.4,307.1
174,2,2026-08-23,6.4,1.6,Shift changeover & inspection,88.9,275.5
175,2,2026-08-24,7.6,0.4,,78.0,222.3
176,2,2026-08-25,7.1,0.9,,88.0,197.6
177,2,2026-08-26,7.4,0.6,,65.5,277.3
178,2,2026-08-27,2.3,5.7,Engine overheated (>44°C ambient summer load),22.6,48.9
179,2,2026-08-28,6.7,1.3,Shift changeover & inspection,70.6,200.6
180,2,2026-08-29,6.9,1.1,Shift changeover & inspection,85.8,159.4
181,3,2026-06-01,6.1,1.9,Shift changeover & inspection,181.8,274.8
182,3,2026-06-02,7.5,0.5,,267.7,214.7
183,3,2026-06-03,7.1,0.9,,247.5,237.5
184,3,2026-06-04,7.4,0.6,,205.5,339.8
185,3,2026-06-05,1.2,6.8,Tyre sidewall cut on sharp gondite boulders,47.0,52.6
186,3,2026-06-06,6.3,1.7,Shift changeover & inspection,157.3,215.1
187,3,2026-06-07,7.4,0.6,,181.9,336.1
188,3,2026-06-08,5.8,2.2,Shift changeover & inspection,184.6,135.9
189,3,2026-06-09,6.8,1.2,Shift changeover & inspection,273.1,188.1
190,3,2026-06-10,1.5,6.5,Engine overheated (>44°C ambient summer load),36.1,55.2
191,3,2026-06-11,7.7,0.3,,325.9,314.7
192,3,2026-06-12,5.7,2.3,Shift changeover & inspection,163.1,133.6
193,3,2026-06-13,6.6,1.4,Shift changeover & inspection,241.2,311.0
194,3,2026-06-14,6.9,1.1,Shift changeover & inspection,211.6,310.2
195,3,2026-06-15,6.0,2.0,Shift changeover & inspection,135.4,245.0
196,3,2026-06-16,7.5,0.5,,327.9,153.1
197,3,2026-06-17,6.1,1.9,Shift changeover & inspection,206.8,299.5
198,3,2026-06-18,0.6,7.4,DGMS statutory electrical ground-fault trip,15.4,27.5
199,3,2026-06-19,7.6,0.4,,188.1,201.7
200,3,2026-06-20,7.6,0.4,,280.9,219.6
201,3,2026-06-21,3.2,4.8,Hydraulic hose burst / high pressure pump cavitation,127.1,110.0
202,3,2026-06-22,6.7,1.3,Shift changeover & inspection,234.3,175.0
203,3,2026-06-23,7.7,0.3,,227.7,293.2
204,3,2026-06-24,2.9,5.1,DGMS statutory electrical ground-fault trip,124.9,142.9
205,3,2026-06-25,5.9,2.1,Shift changeover & inspection,139.2,244.7
206,3,2026-06-26,6.9,1.1,Shift changeover & inspection,295.8,178.6
207,3,2026-06-27,6.1,1.9,Shift changeover & inspection,213.7,186.2
208,3,2026-06-28,6.9,1.1,Shift changeover & inspection,239.3,302.0
209,3,2026-06-29,6.6,1.4,Shift changeover & inspection,270.3,227.4
210,3,2026-06-30,5.6,2.4,Shift changeover & inspection,152.8,206.5
211,3,2026-07-01,6.7,1.3,Shift changeover & inspection,252.0,162.5
212,3,2026-07-02,3.7,4.3,Tyre sidewall cut on sharp gondite boulders,134.5,109.1
213,3,2026-07-03,7.2,0.8,,289.2,329.5
214,3,2026-07-04,7.5,0.5,,327.9,259.6
215,3,2026-07-05,2.7,5.3,Tyre sidewall cut on sharp gondite boulders,82.4,75.6
216,3,2026-07-06,1.5,6.5,Rainwater inundation at bottom pit bench (>40mm downpour),50.9,56.7
217,3,2026-07-07,1.9,6.1,Main sump pump silt clogging from monsoon slurry,48.9,48.8
218,3,2026-07-08,6.9,1.1,Shift changeover & inspection,239.6,153.2
219,3,2026-07-09,6.6,1.4,Shift changeover & inspection,162.4,169.6
220,3,2026-07-10,5.5,2.5,Shift changeover & inspection,141.8,224.6
221,3,2026-07-11,4.4,3.6,Tyre sidewall cut on sharp gondite boulders,162.3,147.1
222,3,2026-07-12,3.5,4.5,Tyre sidewall cut on sharp gondite boulders,111.5,82.9
223,3,2026-07-13,1.7,6.3,Rainwater inundation at bottom pit bench (>40mm downpour),40.1,39.5
224,3,2026-07-14,4.3,3.7,Tyre sidewall cut on sharp gondite boulders,186.3,183.5
225,3,2026-07-15,2.8,5.2,Rainwater inundation at bottom pit bench (>40mm downpour),124.5,114.0
226,3,2026-07-16,0.1,7.9,DGMS statutory electrical ground-fault trip,3.9,2.2
227,3,2026-07-17,1.6,6.4,Tyre sidewall cut on sharp gondite boulders,53.4,55.4
228,3,2026-07-18,5.8,2.2,Shift changeover & inspection,232.3,168.5
229,3,2026-07-19,6.4,1.6,Shift changeover & inspection,167.7,316.8
230,3,2026-07-20,7.6,0.4,,206.3,370.1
231,3,2026-07-21,7.5,0.5,,165.8,333.0
232,3,2026-07-22,7.5,0.5,,290.5,170.9
233,3,2026-07-23,7.8,0.2,,190.5,355.6
234,3,2026-07-24,5.7,2.3,Shift changeover & inspection,129.0,233.8
235,3,2026-07-25,5.7,2.3,Shift changeover & inspection,127.7,268.0
236,3,2026-07-26,7.8,0.2,,283.8,254.2
237,3,2026-07-27,5.8,2.2,Shift changeover & inspection,257.9,153.7
238,3,2026-07-28,7.2,0.8,,275.6,241.3
239,3,2026-07-29,3.1,4.9,Tyre sidewall cut on sharp gondite boulders,87.2,86.3
240,3,2026-07-30,7.4,0.6,,218.1,182.5
241,3,2026-07-31,6.0,2.0,Shift changeover & inspection,251.4,205.8
242,3,2026-08-01,0.1,7.9,Hydraulic hose burst / high pressure pump cavitation,2.8,2.3
243,3,2026-08-02,5.8,2.2,Shift changeover & inspection,165.5,229.5
244,3,2026-08-03,7.4,0.6,,329.9,349.8
245,3,2026-08-04,7.3,0.7,,260.2,148.6
246,3,2026-08-05,6.9,1.1,Shift changeover & inspection,173.1,239.0
247,3,2026-08-06,1.8,6.2,Rainwater inundation at bottom pit bench (>40mm downpour),70.0,51.8
248,3,2026-08-07,7.4,0.6,,273.7,248.0
249,3,2026-08-08,7.3,0.7,,200.2,290.5
250,3,2026-08-09,2.5,5.5,Tyre sidewall cut on sharp gondite boulders,69.7,78.0
251,3,2026-08-10,7.2,0.8,,229.3,179.7
252,3,2026-08-11,7.1,0.9,,231.0,338.8
253,3,2026-08-12,6.6,1.4,Shift changeover & inspection,264.0,310.6
254,3,2026-08-13,7.6,0.4,,183.1,187.1
255,3,2026-08-14,6.8,1.2,Shift changeover & inspection,207.3,196.7
256,3,2026-08-15,6.9,1.1,Shift changeover & inspection,297.6,149.7
257,3,2026-08-16,6.9,1.1,Shift changeover & inspection,215.5,228.0
258,3,2026-08-17,6.3,1.7,Shift changeover & inspection,235.7,238.9
259,3,2026-08-18,7.1,0.9,,248.6,241.4
260,3,2026-08-19,7.6,0.4,,300.6,188.6
261,3,2026-08-20,5.7,2.3,Shift changeover & inspection,216.9,136.8
262,3,2026-08-21,0.1,7.9,Tyre sidewall cut on sharp gondite boulders,3.0,3.4
263,3,2026-08-22,6.1,1.9,Shift changeover & inspection,137.5,149.0
264,3,2026-08-23,5.9,2.1,Shift changeover & inspection,210.1,157.4
265,3,2026-08-24,7.6,0.4,,219.1,349.2
266,3,2026-08-25,7.0,1.0,Shift changeover & inspection,228.6,292.8
267,3,2026-08-26,7.0,1.0,Shift changeover & inspection,192.6,233.6
268,3,2026-08-27,6.6,1.4,Shift changeover & inspection,193.1,151.7
269,3,2026-08-28,6.7,1.3,Shift changeover & inspection,219.3,250.2
270,3,2026-08-29,6.3,1.7,Shift changeover & inspection,246.4,290.3
271,4,2026-06-01,6.2,1.8,Shift changeover & inspection,81.6,230.1
272,4,2026-06-02,6.1,1.9,Shift changeover & inspection,90.2,167.4
273,4,2026-06-03,1.0,7.0,Rainwater inundation at bottom pit bench (>40mm downpour),8.9,28.6
274,4,2026-06-04,6.7,1.3,Shift changeover & inspection,67.4,286.1
275,4,2026-06-05,6.5,1.5,Shift changeover & inspection,64.0,153.2
276,4,2026-06-06,1.1,6.9,Main sump pump silt clogging from monsoon slurry,11.6,48.7
277,4,2026-06-07,6.8,1.2,Shift changeover & inspection,86.6,254.1
278,4,2026-06-08,6.6,1.4,Shift changeover & inspection,85.1,245.6
279,4,2026-06-09,6.3,1.7,Shift changeover & inspection,66.1,129.2
280,4,2026-06-10,7.5,0.5,,70.6,226.4
281,4,2026-06-11,6.1,1.9,Shift changeover & inspection,49.1,180.7
282,4,2026-06-12,7.0,1.0,Shift changeover & inspection,103.5,266.6
283,4,2026-06-13,6.6,1.4,Shift changeover & inspection,91.9,314.3
284,4,2026-06-14,7.2,0.8,,102.3,275.4
285,4,2026-06-15,7.5,0.5,,88.8,354.7
286,4,2026-06-16,5.7,2.3,Shift changeover & inspection,66.6,161.3
287,4,2026-06-17,0.6,7.4,DGMS statutory electrical ground-fault trip,6.3,23.4
288,4,2026-06-18,5.8,2.2,Shift changeover & inspection,57.6,270.1
289,4,2026-06-19,5.5,2.5,Shift changeover & inspection,68.2,180.6
290,4,2026-06-20,6.8,1.2,Shift changeover & inspection,68.6,167.5
291,4,2026-06-21,5.6,2.4,Shift changeover & inspection,58.4,238.4
292,4,2026-06-22,6.9,1.1,Shift changeover & inspection,95.5,299.2
293,4,2026-06-23,5.6,2.4,Shift changeover & inspection,58.9,264.3
294,4,2026-06-24,6.0,2.0,Shift changeover & inspection,74.0,193.9
295,4,2026-06-25,7.6,0.4,,77.3,180.3
296,4,2026-06-26,5.6,2.4,Shift changeover & inspection,73.9,194.8
297,4,2026-06-27,3.0,5.0,Hydraulic hose burst / high pressure pump cavitation,29.5,90.3
298,4,2026-06-28,6.5,1.5,Shift changeover & inspection,60.5,173.3
299,4,2026-06-29,7.8,0.2,,116.4,205.5
300,4,2026-06-30,7.1,0.9,,92.5,260.3
301,4,2026-07-01,0.1,7.9,Rainwater inundation at bottom pit bench (>40mm downpour),1.1,4.8
302,4,2026-07-02,4.2,3.8,Main sump pump silt clogging from monsoon slurry,59.7,203.3
303,4,2026-07-03,3.8,4.2,Tyre sidewall cut on sharp gondite boulders,46.4,169.7
304,4,2026-07-04,6.4,1.6,Shift changeover & inspection,85.9,215.0
305,4,2026-07-05,3.0,5.0,Blasting toxic fume / dust clearance standstill,34.7,105.6
306,4,2026-07-06,4.0,4.0,Main sump pump silt clogging from monsoon slurry,44.1,83.9
307,4,2026-07-07,6.7,1.3,Shift changeover & inspection,84.7,232.6
308,4,2026-07-08,3.3,4.7,Main sump pump silt clogging from monsoon slurry,28.9,156.4
309,4,2026-07-09,7.8,0.2,,75.0,244.1
310,4,2026-07-10,6.1,1.9,Shift changeover & inspection,76.8,216.3
311,4,2026-07-11,7.4,0.6,,103.6,187.5
312,4,2026-07-12,5.7,2.3,Shift changeover & inspection,82.1,245.8
313,4,2026-07-13,6.1,1.9,Shift changeover & inspection,66.4,280.4
314,4,2026-07-14,6.0,2.0,Shift changeover & inspection,54.8,140.1
315,4,2026-07-15,1.9,6.1,Tyre sidewall cut on sharp gondite boulders,22.3,89.6
316,4,2026-07-16,6.6,1.4,Shift changeover & inspection,76.2,196.0
317,4,2026-07-17,6.3,1.7,Shift changeover & inspection,78.0,143.4
318,4,2026-07-18,4.2,3.8,Tyre sidewall cut on sharp gondite boulders,60.8,201.9
319,4,2026-07-19,7.3,0.7,,65.5,212.9
320,4,2026-07-20,7.1,0.9,,97.9,276.1
321,4,2026-07-21,6.7,1.3,Shift changeover & inspection,56.1,312.3
322,4,2026-07-22,6.1,1.9,Shift changeover & inspection,53.2,291.7
323,4,2026-07-23,7.4,0.6,,110.9,279.6
324,4,2026-07-24,2.3,5.7,Rainwater inundation at bottom pit bench (>40mm downpour),20.8,69.4
325,4,2026-07-25,7.2,0.8,,104.7,145.4
326,4,2026-07-26,2.8,5.2,Rainwater inundation at bottom pit bench (>40mm downpour),30.4,88.3
327,4,2026-07-27,3.0,5.0,Rainwater inundation at bottom pit bench (>40mm downpour),28.0,87.7
328,4,2026-07-28,5.6,2.4,Shift changeover & inspection,74.6,249.3
329,4,2026-07-29,6.1,1.9,Shift changeover & inspection,49.7,266.6
330,4,2026-07-30,2.8,5.2,Rainwater inundation at bottom pit bench (>40mm downpour),37.9,88.7
331,4,2026-07-31,1.3,6.7,DGMS statutory electrical ground-fault trip,19.3,44.4
332,4,2026-08-01,5.7,2.3,Shift changeover & inspection,74.8,167.1
333,4,2026-08-02,7.7,0.3,,71.1,336.3
334,4,2026-08-03,2.2,5.8,Tyre sidewall cut on sharp gondite boulders,32.7,85.1
335,4,2026-08-04,6.2,1.8,Shift changeover & inspection,86.9,227.6
336,4,2026-08-05,0.3,7.7,Blasting toxic fume / dust clearance standstill,3.4,9.9
337,4,2026-08-06,6.2,1.8,Shift changeover & inspection,75.1,281.9
338,4,2026-08-07,2.1,5.9,Tyre sidewall cut on sharp gondite boulders,26.1,66.2
339,4,2026-08-08,7.4,0.6,,82.6,280.0
340,4,2026-08-09,7.6,0.4,,79.1,286.6
341,4,2026-08-10,6.0,2.0,Shift changeover & inspection,49.9,286.0
342,4,2026-08-11,7.6,0.4,,69.4,214.5
343,4,2026-08-12,6.3,1.7,Shift changeover & inspection,57.3,137.2
344,4,2026-08-13,6.0,2.0,Shift changeover & inspection,60.9,175.0
345,4,2026-08-14,4.1,3.9,Tyre sidewall cut on sharp gondite boulders,41.3,114.1
346,4,2026-08-15,6.3,1.7,Shift changeover & inspection,55.7,144.6
347,4,2026-08-16,1.3,6.7,Main sump pump silt clogging from monsoon slurry,16.9,64.2
348,4,2026-08-17,7.5,0.5,,90.7,361.0
349,4,2026-08-18,6.5,1.5,Shift changeover & inspection,96.3,239.4
350,4,2026-08-19,7.0,1.0,Shift changeover & inspection,104.0,188.8
351,4,2026-08-20,5.7,2.3,Shift changeover & inspection,71.8,170.2
352,4,2026-08-21,6.1,1.9,Shift changeover & inspection,77.9,174.4
353,4,2026-08-22,6.6,1.4,Shift changeover & inspection,78.0,152.3
354,4,2026-08-23,4.0,4.0,Tyre sidewall cut on sharp gondite boulders,38.0,99.0
355,4,2026-08-24,5.9,2.1,Shift changeover & inspection,68.3,169.8
356,4,2026-08-25,1.5,6.5,Rainwater inundation at bottom pit bench (>40mm downpour),22.0,61.9
357,4,2026-08-26,2.7,5.3,Tyre sidewall cut on sharp gondite boulders,40.5,89.8
358,4,2026-08-27,3.8,4.2,Main sump pump silt clogging from monsoon slurry,30.5,122.3
359,4,2026-08-28,6.7,1.3,Shift changeover & inspection,72.0,224.2
360,4,2026-08-29,7.2,0.8,,61.3,228.5
361,5,2026-06-01,6.8,1.2,Shift changeover & inspection,66.3,151.6
362,5,2026-06-02,5.6,2.4,Shift changeover & inspection,49.3,257.9
363,5,2026-06-03,6.6,1.4,Shift changeover & inspection,91.6,306.2
364,5,2026-06-04,7.1,0.9,,87.0,351.8
365,5,2026-06-05,6.2,1.8,Shift changeover & inspection,58.3,142.4
366,5,2026-06-06,7.4,0.6,,63.4,210.6
367,5,2026-06-07,7.4,0.6,,87.5,151.5
368,5,2026-06-08,7.5,0.5,,61.5,223.2
369,5,2026-06-09,7.2,0.8,,98.2,287.6
370,5,2026-06-10,7.3,0.7,,59.4,361.3
371,5,2026-06-11,6.9,1.1,Shift changeover & inspection,88.7,282.1
372,5,2026-06-12,7.5,0.5,,92.3,283.0
373,5,2026-06-13,6.5,1.5,Shift changeover & inspection,85.6,265.6
374,5,2026-06-14,5.7,2.3,Shift changeover & inspection,80.9,117.8
375,5,2026-06-15,7.6,0.4,,85.2,321.0
376,5,2026-06-16,7.6,0.4,,97.7,364.2
377,5,2026-06-17,7.4,0.6,,62.7,343.6
378,5,2026-06-18,5.6,2.4,Shift changeover & inspection,67.4,263.1
379,5,2026-06-19,7.4,0.6,,87.5,221.2
380,5,2026-06-20,6.8,1.2,Shift changeover & inspection,55.5,332.9
381,5,2026-06-21,2.9,5.1,Main sump pump silt clogging from monsoon slurry,36.5,89.8
382,5,2026-06-22,7.4,0.6,,62.6,339.2
383,5,2026-06-23,1.0,7.0,Tyre sidewall cut on sharp gondite boulders,12.7,48.2
384,5,2026-06-24,7.3,0.7,,86.9,165.6
385,5,2026-06-25,7.0,1.0,Shift changeover & inspection,59.9,282.5
386,5,2026-06-26,6.6,1.4,Shift changeover & inspection,91.8,229.0
387,5,2026-06-27,7.8,0.2,,92.9,231.0
388,5,2026-06-28,6.9,1.1,Shift changeover & inspection,74.7,223.1
389,5,2026-06-29,7.0,1.0,Shift changeover & inspection,90.1,219.9
390,5,2026-06-30,5.6,2.4,Shift changeover & inspection,52.3,277.9
391,5,2026-07-01,3.8,4.2,Rainwater inundation at bottom pit bench (>40mm downpour),56.0,154.2
392,5,2026-07-02,7.3,0.7,,78.0,281.5
393,5,2026-07-03,2.8,5.2,DGMS statutory electrical ground-fault trip,31.5,59.8
394,5,2026-07-04,1.2,6.8,Main sump pump silt clogging from monsoon slurry,11.0,33.8
395,5,2026-07-05,6.0,2.0,Shift changeover & inspection,79.9,265.5
396,5,2026-07-06,5.9,2.1,Shift changeover & inspection,55.6,138.4
397,5,2026-07-07,7.7,0.3,,64.4,154.6
398,5,2026-07-08,5.9,2.1,Shift changeover & inspection,84.9,143.5
399,5,2026-07-09,6.3,1.7,Shift changeover & inspection,92.3,274.2
400,5,2026-07-10,2.1,5.9,Rainwater inundation at bottom pit bench (>40mm downpour),19.3,96.0
401,5,2026-07-11,3.1,4.9,Rainwater inundation at bottom pit bench (>40mm downpour),29.1,128.6
402,5,2026-07-12,7.3,0.7,,60.5,232.9
403,5,2026-07-13,6.8,1.2,Shift changeover & inspection,55.1,327.4
404,5,2026-07-14,0.8,7.2,DGMS statutory electrical ground-fault trip,10.1,27.3
405,5,2026-07-15,2.9,5.1,Hydraulic hose burst / high pressure pump cavitation,42.4,124.8
406,5,2026-07-16,6.4,1.6,Shift changeover & inspection,88.0,236.2
407,5,2026-07-17,7.6,0.4,,63.5,367.0
408,5,2026-07-18,6.8,1.2,Shift changeover & inspection,60.9,282.9
409,5,2026-07-19,4.2,3.8,Main sump pump silt clogging from monsoon slurry,46.2,203.4
410,5,2026-07-20,2.9,5.1,Tyre sidewall cut on sharp gondite boulders,33.8,139.7
411,5,2026-07-21,6.5,1.5,Shift changeover & inspection,52.1,265.1
412,5,2026-07-22,7.1,0.9,,106.0,265.2
413,5,2026-07-23,6.6,1.4,Shift changeover & inspection,88.2,318.4
414,5,2026-07-24,5.7,2.3,Shift changeover & inspection,72.2,266.8
415,5,2026-07-25,6.1,1.9,Shift changeover & inspection,59.4,130.1
416,5,2026-07-26,3.4,4.6,Main sump pump silt clogging from monsoon slurry,46.5,77.7
417,5,2026-07-27,4.5,3.5,Rainwater inundation at bottom pit bench (>40mm downpour),56.6,125.6
418,5,2026-07-28,7.8,0.2,,81.0,337.6
419,5,2026-07-29,1.9,6.1,Main sump pump silt clogging from monsoon slurry,25.8,67.4
420,5,2026-07-30,7.5,0.5,,109.6,163.6
421,5,2026-07-31,2.1,5.9,Rainwater inundation at bottom pit bench (>40mm downpour),18.3,93.8
422,5,2026-08-01,3.4,4.6,Main sump pump silt clogging from monsoon slurry,49.4,144.2
423,5,2026-08-02,7.5,0.5,,88.8,358.0
424,5,2026-08-03,6.9,1.1,Shift changeover & inspection,94.3,220.1
425,5,2026-08-04,6.9,1.1,Shift changeover & inspection,79.0,242.8
426,5,2026-08-05,6.5,1.5,Shift changeover & inspection,72.0,236.6
427,5,2026-08-06,7.3,0.7,,78.8,363.8
428,5,2026-08-07,6.2,1.8,Shift changeover & inspection,61.7,209.9
429,5,2026-08-08,4.5,3.5,Tyre sidewall cut on sharp gondite boulders,58.1,155.5
430,5,2026-08-09,7.4,0.6,,87.4,325.8
431,5,2026-08-10,4.4,3.6,Rainwater inundation at bottom pit bench (>40mm downpour),48.6,99.2
432,5,2026-08-11,5.7,2.3,Shift changeover & inspection,62.9,120.5
433,5,2026-08-12,6.1,1.9,Shift changeover & inspection,85.1,143.0
434,5,2026-08-13,6.4,1.6,Shift changeover & inspection,71.6,162.3
435,5,2026-08-14,7.4,0.6,,90.8,350.6
436,5,2026-08-15,5.7,2.3,Shift changeover & inspection,68.0,194.2
437,5,2026-08-16,2.0,6.0,Rainwater inundation at bottom pit bench (>40mm downpour),18.7,87.0
438,5,2026-08-17,6.9,1.1,Shift changeover & inspection,68.8,182.4
439,5,2026-08-18,7.8,0.2,,62.6,236.5
440,5,2026-08-19,6.4,1.6,Shift changeover & inspection,57.8,238.1
441,5,2026-08-20,7.6,0.4,,70.0,215.2
442,5,2026-08-21,2.9,5.1,Main sump pump silt clogging from monsoon slurry,39.5,116.7
443,5,2026-08-22,6.8,1.2,Shift changeover & inspection,56.2,322.5
444,5,2026-08-23,5.5,2.5,Shift changeover & inspection,61.1,263.6
445,5,2026-08-24,2.9,5.1,Tyre sidewall cut on sharp gondite boulders,35.9,116.0
446,5,2026-08-25,7.1,0.9,,99.2,157.8
447,5,2026-08-26,6.1,1.9,Shift changeover & inspection,68.6,224.2
448,5,2026-08-27,6.5,1.5,Shift changeover & inspection,69.3,190.9
449,5,2026-08-28,6.6,1.4,Shift changeover & inspection,61.7,292.9
450,5,2026-08-29,2.4,5.6,Rainwater inundation at bottom pit bench (>40mm downpour),21.1,101.8
451,6,2026-06-01,7.6,0.4,,96.2,281.7
452,6,2026-06-02,5.8,2.2,Shift changeover & inspection,74.6,254.9
453,6,2026-06-03,6.5,1.5,Shift changeover & inspection,92.2,139.7
454,6,2026-06-04,7.5,0.5,,107.5,308.8
455,6,2026-06-05,5.9,2.1,Shift changeover & inspection,52.0,157.3
456,6,2026-06-06,7.4,0.6,,95.6,302.0
457,6,2026-06-07,6.4,1.6,Shift changeover & inspection,68.9,243.9
458,6,2026-06-08,6.7,1.3,Shift changeover & inspection,93.0,162.0
459,6,2026-06-09,1.3,6.7,Engine overheated (>44°C ambient summer load),13.6,63.0
460,6,2026-06-10,6.8,1.2,Shift changeover & inspection,88.3,262.4
461,6,2026-06-11,6.2,1.8,Shift changeover & inspection,67.2,190.2
462,6,2026-06-12,7.0,1.0,Shift changeover & inspection,80.3,223.3
463,6,2026-06-13,6.1,1.9,Shift changeover & inspection,73.4,139.0
464,6,2026-06-14,6.7,1.3,Shift changeover & inspection,72.0,251.4
465,6,2026-06-15,2.5,5.5,Shaft winder cage guide rope alignment check,35.9,65.9
466,6,2026-06-16,5.8,2.2,Shift changeover & inspection,50.9,288.9
467,6,2026-06-17,6.3,1.7,Shift changeover & inspection,81.3,290.9
468,6,2026-06-18,7.8,0.2,,100.1,187.2
469,6,2026-06-19,5.7,2.3,Shift changeover & inspection,46.3,211.8
470,6,2026-06-20,7.7,0.3,,63.9,166.2
471,6,2026-06-21,5.7,2.3,Shift changeover & inspection,70.3,209.9
472,6,2026-06-22,5.7,2.3,Shift changeover & inspection,57.3,213.4
473,6,2026-06-23,7.0,1.0,Shift changeover & inspection,82.3,187.6
474,6,2026-06-24,6.0,2.0,Shift changeover & inspection,67.2,255.3
475,6,2026-06-25,6.6,1.4,Shift changeover & inspection,77.7,283.6
476,6,2026-06-26,6.7,1.3,Shift changeover & inspection,77.0,141.2
477,6,2026-06-27,1.2,6.8,Engine overheated (>44°C ambient summer load),18.0,33.8
478,6,2026-06-28,0.4,7.6,Blasting toxic fume / dust clearance standstill,5.9,8.4
479,6,2026-06-29,6.9,1.1,Shift changeover & inspection,69.6,338.5
480,6,2026-06-30,7.4,0.6,,93.7,272.5
481,6,2026-07-01,5.9,2.1,Shift changeover & inspection,79.9,143.6
482,6,2026-07-02,4.0,4.0,Rainwater inundation at bottom pit bench (>40mm downpour),41.4,148.8
483,6,2026-07-03,7.2,0.8,,86.4,181.3
484,6,2026-07-04,6.5,1.5,Shift changeover & inspection,71.7,195.9
485,6,2026-07-05,2.2,5.8,Main sump pump silt clogging from monsoon slurry,19.4,49.7
486,6,2026-07-06,6.0,2.0,Shift changeover & inspection,71.0,240.7
487,6,2026-07-07,6.7,1.3,Shift changeover & inspection,72.2,310.2
488,6,2026-07-08,7.1,0.9,,62.8,265.4
489,6,2026-07-09,3.5,4.5,Rainwater inundation at bottom pit bench (>40mm downpour),29.8,157.6
490,6,2026-07-10,1.9,6.1,Main sump pump silt clogging from monsoon slurry,16.5,92.1
491,6,2026-07-11,1.9,6.1,Main sump pump silt clogging from monsoon slurry,20.2,44.7
492,6,2026-07-12,5.8,2.2,Shift changeover & inspection,54.9,260.9
493,6,2026-07-13,2.6,5.4,Main sump pump silt clogging from monsoon slurry,27.4,100.9
494,6,2026-07-14,0.8,7.2,Engine overheated (>44°C ambient summer load),10.1,19.6
495,6,2026-07-15,7.3,0.7,,108.0,342.6
496,6,2026-07-16,7.1,0.9,,75.7,290.5
497,6,2026-07-17,7.7,0.3,,111.3,340.1
498,6,2026-07-18,1.7,6.3,Main sump pump silt clogging from monsoon slurry,20.7,82.7
499,6,2026-07-19,5.5,2.5,Shift changeover & inspection,76.3,158.1
500,6,2026-07-20,3.6,4.4,Main sump pump silt clogging from monsoon slurry,37.4,178.4
501,6,2026-07-21,6.1,1.9,Shift changeover & inspection,68.1,162.2
502,6,2026-07-22,0.1,7.9,Shaft winder cage guide rope alignment check,1.2,4.8
503,6,2026-07-23,2.1,5.9,Main sump pump silt clogging from monsoon slurry,19.9,85.7
504,6,2026-07-24,4.2,3.8,Rainwater inundation at bottom pit bench (>40mm downpour),35.5,139.8
505,6,2026-07-25,5.5,2.5,Shift changeover & inspection,69.5,173.8
506,6,2026-07-26,6.3,1.7,Shift changeover & inspection,72.9,171.1
507,6,2026-07-27,7.6,0.4,,106.5,237.7
508,6,2026-07-28,2.4,5.6,Rainwater inundation at bottom pit bench (>40mm downpour),29.4,114.4
509,6,2026-07-29,5.6,2.4,Shift changeover & inspection,73.7,122.4
510,6,2026-07-30,3.2,4.8,Tyre sidewall cut on sharp gondite boulders,40.7,94.1
511,6,2026-07-31,2.2,5.8,Rainwater inundation at bottom pit bench (>40mm downpour),23.8,56.8
512,6,2026-08-01,2.1,5.9,Tyre sidewall cut on sharp gondite boulders,27.7,89.2
513,6,2026-08-02,6.0,2.0,Shift changeover & inspection,72.2,180.1
514,6,2026-08-03,5.7,2.3,Shift changeover & inspection,48.9,147.7
515,6,2026-08-04,3.3,4.7,Tyre sidewall cut on sharp gondite boulders,30.8,127.2
516,6,2026-08-05,6.5,1.5,Shift changeover & inspection,59.7,291.2
517,6,2026-08-06,4.2,3.8,Tyre sidewall cut on sharp gondite boulders,59.7,99.2
518,6,2026-08-07,7.2,0.8,,95.9,226.5
519,6,2026-08-08,7.0,1.0,Shift changeover & inspection,69.8,236.7
520,6,2026-08-09,2.7,5.3,Tyre sidewall cut on sharp gondite boulders,23.1,73.4
521,6,2026-08-10,0.6,7.4,Main sump pump silt clogging from monsoon slurry,5.9,25.4
522,6,2026-08-11,2.2,5.8,Rainwater inundation at bottom pit bench (>40mm downpour),29.5,70.8
523,6,2026-08-12,6.9,1.1,Shift changeover & inspection,83.7,184.1
524,6,2026-08-13,4.3,3.7,Tyre sidewall cut on sharp gondite boulders,46.1,136.6
525,6,2026-08-14,6.7,1.3,Shift changeover & inspection,60.5,258.7
526,6,2026-08-15,6.6,1.4,Shift changeover & inspection,85.1,231.5
527,6,2026-08-16,7.3,0.7,,99.5,237.9
528,6,2026-08-17,7.5,0.5,,94.8,296.0
529,6,2026-08-18,3.1,4.9,Tyre sidewall cut on sharp gondite boulders,44.3,97.9
530,6,2026-08-19,7.4,0.6,,104.6,353.6
531,6,2026-08-20,6.9,1.1,Shift changeover & inspection,75.1,204.7
532,6,2026-08-21,3.1,4.9,Main sump pump silt clogging from monsoon slurry,34.8,73.6
533,6,2026-08-22,2.5,5.5,Main sump pump silt clogging from monsoon slurry,36.7,59.1
534,6,2026-08-23,2.3,5.7,Tyre sidewall cut on sharp gondite boulders,22.1,66.5
535,6,2026-08-24,6.8,1.2,Shift changeover & inspection,60.1,238.5
536,6,2026-08-25,7.2,0.8,,63.5,199.2
537,6,2026-08-26,1.5,6.5,Main sump pump silt clogging from monsoon slurry,22.2,34.0
538,6,2026-08-27,6.6,1.4,Shift changeover & inspection,59.4,233.4
539,6,2026-08-28,6.7,1.3,Shift changeover & inspection,85.8,317.9
540,6,2026-08-29,5.8,2.2,Shift changeover & inspection,79.1,263.2
541,7,2026-06-01,3.0,5.0,DGMS statutory electrical ground-fault trip,26.4,69.8
542,7,2026-06-02,7.8,0.2,,111.7,331.9
543,7,2026-06-03,6.2,1.8,Shift changeover & inspection,68.9,193.6
544,7,2026-06-04,7.2,0.8,,69.1,217.8
545,7,2026-06-05,6.0,2.0,Shift changeover & inspection,80.6,124.2
546,7,2026-06-06,7.1,0.9,,66.4,238.5
547,7,2026-06-07,7.1,0.9,,74.8,222.3
548,7,2026-06-08,5.8,2.2,Shift changeover & inspection,85.2,117.3
549,7,2026-06-09,3.4,4.6,DGMS statutory electrical ground-fault trip,39.4,147.6
550,7,2026-06-10,3.2,4.8,Rainwater inundation at bottom pit bench (>40mm downpour),47.7,123.4
551,7,2026-06-11,6.9,1.1,Shift changeover & inspection,96.6,324.3
552,7,2026-06-12,2.2,5.8,Shaft winder cage guide rope alignment check,23.4,61.5
553,7,2026-06-13,6.7,1.3,Shift changeover & inspection,75.5,180.8
554,7,2026-06-14,6.9,1.1,Shift changeover & inspection,93.4,255.6
555,7,2026-06-15,6.7,1.3,Shift changeover & inspection,77.9,197.2
556,7,2026-06-16,0.5,7.5,Main sump pump silt clogging from monsoon slurry,6.1,19.2
557,7,2026-06-17,5.6,2.4,Shift changeover & inspection,59.1,210.3
558,7,2026-06-18,6.3,1.7,Shift changeover & inspection,86.1,298.6
559,7,2026-06-19,5.8,2.2,Shift changeover & inspection,80.6,171.9
560,7,2026-06-20,6.7,1.3,Shift changeover & inspection,96.0,321.6
561,7,2026-06-21,7.5,0.5,,90.3,191.8
562,7,2026-06-22,7.1,0.9,,90.7,227.7
563,7,2026-06-23,7.0,1.0,Shift changeover & inspection,89.1,284.2
564,7,2026-06-24,7.4,0.6,,81.4,195.8
565,7,2026-06-25,5.5,2.5,Shift changeover & inspection,46.9,124.1
566,7,2026-06-26,2.6,5.4,DGMS statutory electrical ground-fault trip,36.7,89.2
567,7,2026-06-27,5.8,2.2,Shift changeover & inspection,82.3,228.9
568,7,2026-06-28,7.5,0.5,,66.6,347.0
569,7,2026-06-29,7.0,1.0,Shift changeover & inspection,97.1,196.7
570,7,2026-06-30,6.4,1.6,Shift changeover & inspection,73.5,284.8
571,7,2026-07-01,6.0,2.0,Shift changeover & inspection,64.5,292.0
572,7,2026-07-02,5.6,2.4,Shift changeover & inspection,59.9,197.9
573,7,2026-07-03,3.5,4.5,Rainwater inundation at bottom pit bench (>40mm downpour),50.9,97.1
574,7,2026-07-04,2.5,5.5,Main sump pump silt clogging from monsoon slurry,29.3,91.4
575,7,2026-07-05,5.9,2.1,Shift changeover & inspection,68.4,201.0
576,7,2026-07-06,2.8,5.2,Rainwater inundation at bottom pit bench (>40mm downpour),27.7,91.1
577,7,2026-07-07,5.7,2.3,Shift changeover & inspection,76.0,262.0
578,7,2026-07-08,3.2,4.8,Tyre sidewall cut on sharp gondite boulders,35.7,144.7
579,7,2026-07-09,6.9,1.1,Shift changeover & inspection,68.2,293.1
580,7,2026-07-10,5.5,2.5,Shift changeover & inspection,81.1,113.3
581,7,2026-07-11,7.7,0.3,,115.3,165.6
582,7,2026-07-12,2.9,5.1,Main sump pump silt clogging from monsoon slurry,36.2,117.2
583,7,2026-07-13,6.5,1.5,Shift changeover & inspection,56.4,294.9
584,7,2026-07-14,7.4,0.6,,72.7,154.7
585,7,2026-07-15,7.4,0.6,,96.9,160.0
586,7,2026-07-16,6.0,2.0,Shift changeover & inspection,49.3,212.5
587,7,2026-07-17,6.3,1.7,Shift changeover & inspection,55.3,271.2
588,7,2026-07-18,7.1,0.9,,97.0,217.1
589,7,2026-07-19,3.4,4.6,Engine overheated (>44°C ambient summer load),33.5,148.8
590,7,2026-07-20,6.8,1.2,Shift changeover & inspection,55.8,298.7
591,7,2026-07-21,7.2,0.8,,68.5,329.3
592,7,2026-07-22,2.6,5.4,Rainwater inundation at bottom pit bench (>40mm downpour),21.0,120.2
593,7,2026-07-23,2.7,5.3,Main sump pump silt clogging from monsoon slurry,29.7,129.3
594,7,2026-07-24,1.7,6.3,Rainwater inundation at bottom pit bench (>40mm downpour),17.0,52.1
595,7,2026-07-25,6.8,1.2,Shift changeover & inspection,67.5,304.9
596,7,2026-07-26,3.5,4.5,Tyre sidewall cut on sharp gondite boulders,34.9,117.7
597,7,2026-07-27,6.7,1.3,Shift changeover & inspection,80.1,285.7
598,7,2026-07-28,6.5,1.5,Shift changeover & inspection,85.6,298.5
599,7,2026-07-29,7.0,1.0,Shift changeover & inspection,63.7,201.0
600,7,2026-07-30,1.7,6.3,Rainwater inundation at bottom pit bench (>40mm downpour),14.5,78.8
601,7,2026-07-31,1.8,6.2,Rainwater inundation at bottom pit bench (>40mm downpour),23.6,66.6
602,7,2026-08-01,2.7,5.3,Tyre sidewall cut on sharp gondite boulders,34.7,80.6
603,7,2026-08-02,6.7,1.3,Shift changeover & inspection,93.4,279.9
604,7,2026-08-03,2.7,5.3,Tyre sidewall cut on sharp gondite boulders,31.9,87.0
605,7,2026-08-04,2.7,5.3,Tyre sidewall cut on sharp gondite boulders,26.7,115.2
606,7,2026-08-05,6.5,1.5,Shift changeover & inspection,95.7,296.2
607,7,2026-08-06,3.4,4.6,Rainwater inundation at bottom pit bench (>40mm downpour),40.7,128.2
608,7,2026-08-07,7.7,0.3,,74.8,326.6
609,7,2026-08-08,4.0,4.0,Tyre sidewall cut on sharp gondite boulders,53.7,152.9
610,7,2026-08-09,7.0,1.0,Shift changeover & inspection,83.1,209.1
611,7,2026-08-10,3.0,5.0,Rainwater inundation at bottom pit bench (>40mm downpour),36.5,124.8
612,7,2026-08-11,2.0,6.0,Main sump pump silt clogging from monsoon slurry,16.8,89.0
613,7,2026-08-12,7.3,0.7,,91.9,326.5
614,7,2026-08-13,1.6,6.4,Tyre sidewall cut on sharp gondite boulders,23.2,58.7
615,7,2026-08-14,5.7,2.3,Shift changeover & inspection,55.6,183.9
616,7,2026-08-15,6.7,1.3,Shift changeover & inspection,90.4,313.9
617,7,2026-08-16,3.1,4.9,Tyre sidewall cut on sharp gondite boulders,38.9,82.4
618,7,2026-08-17,5.6,2.4,Shift changeover & inspection,62.8,197.5
619,7,2026-08-18,7.3,0.7,,71.4,333.7
620,7,2026-08-19,2.4,5.6,DGMS statutory electrical ground-fault trip,26.0,57.6
621,7,2026-08-20,4.2,3.8,Main sump pump silt clogging from monsoon slurry,50.1,183.0
622,7,2026-08-21,0.0,8.0,Shaft winder cage guide rope alignment check,0.0,0.0
623,7,2026-08-22,2.7,5.3,Tyre sidewall cut on sharp gondite boulders,33.7,64.8
624,7,2026-08-23,6.2,1.8,Shift changeover & inspection,68.4,250.6
625,7,2026-08-24,4.1,3.9,Main sump pump silt clogging from monsoon slurry,48.1,145.0
626,7,2026-08-25,3.5,4.5,Rainwater inundation at bottom pit bench (>40mm downpour),43.7,101.3
627,7,2026-08-26,2.4,5.6,Rainwater inundation at bottom pit bench (>40mm downpour),34.3,59.9
628,7,2026-08-27,7.7,0.3,,84.8,287.9
629,7,2026-08-28,2.1,5.9,Rainwater inundation at bottom pit bench (>40mm downpour),25.1,64.4
630,7,2026-08-29,5.6,2.4,Shift changeover & inspection,81.3,145.7
631,8,2026-06-01,6.9,1.1,Shift changeover & inspection,57.2,230.6
632,8,2026-06-02,6.1,1.9,Shift changeover & inspection,53.0,267.1
633,8,2026-06-03,6.2,1.8,Shift changeover & inspection,84.8,269.6
634,8,2026-06-04,1.1,6.9,Engine overheated (>44°C ambient summer load),10.4,53.0
635,8,2026-06-05,7.1,0.9,,74.0,156.5
636,8,2026-06-06,6.1,1.9,Shift changeover & inspection,77.2,212.6
637,8,2026-06-07,1.5,6.5,Rainwater inundation at bottom pit bench (>40mm downpour),13.4,56.4
638,8,2026-06-08,7.4,0.6,,107.7,263.8
639,8,2026-06-09,0.4,7.6,Main sump pump silt clogging from monsoon slurry,3.5,19.2
640,8,2026-06-10,6.5,1.5,Shift changeover & inspection,90.9,278.8
641,8,2026-06-11,7.0,1.0,Shift changeover & inspection,93.6,333.3
642,8,2026-06-12,1.9,6.1,Rainwater inundation at bottom pit bench (>40mm downpour),28.4,40.6
643,8,2026-06-13,6.0,2.0,Shift changeover & inspection,66.4,204.3
644,8,2026-06-14,7.8,0.2,,88.5,214.4
645,8,2026-06-15,7.5,0.5,,90.8,236.0
646,8,2026-06-16,3.2,4.8,Hydraulic hose burst / high pressure pump cavitation,29.5,124.9
647,8,2026-06-17,7.2,0.8,,82.6,171.4
648,8,2026-06-18,6.3,1.7,Shift changeover & inspection,55.5,155.5
649,8,2026-06-19,7.4,0.6,,109.5,347.8
650,8,2026-06-20,6.9,1.1,Shift changeover & inspection,87.7,217.9
651,8,2026-06-21,7.1,0.9,,80.5,198.5
652,8,2026-06-22,7.5,0.5,,94.3,209.7
653,8,2026-06-23,6.2,1.8,Shift changeover & inspection,79.4,178.1
654,8,2026-06-24,7.0,1.0,Shift changeover & inspection,86.9,340.6
655,8,2026-06-25,6.7,1.3,Shift changeover & inspection,80.5,322.4
656,8,2026-06-26,2.1,5.9,Engine overheated (>44°C ambient summer load),31.3,46.4
657,8,2026-06-27,7.4,0.6,,97.6,189.9
658,8,2026-06-28,6.1,1.9,Shift changeover & inspection,54.2,209.5
659,8,2026-06-29,6.0,2.0,Shift changeover & inspection,88.2,215.8
660,8,2026-06-30,6.1,1.9,Shift changeover & inspection,63.7,124.6
661,8,2026-07-01,5.6,2.4,Shift changeover & inspection,75.2,227.1
662,8,2026-07-02,3.4,4.6,Main sump pump silt clogging from monsoon slurry,36.8,90.0
663,8,2026-07-03,7.2,0.8,,77.1,306.8
664,8,2026-07-04,3.0,5.0,Main sump pump silt clogging from monsoon slurry,25.3,79.7
665,8,2026-07-05,7.4,0.6,,82.0,325.1
666,8,2026-07-06,5.6,2.4,Shift changeover & inspection,76.3,225.1
667,8,2026-07-07,7.2,0.8,,58.9,323.6
668,8,2026-07-08,2.8,5.2,Main sump pump silt clogging from monsoon slurry,37.2,116.9
669,8,2026-07-09,6.6,1.4,Shift changeover & inspection,75.9,232.4
670,8,2026-07-10,6.1,1.9,Shift changeover & inspection,89.4,209.4
671,8,2026-07-11,2.0,6.0,Rainwater inundation at bottom pit bench (>40mm downpour),28.2,48.8
672,8,2026-07-12,7.3,0.7,,105.3,349.8
673,8,2026-07-13,7.5,0.5,,87.4,366.1
674,8,2026-07-14,7.2,0.8,,93.6,153.7
675,8,2026-07-15,7.2,0.8,,86.6,297.8
676,8,2026-07-16,6.5,1.5,Shift changeover & inspection,74.6,294.5
677,8,2026-07-17,6.5,1.5,Shift changeover & inspection,84.7,316.2
678,8,2026-07-18,6.6,1.4,Shift changeover & inspection,76.5,225.1
679,8,2026-07-19,6.1,1.9,Shift changeover & inspection,78.6,258.6
680,8,2026-07-20,3.5,4.5,Blasting toxic fume / dust clearance standstill,34.3,138.5
681,8,2026-07-21,5.7,2.3,Shift changeover & inspection,54.3,227.9
682,8,2026-07-22,7.1,0.9,,67.2,260.1
683,8,2026-07-23,5.6,2.4,Shift changeover & inspection,71.5,273.4
684,8,2026-07-24,4.1,3.9,Rainwater inundation at bottom pit bench (>40mm downpour),51.2,130.1
685,8,2026-07-25,7.7,0.3,,96.3,293.2
686,8,2026-07-26,6.8,1.2,Shift changeover & inspection,99.8,326.9
687,8,2026-07-27,7.6,0.4,,61.0,362.3
688,8,2026-07-28,5.6,2.4,Shift changeover & inspection,61.8,227.3
689,8,2026-07-29,1.7,6.3,Rainwater inundation at bottom pit bench (>40mm downpour),22.4,77.7
690,8,2026-07-30,1.8,6.2,Tyre sidewall cut on sharp gondite boulders,17.0,44.0
691,8,2026-07-31,5.9,2.1,Shift changeover & inspection,64.9,186.1
692,8,2026-08-01,7.0,1.0,Shift changeover & inspection,83.1,257.9
693,8,2026-08-02,7.7,0.3,,105.5,223.5
694,8,2026-08-03,2.7,5.3,Main sump pump silt clogging from monsoon slurry,24.9,59.3
695,8,2026-08-04,7.4,0.6,,79.3,169.6
696,8,2026-08-05,3.1,4.9,Tyre sidewall cut on sharp gondite boulders,39.5,74.1
697,8,2026-08-06,5.9,2.1,Shift changeover & inspection,53.6,258.6
698,8,2026-08-07,3.4,4.6,Main sump pump silt clogging from monsoon slurry,40.2,89.1
699,8,2026-08-08,7.3,0.7,,91.6,324.9
700,8,2026-08-09,3.3,4.7,Tyre sidewall cut on sharp gondite boulders,44.5,134.7
701,8,2026-08-10,2.2,5.8,Tyre sidewall cut on sharp gondite boulders,32.5,68.3
702,8,2026-08-11,3.7,4.3,Tyre sidewall cut on sharp gondite boulders,53.3,145.4
703,8,2026-08-12,6.2,1.8,Shift changeover & inspection,55.6,213.0
704,8,2026-08-13,2.5,5.5,Rainwater inundation at bottom pit bench (>40mm downpour),33.0,64.5
705,8,2026-08-14,7.1,0.9,,66.4,192.4
706,8,2026-08-15,7.5,0.5,,111.2,314.7
707,8,2026-08-16,5.8,2.2,Shift changeover & inspection,61.6,166.5
708,8,2026-08-17,3.6,4.4,Main sump pump silt clogging from monsoon slurry,33.1,108.8
709,8,2026-08-18,1.7,6.3,Main sump pump silt clogging from monsoon slurry,24.2,72.4
710,8,2026-08-19,1.9,6.1,Rainwater inundation at bottom pit bench (>40mm downpour),22.2,62.6
711,8,2026-08-20,5.9,2.1,Shift changeover & inspection,74.1,119.9
712,8,2026-08-21,6.9,1.1,Shift changeover & inspection,66.2,154.1
713,8,2026-08-22,6.6,1.4,Shift changeover & inspection,96.3,269.9
714,8,2026-08-23,2.8,5.2,Tyre sidewall cut on sharp gondite boulders,35.9,60.5
715,8,2026-08-24,3.3,4.7,DGMS statutory electrical ground-fault trip,43.2,83.4
716,8,2026-08-25,1.7,6.3,Main sump pump silt clogging from monsoon slurry,14.5,60.3
717,8,2026-08-26,6.0,2.0,Shift changeover & inspection,78.7,211.3
718,8,2026-08-27,6.0,2.0,Shift changeover & inspection,50.0,237.5
719,8,2026-08-28,7.0,1.0,Shift changeover & inspection,60.0,275.4
720,8,2026-08-29,1.5,6.5,Hydraulic hose burst / high pressure pump cavitation,13.7,68.6
721,9,2026-06-01,6.8,1.2,Shift changeover & inspection,67.1,177.6
722,9,2026-06-02,7.8,0.2,,106.5,368.2
723,9,2026-06-03,7.8,0.2,,75.9,376.6
724,9,2026-06-04,6.8,1.2,Shift changeover & inspection,71.6,246.7
725,9,2026-06-05,1.6,6.4,Blasting toxic fume / dust clearance standstill,18.4,53.9
726,9,2026-06-06,6.8,1.2,Shift changeover & inspection,62.9,193.9
727,9,2026-06-07,5.9,2.1,Shift changeover & inspection,55.4,179.0
728,9,2026-06-08,7.2,0.8,,89.5,226.4
729,9,2026-06-09,5.6,2.4,Shift changeover & inspection,73.2,243.1
730,9,2026-06-10,7.3,0.7,,59.9,177.8
731,9,2026-06-11,6.6,1.4,Shift changeover & inspection,70.0,326.8
732,9,2026-06-12,7.6,0.4,,110.1,298.0
733,9,2026-06-13,6.8,1.2,Shift changeover & inspection,58.7,230.6
734,9,2026-06-14,6.8,1.2,Shift changeover & inspection,94.9,178.3
735,9,2026-06-15,7.0,1.0,Shift changeover & inspection,85.7,162.6
736,9,2026-06-16,1.4,6.6,Blasting toxic fume / dust clearance standstill,15.3,50.0
737,9,2026-06-17,1.0,7.0,Engine overheated (>44°C ambient summer load),13.8,36.2
738,9,2026-06-18,6.3,1.7,Shift changeover & inspection,62.6,171.7
739,9,2026-06-19,7.4,0.6,,102.9,292.7
740,9,2026-06-20,6.5,1.5,Shift changeover & inspection,61.9,197.2
741,9,2026-06-21,6.7,1.3,Shift changeover & inspection,56.9,319.2
742,9,2026-06-22,7.4,0.6,,89.9,238.6
743,9,2026-06-23,7.1,0.9,,72.0,232.3
744,9,2026-06-24,7.0,1.0,Shift changeover & inspection,101.8,152.3
745,9,2026-06-25,7.3,0.7,,94.8,249.1
746,9,2026-06-26,5.6,2.4,Shift changeover & inspection,49.4,155.1
747,9,2026-06-27,5.9,2.1,Shift changeover & inspection,74.4,264.2
748,9,2026-06-28,7.4,0.6,,89.7,150.6
749,9,2026-06-29,1.8,6.2,DGMS statutory electrical ground-fault trip,16.6,84.0
750,9,2026-06-30,7.3,0.7,,76.9,276.4
751,9,2026-07-01,5.5,2.5,Shift changeover & inspection,72.3,198.1
752,9,2026-07-02,2.4,5.6,Tyre sidewall cut on sharp gondite boulders,31.0,96.9
753,9,2026-07-03,1.7,6.3,Main sump pump silt clogging from monsoon slurry,19.5,50.5
754,9,2026-07-04,2.8,5.2,Tyre sidewall cut on sharp gondite boulders,41.1,92.3
755,9,2026-07-05,7.1,0.9,,57.4,149.7
756,9,2026-07-06,7.7,0.3,,112.9,303.8
757,9,2026-07-07,7.7,0.3,,99.3,330.3
758,9,2026-07-08,6.5,1.5,Shift changeover & inspection,95.2,171.9
759,9,2026-07-09,7.1,0.9,,79.5,210.3
760,9,2026-07-10,7.1,0.9,,90.2,184.5
761,9,2026-07-11,2.7,5.3,Engine overheated (>44°C ambient summer load),35.7,133.5
762,9,2026-07-12,7.1,0.9,,91.6,274.6
763,9,2026-07-13,6.7,1.3,Shift changeover & inspection,77.4,181.1
764,9,2026-07-14,6.4,1.6,Shift changeover & inspection,56.8,258.3
765,9,2026-07-15,7.4,0.6,,109.3,181.8
766,9,2026-07-16,7.6,0.4,,63.2,312.2
767,9,2026-07-17,4.0,4.0,Tyre sidewall cut on sharp gondite boulders,57.7,136.4
768,9,2026-07-18,6.5,1.5,Shift changeover & inspection,96.0,202.5
769,9,2026-07-19,7.1,0.9,,61.3,231.4
770,9,2026-07-20,2.0,6.0,Main sump pump silt clogging from monsoon slurry,21.6,84.6
771,9,2026-07-21,6.8,1.2,Shift changeover & inspection,67.9,225.4
772,9,2026-07-22,3.7,4.3,Main sump pump silt clogging from monsoon slurry,43.8,82.3
773,9,2026-07-23,6.6,1.4,Shift changeover & inspection,82.7,321.0
774,9,2026-07-24,4.2,3.8,Main sump pump silt clogging from monsoon slurry,55.7,158.3
775,9,2026-07-25,6.8,1.2,Shift changeover & inspection,61.1,220.7
776,9,2026-07-26,6.9,1.1,Shift changeover & inspection,76.1,214.8
777,9,2026-07-27,3.1,4.9,Tyre sidewall cut on sharp gondite boulders,42.3,99.4
778,9,2026-07-28,7.8,0.2,,88.2,210.0
779,9,2026-07-29,5.8,2.2,Shift changeover & inspection,80.3,286.3
780,9,2026-07-30,7.7,0.3,,101.7,291.6
781,9,2026-07-31,7.0,1.0,Shift changeover & inspection,85.4,145.4
782,9,2026-08-01,6.5,1.5,Shift changeover & inspection,75.3,263.3
783,9,2026-08-02,2.5,5.5,Rainwater inundation at bottom pit bench (>40mm downpour),36.4,107.2
784,9,2026-08-03,2.8,5.2,Tyre sidewall cut on sharp gondite boulders,35.8,93.9
785,9,2026-08-04,0.9,7.1,Tyre sidewall cut on sharp gondite boulders,8.8,36.9
786,9,2026-08-05,3.1,4.9,Rainwater inundation at bottom pit bench (>40mm downpour),26.6,98.7
787,9,2026-08-06,6.8,1.2,Shift changeover & inspection,96.4,333.5
788,9,2026-08-07,6.7,1.3,Shift changeover & inspection,74.8,286.3
789,9,2026-08-08,3.7,4.3,Tyre sidewall cut on sharp gondite boulders,37.0,167.6
790,9,2026-08-09,5.5,2.5,Shift changeover & inspection,80.6,223.0
791,9,2026-08-10,6.7,1.3,Shift changeover & inspection,69.3,215.9
792,9,2026-08-11,6.4,1.6,Shift changeover & inspection,69.9,254.6
793,9,2026-08-12,6.0,2.0,Shift changeover & inspection,72.4,253.3
794,9,2026-08-13,7.7,0.3,,82.5,319.1
795,9,2026-08-14,3.6,4.4,Rainwater inundation at bottom pit bench (>40mm downpour),43.5,136.5
796,9,2026-08-15,3.2,4.8,Tyre sidewall cut on sharp gondite boulders,40.8,115.2
797,9,2026-08-16,5.5,2.5,Shift changeover & inspection,69.4,230.3
798,9,2026-08-17,7.7,0.3,,74.7,170.2
799,9,2026-08-18,0.7,7.3,Main sump pump silt clogging from monsoon slurry,7.0,24.6
800,9,2026-08-19,7.3,0.7,,66.1,357.7
801,9,2026-08-20,6.6,1.4,Shift changeover & inspection,93.2,315.4
802,9,2026-08-21,2.5,5.5,Main sump pump silt clogging from monsoon slurry,22.5,98.3
803,9,2026-08-22,1.6,6.4,Rainwater inundation at bottom pit bench (>40mm downpour),20.1,54.4
804,9,2026-08-23,7.0,1.0,Shift changeover & inspection,80.5,256.7
805,9,2026-08-24,1.5,6.5,Rainwater inundation at bottom pit bench (>40mm downpour),18.1,41.8
806,9,2026-08-25,5.8,2.2,Shift changeover & inspection,86.8,244.0
807,9,2026-08-26,6.0,2.0,Shift changeover & inspection,67.0,295.5
808,9,2026-08-27,4.1,3.9,Tyre sidewall cut on sharp gondite boulders,41.0,165.2
809,9,2026-08-28,5.8,2.2,Shift changeover & inspection,83.4,196.3
810,9,2026-08-29,3.5,4.5,Tyre sidewall cut on sharp gondite boulders,31.8,128.0
811,10,2026-06-01,6.2,1.8,Shift changeover & inspection,59.3,251.8
812,10,2026-06-02,6.9,1.1,Shift changeover & inspection,70.4,332.5
813,10,2026-06-03,5.8,2.2,Shift changeover & inspection,66.1,130.9
814,10,2026-06-04,7.3,0.7,,93.1,284.7
815,10,2026-06-05,6.4,1.6,Shift changeover & inspection,59.1,163.3
816,10,2026-06-06,7.0,1.0,Shift changeover & inspection,67.3,274.6
817,10,2026-06-07,0.3,7.7,Engine overheated (>44°C ambient summer load),3.4,13.9
818,10,2026-06-08,6.4,1.6,Shift changeover & inspection,65.0,246.3
819,10,2026-06-09,7.8,0.2,,70.5,348.1
820,10,2026-06-10,7.5,0.5,,77.1,158.8
821,10,2026-06-11,5.9,2.1,Shift changeover & inspection,79.4,271.3
822,10,2026-06-12,7.1,0.9,,93.1,170.4
823,10,2026-06-13,7.5,0.5,,74.0,326.9
824,10,2026-06-14,6.0,2.0,Shift changeover & inspection,74.4,271.8
825,10,2026-06-15,6.4,1.6,Shift changeover & inspection,80.6,221.3
826,10,2026-06-16,6.8,1.2,Shift changeover & inspection,73.8,136.4
827,10,2026-06-17,6.4,1.6,Shift changeover & inspection,95.0,199.9
828,10,2026-06-18,7.5,0.5,,86.7,190.9
829,10,2026-06-19,6.0,2.0,Shift changeover & inspection,77.9,149.7
830,10,2026-06-20,6.4,1.6,Shift changeover & inspection,54.7,152.4
831,10,2026-06-21,7.5,0.5,,68.3,368.6
832,10,2026-06-22,6.0,2.0,Shift changeover & inspection,72.3,242.7
833,10,2026-06-23,1.9,6.1,Tyre sidewall cut on sharp gondite boulders,19.0,48.6
834,10,2026-06-24,5.6,2.4,Shift changeover & inspection,50.2,231.8
835,10,2026-06-25,7.4,0.6,,63.6,336.3
836,10,2026-06-26,7.2,0.8,,87.8,327.0
837,10,2026-06-27,7.1,0.9,,104.7,142.0
838,10,2026-06-28,6.7,1.3,Shift changeover & inspection,67.5,267.1
839,10,2026-06-29,7.5,0.5,,108.7,271.5
840,10,2026-06-30,7.6,0.4,,106.8,297.0
841,10,2026-07-01,3.6,4.4,Tyre sidewall cut on sharp gondite boulders,45.1,146.3
842,10,2026-07-02,6.6,1.4,Shift changeover & inspection,80.8,238.4
843,10,2026-07-03,5.5,2.5,Shift changeover & inspection,48.1,244.5
844,10,2026-07-04,4.0,4.0,Main sump pump silt clogging from monsoon slurry,35.0,113.2
845,10,2026-07-05,3.7,4.3,Rainwater inundation at bottom pit bench (>40mm downpour),47.5,184.9
846,10,2026-07-06,7.7,0.3,,61.7,367.7
847,10,2026-07-07,2.8,5.2,Main sump pump silt clogging from monsoon slurry,38.4,90.1
848,10,2026-07-08,5.8,2.2,Shift changeover & inspection,71.8,225.6
849,10,2026-07-09,5.9,2.1,Shift changeover & inspection,67.6,194.7
850,10,2026-07-10,7.0,1.0,Shift changeover & inspection,103.7,268.1
851,10,2026-07-11,2.6,5.4,Main sump pump silt clogging from monsoon slurry,21.7,129.9
852,10,2026-07-12,7.1,0.9,,79.9,294.7
853,10,2026-07-13,2.8,5.2,Main sump pump silt clogging from monsoon slurry,39.9,68.0
854,10,2026-07-14,4.4,3.6,Tyre sidewall cut on sharp gondite boulders,44.8,123.8
855,10,2026-07-15,6.3,1.7,Shift changeover & inspection,75.8,150.7
856,10,2026-07-16,2.2,5.8,Tyre sidewall cut on sharp gondite boulders,20.1,95.0
857,10,2026-07-17,6.6,1.4,Shift changeover & inspection,61.9,210.4
858,10,2026-07-18,6.6,1.4,Shift changeover & inspection,78.3,218.5
859,10,2026-07-19,7.6,0.4,,64.0,305.3
860,10,2026-07-20,4.0,4.0,Main sump pump silt clogging from monsoon slurry,47.2,121.4
861,10,2026-07-21,6.4,1.6,Shift changeover & inspection,55.3,293.9
862,10,2026-07-22,3.1,4.9,Rainwater inundation at bottom pit bench (>40mm downpour),31.7,67.6
863,10,2026-07-23,7.0,1.0,Shift changeover & inspection,64.1,307.4
864,10,2026-07-24,7.2,0.8,,78.1,206.7
865,10,2026-07-25,3.7,4.3,Tyre sidewall cut on sharp gondite boulders,34.4,122.7
866,10,2026-07-26,3.4,4.6,DGMS statutory electrical ground-fault trip,43.0,112.3
867,10,2026-07-27,5.7,2.3,Shift changeover & inspection,64.9,213.5
868,10,2026-07-28,5.7,2.3,Shift changeover & inspection,78.5,152.1
869,10,2026-07-29,2.6,5.4,Main sump pump silt clogging from monsoon slurry,30.7,115.8
870,10,2026-07-30,6.5,1.5,Shift changeover & inspection,72.6,229.4
871,10,2026-07-31,7.8,0.2,,72.0,335.9
872,10,2026-08-01,5.9,2.1,Shift changeover & inspection,73.7,188.8
873,10,2026-08-02,7.8,0.2,,76.5,168.1
874,10,2026-08-03,6.3,1.7,Shift changeover & inspection,77.6,194.9
875,10,2026-08-04,6.1,1.9,Shift changeover & inspection,59.2,232.8
876,10,2026-08-05,7.8,0.2,,78.6,321.6
877,10,2026-08-06,7.5,0.5,,97.0,307.4
878,10,2026-08-07,3.9,4.1,Tyre sidewall cut on sharp gondite boulders,31.7,121.5
879,10,2026-08-08,6.9,1.1,Shift changeover & inspection,64.0,246.9
880,10,2026-08-09,6.5,1.5,Shift changeover & inspection,83.7,296.4
881,10,2026-08-10,3.3,4.7,Rainwater inundation at bottom pit bench (>40mm downpour),47.4,84.2
882,10,2026-08-11,7.0,1.0,Shift changeover & inspection,72.4,245.2
883,10,2026-08-12,5.9,2.1,Shift changeover & inspection,86.4,278.5
884,10,2026-08-13,4.0,4.0,Rainwater inundation at bottom pit bench (>40mm downpour),52.8,80.4
885,10,2026-08-14,7.4,0.6,,76.9,274.0
886,10,2026-08-15,2.4,5.6,Rainwater inundation at bottom pit bench (>40mm downpour),28.1,96.5
887,10,2026-08-16,1.7,6.3,Rainwater inundation at bottom pit bench (>40mm downpour),15.9,62.2
888,10,2026-08-17,5.6,2.4,Shift changeover & inspection,83.9,278.2
889,10,2026-08-18,3.2,4.8,Main sump pump silt clogging from monsoon slurry,33.4,79.8
890,10,2026-08-19,2.1,5.9,Shaft winder cage guide rope alignment check,22.4,57.4
891,10,2026-08-20,7.8,0.2,,82.9,349.9
892,10,2026-08-21,2.7,5.3,Tyre sidewall cut on sharp gondite boulders,29.7,72.0
893,10,2026-08-22,7.4,0.6,,101.3,193.0
894,10,2026-08-23,5.7,2.3,Shift changeover & inspection,61.4,164.5
895,10,2026-08-24,1.3,6.7,DGMS statutory electrical ground-fault trip,16.9,48.1
896,10,2026-08-25,2.3,5.7,Rainwater inundation at bottom pit bench (>40mm downpour),34.1,108.7
897,10,2026-08-26,2.5,5.5,Main sump pump silt clogging from monsoon slurry,32.1,64.6
898,10,2026-08-27,7.4,0.6,,78.3,253.4
899,10,2026-08-28,7.0,1.0,Shift changeover & inspection,62.0,312.0
900,10,2026-08-29,6.5,1.5,Shift changeover & inspection,69.9,191.5
901,11,2026-06-01,6.3,1.7,Shift changeover & inspection,72.8,147.7
902,11,2026-06-02,5.6,2.4,Shift changeover & inspection,67.2,180.7
903,11,2026-06-03,6.9,1.1,Shift changeover & inspection,84.9,338.6
904,11,2026-06-04,6.8,1.2,Shift changeover & inspection,73.8,167.5
905,11,2026-06-05,6.0,2.0,Shift changeover & inspection,73.2,151.0
906,11,2026-06-06,0.3,7.7,Blasting toxic fume / dust clearance standstill,2.8,10.7
907,11,2026-06-07,2.1,5.9,Shaft winder cage guide rope alignment check,23.3,81.7
908,11,2026-06-08,7.2,0.8,,68.9,197.4
909,11,2026-06-09,5.6,2.4,Shift changeover & inspection,46.9,190.9
910,11,2026-06-10,6.5,1.5,Shift changeover & inspection,69.4,263.3
911,11,2026-06-11,6.2,1.8,Shift changeover & inspection,92.9,130.8
912,11,2026-06-12,6.8,1.2,Shift changeover & inspection,87.3,334.3
913,11,2026-06-13,7.2,0.8,,91.0,222.3
914,11,2026-06-14,7.2,0.8,,84.8,340.7
915,11,2026-06-15,7.1,0.9,,62.2,322.2
916,11,2026-06-16,6.8,1.2,Shift changeover & inspection,95.0,212.8
917,11,2026-06-17,2.3,5.7,DGMS statutory electrical ground-fault trip,32.2,108.2
918,11,2026-06-18,7.3,0.7,,59.7,332.6
919,11,2026-06-19,6.0,2.0,Shift changeover & inspection,55.1,171.0
920,11,2026-06-20,6.5,1.5,Shift changeover & inspection,60.1,227.4
921,11,2026-06-21,3.4,4.6,Main sump pump silt clogging from monsoon slurry,29.3,90.8
922,11,2026-06-22,7.7,0.3,,114.4,250.7
923,11,2026-06-23,6.9,1.1,Shift changeover & inspection,73.5,278.8
924,11,2026-06-24,7.6,0.4,,108.9,265.5
925,11,2026-06-25,5.9,2.1,Shift changeover & inspection,79.7,152.6
926,11,2026-06-26,6.5,1.5,Shift changeover & inspection,55.4,180.5
927,11,2026-06-27,6.4,1.6,Shift changeover & inspection,82.2,270.7
928,11,2026-06-28,2.2,5.8,Blasting toxic fume / dust clearance standstill,21.5,103.3
929,11,2026-06-29,5.8,2.2,Shift changeover & inspection,75.4,244.9
930,11,2026-06-30,6.0,2.0,Shift changeover & inspection,84.2,224.8
931,11,2026-07-01,2.5,5.5,Main sump pump silt clogging from monsoon slurry,24.7,69.7
932,11,2026-07-02,2.9,5.1,Rainwater inundation at bottom pit bench (>40mm downpour),34.1,137.0
933,11,2026-07-03,6.7,1.3,Shift changeover & inspection,57.0,250.2
934,11,2026-07-04,2.5,5.5,Tyre sidewall cut on sharp gondite boulders,28.4,110.5
935,11,2026-07-05,2.2,5.8,Tyre sidewall cut on sharp gondite boulders,27.4,45.1
936,11,2026-07-06,2.2,5.8,Main sump pump silt clogging from monsoon slurry,29.1,67.1
937,11,2026-07-07,4.4,3.6,Main sump pump silt clogging from monsoon slurry,45.7,196.9
938,11,2026-07-08,5.6,2.4,Shift changeover & inspection,75.4,126.6
939,11,2026-07-09,6.4,1.6,Shift changeover & inspection,69.0,205.3
940,11,2026-07-10,1.9,6.1,DGMS statutory electrical ground-fault trip,20.7,70.6
941,11,2026-07-11,5.5,2.5,Shift changeover & inspection,64.9,260.2
942,11,2026-07-12,6.4,1.6,Shift changeover & inspection,76.1,253.9
943,11,2026-07-13,7.4,0.6,,99.1,169.7
944,11,2026-07-14,7.0,1.0,Shift changeover & inspection,104.3,160.5
945,11,2026-07-15,2.7,5.3,Rainwater inundation at bottom pit bench (>40mm downpour),27.0,82.3
946,11,2026-07-16,6.9,1.1,Shift changeover & inspection,91.5,312.5
947,11,2026-07-17,7.3,0.7,,84.7,347.0
948,11,2026-07-18,7.6,0.4,,113.8,307.0
949,11,2026-07-19,6.3,1.7,Shift changeover & inspection,81.6,173.8
950,11,2026-07-20,1.7,6.3,Rainwater inundation at bottom pit bench (>40mm downpour),22.7,46.4
951,11,2026-07-21,6.7,1.3,Shift changeover & inspection,81.7,162.6
952,11,2026-07-22,7.0,1.0,Shift changeover & inspection,93.1,314.0
953,11,2026-07-23,7.6,0.4,,109.0,352.4
954,11,2026-07-24,7.2,0.8,,103.3,187.7
955,11,2026-07-25,7.2,0.8,,73.8,229.5
956,11,2026-07-26,3.6,4.4,Tyre sidewall cut on sharp gondite boulders,40.0,127.9
957,11,2026-07-27,2.6,5.4,Tyre sidewall cut on sharp gondite boulders,28.1,69.8
958,11,2026-07-28,5.8,2.2,Shift changeover & inspection,83.6,187.6
959,11,2026-07-29,3.4,4.6,Rainwater inundation at bottom pit bench (>40mm downpour),32.6,77.1
960,11,2026-07-30,7.6,0.4,,113.7,279.7
961,11,2026-07-31,6.1,1.9,Shift changeover & inspection,73.2,238.1
962,11,2026-08-01,7.0,1.0,Shift changeover & inspection,58.9,164.0
963,11,2026-08-02,6.1,1.9,Shift changeover & inspection,57.5,304.1
964,11,2026-08-03,6.0,2.0,Shift changeover & inspection,61.5,153.2
965,11,2026-08-04,2.3,5.7,Main sump pump silt clogging from monsoon slurry,22.3,112.1
966,11,2026-08-05,5.5,2.5,Shift changeover & inspection,81.9,190.4
967,11,2026-08-06,6.0,2.0,Shift changeover & inspection,70.5,120.5
968,11,2026-08-07,6.5,1.5,Shift changeover & inspection,58.1,260.1
969,11,2026-08-08,7.8,0.2,,82.6,228.5
970,11,2026-08-09,0.8,7.2,Tyre sidewall cut on sharp gondite boulders,10.2,17.2
971,11,2026-08-10,5.6,2.4,Shift changeover & inspection,46.0,240.6
972,11,2026-08-11,6.8,1.2,Shift changeover & inspection,75.2,198.4
973,11,2026-08-12,3.4,4.6,Engine overheated (>44°C ambient summer load),33.8,165.2
974,11,2026-08-13,4.3,3.7,Rainwater inundation at bottom pit bench (>40mm downpour),55.5,100.6
975,11,2026-08-14,4.1,3.9,Tyre sidewall cut on sharp gondite boulders,56.9,107.4
976,11,2026-08-15,7.7,0.3,,62.5,314.9
977,11,2026-08-16,5.9,2.1,Shift changeover & inspection,50.1,151.6
978,11,2026-08-17,5.9,2.1,Shift changeover & inspection,68.0,196.1
979,11,2026-08-18,1.6,6.4,Main sump pump silt clogging from monsoon slurry,17.4,79.0
980,11,2026-08-19,7.2,0.8,,71.3,171.6
981,11,2026-08-20,6.9,1.1,Shift changeover & inspection,90.5,292.4
982,11,2026-08-21,7.7,0.3,,79.4,378.7
983,11,2026-08-22,6.5,1.5,Shift changeover & inspection,84.7,273.3
984,11,2026-08-23,5.6,2.4,Shift changeover & inspection,57.0,153.4
985,11,2026-08-24,6.7,1.3,Shift changeover & inspection,64.6,329.5
986,11,2026-08-25,4.4,3.6,Rainwater inundation at bottom pit bench (>40mm downpour),46.9,210.2
987,11,2026-08-26,1.4,6.6,Main sump pump silt clogging from monsoon slurry,17.2,30.3
988,11,2026-08-27,6.6,1.4,Shift changeover & inspection,63.9,232.0
989,11,2026-08-28,7.4,0.6,,103.2,207.7
990,11,2026-08-29,6.7,1.3,Shift changeover & inspection,93.6,208.8
991,12,2026-06-01,6.8,1.2,Shift changeover & inspection,71.9,240.4
992,12,2026-06-02,2.2,5.8,Main sump pump silt clogging from monsoon slurry,19.1,82.4
993,12,2026-06-03,6.8,1.2,Shift changeover & inspection,71.0,193.4
994,12,2026-06-04,7.4,0.6,,89.8,309.6
995,12,2026-06-05,6.9,1.1,Shift changeover & inspection,66.4,319.6
996,12,2026-06-06,7.4,0.6,,101.8,350.1
997,12,2026-06-07,7.1,0.9,,75.1,294.3
998,12,2026-06-08,6.8,1.2,Shift changeover & inspection,85.8,284.3
999,12,2026-06-09,6.3,1.7,Shift changeover & inspection,67.0,270.1
1000,12,2026-06-10,2.7,5.3,Hydraulic hose burst / high pressure pump cavitation,37.9,111.0
1001,12,2026-06-11,5.6,2.4,Shift changeover & inspection,65.0,213.2
1002,12,2026-06-12,7.7,0.3,,77.3,344.9
1003,12,2026-06-13,6.9,1.1,Shift changeover & inspection,98.2,200.1
1004,12,2026-06-14,7.2,0.8,,97.0,255.0
1005,12,2026-06-15,3.2,4.8,DGMS statutory electrical ground-fault trip,30.5,150.2
1006,12,2026-06-16,6.5,1.5,Shift changeover & inspection,93.6,145.5
1007,12,2026-06-17,1.4,6.6,Hydraulic hose burst / high pressure pump cavitation,13.7,62.2
1008,12,2026-06-18,1.6,6.4,Hydraulic hose burst / high pressure pump cavitation,16.7,64.9
1009,12,2026-06-19,6.1,1.9,Shift changeover & inspection,82.4,229.2
1010,12,2026-06-20,5.9,2.1,Shift changeover & inspection,58.0,137.0
1011,12,2026-06-21,6.8,1.2,Shift changeover & inspection,66.7,252.6
1012,12,2026-06-22,6.7,1.3,Shift changeover & inspection,63.1,289.7
1013,12,2026-06-23,6.7,1.3,Shift changeover & inspection,76.1,288.0
1014,12,2026-06-24,6.9,1.1,Shift changeover & inspection,67.6,216.6
1015,12,2026-06-25,6.1,1.9,Shift changeover & inspection,52.3,181.0
1016,12,2026-06-26,6.1,1.9,Shift changeover & inspection,77.1,286.8
1017,12,2026-06-27,7.3,0.7,,107.7,314.9
1018,12,2026-06-28,5.6,2.4,Shift changeover & inspection,60.5,144.6
1019,12,2026-06-29,7.6,0.4,,105.7,248.4
1020,12,2026-06-30,0.1,7.9,DGMS statutory electrical ground-fault trip,1.4,4.2
1021,12,2026-07-01,7.2,0.8,,74.6,194.3
1022,12,2026-07-02,6.4,1.6,Shift changeover & inspection,91.6,209.9
1023,12,2026-07-03,2.2,5.8,Main sump pump silt clogging from monsoon slurry,30.9,51.3
1024,12,2026-07-04,6.2,1.8,Shift changeover & inspection,68.2,190.6
1025,12,2026-07-05,7.7,0.3,,107.8,222.9
1026,12,2026-07-06,6.8,1.2,Shift changeover & inspection,71.0,258.0
1027,12,2026-07-07,5.9,2.1,Shift changeover & inspection,77.8,284.7
1028,12,2026-07-08,4.3,3.7,Tyre sidewall cut on sharp gondite boulders,52.1,93.5
1029,12,2026-07-09,5.8,2.2,Shift changeover & inspection,61.6,188.9
1030,12,2026-07-10,2.1,5.9,Tyre sidewall cut on sharp gondite boulders,25.7,43.3
1031,12,2026-07-11,0.5,7.5,Rainwater inundation at bottom pit bench (>40mm downpour),6.8,12.8
1032,12,2026-07-12,7.2,0.8,,104.1,351.4
1033,12,2026-07-13,3.7,4.3,Main sump pump silt clogging from monsoon slurry,40.6,112.2
1034,12,2026-07-14,7.4,0.6,,103.0,247.1
1035,12,2026-07-15,5.8,2.2,Shift changeover & inspection,73.6,288.6
1036,12,2026-07-16,6.4,1.6,Shift changeover & inspection,56.4,188.7
1037,12,2026-07-17,3.1,4.9,Tyre sidewall cut on sharp gondite boulders,42.0,75.2
1038,12,2026-07-18,2.9,5.1,Rainwater inundation at bottom pit bench (>40mm downpour),41.1,67.7
1039,12,2026-07-19,6.8,1.2,Shift changeover & inspection,81.0,276.0
1040,12,2026-07-20,7.1,0.9,,70.1,320.4
1041,12,2026-07-21,5.6,2.4,Shift changeover & inspection,64.9,263.7
1042,12,2026-07-22,7.2,0.8,,95.2,244.3
1043,12,2026-07-23,7.0,1.0,Shift changeover & inspection,59.0,334.7
1044,12,2026-07-24,3.9,4.1,Tyre sidewall cut on sharp gondite boulders,39.1,177.1
1045,12,2026-07-25,6.9,1.1,Shift changeover & inspection,99.8,175.1
1046,12,2026-07-26,2.3,5.7,Blasting toxic fume / dust clearance standstill,25.7,61.7
1047,12,2026-07-27,6.7,1.3,Shift changeover & inspection,68.2,202.8
1048,12,2026-07-28,7.4,0.6,,94.0,329.2
1049,12,2026-07-29,4.5,3.5,Main sump pump silt clogging from monsoon slurry,59.4,117.4
1050,12,2026-07-30,7.7,0.3,,97.1,347.9
1051,12,2026-07-31,6.2,1.8,Shift changeover & inspection,62.0,230.1
1052,12,2026-08-01,0.1,7.9,Shaft winder cage guide rope alignment check,0.9,3.4
1053,12,2026-08-02,6.8,1.2,Shift changeover & inspection,60.5,200.4
1054,12,2026-08-03,3.0,5.0,Rainwater inundation at bottom pit bench (>40mm downpour),38.8,124.0
1055,12,2026-08-04,2.0,6.0,Rainwater inundation at bottom pit bench (>40mm downpour),17.1,50.1
1056,12,2026-08-05,2.4,5.6,Tyre sidewall cut on sharp gondite boulders,34.1,80.2
1057,12,2026-08-06,6.4,1.6,Shift changeover & inspection,95.5,209.9
1058,12,2026-08-07,2.0,6.0,Main sump pump silt clogging from monsoon slurry,24.8,87.1
1059,12,2026-08-08,2.6,5.4,Main sump pump silt clogging from monsoon slurry,25.4,69.1
1060,12,2026-08-09,6.9,1.1,Shift changeover & inspection,62.7,343.2
1061,12,2026-08-10,6.3,1.7,Shift changeover & inspection,66.6,204.4
1062,12,2026-08-11,7.3,0.7,,61.2,187.5
1063,12,2026-08-12,2.8,5.2,Main sump pump silt clogging from monsoon slurry,38.6,103.5
1064,12,2026-08-13,4.4,3.6,Rainwater inundation at bottom pit bench (>40mm downpour),65.1,204.1
1065,12,2026-08-14,0.8,7.2,Main sump pump silt clogging from monsoon slurry,11.9,34.6
1066,12,2026-08-15,6.0,2.0,Shift changeover & inspection,51.9,138.5
1067,12,2026-08-16,7.1,0.9,,100.3,260.5
1068,12,2026-08-17,3.6,4.4,Rainwater inundation at bottom pit bench (>40mm downpour),44.4,146.3
1069,12,2026-08-18,2.9,5.1,Tyre sidewall cut on sharp gondite boulders,24.8,106.7
1070,12,2026-08-19,4.2,3.8,Tyre sidewall cut on sharp gondite boulders,56.0,129.3
1071,12,2026-08-20,7.0,1.0,Shift changeover & inspection,77.0,189.5
1072,12,2026-08-21,5.6,2.4,Shift changeover & inspection,70.2,123.4
1073,12,2026-08-22,7.5,0.5,,111.8,347.5
1074,12,2026-08-23,1.5,6.5,Main sump pump silt clogging from monsoon slurry,20.7,41.6
1075,12,2026-08-24,7.3,0.7,,97.0,155.8
1076,12,2026-08-25,1.8,6.2,Hydraulic hose burst / high pressure pump cavitation,24.6,46.5
1077,12,2026-08-26,6.7,1.3,Shift changeover & inspection,73.2,322.4
1078,12,2026-08-27,1.5,6.5,Engine overheated (>44°C ambient summer load),18.2,32.4
1079,12,2026-08-28,2.9,5.1,Rainwater inundation at bottom pit bench (>40mm downpour),26.7,99.0
1080,12,2026-08-29,2.1,5.9,Tyre sidewall cut on sharp gondite boulders,23.0,98.8
1081,13,2026-06-01,5.7,2.3,Shift changeover & inspection,144.5,231.2
1082,13,2026-06-02,7.5,0.5,,320.9,307.9
1083,13,2026-06-03,3.5,4.5,Main sump pump silt clogging from monsoon slurry,109.4,131.7
1084,13,2026-06-04,1.4,6.6,Hydraulic hose burst / high pressure pump cavitation,62.5,69.7
1085,13,2026-06-05,5.8,2.2,Shift changeover & inspection,141.2,240.5
1086,13,2026-06-06,6.5,1.5,Shift changeover & inspection,147.7,267.4
1087,13,2026-06-07,7.8,0.2,,350.0,181.6
1088,13,2026-06-08,6.0,2.0,Shift changeover & inspection,213.2,243.8
1089,13,2026-06-09,5.9,2.1,Shift changeover & inspection,209.8,152.0
1090,13,2026-06-10,6.7,1.3,Shift changeover & inspection,251.2,184.2
1091,13,2026-06-11,2.6,5.4,Rainwater inundation at bottom pit bench (>40mm downpour),88.6,92.8
1092,13,2026-06-12,7.6,0.4,,219.1,308.3
1093,13,2026-06-13,2.1,5.9,Rainwater inundation at bottom pit bench (>40mm downpour),72.0,87.6
1094,13,2026-06-14,5.8,2.2,Shift changeover & inspection,193.2,150.4
1095,13,2026-06-15,6.7,1.3,Shift changeover & inspection,246.5,179.2
1096,13,2026-06-16,7.1,0.9,,230.9,207.2
1097,13,2026-06-17,7.5,0.5,,246.5,233.8
1098,13,2026-06-18,7.4,0.6,,167.4,353.7
1099,13,2026-06-19,6.6,1.4,Shift changeover & inspection,198.6,168.2
1100,13,2026-06-20,3.2,4.8,Blasting toxic fume / dust clearance standstill,143.0,123.5
1101,13,2026-06-21,5.6,2.4,Shift changeover & inspection,232.6,233.8
1102,13,2026-06-22,6.9,1.1,Shift changeover & inspection,170.4,277.6
1103,13,2026-06-23,6.6,1.4,Shift changeover & inspection,160.1,294.0
1104,13,2026-06-24,6.8,1.2,Shift changeover & inspection,227.1,208.7
1105,13,2026-06-25,6.4,1.6,Shift changeover & inspection,142.3,181.0
1106,13,2026-06-26,6.2,1.8,Shift changeover & inspection,277.2,187.6
1107,13,2026-06-27,5.8,2.2,Shift changeover & inspection,242.5,156.1
1108,13,2026-06-28,6.0,2.0,Shift changeover & inspection,256.6,272.8
1109,13,2026-06-29,7.5,0.5,,199.7,183.1
1110,13,2026-06-30,6.8,1.2,Shift changeover & inspection,224.1,329.9
1111,13,2026-07-01,7.6,0.4,,222.2,168.7
1112,13,2026-07-02,6.1,1.9,Shift changeover & inspection,218.0,291.2
1113,13,2026-07-03,7.3,0.7,,327.0,303.3
1114,13,2026-07-04,6.2,1.8,Shift changeover & inspection,269.7,149.0
1115,13,2026-07-05,7.6,0.4,,229.2,267.7
1116,13,2026-07-06,3.3,4.7,Main sump pump silt clogging from monsoon slurry,143.9,131.7
1117,13,2026-07-07,7.5,0.5,,211.5,279.3
1118,13,2026-07-08,3.2,4.8,Main sump pump silt clogging from monsoon slurry,101.9,85.4
1119,13,2026-07-09,6.1,1.9,Shift changeover & inspection,143.9,182.6
1120,13,2026-07-10,3.4,4.6,Tyre sidewall cut on sharp gondite boulders,93.9,123.7
1121,13,2026-07-11,7.3,0.7,,262.9,362.1
1122,13,2026-07-12,7.8,0.2,,230.5,180.2
1123,13,2026-07-13,6.4,1.6,Shift changeover & inspection,149.7,307.4
1124,13,2026-07-14,5.9,2.1,Shift changeover & inspection,262.5,275.7
1125,13,2026-07-15,5.6,2.4,Shift changeover & inspection,250.5,212.7
1126,13,2026-07-16,7.7,0.3,,280.7,210.5
1127,13,2026-07-17,1.6,6.4,Shaft winder cage guide rope alignment check,35.4,61.5
1128,13,2026-07-18,6.5,1.5,Shift changeover & inspection,241.2,144.6
1129,13,2026-07-19,7.2,0.8,,206.5,348.0
1130,13,2026-07-20,2.8,5.2,Main sump pump silt clogging from monsoon slurry,109.6,113.9
1131,13,2026-07-21,6.7,1.3,Shift changeover & inspection,206.8,292.8
1132,13,2026-07-22,6.9,1.1,Shift changeover & inspection,191.8,159.7
1133,13,2026-07-23,3.1,4.9,Tyre sidewall cut on sharp gondite boulders,124.2,133.6
1134,13,2026-07-24,7.6,0.4,,294.9,263.6
1135,13,2026-07-25,6.7,1.3,Shift changeover & inspection,218.3,171.6
1136,13,2026-07-26,2.1,5.9,Tyre sidewall cut on sharp gondite boulders,67.4,85.7
1137,13,2026-07-27,6.8,1.2,Shift changeover & inspection,278.9,155.2
1138,13,2026-07-28,5.7,2.3,Shift changeover & inspection,230.3,256.9
1139,13,2026-07-29,6.0,2.0,Shift changeover & inspection,154.2,123.9
1140,13,2026-07-30,6.5,1.5,Shift changeover & inspection,207.0,163.5
1141,13,2026-07-31,2.2,5.8,Main sump pump silt clogging from monsoon slurry,78.4,64.1
1142,13,2026-08-01,5.9,2.1,Shift changeover & inspection,198.1,236.1
1143,13,2026-08-02,3.3,4.7,Main sump pump silt clogging from monsoon slurry,127.4,116.6
1144,13,2026-08-03,7.2,0.8,,302.8,303.1
1145,13,2026-08-04,3.8,4.2,Main sump pump silt clogging from monsoon slurry,103.8,115.5
1146,13,2026-08-05,7.2,0.8,,210.6,313.2
1147,13,2026-08-06,6.6,1.4,Shift changeover & inspection,233.5,259.8
1148,13,2026-08-07,6.0,2.0,Shift changeover & inspection,164.3,194.8
1149,13,2026-08-08,6.2,1.8,Shift changeover & inspection,167.8,280.6
1150,13,2026-08-09,5.7,2.3,Shift changeover & inspection,137.0,223.2
1151,13,2026-08-10,4.3,3.7,Main sump pump silt clogging from monsoon slurry,185.3,147.9
1152,13,2026-08-11,3.3,4.7,Hydraulic hose burst / high pressure pump cavitation,143.5,73.6
1153,13,2026-08-12,6.1,1.9,Shift changeover & inspection,162.1,263.8
1154,13,2026-08-13,6.3,1.7,Shift changeover & inspection,157.1,281.8
1155,13,2026-08-14,7.3,0.7,,206.4,185.1
1156,13,2026-08-15,3.7,4.3,Tyre sidewall cut on sharp gondite boulders,85.8,139.4
1157,13,2026-08-16,6.9,1.1,Shift changeover & inspection,225.0,204.6
1158,13,2026-08-17,6.9,1.1,Shift changeover & inspection,165.0,281.6
1159,13,2026-08-18,4.1,3.9,Rainwater inundation at bottom pit bench (>40mm downpour),92.4,168.1
1160,13,2026-08-19,7.2,0.8,,215.3,325.3
1161,13,2026-08-20,6.7,1.3,Shift changeover & inspection,267.2,321.5
1162,13,2026-08-21,6.4,1.6,Shift changeover & inspection,258.9,165.5
1163,13,2026-08-22,6.8,1.2,Shift changeover & inspection,218.2,256.2
1164,13,2026-08-23,1.7,6.3,Tyre sidewall cut on sharp gondite boulders,60.9,35.6
1165,13,2026-08-24,6.1,1.9,Shift changeover & inspection,233.0,213.8
1166,13,2026-08-25,3.9,4.1,Rainwater inundation at bottom pit bench (>40mm downpour),153.2,85.5
1167,13,2026-08-26,7.3,0.7,,210.3,304.3
1168,13,2026-08-27,7.4,0.6,,242.4,342.4
1169,13,2026-08-28,3.7,4.3,Rainwater inundation at bottom pit bench (>40mm downpour),160.0,126.5
1170,13,2026-08-29,3.7,4.3,Rainwater inundation at bottom pit bench (>40mm downpour),97.0,99.5
1171,14,2026-06-01,7.4,0.6,,98.5,276.1
1172,14,2026-06-02,6.6,1.4,Shift changeover & inspection,61.7,276.8
1173,14,2026-06-03,7.0,1.0,Shift changeover & inspection,101.6,196.7
1174,14,2026-06-04,7.0,1.0,Shift changeover & inspection,86.9,217.5
1175,14,2026-06-05,1.8,6.2,Tyre sidewall cut on sharp gondite boulders,15.7,56.0
1176,14,2026-06-06,5.7,2.3,Shift changeover & inspection,84.8,189.7
1177,14,2026-06-07,6.6,1.4,Shift changeover & inspection,98.9,217.8
1178,14,2026-06-08,7.6,0.4,,64.6,346.0
1179,14,2026-06-09,5.7,2.3,Shift changeover & inspection,46.9,143.5
1180,14,2026-06-10,6.1,1.9,Shift changeover & inspection,69.0,290.5
1181,14,2026-06-11,6.0,2.0,Shift changeover & inspection,64.4,145.9
1182,14,2026-06-12,6.2,1.8,Shift changeover & inspection,85.6,210.8
1183,14,2026-06-13,7.2,0.8,,104.5,284.8
1184,14,2026-06-14,7.5,0.5,,108.3,246.5
1185,14,2026-06-15,7.4,0.6,,75.7,205.9
1186,14,2026-06-16,6.2,1.8,Shift changeover & inspection,82.0,179.3
1187,14,2026-06-17,6.1,1.9,Shift changeover & inspection,88.4,165.4
1188,14,2026-06-18,6.1,1.9,Shift changeover & inspection,80.6,152.8
1189,14,2026-06-19,6.5,1.5,Shift changeover & inspection,61.9,304.3
1190,14,2026-06-20,7.7,0.3,,89.8,319.1
1191,14,2026-06-21,7.5,0.5,,72.2,212.8
1192,14,2026-06-22,6.9,1.1,Shift changeover & inspection,69.9,154.4
1193,14,2026-06-23,3.2,4.8,Main sump pump silt clogging from monsoon slurry,36.0,109.2
1194,14,2026-06-24,5.7,2.3,Shift changeover & inspection,60.3,219.6
1195,14,2026-06-25,2.3,5.7,Tyre sidewall cut on sharp gondite boulders,33.2,73.1
1196,14,2026-06-26,6.0,2.0,Shift changeover & inspection,52.9,268.0
1197,14,2026-06-27,2.7,5.3,Rainwater inundation at bottom pit bench (>40mm downpour),31.1,59.5
1198,14,2026-06-28,1.7,6.3,Rainwater inundation at bottom pit bench (>40mm downpour),21.5,60.7
1199,14,2026-06-29,5.9,2.1,Shift changeover & inspection,82.5,128.3
1200,14,2026-06-30,7.3,0.7,,107.0,176.8
1201,14,2026-07-01,7.4,0.6,,61.9,290.4
1202,14,2026-07-02,4.3,3.7,Tyre sidewall cut on sharp gondite boulders,44.4,161.5
1203,14,2026-07-03,2.7,5.3,Rainwater inundation at bottom pit bench (>40mm downpour),34.2,54.3
1204,14,2026-07-04,4.1,3.9,Rainwater inundation at bottom pit bench (>40mm downpour),47.6,85.2
1205,14,2026-07-05,2.0,6.0,Rainwater inundation at bottom pit bench (>40mm downpour),26.4,84.0
1206,14,2026-07-06,3.1,4.9,Tyre sidewall cut on sharp gondite boulders,34.7,104.8
1207,14,2026-07-07,7.0,1.0,Shift changeover & inspection,68.9,164.2
1208,14,2026-07-08,2.9,5.1,Blasting toxic fume / dust clearance standstill,42.8,125.6
1209,14,2026-07-09,5.8,2.2,Shift changeover & inspection,84.8,215.2
1210,14,2026-07-10,6.8,1.2,Shift changeover & inspection,55.1,319.7
1211,14,2026-07-11,2.1,5.9,Main sump pump silt clogging from monsoon slurry,18.5,79.2
1212,14,2026-07-12,6.7,1.3,Shift changeover & inspection,73.7,224.1
1213,14,2026-07-13,7.3,0.7,,60.7,190.7
1214,14,2026-07-14,7.6,0.4,,101.9,219.0
1215,14,2026-07-15,7.5,0.5,,107.9,230.6
1216,14,2026-07-16,6.2,1.8,Shift changeover & inspection,81.6,292.8
1217,14,2026-07-17,6.7,1.3,Shift changeover & inspection,95.4,163.9
1218,14,2026-07-18,5.7,2.3,Shift changeover & inspection,47.0,236.7
1219,14,2026-07-19,1.8,6.2,Rainwater inundation at bottom pit bench (>40mm downpour),24.6,57.8
1220,14,2026-07-20,1.6,6.4,Tyre sidewall cut on sharp gondite boulders,23.1,69.3
1221,14,2026-07-21,7.1,0.9,,81.3,286.7
1222,14,2026-07-22,6.5,1.5,Shift changeover & inspection,79.3,322.8
1223,14,2026-07-23,5.6,2.4,Shift changeover & inspection,78.1,190.3
1224,14,2026-07-24,1.8,6.2,Shaft winder cage guide rope alignment check,21.8,44.0
1225,14,2026-07-25,2.1,5.9,Tyre sidewall cut on sharp gondite boulders,21.9,48.9
1226,14,2026-07-26,4.5,3.5,Tyre sidewall cut on sharp gondite boulders,38.5,156.6
1227,14,2026-07-27,1.2,6.8,Rainwater inundation at bottom pit bench (>40mm downpour),10.2,46.3
1228,14,2026-07-28,7.3,0.7,,80.1,170.2
1229,14,2026-07-29,2.6,5.4,Tyre sidewall cut on sharp gondite boulders,22.4,113.0
1230,14,2026-07-30,4.0,4.0,Rainwater inundation at bottom pit bench (>40mm downpour),55.4,197.3
1231,14,2026-07-31,6.5,1.5,Shift changeover & inspection,58.0,199.3
1232,14,2026-08-01,1.2,6.8,Shaft winder cage guide rope alignment check,14.4,45.9
1233,14,2026-08-02,2.9,5.1,Tyre sidewall cut on sharp gondite boulders,26.4,130.8
1234,14,2026-08-03,2.7,5.3,Engine overheated (>44°C ambient summer load),26.7,107.6
1235,14,2026-08-04,5.9,2.1,Shift changeover & inspection,68.6,177.3
1236,14,2026-08-05,2.4,5.6,Tyre sidewall cut on sharp gondite boulders,35.3,52.1
1237,14,2026-08-06,6.2,1.8,Shift changeover & inspection,68.6,259.4
1238,14,2026-08-07,5.5,2.5,Shift changeover & inspection,51.5,232.2
1239,14,2026-08-08,6.7,1.3,Shift changeover & inspection,61.2,135.9
1240,14,2026-08-09,2.1,5.9,Tyre sidewall cut on sharp gondite boulders,26.9,62.7
1241,14,2026-08-10,5.7,2.3,Shift changeover & inspection,50.9,181.3
1242,14,2026-08-11,6.9,1.1,Shift changeover & inspection,86.5,165.6
1243,14,2026-08-12,5.7,2.3,Shift changeover & inspection,70.0,230.1
1244,14,2026-08-13,6.6,1.4,Shift changeover & inspection,84.3,140.6
1245,14,2026-08-14,6.9,1.1,Shift changeover & inspection,99.8,165.2
1246,14,2026-08-15,5.8,2.2,Shift changeover & inspection,59.1,201.7
1247,14,2026-08-16,6.4,1.6,Shift changeover & inspection,57.2,294.3
1248,14,2026-08-17,6.7,1.3,Shift changeover & inspection,72.8,303.2
1249,14,2026-08-18,2.6,5.4,Rainwater inundation at bottom pit bench (>40mm downpour),27.5,71.5
1250,14,2026-08-19,7.4,0.6,,89.2,291.1
1251,14,2026-08-20,6.8,1.2,Shift changeover & inspection,75.9,222.6
1252,14,2026-08-21,5.7,2.3,Shift changeover & inspection,78.5,234.2
1253,14,2026-08-22,7.5,0.5,,82.7,350.6
1254,14,2026-08-23,7.4,0.6,,105.3,329.7
1255,14,2026-08-24,7.7,0.3,,114.2,314.7
1256,14,2026-08-25,7.8,0.2,,91.1,212.6
1257,14,2026-08-26,5.6,2.4,Shift changeover & inspection,75.7,196.3
1258,14,2026-08-27,7.2,0.8,,66.6,147.5
1259,14,2026-08-28,1.8,6.2,Tyre sidewall cut on sharp gondite boulders,15.4,87.1
1260,14,2026-08-29,6.0,2.0,Shift changeover & inspection,65.1,213.5
1261,15,2026-06-01,6.8,1.2,Shift changeover & inspection,74.7,234.2
1262,15,2026-06-02,5.9,2.1,Shift changeover & inspection,86.7,176.7
1263,15,2026-06-03,7.6,0.4,,109.1,369.1
1264,15,2026-06-04,6.8,1.2,Shift changeover & inspection,99.1,246.2
1265,15,2026-06-05,7.8,0.2,,99.9,165.9
1266,15,2026-06-06,7.2,0.8,,102.9,164.0
1267,15,2026-06-07,6.6,1.4,Shift changeover & inspection,70.6,248.0
1268,15,2026-06-08,2.9,5.1,Shaft winder cage guide rope alignment check,29.5,114.2
1269,15,2026-06-09,6.8,1.2,Shift changeover & inspection,64.5,305.6
1270,15,2026-06-10,5.6,2.4,Shift changeover & inspection,45.2,140.1
1271,15,2026-06-11,7.7,0.3,,113.8,371.0
1272,15,2026-06-12,6.1,1.9,Shift changeover & inspection,90.5,295.8
1273,15,2026-06-13,5.6,2.4,Shift changeover & inspection,53.9,273.6
1274,15,2026-06-14,5.6,2.4,Shift changeover & inspection,46.5,245.0
1275,15,2026-06-15,5.8,2.2,Shift changeover & inspection,71.5,220.5
1276,15,2026-06-16,6.4,1.6,Shift changeover & inspection,72.8,189.4
1277,15,2026-06-17,6.9,1.1,Shift changeover & inspection,82.6,184.0
1278,15,2026-06-18,6.6,1.4,Shift changeover & inspection,98.1,252.2
1279,15,2026-06-19,6.7,1.3,Shift changeover & inspection,67.7,157.5
1280,15,2026-06-20,7.2,0.8,,73.2,183.6
1281,15,2026-06-21,6.2,1.8,Shift changeover & inspection,89.3,267.3
1282,15,2026-06-22,6.7,1.3,Shift changeover & inspection,53.8,180.7
1283,15,2026-06-23,6.5,1.5,Shift changeover & inspection,83.9,212.4
1284,15,2026-06-24,6.9,1.1,Shift changeover & inspection,81.3,192.9
1285,15,2026-06-25,5.7,2.3,Shift changeover & inspection,75.9,181.8
1286,15,2026-06-26,5.5,2.5,Shift changeover & inspection,70.4,137.7
1287,15,2026-06-27,5.6,2.4,Shift changeover & inspection,49.8,178.1
1288,15,2026-06-28,6.2,1.8,Shift changeover & inspection,64.5,196.5
1289,15,2026-06-29,7.7,0.3,,115.0,296.0
1290,15,2026-06-30,6.6,1.4,Shift changeover & inspection,97.8,294.5
1291,15,2026-07-01,0.3,7.7,DGMS statutory electrical ground-fault trip,3.2,8.6
1292,15,2026-07-02,6.8,1.2,Shift changeover & inspection,68.1,166.9
1293,15,2026-07-03,5.7,2.3,Shift changeover & inspection,77.3,175.7
1294,15,2026-07-04,6.6,1.4,Shift changeover & inspection,95.6,263.1
1295,15,2026-07-05,6.9,1.1,Shift changeover & inspection,99.1,308.5
1296,15,2026-07-06,7.6,0.4,,95.7,370.5
1297,15,2026-07-07,5.6,2.4,Shift changeover & inspection,75.5,154.3
1298,15,2026-07-08,2.7,5.3,Tyre sidewall cut on sharp gondite boulders,38.6,105.0
1299,15,2026-07-09,2.3,5.7,Blasting toxic fume / dust clearance standstill,19.1,96.1
1300,15,2026-07-10,2.5,5.5,Rainwater inundation at bottom pit bench (>40mm downpour),36.9,94.5
1301,15,2026-07-11,7.4,0.6,,68.1,178.7
1302,15,2026-07-12,2.4,5.6,Rainwater inundation at bottom pit bench (>40mm downpour),21.7,110.2
1303,15,2026-07-13,7.2,0.8,,65.6,225.8
1304,15,2026-07-14,4.3,3.7,Tyre sidewall cut on sharp gondite boulders,40.9,103.6
1305,15,2026-07-15,5.7,2.3,Shift changeover & inspection,71.6,272.0
1306,15,2026-07-16,3.1,4.9,Rainwater inundation at bottom pit bench (>40mm downpour),39.6,124.4
1307,15,2026-07-17,5.6,2.4,Shift changeover & inspection,76.7,197.2
1308,15,2026-07-18,1.8,6.2,Tyre sidewall cut on sharp gondite boulders,23.9,74.8
1309,15,2026-07-19,0.5,7.5,Main sump pump silt clogging from monsoon slurry,5.0,22.2
1310,15,2026-07-20,6.0,2.0,Shift changeover & inspection,82.0,208.6
1311,15,2026-07-21,6.7,1.3,Shift changeover & inspection,60.6,286.9
1312,15,2026-07-22,6.1,1.9,Shift changeover & inspection,72.2,271.6
1313,15,2026-07-23,3.3,4.7,Tyre sidewall cut on sharp gondite boulders,31.7,109.8
1314,15,2026-07-24,6.1,1.9,Shift changeover & inspection,63.7,171.3
1315,15,2026-07-25,2.4,5.6,Rainwater inundation at bottom pit bench (>40mm downpour),31.5,58.1
1316,15,2026-07-26,4.2,3.8,Rainwater inundation at bottom pit bench (>40mm downpour),60.7,145.6
1317,15,2026-07-27,7.3,0.7,,68.8,321.4
1318,15,2026-07-28,7.0,1.0,Shift changeover & inspection,74.2,284.8
1319,15,2026-07-29,7.5,0.5,,85.9,226.6
1320,15,2026-07-30,7.8,0.2,,66.6,358.4
1321,15,2026-07-31,2.5,5.5,Main sump pump silt clogging from monsoon slurry,22.5,118.8
1322,15,2026-08-01,2.4,5.6,Blasting toxic fume / dust clearance standstill,26.7,73.3
1323,15,2026-08-02,5.7,2.3,Shift changeover & inspection,80.2,130.0
1324,15,2026-08-03,6.7,1.3,Shift changeover & inspection,96.2,292.6
1325,15,2026-08-04,5.9,2.1,Shift changeover & inspection,73.3,259.1
1326,15,2026-08-05,6.3,1.7,Shift changeover & inspection,74.7,147.4
1327,15,2026-08-06,3.6,4.4,Main sump pump silt clogging from monsoon slurry,47.2,81.0
1328,15,2026-08-07,2.8,5.2,Tyre sidewall cut on sharp gondite boulders,25.1,134.5
1329,15,2026-08-08,5.6,2.4,Shift changeover & inspection,83.1,188.5
1330,15,2026-08-09,3.1,4.9,Main sump pump silt clogging from monsoon slurry,43.2,120.7
1331,15,2026-08-10,1.6,6.4,Rainwater inundation at bottom pit bench (>40mm downpour),18.8,62.2
1332,15,2026-08-11,3.2,4.8,Tyre sidewall cut on sharp gondite boulders,40.0,104.4
1333,15,2026-08-12,6.9,1.1,Shift changeover & inspection,102.1,305.0
1334,15,2026-08-13,7.3,0.7,,105.5,310.0
1335,15,2026-08-14,7.7,0.3,,91.8,176.8
1336,15,2026-08-15,6.3,1.7,Shift changeover & inspection,84.9,141.3
1337,15,2026-08-16,1.9,6.1,Tyre sidewall cut on sharp gondite boulders,19.3,75.0
1338,15,2026-08-17,5.5,2.5,Shift changeover & inspection,65.9,134.2
1339,15,2026-08-18,6.9,1.1,Shift changeover & inspection,74.0,198.0
1340,15,2026-08-19,7.5,0.5,,94.7,162.4
1341,15,2026-08-20,4.0,4.0,Tyre sidewall cut on sharp gondite boulders,58.3,81.6
1342,15,2026-08-21,6.0,2.0,Shift changeover & inspection,55.2,228.1
1343,15,2026-08-22,4.2,3.8,Tyre sidewall cut on sharp gondite boulders,35.7,96.3
1344,15,2026-08-23,7.5,0.5,,100.1,370.7
1345,15,2026-08-24,1.3,6.7,Shaft winder cage guide rope alignment check,18.8,57.1
1346,15,2026-08-25,6.9,1.1,Shift changeover & inspection,92.7,329.9
1347,15,2026-08-26,6.5,1.5,Shift changeover & inspection,52.9,232.8
1348,15,2026-08-27,6.0,2.0,Shift changeover & inspection,54.7,127.2
1349,15,2026-08-28,7.3,0.7,,85.6,334.1
1350,15,2026-08-29,0.3,7.7,Shaft winder cage guide rope alignment check,3.7,8.2
1351,16,2026-06-01,6.9,1.1,Shift changeover & inspection,167.8,366.0
1352,16,2026-06-02,6.2,1.8,Shift changeover & inspection,261.7,363.4
1353,16,2026-06-03,7.4,0.6,,187.4,605.9
1354,16,2026-06-04,5.6,2.4,Shift changeover & inspection,134.2,437.9
1355,16,2026-06-05,6.6,1.4,Shift changeover & inspection,258.5,574.5
1356,16,2026-06-06,7.7,0.3,,295.6,412.5
1357,16,2026-06-07,7.2,0.8,,264.4,338.1
1358,16,2026-06-08,2.6,5.4,Hydraulic hose burst / high pressure pump cavitation,111.9,243.4
1359,16,2026-06-09,6.9,1.1,Shift changeover & inspection,280.0,414.9
1360,16,2026-06-10,5.6,2.4,Shift changeover & inspection,244.0,431.2
1361,16,2026-06-11,6.8,1.2,Shift changeover & inspection,254.9,629.4
1362,16,2026-06-12,6.4,1.6,Shift changeover & inspection,274.6,502.6
1363,16,2026-06-13,7.7,0.3,,178.3,714.2
1364,16,2026-06-14,5.7,2.3,Shift changeover & inspection,220.7,481.6
1365,16,2026-06-15,6.1,1.9,Shift changeover & inspection,153.1,340.0
1366,16,2026-06-16,7.4,0.6,,190.8,362.4
1367,16,2026-06-17,1.7,6.3,Main sump pump silt clogging from monsoon slurry,62.6,105.9
1368,16,2026-06-18,6.4,1.6,Shift changeover & inspection,163.2,361.0
1369,16,2026-06-19,7.3,0.7,,313.4,464.4
1370,16,2026-06-20,6.1,1.9,Shift changeover & inspection,177.5,543.7
1371,16,2026-06-21,6.0,2.0,Shift changeover & inspection,200.4,546.8
1372,16,2026-06-22,7.0,1.0,Shift changeover & inspection,200.1,518.4
1373,16,2026-06-23,7.8,0.2,,173.2,736.9
1374,16,2026-06-24,6.5,1.5,Shift changeover & inspection,219.6,600.0
1375,16,2026-06-25,7.1,0.9,,192.7,330.5
1376,16,2026-06-26,6.6,1.4,Shift changeover & inspection,168.3,589.7
1377,16,2026-06-27,6.4,1.6,Shift changeover & inspection,179.3,365.1
1378,16,2026-06-28,5.8,2.2,Shift changeover & inspection,237.6,290.7
1379,16,2026-06-29,6.7,1.3,Shift changeover & inspection,233.3,335.6
1380,16,2026-06-30,6.2,1.8,Shift changeover & inspection,199.4,440.1
1381,16,2026-07-01,7.6,0.4,,207.8,716.7
1382,16,2026-07-02,4.3,3.7,Rainwater inundation at bottom pit bench (>40mm downpour),147.0,222.8
1383,16,2026-07-03,7.0,1.0,Shift changeover & inspection,190.7,417.1
1384,16,2026-07-04,1.9,6.1,Rainwater inundation at bottom pit bench (>40mm downpour),45.1,97.1
1385,16,2026-07-05,0.5,7.5,Hydraulic hose burst / high pressure pump cavitation,15.2,43.1
1386,16,2026-07-06,3.8,4.2,Rainwater inundation at bottom pit bench (>40mm downpour),120.4,309.3
1387,16,2026-07-07,5.8,2.2,Shift changeover & inspection,258.8,401.9
1388,16,2026-07-08,5.6,2.4,Shift changeover & inspection,163.3,530.6
1389,16,2026-07-09,6.8,1.2,Shift changeover & inspection,180.9,632.5
1390,16,2026-07-10,6.5,1.5,Shift changeover & inspection,204.6,419.2
1391,16,2026-07-11,1.5,6.5,Main sump pump silt clogging from monsoon slurry,61.5,96.9
1392,16,2026-07-12,3.2,4.8,Rainwater inundation at bottom pit bench (>40mm downpour),125.1,199.3
1393,16,2026-07-13,7.4,0.6,,235.0,685.4
1394,16,2026-07-14,2.8,5.2,Main sump pump silt clogging from monsoon slurry,79.7,259.9
1395,16,2026-07-15,2.6,5.4,Tyre sidewall cut on sharp gondite boulders,116.1,159.4
1396,16,2026-07-16,6.5,1.5,Shift changeover & inspection,260.3,475.7
1397,16,2026-07-17,2.6,5.4,Tyre sidewall cut on sharp gondite boulders,110.5,243.0
1398,16,2026-07-18,1.7,6.3,Rainwater inundation at bottom pit bench (>40mm downpour),64.7,111.4
1399,16,2026-07-19,2.3,5.7,Tyre sidewall cut on sharp gondite boulders,79.4,141.7
1400,16,2026-07-20,6.4,1.6,Shift changeover & inspection,184.1,547.6
1401,16,2026-07-21,0.1,7.9,Tyre sidewall cut on sharp gondite boulders,2.6,7.8
1402,16,2026-07-22,7.6,0.4,,195.0,619.2
1403,16,2026-07-23,6.6,1.4,Shift changeover & inspection,247.7,354.0
1404,16,2026-07-24,4.3,3.7,Rainwater inundation at bottom pit bench (>40mm downpour),168.6,242.4
1405,16,2026-07-25,2.0,6.0,Tyre sidewall cut on sharp gondite boulders,66.7,96.2
1406,16,2026-07-26,6.6,1.4,Shift changeover & inspection,202.6,460.3
1407,16,2026-07-27,5.6,2.4,Shift changeover & inspection,232.7,292.6
1408,16,2026-07-28,2.1,5.9,Rainwater inundation at bottom pit bench (>40mm downpour),55.4,99.6
1409,16,2026-07-29,2.9,5.1,Main sump pump silt clogging from monsoon slurry,112.0,222.8
1410,16,2026-07-30,6.3,1.7,Shift changeover & inspection,166.9,361.0
1411,16,2026-07-31,6.8,1.2,Shift changeover & inspection,202.6,421.1
1412,16,2026-08-01,2.8,5.2,Main sump pump silt clogging from monsoon slurry,92.9,204.0
1413,16,2026-08-02,6.9,1.1,Shift changeover & inspection,209.9,405.6
1414,16,2026-08-03,6.5,1.5,Shift changeover & inspection,252.2,380.6
1415,16,2026-08-04,1.9,6.1,Tyre sidewall cut on sharp gondite boulders,76.6,177.0
1416,16,2026-08-05,2.5,5.5,DGMS statutory electrical ground-fault trip,58.6,156.0
1417,16,2026-08-06,7.5,0.5,,208.1,516.2
1418,16,2026-08-07,5.9,2.1,Shift changeover & inspection,218.0,497.4
1419,16,2026-08-08,6.8,1.2,Shift changeover & inspection,218.2,578.5
1420,16,2026-08-09,7.3,0.7,,161.6,521.8
1421,16,2026-08-10,6.4,1.6,Shift changeover & inspection,228.7,545.8
1422,16,2026-08-11,7.0,1.0,Shift changeover & inspection,236.9,544.2
1423,16,2026-08-12,2.9,5.1,Engine overheated (>44°C ambient summer load),128.5,225.1
1424,16,2026-08-13,0.5,7.5,Engine overheated (>44°C ambient summer load),16.7,32.8
1425,16,2026-08-14,6.9,1.1,Shift changeover & inspection,156.9,395.5
1426,16,2026-08-15,7.4,0.6,,170.2,366.5
1427,16,2026-08-16,3.4,4.6,Rainwater inundation at bottom pit bench (>40mm downpour),76.1,274.5
1428,16,2026-08-17,2.3,5.7,Hydraulic hose burst / high pressure pump cavitation,52.9,142.1
1429,16,2026-08-18,3.7,4.3,Tyre sidewall cut on sharp gondite boulders,130.7,272.6
1430,16,2026-08-19,6.9,1.1,Shift changeover & inspection,248.2,535.8
1431,16,2026-08-20,5.6,2.4,Shift changeover & inspection,225.0,374.8
1432,16,2026-08-21,1.5,6.5,Main sump pump silt clogging from monsoon slurry,37.8,91.8
1433,16,2026-08-22,2.8,5.2,Rainwater inundation at bottom pit bench (>40mm downpour),118.3,141.0
1434,16,2026-08-23,3.7,4.3,Tyre sidewall cut on sharp gondite boulders,162.9,174.5
1435,16,2026-08-24,6.5,1.5,Shift changeover & inspection,146.7,427.6
1436,16,2026-08-25,5.7,2.3,Shift changeover & inspection,224.5,506.5
1437,16,2026-08-26,6.0,2.0,Shift changeover & inspection,165.9,539.3
1438,16,2026-08-27,6.2,1.8,Shift changeover & inspection,249.6,332.5
1439,16,2026-08-28,5.9,2.1,Shift changeover & inspection,230.3,379.4
1440,16,2026-08-29,7.3,0.7,,176.6,438.7
1441,17,2026-06-01,6.4,1.6,Shift changeover & inspection,56.3,315.5
1442,17,2026-06-02,6.3,1.7,Shift changeover & inspection,71.0,249.1
1443,17,2026-06-03,6.6,1.4,Shift changeover & inspection,91.0,182.0
1444,17,2026-06-04,7.0,1.0,Shift changeover & inspection,99.4,345.4
1445,17,2026-06-05,5.5,2.5,Shift changeover & inspection,72.3,199.5
1446,17,2026-06-06,0.5,7.5,Rainwater inundation at bottom pit bench (>40mm downpour),7.0,15.9
1447,17,2026-06-07,6.9,1.1,Shift changeover & inspection,90.1,334.8
1448,17,2026-06-08,6.8,1.2,Shift changeover & inspection,96.9,225.3
1449,17,2026-06-09,5.6,2.4,Shift changeover & inspection,60.9,170.7
1450,17,2026-06-10,6.3,1.7,Shift changeover & inspection,93.6,278.3
1451,17,2026-06-11,7.0,1.0,Shift changeover & inspection,64.9,163.8
1452,17,2026-06-12,6.5,1.5,Shift changeover & inspection,72.3,280.5
1453,17,2026-06-13,6.2,1.8,Shift changeover & inspection,77.6,125.3
1454,17,2026-06-14,6.8,1.2,Shift changeover & inspection,85.9,152.7
1455,17,2026-06-15,5.7,2.3,Shift changeover & inspection,58.0,184.4
1456,17,2026-06-16,7.8,0.2,,81.3,188.9
1457,17,2026-06-17,6.5,1.5,Shift changeover & inspection,88.5,156.4
1458,17,2026-06-18,5.6,2.4,Shift changeover & inspection,59.8,130.3
1459,17,2026-06-19,7.5,0.5,,69.4,184.2
1460,17,2026-06-20,7.7,0.3,,77.4,220.3
1461,17,2026-06-21,6.7,1.3,Shift changeover & inspection,95.2,176.3
1462,17,2026-06-22,0.3,7.7,Shaft winder cage guide rope alignment check,4.3,10.9
1463,17,2026-06-23,6.1,1.9,Shift changeover & inspection,64.9,288.2
1464,17,2026-06-24,7.7,0.3,,105.7,326.1
1465,17,2026-06-25,7.6,0.4,,84.7,337.3
1466,17,2026-06-26,6.5,1.5,Shift changeover & inspection,64.1,150.6
1467,17,2026-06-27,5.9,2.1,Shift changeover & inspection,48.9,290.7
1468,17,2026-06-28,7.7,0.3,,88.7,169.6
1469,17,2026-06-29,3.3,4.7,Main sump pump silt clogging from monsoon slurry,35.1,150.6
1470,17,2026-06-30,5.7,2.3,Shift changeover & inspection,54.4,231.6
1471,17,2026-07-01,6.6,1.4,Shift changeover & inspection,56.0,233.1
1472,17,2026-07-02,3.3,4.7,Tyre sidewall cut on sharp gondite boulders,48.5,131.6
1473,17,2026-07-03,5.8,2.2,Shift changeover & inspection,83.9,154.0
1474,17,2026-07-04,2.4,5.6,Main sump pump silt clogging from monsoon slurry,33.5,53.7
1475,17,2026-07-05,1.7,6.3,Rainwater inundation at bottom pit bench (>40mm downpour),21.1,78.4
1476,17,2026-07-06,7.2,0.8,,92.2,309.9
1477,17,2026-07-07,3.5,4.5,Tyre sidewall cut on sharp gondite boulders,47.4,144.6
1478,17,2026-07-08,5.6,2.4,Shift changeover & inspection,77.2,209.9
1479,17,2026-07-09,2.4,5.6,Tyre sidewall cut on sharp gondite boulders,22.0,85.0
1480,17,2026-07-10,7.6,0.4,,105.2,303.5
1481,17,2026-07-11,7.1,0.9,,102.6,199.6
1482,17,2026-07-12,6.8,1.2,Shift changeover & inspection,58.2,332.4
1483,17,2026-07-13,6.1,1.9,Shift changeover & inspection,67.7,122.8
1484,17,2026-07-14,7.4,0.6,,64.5,272.6
1485,17,2026-07-15,1.5,6.5,Engine overheated (>44°C ambient summer load),13.6,55.7
1486,17,2026-07-16,1.7,6.3,Main sump pump silt clogging from monsoon slurry,18.1,77.0
1487,17,2026-07-17,1.8,6.2,Rainwater inundation at bottom pit bench (>40mm downpour),21.2,37.9
1488,17,2026-07-18,2.2,5.8,Main sump pump silt clogging from monsoon slurry,31.7,50.9
1489,17,2026-07-19,2.2,5.8,Hydraulic hose burst / high pressure pump cavitation,24.6,53.9
1490,17,2026-07-20,6.9,1.1,Shift changeover & inspection,56.1,224.8
1491,17,2026-07-21,3.4,4.6,Tyre sidewall cut on sharp gondite boulders,35.2,104.9
1492,17,2026-07-22,7.6,0.4,,62.0,334.0
1493,17,2026-07-23,0.3,7.7,Tyre sidewall cut on sharp gondite boulders,3.4,13.2
1494,17,2026-07-24,6.9,1.1,Shift changeover & inspection,82.6,206.5
1495,17,2026-07-25,3.5,4.5,Tyre sidewall cut on sharp gondite boulders,43.4,138.5
1496,17,2026-07-26,6.4,1.6,Shift changeover & inspection,74.4,297.7
1497,17,2026-07-27,4.2,3.8,Tyre sidewall cut on sharp gondite boulders,59.1,147.9
1498,17,2026-07-28,6.1,1.9,Shift changeover & inspection,88.7,282.8
1499,17,2026-07-29,5.8,2.2,Shift changeover & inspection,83.1,162.4
1500,17,2026-07-30,3.2,4.8,Rainwater inundation at bottom pit bench (>40mm downpour),34.6,73.8
1501,17,2026-07-31,3.8,4.2,Main sump pump silt clogging from monsoon slurry,44.6,128.8
1502,17,2026-08-01,1.8,6.2,Main sump pump silt clogging from monsoon slurry,25.1,44.5
1503,17,2026-08-02,3.9,4.1,Main sump pump silt clogging from monsoon slurry,43.3,185.0
1504,17,2026-08-03,7.0,1.0,Shift changeover & inspection,95.3,327.2
1505,17,2026-08-04,1.2,6.8,Main sump pump silt clogging from monsoon slurry,14.4,30.9
1506,17,2026-08-05,6.5,1.5,Shift changeover & inspection,66.3,220.5
1507,17,2026-08-06,4.4,3.6,Tyre sidewall cut on sharp gondite boulders,64.3,211.7
1508,17,2026-08-07,6.6,1.4,Shift changeover & inspection,89.6,165.7
1509,17,2026-08-08,3.9,4.1,Main sump pump silt clogging from monsoon slurry,42.1,100.4
1510,17,2026-08-09,5.9,2.1,Shift changeover & inspection,52.0,181.7
1511,17,2026-08-10,6.9,1.1,Shift changeover & inspection,102.1,160.4
1512,17,2026-08-11,5.9,2.1,Shift changeover & inspection,77.2,166.4
1513,17,2026-08-12,2.8,5.2,Main sump pump silt clogging from monsoon slurry,35.8,64.1
1514,17,2026-08-13,6.7,1.3,Shift changeover & inspection,74.9,308.4
1515,17,2026-08-14,0.3,7.7,Hydraulic hose burst / high pressure pump cavitation,4.4,8.3
1516,17,2026-08-15,6.0,2.0,Shift changeover & inspection,68.0,184.8
1517,17,2026-08-16,2.6,5.4,Tyre sidewall cut on sharp gondite boulders,32.8,77.1
1518,17,2026-08-17,6.4,1.6,Shift changeover & inspection,92.8,247.0
1519,17,2026-08-18,7.6,0.4,,99.2,162.8
1520,17,2026-08-19,6.4,1.6,Shift changeover & inspection,72.1,295.1
1521,17,2026-08-20,2.5,5.5,Main sump pump silt clogging from monsoon slurry,29.1,74.8
1522,17,2026-08-21,7.1,0.9,,103.5,310.0
1523,17,2026-08-22,6.0,2.0,Shift changeover & inspection,80.4,214.8
1524,17,2026-08-23,7.4,0.6,,74.9,206.7
1525,17,2026-08-24,2.6,5.4,Rainwater inundation at bottom pit bench (>40mm downpour),29.0,121.6
1526,17,2026-08-25,3.3,4.7,Blasting toxic fume / dust clearance standstill,46.4,160.5
1527,17,2026-08-26,7.5,0.5,,69.6,221.8
1528,17,2026-08-27,2.3,5.7,Tyre sidewall cut on sharp gondite boulders,33.9,58.1
1529,17,2026-08-28,5.7,2.3,Shift changeover & inspection,61.8,148.7
1530,17,2026-08-29,6.1,1.9,Shift changeover & inspection,68.1,123.8
1531,18,2026-06-01,7.5,0.5,,108.6,333.7
1532,18,2026-06-02,5.9,2.1,Shift changeover & inspection,57.8,268.1
1533,18,2026-06-03,6.7,1.3,Shift changeover & inspection,93.0,279.5
1534,18,2026-06-04,6.1,1.9,Shift changeover & inspection,83.5,147.3
1535,18,2026-06-05,6.7,1.3,Shift changeover & inspection,81.0,323.3
1536,18,2026-06-06,5.9,2.1,Shift changeover & inspection,87.2,220.8
1537,18,2026-06-07,6.5,1.5,Shift changeover & inspection,96.2,323.7
1538,18,2026-06-08,0.4,7.6,Main sump pump silt clogging from monsoon slurry,5.5,16.1
1539,18,2026-06-09,5.8,2.2,Shift changeover & inspection,73.3,233.1
1540,18,2026-06-10,5.6,2.4,Shift changeover & inspection,67.1,118.8
1541,18,2026-06-11,6.6,1.4,Shift changeover & inspection,86.4,255.5
1542,18,2026-06-12,2.0,6.0,Engine overheated (>44°C ambient summer load),18.0,74.0
1543,18,2026-06-13,5.8,2.2,Shift changeover & inspection,70.4,190.3
1544,18,2026-06-14,7.1,0.9,,58.3,313.0
1545,18,2026-06-15,2.2,5.8,Tyre sidewall cut on sharp gondite boulders,29.2,82.1
1546,18,2026-06-16,7.3,0.7,,95.3,286.9
1547,18,2026-06-17,6.6,1.4,Shift changeover & inspection,59.4,321.2
1548,18,2026-06-18,7.6,0.4,,84.3,199.6
1549,18,2026-06-19,7.5,0.5,,67.7,360.3
1550,18,2026-06-20,6.6,1.4,Shift changeover & inspection,78.4,146.5
1551,18,2026-06-21,7.1,0.9,,63.6,270.6
1552,18,2026-06-22,7.3,0.7,,79.1,258.3
1553,18,2026-06-23,7.5,0.5,,75.3,269.9
1554,18,2026-06-24,1.1,6.9,Rainwater inundation at bottom pit bench (>40mm downpour),16.0,28.3
1555,18,2026-06-25,1.8,6.2,Rainwater inundation at bottom pit bench (>40mm downpour),16.8,40.7
1556,18,2026-06-26,6.3,1.7,Shift changeover & inspection,82.5,160.1
1557,18,2026-06-27,6.6,1.4,Shift changeover & inspection,67.6,289.1
1558,18,2026-06-28,1.1,6.9,Engine overheated (>44°C ambient summer load),9.7,27.4
1559,18,2026-06-29,7.5,0.5,,79.6,236.9
1560,18,2026-06-30,6.7,1.3,Shift changeover & inspection,63.9,181.3
1561,18,2026-07-01,7.1,0.9,,92.0,350.9
1562,18,2026-07-02,6.2,1.8,Shift changeover & inspection,79.2,248.9
1563,18,2026-07-03,1.6,6.4,Main sump pump silt clogging from monsoon slurry,16.0,69.3
1564,18,2026-07-04,4.0,4.0,Tyre sidewall cut on sharp gondite boulders,35.0,137.3
1565,18,2026-07-05,7.3,0.7,,83.3,278.5
1566,18,2026-07-06,6.8,1.2,Shift changeover & inspection,69.6,278.6
1567,18,2026-07-07,5.7,2.3,Shift changeover & inspection,59.9,269.2
1568,18,2026-07-08,6.6,1.4,Shift changeover & inspection,86.7,172.5
1569,18,2026-07-09,1.7,6.3,Main sump pump silt clogging from monsoon slurry,15.8,49.5
1570,18,2026-07-10,4.0,4.0,Main sump pump silt clogging from monsoon slurry,53.7,180.8
1571,18,2026-07-11,6.7,1.3,Shift changeover & inspection,58.1,303.3
1572,18,2026-07-12,3.2,4.8,Rainwater inundation at bottom pit bench (>40mm downpour),38.2,153.9
1573,18,2026-07-13,5.7,2.3,Shift changeover & inspection,46.7,153.2
1574,18,2026-07-14,7.2,0.8,,87.8,231.5
1575,18,2026-07-15,3.2,4.8,Tyre sidewall cut on sharp gondite boulders,47.0,105.4
1576,18,2026-07-16,2.8,5.2,Main sump pump silt clogging from monsoon slurry,29.9,89.7
1577,18,2026-07-17,5.6,2.4,Shift changeover & inspection,76.0,141.2
1578,18,2026-07-18,6.6,1.4,Shift changeover & inspection,55.3,174.6
1579,18,2026-07-19,0.4,7.6,Main sump pump silt clogging from monsoon slurry,4.5,16.0
1580,18,2026-07-20,1.8,6.2,Rainwater inundation at bottom pit bench (>40mm downpour),16.0,69.5
1581,18,2026-07-21,5.5,2.5,Shift changeover & inspection,76.5,234.5
1582,18,2026-07-22,6.5,1.5,Shift changeover & inspection,61.3,179.3
1583,18,2026-07-23,7.4,0.6,,66.7,256.4
1584,18,2026-07-24,6.5,1.5,Shift changeover & inspection,90.4,131.8
1585,18,2026-07-25,7.8,0.2,,68.6,160.0
1586,18,2026-07-26,6.7,1.3,Shift changeover & inspection,75.9,184.0
1587,18,2026-07-27,6.9,1.1,Shift changeover & inspection,96.3,311.1
1588,18,2026-07-28,7.1,0.9,,75.0,280.0
1589,18,2026-07-29,3.7,4.3,Main sump pump silt clogging from monsoon slurry,49.3,175.0
1590,18,2026-07-30,3.2,4.8,Main sump pump silt clogging from monsoon slurry,47.4,77.9
1591,18,2026-07-31,6.0,2.0,Shift changeover & inspection,89.3,243.3
1592,18,2026-08-01,7.2,0.8,,86.7,234.7
1593,18,2026-08-02,5.9,2.1,Shift changeover & inspection,60.3,132.3
1594,18,2026-08-03,3.6,4.4,Rainwater inundation at bottom pit bench (>40mm downpour),30.5,72.7
1595,18,2026-08-04,3.7,4.3,Tyre sidewall cut on sharp gondite boulders,48.0,127.2
1596,18,2026-08-05,6.3,1.7,Shift changeover & inspection,77.2,276.7
1597,18,2026-08-06,4.4,3.6,Rainwater inundation at bottom pit bench (>40mm downpour),57.2,170.9
1598,18,2026-08-07,6.5,1.5,Shift changeover & inspection,90.5,189.9
1599,18,2026-08-08,2.8,5.2,Rainwater inundation at bottom pit bench (>40mm downpour),37.5,93.2
1600,18,2026-08-09,5.8,2.2,Shift changeover & inspection,54.6,230.6
1601,18,2026-08-10,6.1,1.9,Shift changeover & inspection,60.9,304.6
1602,18,2026-08-11,7.6,0.4,,82.4,327.0
1603,18,2026-08-12,6.6,1.4,Shift changeover & inspection,85.8,270.0
1604,18,2026-08-13,6.2,1.8,Shift changeover & inspection,60.5,304.5
1605,18,2026-08-14,6.4,1.6,Shift changeover & inspection,68.8,277.5
1606,18,2026-08-15,3.3,4.7,Rainwater inundation at bottom pit bench (>40mm downpour),29.7,96.1
1607,18,2026-08-16,1.2,6.8,Blasting toxic fume / dust clearance standstill,9.7,45.3
1608,18,2026-08-17,6.7,1.3,Shift changeover & inspection,72.5,148.4
1609,18,2026-08-18,3.4,4.6,Tyre sidewall cut on sharp gondite boulders,47.0,105.2
1610,18,2026-08-19,6.4,1.6,Shift changeover & inspection,60.9,278.1
1611,18,2026-08-20,1.7,6.3,Hydraulic hose burst / high pressure pump cavitation,17.6,71.6
1612,18,2026-08-21,7.7,0.3,,100.4,156.3
1613,18,2026-08-22,7.6,0.4,,111.0,362.2
1614,18,2026-08-23,7.6,0.4,,88.3,368.9
1615,18,2026-08-24,3.3,4.7,Rainwater inundation at bottom pit bench (>40mm downpour),43.0,118.0
1616,18,2026-08-25,1.7,6.3,Main sump pump silt clogging from monsoon slurry,16.1,34.9
1617,18,2026-08-26,7.2,0.8,,76.6,153.0
1618,18,2026-08-27,6.2,1.8,Shift changeover & inspection,65.8,195.6
1619,18,2026-08-28,6.2,1.8,Shift changeover & inspection,50.6,223.9
1620,18,2026-08-29,4.0,4.0,Rainwater inundation at bottom pit bench (>40mm downpour),53.2,158.7
1621,19,2026-06-01,7.7,0.3,,75.5,287.5
1622,19,2026-06-02,7.5,0.5,,90.0,171.6
1623,19,2026-06-03,5.8,2.2,Shift changeover & inspection,62.4,144.9
1624,19,2026-06-04,7.5,0.5,,105.0,322.4
1625,19,2026-06-05,6.2,1.8,Shift changeover & inspection,63.6,233.9
1626,19,2026-06-06,7.7,0.3,,84.6,165.7
1627,19,2026-06-07,5.8,2.2,Shift changeover & inspection,63.7,286.3
1628,19,2026-06-08,7.1,0.9,,81.3,269.0
1629,19,2026-06-09,6.4,1.6,Shift changeover & inspection,64.7,292.4
1630,19,2026-06-10,2.6,5.4,Tyre sidewall cut on sharp gondite boulders,37.0,113.4
1631,19,2026-06-11,0.2,7.8,Shaft winder cage guide rope alignment check,2.3,8.4
1632,19,2026-06-12,7.1,0.9,,76.1,346.9
1633,19,2026-06-13,6.8,1.2,Shift changeover & inspection,59.3,219.1
1634,19,2026-06-14,7.7,0.3,,106.0,180.9
1635,19,2026-06-15,6.8,1.2,Shift changeover & inspection,93.3,213.8
1636,19,2026-06-16,6.3,1.7,Shift changeover & inspection,62.5,143.0
1637,19,2026-06-17,2.5,5.5,Rainwater inundation at bottom pit bench (>40mm downpour),27.5,50.9
1638,19,2026-06-18,6.2,1.8,Shift changeover & inspection,70.2,137.2
1639,19,2026-06-19,6.2,1.8,Shift changeover & inspection,52.4,290.5
1640,19,2026-06-20,5.6,2.4,Shift changeover & inspection,46.8,265.9
1641,19,2026-06-21,7.2,0.8,,95.9,298.3
1642,19,2026-06-22,7.1,0.9,,88.3,163.5
1643,19,2026-06-23,5.6,2.4,Shift changeover & inspection,53.3,126.1
1644,19,2026-06-24,5.9,2.1,Shift changeover & inspection,76.3,144.7
1645,19,2026-06-25,6.8,1.2,Shift changeover & inspection,70.3,329.7
1646,19,2026-06-26,5.8,2.2,Shift changeover & inspection,86.3,136.8
1647,19,2026-06-27,6.5,1.5,Shift changeover & inspection,83.7,316.4
1648,19,2026-06-28,6.8,1.2,Shift changeover & inspection,69.9,220.1
1649,19,2026-06-29,7.2,0.8,,100.1,306.5
1650,19,2026-06-30,5.9,2.1,Shift changeover & inspection,69.8,258.8
1651,19,2026-07-01,7.1,0.9,,88.4,148.1
1652,19,2026-07-02,6.4,1.6,Shift changeover & inspection,55.2,291.8
1653,19,2026-07-03,7.2,0.8,,81.0,344.3
1654,19,2026-07-04,2.3,5.7,Tyre sidewall cut on sharp gondite boulders,32.8,67.5
1655,19,2026-07-05,6.7,1.3,Shift changeover & inspection,72.7,281.0
1656,19,2026-07-06,7.4,0.6,,103.9,153.6
1657,19,2026-07-07,2.4,5.6,Main sump pump silt clogging from monsoon slurry,25.6,72.2
1658,19,2026-07-08,4.4,3.6,Tyre sidewall cut on sharp gondite boulders,50.7,136.7
1659,19,2026-07-09,6.1,1.9,Shift changeover & inspection,52.8,159.0
1660,19,2026-07-10,5.7,2.3,Shift changeover & inspection,50.7,149.7
1661,19,2026-07-11,6.4,1.6,Shift changeover & inspection,61.5,209.3
1662,19,2026-07-12,6.3,1.7,Shift changeover & inspection,91.0,190.9
1663,19,2026-07-13,3.2,4.8,Tyre sidewall cut on sharp gondite boulders,47.8,124.8
1664,19,2026-07-14,7.4,0.6,,68.7,239.5
1665,19,2026-07-15,3.8,4.2,Main sump pump silt clogging from monsoon slurry,52.3,115.5
1666,19,2026-07-16,6.2,1.8,Shift changeover & inspection,91.2,287.6
1667,19,2026-07-17,3.4,4.6,Main sump pump silt clogging from monsoon slurry,44.1,159.7
1668,19,2026-07-18,5.6,2.4,Shift changeover & inspection,77.5,274.6
1669,19,2026-07-19,6.8,1.2,Shift changeover & inspection,69.9,295.8
1670,19,2026-07-20,2.8,5.2,Main sump pump silt clogging from monsoon slurry,29.9,83.2
1671,19,2026-07-21,0.0,8.0,Rainwater inundation at bottom pit bench (>40mm downpour),0.0,0.0
1672,19,2026-07-22,7.3,0.7,,109.2,281.7
1673,19,2026-07-23,4.3,3.7,Rainwater inundation at bottom pit bench (>40mm downpour),35.5,175.5
1674,19,2026-07-24,6.3,1.7,Shift changeover & inspection,91.2,194.4
1675,19,2026-07-25,2.5,5.5,Main sump pump silt clogging from monsoon slurry,37.4,64.1
1676,19,2026-07-26,6.2,1.8,Shift changeover & inspection,67.3,309.9
1677,19,2026-07-27,7.4,0.6,,82.9,324.6
1678,19,2026-07-28,7.8,0.2,,102.3,291.6
1679,19,2026-07-29,7.6,0.4,,62.3,223.3
1680,19,2026-07-30,1.3,6.7,Hydraulic hose burst / high pressure pump cavitation,18.2,58.0
1681,19,2026-07-31,6.4,1.6,Shift changeover & inspection,88.1,267.7
1682,19,2026-08-01,6.0,2.0,Shift changeover & inspection,63.3,164.7
1683,19,2026-08-02,6.0,2.0,Shift changeover & inspection,48.0,290.8
1684,19,2026-08-03,6.6,1.4,Shift changeover & inspection,83.5,279.6
1685,19,2026-08-04,7.5,0.5,,98.4,245.6
1686,19,2026-08-05,5.6,2.4,Shift changeover & inspection,83.6,223.1
1687,19,2026-08-06,5.9,2.1,Shift changeover & inspection,70.5,247.9
1688,19,2026-08-07,7.3,0.7,,85.3,222.9
1689,19,2026-08-08,5.6,2.4,Shift changeover & inspection,52.7,146.1
1690,19,2026-08-09,6.5,1.5,Shift changeover & inspection,92.1,259.5
1691,19,2026-08-10,7.7,0.3,,105.6,376.8
1692,19,2026-08-11,0.8,7.2,Engine overheated (>44°C ambient summer load),11.8,31.5
1693,19,2026-08-12,6.1,1.9,Shift changeover & inspection,75.5,174.0
1694,19,2026-08-13,6.4,1.6,Shift changeover & inspection,76.2,192.7
1695,19,2026-08-14,7.1,0.9,,65.9,227.0
1696,19,2026-08-15,2.3,5.7,Engine overheated (>44°C ambient summer load),22.5,92.5
1697,19,2026-08-16,3.9,4.1,Main sump pump silt clogging from monsoon slurry,40.9,109.5
1698,19,2026-08-17,7.7,0.3,,84.9,348.5
1699,19,2026-08-18,7.7,0.3,,80.2,168.1
1700,19,2026-08-19,3.2,4.8,Rainwater inundation at bottom pit bench (>40mm downpour),27.8,113.1
1701,19,2026-08-20,5.9,2.1,Shift changeover & inspection,53.0,189.9
1702,19,2026-08-21,4.0,4.0,Tyre sidewall cut on sharp gondite boulders,38.9,87.5
1703,19,2026-08-22,1.9,6.1,Tyre sidewall cut on sharp gondite boulders,17.3,87.1
1704,19,2026-08-23,0.0,8.0,Hydraulic hose burst / high pressure pump cavitation,0.0,0.0
1705,19,2026-08-24,0.0,8.0,Tyre sidewall cut on sharp gondite boulders,0.0,0.0
1706,19,2026-08-25,0.0,8.0,Tyre sidewall cut on sharp gondite boulders,0.0,0.0
1707,19,2026-08-26,0.0,8.0,Tyre sidewall cut on sharp gondite boulders,0.0,0.0
1708,19,2026-08-27,0.0,8.0,Hydraulic hose burst / high pressure pump cavitation,0.0,0.0
1709,19,2026-08-28,0.0,8.0,Main sump pump silt clogging from monsoon slurry,0.0,0.0
1710,19,2026-08-29,0.0,8.0,Main sump pump silt clogging from monsoon slurry,0.0,0.0
1711,20,2026-06-01,7.5,0.5,,92.6,231.9
1712,20,2026-06-02,5.6,2.4,Shift changeover & inspection,54.2,254.7
1713,20,2026-06-03,7.3,0.7,,85.0,314.6
1714,20,2026-06-04,6.9,1.1,Shift changeover & inspection,60.0,184.6
1715,20,2026-06-05,6.6,1.4,Shift changeover & inspection,69.2,282.2
1716,20,2026-06-06,6.1,1.9,Shift changeover & inspection,89.3,211.6
1717,20,2026-06-07,6.1,1.9,Shift changeover & inspection,55.4,189.2
1718,20,2026-06-08,7.3,0.7,,61.9,152.3
1719,20,2026-06-09,5.9,2.1,Shift changeover & inspection,79.2,294.8
1720,20,2026-06-10,5.8,2.2,Shift changeover & inspection,54.2,276.7
1721,20,2026-06-11,7.4,0.6,,62.1,178.6
1722,20,2026-06-12,5.7,2.3,Shift changeover & inspection,55.8,157.0
1723,20,2026-06-13,6.4,1.6,Shift changeover & inspection,57.4,154.2
1724,20,2026-06-14,6.9,1.1,Shift changeover & inspection,102.3,140.0
1725,20,2026-06-15,5.7,2.3,Shift changeover & inspection,49.8,229.3
1726,20,2026-06-16,6.9,1.1,Shift changeover & inspection,87.5,238.8
1727,20,2026-06-17,7.8,0.2,,97.2,363.5
1728,20,2026-06-18,6.7,1.3,Shift changeover & inspection,89.1,287.6
1729,20,2026-06-19,7.6,0.4,,83.9,336.1
1730,20,2026-06-20,7.1,0.9,,101.4,326.9
1731,20,2026-06-21,5.6,2.4,Shift changeover & inspection,67.5,210.2
1732,20,2026-06-22,6.5,1.5,Shift changeover & inspection,85.4,138.2
1733,20,2026-06-23,5.7,2.3,Shift changeover & inspection,60.3,128.8
1734,20,2026-06-24,7.0,1.0,Shift changeover & inspection,99.4,349.3
1735,20,2026-06-25,1.0,7.0,Hydraulic hose burst / high pressure pump cavitation,8.4,29.5
1736,20,2026-06-26,6.1,1.9,Shift changeover & inspection,52.6,296.9
1737,20,2026-06-27,5.9,2.1,Shift changeover & inspection,81.3,170.9
1738,20,2026-06-28,0.8,7.2,Rainwater inundation at bottom pit bench (>40mm downpour),7.3,31.2
1739,20,2026-06-29,7.0,1.0,Shift changeover & inspection,73.6,147.2
1740,20,2026-06-30,1.8,6.2,Engine overheated (>44°C ambient summer load),18.2,58.9
1741,20,2026-07-01,6.2,1.8,Shift changeover & inspection,80.4,158.9
1742,20,2026-07-02,2.1,5.9,Rainwater inundation at bottom pit bench (>40mm downpour),23.8,60.6
1743,20,2026-07-03,7.2,0.8,,60.8,206.2
1744,20,2026-07-04,5.8,2.2,Shift changeover & inspection,61.0,165.9
1745,20,2026-07-05,5.6,2.4,Shift changeover & inspection,58.2,196.5
1746,20,2026-07-06,6.7,1.3,Shift changeover & inspection,69.5,248.9
1747,20,2026-07-07,2.2,5.8,Hydraulic hose burst / high pressure pump cavitation,21.0,61.7
1748,20,2026-07-08,1.0,7.0,DGMS statutory electrical ground-fault trip,13.5,49.1
1749,20,2026-07-09,7.2,0.8,,98.7,170.7
1750,20,2026-07-10,4.0,4.0,Main sump pump silt clogging from monsoon slurry,56.5,176.6
1751,20,2026-07-11,1.9,6.1,Main sump pump silt clogging from monsoon slurry,27.2,44.0
1752,20,2026-07-12,2.8,5.2,Tyre sidewall cut on sharp gondite boulders,39.9,91.2
1753,20,2026-07-13,7.3,0.7,,81.7,329.9
1754,20,2026-07-14,7.3,0.7,,92.2,259.3
1755,20,2026-07-15,2.2,5.8,Main sump pump silt clogging from monsoon slurry,19.8,65.5
1756,20,2026-07-16,3.5,4.5,Main sump pump silt clogging from monsoon slurry,28.0,75.8
1757,20,2026-07-17,7.2,0.8,,88.4,262.5
1758,20,2026-07-18,7.6,0.4,,79.8,271.2
1759,20,2026-07-19,7.5,0.5,,102.5,347.8
1760,20,2026-07-20,1.4,6.6,DGMS statutory electrical ground-fault trip,16.3,55.5
1761,20,2026-07-21,6.1,1.9,Shift changeover & inspection,90.8,150.5
1762,20,2026-07-22,2.2,5.8,Main sump pump silt clogging from monsoon slurry,32.0,108.4
1763,20,2026-07-23,6.8,1.2,Shift changeover & inspection,67.1,274.7
1764,20,2026-07-24,7.6,0.4,,90.8,347.6
1765,20,2026-07-25,6.8,1.2,Shift changeover & inspection,71.6,231.4
1766,20,2026-07-26,6.9,1.1,Shift changeover & inspection,74.9,274.9
1767,20,2026-07-27,6.6,1.4,Shift changeover & inspection,74.8,214.2
1768,20,2026-07-28,7.6,0.4,,62.9,291.8
1769,20,2026-07-29,7.8,0.2,,110.8,235.6
1770,20,2026-07-30,5.8,2.2,Shift changeover & inspection,47.9,264.5
1771,20,2026-07-31,7.7,0.3,,89.6,191.2
1772,20,2026-08-01,6.2,1.8,Shift changeover & inspection,63.5,238.8
1773,20,2026-08-02,3.0,5.0,Rainwater inundation at bottom pit bench (>40mm downpour),34.6,105.5
1774,20,2026-08-03,6.1,1.9,Shift changeover & inspection,91.4,164.6
1775,20,2026-08-04,7.1,0.9,,78.6,335.5
1776,20,2026-08-05,7.5,0.5,,102.9,249.5
1777,20,2026-08-06,4.3,3.7,Main sump pump silt clogging from monsoon slurry,51.1,91.1
1778,20,2026-08-07,2.5,5.5,Shaft winder cage guide rope alignment check,32.0,105.6
1779,20,2026-08-08,1.8,6.2,Main sump pump silt clogging from monsoon slurry,26.9,62.1
1780,20,2026-08-09,7.0,1.0,Shift changeover & inspection,69.3,328.2
1781,20,2026-08-10,4.3,3.7,Tyre sidewall cut on sharp gondite boulders,41.0,92.3
1782,20,2026-08-11,6.3,1.7,Shift changeover & inspection,60.6,185.0
1783,20,2026-08-12,6.6,1.4,Shift changeover & inspection,75.4,316.6
1784,20,2026-08-13,6.8,1.2,Shift changeover & inspection,60.2,245.4
1785,20,2026-08-14,5.5,2.5,Shift changeover & inspection,66.3,196.8
1786,20,2026-08-15,4.2,3.8,Tyre sidewall cut on sharp gondite boulders,35.4,179.8
1787,20,2026-08-16,6.4,1.6,Shift changeover & inspection,64.3,229.1
1788,20,2026-08-17,2.9,5.1,Rainwater inundation at bottom pit bench (>40mm downpour),42.5,88.9
1789,20,2026-08-18,7.1,0.9,,86.7,156.1
1790,20,2026-08-19,1.2,6.8,Main sump pump silt clogging from monsoon slurry,17.3,25.0
1791,20,2026-08-20,5.6,2.4,Shift changeover & inspection,67.4,245.6
1792,20,2026-08-21,4.4,3.6,Rainwater inundation at bottom pit bench (>40mm downpour),62.0,94.7
1793,20,2026-08-22,1.7,6.3,Engine overheated (>44°C ambient summer load),25.0,46.7
1794,20,2026-08-23,1.8,6.2,Tyre sidewall cut on sharp gondite boulders,18.7,85.7
1795,20,2026-08-24,3.4,4.6,Main sump pump silt clogging from monsoon slurry,28.1,140.1
1796,20,2026-08-25,6.3,1.7,Shift changeover & inspection,82.8,207.1
1797,20,2026-08-26,2.2,5.8,Tyre sidewall cut on sharp gondite boulders,23.5,63.3
1798,20,2026-08-27,6.0,2.0,Shift changeover & inspection,64.5,252.4
1799,20,2026-08-28,7.8,0.2,,102.4,230.1
1800,20,2026-08-29,7.1,0.9,,71.4,348.7
1801,21,2026-06-01,7.7,0.3,,184.3,393.4
1802,21,2026-06-02,5.9,2.1,Shift changeover & inspection,184.9,559.8
1803,21,2026-06-03,6.5,1.5,Shift changeover & inspection,201.5,555.0
1804,21,2026-06-04,7.2,0.8,,247.6,459.9
1805,21,2026-06-05,5.7,2.3,Shift changeover & inspection,243.2,469.0
1806,21,2026-06-06,7.2,0.8,,186.8,488.5
1807,21,2026-06-07,6.9,1.1,Shift changeover & inspection,226.6,422.8
1808,21,2026-06-08,7.7,0.3,,327.4,559.3
1809,21,2026-06-09,7.6,0.4,,178.6,614.6
1810,21,2026-06-10,6.2,1.8,Shift changeover & inspection,150.8,575.1
1811,21,2026-06-11,7.6,0.4,,307.6,500.1
1812,21,2026-06-12,6.0,2.0,Shift changeover & inspection,160.5,522.5
1813,21,2026-06-13,5.8,2.2,Shift changeover & inspection,194.1,429.4
1814,21,2026-06-14,6.5,1.5,Shift changeover & inspection,280.7,513.5
1815,21,2026-06-15,7.5,0.5,,292.5,556.7
1816,21,2026-06-16,7.2,0.8,,321.2,674.5
1817,21,2026-06-17,6.6,1.4,Shift changeover & inspection,194.9,345.6
1818,21,2026-06-18,7.0,1.0,Shift changeover & inspection,185.9,529.9
1819,21,2026-06-19,5.5,2.5,Shift changeover & inspection,167.4,379.0
1820,21,2026-06-20,5.6,2.4,Shift changeover & inspection,194.5,414.8
1821,21,2026-06-21,7.0,1.0,Shift changeover & inspection,220.9,594.1
1822,21,2026-06-22,7.7,0.3,,179.0,540.9
1823,21,2026-06-23,6.9,1.1,Shift changeover & inspection,162.3,532.0
1824,21,2026-06-24,5.8,2.2,Shift changeover & inspection,208.5,487.0
1825,21,2026-06-25,5.8,2.2,Shift changeover & inspection,249.5,448.4
1826,21,2026-06-26,7.5,0.5,,279.5,383.6
1827,21,2026-06-27,5.9,2.1,Shift changeover & inspection,235.9,300.1
1828,21,2026-06-28,5.6,2.4,Shift changeover & inspection,148.9,403.0
1829,21,2026-06-29,5.9,2.1,Shift changeover & inspection,232.2,375.2
1830,21,2026-06-30,7.1,0.9,,317.1,423.1
1831,21,2026-07-01,5.7,2.3,Shift changeover & inspection,152.9,270.7
1832,21,2026-07-02,6.2,1.8,Shift changeover & inspection,159.3,540.4
1833,21,2026-07-03,1.9,6.1,Tyre sidewall cut on sharp gondite boulders,49.2,151.1
1834,21,2026-07-04,5.8,2.2,Shift changeover & inspection,164.4,369.2
1835,21,2026-07-05,7.2,0.8,,269.2,354.7
1836,21,2026-07-06,5.8,2.2,Shift changeover & inspection,179.4,492.9
1837,21,2026-07-07,4.4,3.6,Rainwater inundation at bottom pit bench (>40mm downpour),138.8,341.3
1838,21,2026-07-08,6.6,1.4,Shift changeover & inspection,168.1,524.4
1839,21,2026-07-09,2.7,5.3,Rainwater inundation at bottom pit bench (>40mm downpour),62.8,140.3
1840,21,2026-07-10,5.6,2.4,Shift changeover & inspection,207.1,286.2
1841,21,2026-07-11,5.6,2.4,Shift changeover & inspection,251.1,520.3
1842,21,2026-07-12,0.7,7.3,Hydraulic hose burst / high pressure pump cavitation,26.4,40.4
1843,21,2026-07-13,6.1,1.9,Shift changeover & inspection,184.6,389.0
1844,21,2026-07-14,2.4,5.6,Rainwater inundation at bottom pit bench (>40mm downpour),71.2,202.0
1845,21,2026-07-15,7.2,0.8,,269.1,542.9
1846,21,2026-07-16,7.7,0.3,,280.1,411.8
1847,21,2026-07-17,2.2,5.8,Rainwater inundation at bottom pit bench (>40mm downpour),97.7,147.3
1848,21,2026-07-18,7.4,0.6,,197.5,443.3
1849,21,2026-07-19,5.7,2.3,Shift changeover & inspection,133.3,311.3
1850,21,2026-07-20,3.0,5.0,Main sump pump silt clogging from monsoon slurry,112.8,153.1
1851,21,2026-07-21,6.3,1.7,Shift changeover & inspection,158.1,459.6
1852,21,2026-07-22,7.5,0.5,,252.1,383.7
1853,21,2026-07-23,5.7,2.3,Shift changeover & inspection,198.3,529.3
1854,21,2026-07-24,2.9,5.1,Tyre sidewall cut on sharp gondite boulders,110.7,156.8
1855,21,2026-07-25,3.5,4.5,Rainwater inundation at bottom pit bench (>40mm downpour),86.9,260.8
1856,21,2026-07-26,7.1,0.9,,164.1,599.0
1857,21,2026-07-27,3.8,4.2,Rainwater inundation at bottom pit bench (>40mm downpour),124.8,349.7
1858,21,2026-07-28,3.3,4.7,Rainwater inundation at bottom pit bench (>40mm downpour),111.4,180.5
1859,21,2026-07-29,6.5,1.5,Shift changeover & inspection,177.8,485.5
1860,21,2026-07-30,6.8,1.2,Shift changeover & inspection,206.9,456.2
1861,21,2026-07-31,6.5,1.5,Shift changeover & inspection,290.5,451.0
1862,21,2026-08-01,6.3,1.7,Shift changeover & inspection,180.9,464.7
1863,21,2026-08-02,5.8,2.2,Shift changeover & inspection,162.5,374.7
1864,21,2026-08-03,6.7,1.3,Shift changeover & inspection,245.2,410.5
1865,21,2026-08-04,5.5,2.5,Shift changeover & inspection,199.0,440.9
1866,21,2026-08-05,6.0,2.0,Shift changeover & inspection,159.1,449.7
1867,21,2026-08-06,6.2,1.8,Shift changeover & inspection,155.7,285.2
1868,21,2026-08-07,2.5,5.5,Main sump pump silt clogging from monsoon slurry,80.9,138.4
1869,21,2026-08-08,6.7,1.3,Shift changeover & inspection,242.1,450.5
1870,21,2026-08-09,3.6,4.4,Main sump pump silt clogging from monsoon slurry,102.8,247.9
1871,21,2026-08-10,6.8,1.2,Shift changeover & inspection,297.5,600.3
1872,21,2026-08-11,2.5,5.5,Blasting toxic fume / dust clearance standstill,99.1,222.5
1873,21,2026-08-12,5.7,2.3,Shift changeover & inspection,176.2,383.5
1874,21,2026-08-13,7.7,0.3,,306.5,542.9
1875,21,2026-08-14,5.6,2.4,Shift changeover & inspection,154.3,492.2
1876,21,2026-08-15,7.6,0.4,,304.7,550.6
1877,21,2026-08-16,6.1,1.9,Shift changeover & inspection,221.0,565.8
1878,21,2026-08-17,3.0,5.0,Tyre sidewall cut on sharp gondite boulders,96.0,204.2
1879,21,2026-08-18,6.6,1.4,Shift changeover & inspection,159.3,405.8
1880,21,2026-08-19,5.8,2.2,Shift changeover & inspection,216.4,535.2
1881,21,2026-08-20,7.7,0.3,,297.3,488.1
1882,21,2026-08-21,7.4,0.6,,189.5,661.1
1883,21,2026-08-22,3.7,4.3,Tyre sidewall cut on sharp gondite boulders,101.3,310.4
1884,21,2026-08-23,3.7,4.3,Tyre sidewall cut on sharp gondite boulders,85.8,273.1
1885,21,2026-08-24,7.1,0.9,,310.8,618.4
1886,21,2026-08-25,6.6,1.4,Shift changeover & inspection,207.9,526.7
1887,21,2026-08-26,6.1,1.9,Shift changeover & inspection,225.7,351.4
1888,21,2026-08-27,6.0,2.0,Shift changeover & inspection,132.3,454.7
1889,21,2026-08-28,5.6,2.4,Shift changeover & inspection,180.5,502.7
1890,21,2026-08-29,7.7,0.3,,283.7,642.2
1891,22,2026-06-01,2.9,5.1,Blasting toxic fume / dust clearance standstill,32.8,89.7
1892,22,2026-06-02,6.5,1.5,Shift changeover & inspection,62.6,160.3
1893,22,2026-06-03,0.5,7.5,DGMS statutory electrical ground-fault trip,6.4,15.5
1894,22,2026-06-04,6.5,1.5,Shift changeover & inspection,67.4,216.6
1895,22,2026-06-05,1.8,6.2,Tyre sidewall cut on sharp gondite boulders,16.4,82.0
1896,22,2026-06-06,7.5,0.5,,82.0,222.1
1897,22,2026-06-07,7.7,0.3,,64.2,307.4
1898,22,2026-06-08,7.3,0.7,,72.6,283.3
1899,22,2026-06-09,6.7,1.3,Shift changeover & inspection,61.0,267.0
1900,22,2026-06-10,6.6,1.4,Shift changeover & inspection,94.6,252.0
1901,22,2026-06-11,6.3,1.7,Shift changeover & inspection,79.2,159.3
1902,22,2026-06-12,6.8,1.2,Shift changeover & inspection,66.3,320.0
1903,22,2026-06-13,7.1,0.9,,83.9,144.7
1904,22,2026-06-14,5.6,2.4,Shift changeover & inspection,60.3,193.8
1905,22,2026-06-15,2.4,5.6,Tyre sidewall cut on sharp gondite boulders,28.4,85.6
1906,22,2026-06-16,6.1,1.9,Shift changeover & inspection,57.8,247.4
1907,22,2026-06-17,7.2,0.8,,96.4,185.2
1908,22,2026-06-18,7.7,0.3,,88.5,313.4
1909,22,2026-06-19,6.8,1.2,Shift changeover & inspection,57.0,180.5
1910,22,2026-06-20,7.2,0.8,,101.4,263.4
1911,22,2026-06-21,7.3,0.7,,71.3,280.3
1912,22,2026-06-22,0.3,7.7,Engine overheated (>44°C ambient summer load),4.1,10.9
1913,22,2026-06-23,5.8,2.2,Shift changeover & inspection,76.4,172.8
1914,22,2026-06-24,6.3,1.7,Shift changeover & inspection,77.5,308.2
1915,22,2026-06-25,6.1,1.9,Shift changeover & inspection,60.5,245.5
1916,22,2026-06-26,2.6,5.4,Engine overheated (>44°C ambient summer load),38.0,95.1
1917,22,2026-06-27,6.0,2.0,Shift changeover & inspection,88.6,157.8
1918,22,2026-06-28,6.6,1.4,Shift changeover & inspection,83.7,177.5
1919,22,2026-06-29,5.6,2.4,Shift changeover & inspection,77.4,204.3
1920,22,2026-06-30,7.4,0.6,,89.5,265.9
1921,22,2026-07-01,6.7,1.3,Shift changeover & inspection,66.9,238.0
1922,22,2026-07-02,1.2,6.8,DGMS statutory electrical ground-fault trip,12.5,41.6
1923,22,2026-07-03,7.8,0.2,,72.4,202.5
1924,22,2026-07-04,6.2,1.8,Shift changeover & inspection,51.3,273.7
1925,22,2026-07-05,5.8,2.2,Shift changeover & inspection,83.5,123.8
1926,22,2026-07-06,7.6,0.4,,93.2,289.7
1927,22,2026-07-07,0.9,7.1,Blasting toxic fume / dust clearance standstill,8.6,35.2
1928,22,2026-07-08,6.8,1.2,Shift changeover & inspection,65.8,139.9
1929,22,2026-07-09,5.6,2.4,Shift changeover & inspection,54.4,113.5
1930,22,2026-07-10,2.8,5.2,Main sump pump silt clogging from monsoon slurry,40.4,105.7
1931,22,2026-07-11,6.6,1.4,Shift changeover & inspection,78.9,136.2
1932,22,2026-07-12,7.4,0.6,,82.4,170.1
1933,22,2026-07-13,6.6,1.4,Shift changeover & inspection,56.0,177.2
1934,22,2026-07-14,5.9,2.1,Shift changeover & inspection,60.3,204.1
1935,22,2026-07-15,0.0,8.0,Main sump pump silt clogging from monsoon slurry,0.0,0.0
1936,22,2026-07-16,6.7,1.3,Shift changeover & inspection,82.5,317.2
1937,22,2026-07-17,7.5,0.5,,106.2,153.3
1938,22,2026-07-18,1.7,6.3,Tyre sidewall cut on sharp gondite boulders,17.4,84.3
1939,22,2026-07-19,7.6,0.4,,90.5,321.2
1940,22,2026-07-20,3.4,4.6,Rainwater inundation at bottom pit bench (>40mm downpour),43.8,89.3
1941,22,2026-07-21,3.4,4.6,Tyre sidewall cut on sharp gondite boulders,42.1,167.1
1942,22,2026-07-22,6.2,1.8,Shift changeover & inspection,65.4,178.7
1943,22,2026-07-23,3.2,4.8,Tyre sidewall cut on sharp gondite boulders,44.1,154.8
1944,22,2026-07-24,7.3,0.7,,82.5,282.3
1945,22,2026-07-25,4.0,4.0,Rainwater inundation at bottom pit bench (>40mm downpour),41.9,122.9
1946,22,2026-07-26,3.3,4.7,Main sump pump silt clogging from monsoon slurry,45.8,161.5
1947,22,2026-07-27,6.2,1.8,Shift changeover & inspection,78.4,184.0
1948,22,2026-07-28,6.4,1.6,Shift changeover & inspection,65.4,238.2
1949,22,2026-07-29,6.8,1.2,Shift changeover & inspection,55.8,281.7
1950,22,2026-07-30,5.9,2.1,Shift changeover & inspection,52.9,159.5
1951,22,2026-07-31,3.6,4.4,Tyre sidewall cut on sharp gondite boulders,32.3,116.7
1952,22,2026-08-01,4.3,3.7,Rainwater inundation at bottom pit bench (>40mm downpour),37.8,214.9
1953,22,2026-08-02,5.9,2.1,Shift changeover & inspection,87.8,265.7
1954,22,2026-08-03,6.6,1.4,Shift changeover & inspection,57.2,286.1
1955,22,2026-08-04,6.2,1.8,Shift changeover & inspection,57.8,208.4
1956,22,2026-08-05,6.2,1.8,Shift changeover & inspection,52.7,145.7
1957,22,2026-08-06,2.1,5.9,Tyre sidewall cut on sharp gondite boulders,28.3,63.3
1958,22,2026-08-07,6.2,1.8,Shift changeover & inspection,61.0,128.3
1959,22,2026-08-08,6.6,1.4,Shift changeover & inspection,78.1,175.7
1960,22,2026-08-09,2.0,6.0,Rainwater inundation at bottom pit bench (>40mm downpour),26.0,77.3
1961,22,2026-08-10,6.2,1.8,Shift changeover & inspection,64.8,298.4
1962,22,2026-08-11,6.0,2.0,Shift changeover & inspection,55.5,290.3
1963,22,2026-08-12,7.2,0.8,,97.5,284.8
1964,22,2026-08-13,5.8,2.2,Shift changeover & inspection,47.3,166.3
1965,22,2026-08-14,7.6,0.4,,61.3,187.7
1966,22,2026-08-15,4.5,3.5,Tyre sidewall cut on sharp gondite boulders,66.9,96.6
1967,22,2026-08-16,5.8,2.2,Shift changeover & inspection,60.0,213.5
1968,22,2026-08-17,7.4,0.6,,86.5,346.7
1969,22,2026-08-18,7.5,0.5,,77.0,164.6
1970,22,2026-08-19,6.9,1.1,Shift changeover & inspection,68.6,215.6
1971,22,2026-08-20,6.9,1.1,Shift changeover & inspection,90.9,329.8
1972,22,2026-08-21,7.0,1.0,Shift changeover & inspection,101.0,185.0
1973,22,2026-08-22,7.1,0.9,,104.7,242.1
1974,22,2026-08-23,5.5,2.5,Shift changeover & inspection,72.5,138.4
1975,22,2026-08-24,5.9,2.1,Shift changeover & inspection,70.2,148.8
1976,22,2026-08-25,6.1,1.9,Shift changeover & inspection,66.0,236.3
1977,22,2026-08-26,5.7,2.3,Shift changeover & inspection,64.7,161.5
1978,22,2026-08-27,1.6,6.4,Tyre sidewall cut on sharp gondite boulders,13.7,52.1
1979,22,2026-08-28,7.2,0.8,,63.8,242.9
1980,22,2026-08-29,5.5,2.5,Shift changeover & inspection,82.1,231.8
1981,23,2026-06-01,5.5,2.5,Shift changeover & inspection,77.2,217.4
1982,23,2026-06-02,6.9,1.1,Shift changeover & inspection,90.4,276.9
1983,23,2026-06-03,6.3,1.7,Shift changeover & inspection,77.9,182.1
1984,23,2026-06-04,3.1,4.9,DGMS statutory electrical ground-fault trip,44.0,80.3
1985,23,2026-06-05,5.7,2.3,Shift changeover & inspection,77.5,149.0
1986,23,2026-06-06,5.7,2.3,Shift changeover & inspection,77.0,202.9
1987,23,2026-06-07,5.8,2.2,Shift changeover & inspection,77.7,119.0
1988,23,2026-06-08,6.5,1.5,Shift changeover & inspection,54.5,282.4
1989,23,2026-06-09,7.5,0.5,,76.0,181.2
1990,23,2026-06-10,7.3,0.7,,70.2,359.5
1991,23,2026-06-11,3.4,4.6,Rainwater inundation at bottom pit bench (>40mm downpour),37.2,119.4
1992,23,2026-06-12,5.8,2.2,Shift changeover & inspection,56.3,132.6
1993,23,2026-06-13,6.6,1.4,Shift changeover & inspection,95.1,271.4
1994,23,2026-06-14,6.9,1.1,Shift changeover & inspection,72.4,205.4
1995,23,2026-06-15,6.2,1.8,Shift changeover & inspection,83.8,222.4
1996,23,2026-06-16,6.5,1.5,Shift changeover & inspection,67.7,311.3
1997,23,2026-06-17,7.3,0.7,,100.0,364.3
1998,23,2026-06-18,7.4,0.6,,104.4,203.1
1999,23,2026-06-19,6.8,1.2,Shift changeover & inspection,87.2,136.5
2000,23,2026-06-20,3.4,4.6,Main sump pump silt clogging from monsoon slurry,30.1,82.7
2001,23,2026-06-21,6.5,1.5,Shift changeover & inspection,81.9,258.2
2002,23,2026-06-22,7.4,0.6,,95.1,264.6
2003,23,2026-06-23,2.1,5.9,Rainwater inundation at bottom pit bench (>40mm downpour),28.5,84.7
2004,23,2026-06-24,2.6,5.4,Hydraulic hose burst / high pressure pump cavitation,21.9,79.5
2005,23,2026-06-25,7.4,0.6,,65.1,315.6
2006,23,2026-06-26,5.8,2.2,Shift changeover & inspection,47.4,255.8
2007,23,2026-06-27,7.6,0.4,,97.6,260.1
2008,23,2026-06-28,6.3,1.7,Shift changeover & inspection,89.8,171.8
2009,23,2026-06-29,7.0,1.0,Shift changeover & inspection,79.7,183.2
2010,23,2026-06-30,6.2,1.8,Shift changeover & inspection,54.6,225.6
2011,23,2026-07-01,4.1,3.9,Tyre sidewall cut on sharp gondite boulders,46.3,187.6
2012,23,2026-07-02,5.5,2.5,Shift changeover & inspection,71.8,226.2
2013,23,2026-07-03,6.5,1.5,Shift changeover & inspection,85.7,316.2
2014,23,2026-07-04,7.6,0.4,,101.1,300.0
2015,23,2026-07-05,2.0,6.0,Tyre sidewall cut on sharp gondite boulders,23.3,74.4
2016,23,2026-07-06,1.0,7.0,DGMS statutory electrical ground-fault trip,12.9,41.4
2017,23,2026-07-07,3.4,4.6,Rainwater inundation at bottom pit bench (>40mm downpour),47.7,158.7
2018,23,2026-07-08,5.6,2.4,Shift changeover & inspection,73.6,148.8
2019,23,2026-07-09,6.4,1.6,Shift changeover & inspection,93.2,141.2
2020,23,2026-07-10,1.9,6.1,Rainwater inundation at bottom pit bench (>40mm downpour),23.9,51.9
2021,23,2026-07-11,7.2,0.8,,91.4,349.4
2022,23,2026-07-12,2.3,5.7,Hydraulic hose burst / high pressure pump cavitation,31.4,75.8
2023,23,2026-07-13,6.7,1.3,Shift changeover & inspection,81.6,163.7
2024,23,2026-07-14,5.6,2.4,Shift changeover & inspection,46.3,126.0
2025,23,2026-07-15,5.5,2.5,Shift changeover & inspection,73.2,234.3
2026,23,2026-07-16,5.6,2.4,Shift changeover & inspection,53.4,205.3
2027,23,2026-07-17,6.6,1.4,Shift changeover & inspection,65.2,189.6
2028,23,2026-07-18,1.6,6.4,Rainwater inundation at bottom pit bench (>40mm downpour),19.7,43.7
2029,23,2026-07-19,7.5,0.5,,73.0,182.9
2030,23,2026-07-20,6.5,1.5,Shift changeover & inspection,58.9,310.5
2031,23,2026-07-21,6.6,1.4,Shift changeover & inspection,70.6,212.4
2032,23,2026-07-22,2.2,5.8,Tyre sidewall cut on sharp gondite boulders,28.6,96.8
2033,23,2026-07-23,2.0,6.0,Tyre sidewall cut on sharp gondite boulders,25.1,96.4
2034,23,2026-07-24,6.9,1.1,Shift changeover & inspection,100.0,182.2
2035,23,2026-07-25,6.6,1.4,Shift changeover & inspection,61.4,182.4
2036,23,2026-07-26,3.3,4.7,Tyre sidewall cut on sharp gondite boulders,45.6,151.4
2037,23,2026-07-27,1.9,6.1,Tyre sidewall cut on sharp gondite boulders,25.5,61.3
2038,23,2026-07-28,2.4,5.6,Rainwater inundation at bottom pit bench (>40mm downpour),28.6,48.5
2039,23,2026-07-29,6.4,1.6,Shift changeover & inspection,65.0,253.9
2040,23,2026-07-30,3.1,4.9,Rainwater inundation at bottom pit bench (>40mm downpour),25.0,117.4
2041,23,2026-07-31,7.5,0.5,,88.9,372.4
2042,23,2026-08-01,6.4,1.6,Shift changeover & inspection,75.3,132.5
2043,23,2026-08-02,7.1,0.9,,93.8,239.8
2044,23,2026-08-03,6.6,1.4,Shift changeover & inspection,53.8,329.2
2045,23,2026-08-04,6.5,1.5,Shift changeover & inspection,73.7,156.0
2046,23,2026-08-05,2.4,5.6,Main sump pump silt clogging from monsoon slurry,20.0,48.9
2047,23,2026-08-06,6.6,1.4,Shift changeover & inspection,72.7,210.1
2048,23,2026-08-07,7.1,0.9,,71.7,305.1
2049,23,2026-08-08,7.5,0.5,,103.8,235.5
2050,23,2026-08-09,7.1,0.9,,75.9,285.4
2051,23,2026-08-10,1.5,6.5,Main sump pump silt clogging from monsoon slurry,22.1,30.2
2052,23,2026-08-11,6.9,1.1,Shift changeover & inspection,79.2,222.9
2053,23,2026-08-12,3.4,4.6,Rainwater inundation at bottom pit bench (>40mm downpour),28.6,131.2
2054,23,2026-08-13,1.6,6.4,Tyre sidewall cut on sharp gondite boulders,19.5,48.7
2055,23,2026-08-14,3.3,4.7,Tyre sidewall cut on sharp gondite boulders,28.4,131.4
2056,23,2026-08-15,2.8,5.2,Main sump pump silt clogging from monsoon slurry,34.5,67.8
2057,23,2026-08-16,5.9,2.1,Shift changeover & inspection,53.1,238.6
2058,23,2026-08-17,6.5,1.5,Shift changeover & inspection,73.4,248.7
2059,23,2026-08-18,3.2,4.8,Tyre sidewall cut on sharp gondite boulders,33.2,134.1
2060,23,2026-08-19,2.0,6.0,Main sump pump silt clogging from monsoon slurry,25.5,63.1
2061,23,2026-08-20,4.1,3.9,Rainwater inundation at bottom pit bench (>40mm downpour),59.0,110.1
2062,23,2026-08-21,1.6,6.4,Tyre sidewall cut on sharp gondite boulders,22.2,53.6
2063,23,2026-08-22,2.4,5.6,Rainwater inundation at bottom pit bench (>40mm downpour),32.9,60.7
2064,23,2026-08-23,1.7,6.3,Tyre sidewall cut on sharp gondite boulders,13.9,59.2
2065,23,2026-08-24,6.8,1.2,Shift changeover & inspection,62.7,184.0
2066,23,2026-08-25,3.4,4.6,Rainwater inundation at bottom pit bench (>40mm downpour),49.3,115.3
2067,23,2026-08-26,6.7,1.3,Shift changeover & inspection,66.9,326.3
2068,23,2026-08-27,3.8,4.2,Tyre sidewall cut on sharp gondite boulders,53.6,77.1
2069,23,2026-08-28,5.6,2.4,Shift changeover & inspection,78.0,127.3
2070,23,2026-08-29,6.6,1.4,Shift changeover & inspection,86.2,227.4
2071,24,2026-06-01,6.0,2.0,Shift changeover & inspection,69.7,202.0
2072,24,2026-06-02,5.6,2.4,Shift changeover & inspection,62.0,217.7
2073,24,2026-06-03,6.4,1.6,Shift changeover & inspection,95.4,144.6
2074,24,2026-06-04,6.6,1.4,Shift changeover & inspection,82.6,180.8
2075,24,2026-06-05,6.1,1.9,Shift changeover & inspection,60.3,178.5
2076,24,2026-06-06,7.3,0.7,,77.3,324.8
2077,24,2026-06-07,6.8,1.2,Shift changeover & inspection,62.7,289.7
2078,24,2026-06-08,6.9,1.1,Shift changeover & inspection,88.3,206.5
2079,24,2026-06-09,0.3,7.7,Hydraulic hose burst / high pressure pump cavitation,4.4,10.8
2080,24,2026-06-10,1.3,6.7,Shaft winder cage guide rope alignment check,18.9,41.6
2081,24,2026-06-11,5.6,2.4,Shift changeover & inspection,56.0,171.4
2082,24,2026-06-12,5.6,2.4,Shift changeover & inspection,82.8,279.0
2083,24,2026-06-13,6.7,1.3,Shift changeover & inspection,99.8,226.2
2084,24,2026-06-14,5.7,2.3,Shift changeover & inspection,85.3,134.6
2085,24,2026-06-15,6.5,1.5,Shift changeover & inspection,53.6,131.7
2086,24,2026-06-16,5.7,2.3,Shift changeover & inspection,53.3,242.7
2087,24,2026-06-17,5.8,2.2,Shift changeover & inspection,78.3,285.6
2088,24,2026-06-18,7.4,0.6,,76.1,346.3
2089,24,2026-06-19,6.4,1.6,Shift changeover & inspection,86.4,310.9
2090,24,2026-06-20,5.7,2.3,Shift changeover & inspection,83.9,138.0
2091,24,2026-06-21,7.4,0.6,,101.2,206.1
2092,24,2026-06-22,6.4,1.6,Shift changeover & inspection,52.5,197.1
2093,24,2026-06-23,6.1,1.9,Shift changeover & inspection,77.1,133.5
2094,24,2026-06-24,6.8,1.2,Shift changeover & inspection,77.3,279.7
2095,24,2026-06-25,1.2,6.8,Engine overheated (>44°C ambient summer load),11.2,37.5
2096,24,2026-06-26,5.8,2.2,Shift changeover & inspection,60.5,197.1
2097,24,2026-06-27,6.4,1.6,Shift changeover & inspection,55.6,252.9
2098,24,2026-06-28,1.6,6.4,Blasting toxic fume / dust clearance standstill,19.7,58.8
2099,24,2026-06-29,6.7,1.3,Shift changeover & inspection,87.5,248.3
2100,24,2026-06-30,1.6,6.4,Engine overheated (>44°C ambient summer load),18.0,60.6
2101,24,2026-07-01,2.6,5.4,Tyre sidewall cut on sharp gondite boulders,30.3,54.5
2102,24,2026-07-02,2.5,5.5,Tyre sidewall cut on sharp gondite boulders,30.5,124.2
2103,24,2026-07-03,7.7,0.3,,107.6,204.4
2104,24,2026-07-04,6.7,1.3,Shift changeover & inspection,79.5,298.4
2105,24,2026-07-05,4.5,3.5,Tyre sidewall cut on sharp gondite boulders,36.7,96.9
2106,24,2026-07-06,3.4,4.6,Tyre sidewall cut on sharp gondite boulders,34.0,162.4
2107,24,2026-07-07,7.6,0.4,,67.4,153.1
2108,24,2026-07-08,1.3,6.7,Engine overheated (>44°C ambient summer load),13.3,58.7
2109,24,2026-07-09,6.8,1.2,Shift changeover & inspection,55.4,244.7
2110,24,2026-07-10,5.9,2.1,Shift changeover & inspection,87.4,161.2
2111,24,2026-07-11,4.2,3.8,Main sump pump silt clogging from monsoon slurry,46.6,206.4
2112,24,2026-07-12,6.5,1.5,Shift changeover & inspection,70.1,201.4
2113,24,2026-07-13,7.5,0.5,,84.7,297.1
2114,24,2026-07-14,5.7,2.3,Shift changeover & inspection,70.3,234.9
2115,24,2026-07-15,1.7,6.3,Rainwater inundation at bottom pit bench (>40mm downpour),24.4,69.9
2116,24,2026-07-16,3.4,4.6,Tyre sidewall cut on sharp gondite boulders,32.9,86.4
2117,24,2026-07-17,6.6,1.4,Shift changeover & inspection,95.4,211.2
2118,24,2026-07-18,7.7,0.3,,64.2,327.5
2119,24,2026-07-19,2.9,5.1,Main sump pump silt clogging from monsoon slurry,24.6,125.0
2120,24,2026-07-20,7.5,0.5,,68.9,175.5
2121,24,2026-07-21,6.2,1.8,Shift changeover & inspection,79.0,141.8
2122,24,2026-07-22,6.8,1.2,Shift changeover & inspection,60.5,227.8
2123,24,2026-07-23,7.4,0.6,,90.6,222.5
2124,24,2026-07-24,6.5,1.5,Shift changeover & inspection,60.4,282.5
2125,24,2026-07-25,6.5,1.5,Shift changeover & inspection,63.7,243.4
2126,24,2026-07-26,6.5,1.5,Shift changeover & inspection,92.5,203.4
2127,24,2026-07-27,7.4,0.6,,73.6,295.0
2128,24,2026-07-28,7.6,0.4,,94.0,191.8
2129,24,2026-07-29,0.0,8.0,Engine overheated (>44°C ambient summer load),0.0,0.0
2130,24,2026-07-30,3.8,4.2,Tyre sidewall cut on sharp gondite boulders,53.4,78.4
2131,24,2026-07-31,4.5,3.5,Tyre sidewall cut on sharp gondite boulders,42.2,128.6
2132,24,2026-08-01,7.5,0.5,,80.5,186.0
2133,24,2026-08-02,5.7,2.3,Shift changeover & inspection,69.2,172.7
2134,24,2026-08-03,7.6,0.4,,110.3,232.1
2135,24,2026-08-04,7.5,0.5,,68.3,323.9
2136,24,2026-08-05,6.5,1.5,Shift changeover & inspection,67.8,317.4
2137,24,2026-08-06,2.6,5.4,Tyre sidewall cut on sharp gondite boulders,22.2,63.1
2138,24,2026-08-07,3.8,4.2,Rainwater inundation at bottom pit bench (>40mm downpour),52.1,156.3
2139,24,2026-08-08,3.2,4.8,Main sump pump silt clogging from monsoon slurry,27.9,93.7
2140,24,2026-08-09,6.0,2.0,Shift changeover & inspection,48.4,135.0
2141,24,2026-08-10,6.8,1.2,Shift changeover & inspection,70.4,181.8
2142,24,2026-08-11,2.1,5.9,Main sump pump silt clogging from monsoon slurry,28.8,68.7
2143,24,2026-08-12,5.8,2.2,Shift changeover & inspection,87.0,128.3
2144,24,2026-08-13,6.9,1.1,Shift changeover & inspection,85.9,200.0
2145,24,2026-08-14,6.1,1.9,Shift changeover & inspection,85.2,131.6
2146,24,2026-08-15,7.6,0.4,,102.4,287.1
2147,24,2026-08-16,6.2,1.8,Shift changeover & inspection,73.9,131.3
2148,24,2026-08-17,6.3,1.7,Shift changeover & inspection,53.2,147.2
2149,24,2026-08-18,4.0,4.0,Rainwater inundation at bottom pit bench (>40mm downpour),35.9,129.5
2150,24,2026-08-19,5.6,2.4,Shift changeover & inspection,61.8,203.8
2151,24,2026-08-20,3.0,5.0,Rainwater inundation at bottom pit bench (>40mm downpour),40.3,90.5
2152,24,2026-08-21,2.1,5.9,Rainwater inundation at bottom pit bench (>40mm downpour),22.5,79.5
2153,24,2026-08-22,6.5,1.5,Shift changeover & inspection,89.5,188.4
2154,24,2026-08-23,1.8,6.2,Main sump pump silt clogging from monsoon slurry,23.6,63.6
2155,24,2026-08-24,6.4,1.6,Shift changeover & inspection,92.4,225.0
2156,24,2026-08-25,4.1,3.9,Main sump pump silt clogging from monsoon slurry,53.5,152.9
2157,24,2026-08-26,3.7,4.3,Main sump pump silt clogging from monsoon slurry,54.7,107.5
2158,24,2026-08-27,1.2,6.8,Blasting toxic fume / dust clearance standstill,13.8,58.6
2159,24,2026-08-28,7.4,0.6,,79.7,218.4
2160,24,2026-08-29,2.2,5.8,Hydraulic hose burst / high pressure pump cavitation,23.4,86.9
2161,25,2026-06-01,2.2,5.8,Hydraulic hose burst / high pressure pump cavitation,90.2,135.6
2162,25,2026-06-02,5.6,2.4,Shift changeover & inspection,239.0,453.2
2163,25,2026-06-03,5.6,2.4,Shift changeover & inspection,226.7,408.1
2164,25,2026-06-04,6.4,1.6,Shift changeover & inspection,269.2,333.9
2165,25,2026-06-05,7.6,0.4,,228.6,391.4
2166,25,2026-06-06,6.8,1.2,Shift changeover & inspection,293.9,645.5
2167,25,2026-06-07,6.3,1.7,Shift changeover & inspection,176.7,399.8
2168,25,2026-06-08,5.9,2.1,Shift changeover & inspection,208.4,342.2
2169,25,2026-06-09,6.6,1.4,Shift changeover & inspection,188.2,511.5
2170,25,2026-06-10,5.7,2.3,Shift changeover & inspection,237.8,458.3
2171,25,2026-06-11,7.5,0.5,,295.1,498.2
2172,25,2026-06-12,6.8,1.2,Shift changeover & inspection,196.0,537.6
2173,25,2026-06-13,6.0,2.0,Shift changeover & inspection,234.7,506.0
2174,25,2026-06-14,6.0,2.0,Shift changeover & inspection,220.7,468.5
2175,25,2026-06-15,7.6,0.4,,284.5,706.5
2176,25,2026-06-16,7.4,0.6,,266.9,371.9
2177,25,2026-06-17,6.6,1.4,Shift changeover & inspection,210.6,371.8
2178,25,2026-06-18,5.8,2.2,Shift changeover & inspection,201.1,515.1
2179,25,2026-06-19,7.1,0.9,,242.6,624.9
2180,25,2026-06-20,5.9,2.1,Shift changeover & inspection,219.7,476.5
2181,25,2026-06-21,5.8,2.2,Shift changeover & inspection,147.5,264.4
2182,25,2026-06-22,7.7,0.3,,302.9,673.0
2183,25,2026-06-23,6.2,1.8,Shift changeover & inspection,232.0,456.9
2184,25,2026-06-24,6.7,1.3,Shift changeover & inspection,231.1,598.0
2185,25,2026-06-25,6.4,1.6,Shift changeover & inspection,237.5,475.7
2186,25,2026-06-26,3.1,4.9,DGMS statutory electrical ground-fault trip,114.6,256.4
2187,25,2026-06-27,5.7,2.3,Shift changeover & inspection,140.8,299.6
2188,25,2026-06-28,7.6,0.4,,260.5,616.5
2189,25,2026-06-29,6.7,1.3,Shift changeover & inspection,258.0,330.4
2190,25,2026-06-30,6.4,1.6,Shift changeover & inspection,278.8,483.6
2191,25,2026-07-01,5.8,2.2,Shift changeover & inspection,244.9,515.4
2192,25,2026-07-02,4.3,3.7,Tyre sidewall cut on sharp gondite boulders,186.0,402.8
2193,25,2026-07-03,5.7,2.3,Shift changeover & inspection,185.8,464.5
2194,25,2026-07-04,2.4,5.6,Tyre sidewall cut on sharp gondite boulders,73.1,197.4
2195,25,2026-07-05,3.5,4.5,Main sump pump silt clogging from monsoon slurry,112.5,159.3
2196,25,2026-07-06,7.1,0.9,,262.4,344.7
2197,25,2026-07-07,2.7,5.3,Main sump pump silt clogging from monsoon slurry,75.4,236.9
2198,25,2026-07-08,7.6,0.4,,261.9,627.8
2199,25,2026-07-09,5.8,2.2,Shift changeover & inspection,239.4,413.7
2200,25,2026-07-10,7.4,0.6,,214.2,548.8
2201,25,2026-07-11,2.7,5.3,Main sump pump silt clogging from monsoon slurry,60.1,129.4
2202,25,2026-07-12,6.6,1.4,Shift changeover & inspection,203.0,522.1
2203,25,2026-07-13,7.7,0.3,,345.8,687.6
2204,25,2026-07-14,6.2,1.8,Shift changeover & inspection,278.7,295.0
2205,25,2026-07-15,3.4,4.6,Shaft winder cage guide rope alignment check,149.6,212.0
2206,25,2026-07-16,1.9,6.1,Main sump pump silt clogging from monsoon slurry,85.2,159.7
2207,25,2026-07-17,5.9,2.1,Shift changeover & inspection,202.4,426.1
2208,25,2026-07-18,7.6,0.4,,308.4,449.8
2209,25,2026-07-19,2.9,5.1,Tyre sidewall cut on sharp gondite boulders,81.8,238.8
2210,25,2026-07-20,2.4,5.6,Tyre sidewall cut on sharp gondite boulders,70.6,144.0
2211,25,2026-07-21,7.2,0.8,,319.8,398.2
2212,25,2026-07-22,7.3,0.7,,198.1,462.5
2213,25,2026-07-23,6.0,2.0,Shift changeover & inspection,205.6,420.6
2214,25,2026-07-24,6.4,1.6,Shift changeover & inspection,205.4,398.2
2215,25,2026-07-25,7.0,1.0,Shift changeover & inspection,175.9,526.3
2216,25,2026-07-26,2.4,5.6,Rainwater inundation at bottom pit bench (>40mm downpour),75.2,111.8
2217,25,2026-07-27,6.8,1.2,Shift changeover & inspection,205.3,521.0
2218,25,2026-07-28,6.1,1.9,Shift changeover & inspection,160.5,426.6
2219,25,2026-07-29,6.0,2.0,Shift changeover & inspection,191.9,273.7
2220,25,2026-07-30,7.1,0.9,,201.2,414.1
2221,25,2026-07-31,6.6,1.4,Shift changeover & inspection,192.5,403.4
2222,25,2026-08-01,6.8,1.2,Shift changeover & inspection,270.3,475.8
2223,25,2026-08-02,6.7,1.3,Shift changeover & inspection,279.8,527.5
2224,25,2026-08-03,2.7,5.3,Main sump pump silt clogging from monsoon slurry,97.7,231.7
2225,25,2026-08-04,5.7,2.3,Shift changeover & inspection,248.9,396.9
2226,25,2026-08-05,6.8,1.2,Shift changeover & inspection,257.0,474.5
2227,25,2026-08-06,3.2,4.8,Tyre sidewall cut on sharp gondite boulders,90.5,243.6
2228,25,2026-08-07,3.4,4.6,Main sump pump silt clogging from monsoon slurry,95.4,302.1
2229,25,2026-08-08,2.9,5.1,Rainwater inundation at bottom pit bench (>40mm downpour),69.4,204.2
2230,25,2026-08-09,3.2,4.8,Shaft winder cage guide rope alignment check,130.9,196.1
2231,25,2026-08-10,4.4,3.6,Main sump pump silt clogging from monsoon slurry,195.9,246.6
2232,25,2026-08-11,1.4,6.6,Rainwater inundation at bottom pit bench (>40mm downpour),36.9,109.0
2233,25,2026-08-12,5.8,2.2,Shift changeover & inspection,185.1,358.8
2234,25,2026-08-13,3.5,4.5,Main sump pump silt clogging from monsoon slurry,129.9,173.6
2235,25,2026-08-14,7.8,0.2,,217.8,571.3
2236,25,2026-08-15,6.3,1.7,Shift changeover & inspection,162.2,424.3
2237,25,2026-08-16,3.9,4.1,Tyre sidewall cut on sharp gondite boulders,157.7,244.6
2238,25,2026-08-17,4.1,3.9,Main sump pump silt clogging from monsoon slurry,95.4,360.9
2239,25,2026-08-18,4.0,4.0,Tyre sidewall cut on sharp gondite boulders,136.7,372.4
2240,25,2026-08-19,1.5,6.5,Main sump pump silt clogging from monsoon slurry,61.0,98.8
2241,25,2026-08-20,7.2,0.8,,265.6,407.7
2242,25,2026-08-21,7.3,0.7,,236.6,382.0
2243,25,2026-08-22,5.7,2.3,Shift changeover & inspection,212.0,469.3
2244,25,2026-08-23,7.2,0.8,,287.2,412.1
2245,25,2026-08-24,7.2,0.8,,233.9,386.1
2246,25,2026-08-25,2.4,5.6,Rainwater inundation at bottom pit bench (>40mm downpour),80.0,196.1
2247,25,2026-08-26,6.7,1.3,Shift changeover & inspection,263.7,326.1
2248,25,2026-08-27,4.2,3.8,Tyre sidewall cut on sharp gondite boulders,107.1,191.2
2249,25,2026-08-28,5.7,2.3,Shift changeover & inspection,256.4,394.8
2250,25,2026-08-29,6.6,1.4,Shift changeover & inspection,248.3,567.2
2251,26,2026-06-01,7.1,0.9,,80.2,199.5
2252,26,2026-06-02,6.7,1.3,Shift changeover & inspection,57.4,139.0
2253,26,2026-06-03,7.4,0.6,,96.7,269.2
2254,26,2026-06-04,7.6,0.4,,94.8,200.9
2255,26,2026-06-05,6.2,1.8,Shift changeover & inspection,51.7,237.6
2256,26,2026-06-06,6.8,1.2,Shift changeover & inspection,80.8,321.2
2257,26,2026-06-07,7.1,0.9,,58.6,279.4
2258,26,2026-06-08,6.0,2.0,Shift changeover & inspection,70.6,173.3
2259,26,2026-06-09,6.7,1.3,Shift changeover & inspection,85.2,181.3
2260,26,2026-06-10,7.8,0.2,,66.0,368.6
2261,26,2026-06-11,7.8,0.2,,64.3,199.7
2262,26,2026-06-12,2.9,5.1,Tyre sidewall cut on sharp gondite boulders,34.7,62.9
2263,26,2026-06-13,6.8,1.2,Shift changeover & inspection,77.2,209.2
2264,26,2026-06-14,6.9,1.1,Shift changeover & inspection,97.7,181.7
2265,26,2026-06-15,6.7,1.3,Shift changeover & inspection,70.4,244.7
2266,26,2026-06-16,6.1,1.9,Shift changeover & inspection,50.2,221.6
2267,26,2026-06-17,7.5,0.5,,65.0,263.3
2268,26,2026-06-18,5.8,2.2,Shift changeover & inspection,55.8,236.1
2269,26,2026-06-19,7.2,0.8,,88.5,318.8
2270,26,2026-06-20,7.1,0.9,,90.2,238.3
2271,26,2026-06-21,7.2,0.8,,107.7,335.8
2272,26,2026-06-22,6.4,1.6,Shift changeover & inspection,74.4,256.9
2273,26,2026-06-23,5.9,2.1,Shift changeover & inspection,68.3,150.0
2274,26,2026-06-24,6.4,1.6,Shift changeover & inspection,81.6,249.1
2275,26,2026-06-25,1.7,6.3,Rainwater inundation at bottom pit bench (>40mm downpour),16.4,61.2
2276,26,2026-06-26,5.9,2.1,Shift changeover & inspection,79.6,173.4
2277,26,2026-06-27,7.4,0.6,,61.2,179.1
2278,26,2026-06-28,5.7,2.3,Shift changeover & inspection,47.7,227.6
2279,26,2026-06-29,7.3,0.7,,78.2,199.5
2280,26,2026-06-30,5.7,2.3,Shift changeover & inspection,82.9,253.1
2281,26,2026-07-01,6.1,1.9,Shift changeover & inspection,73.8,279.1
2282,26,2026-07-02,5.9,2.1,Shift changeover & inspection,88.4,230.4
2283,26,2026-07-03,7.0,1.0,Shift changeover & inspection,68.7,165.3
2284,26,2026-07-04,6.1,1.9,Shift changeover & inspection,73.3,149.3
2285,26,2026-07-05,6.2,1.8,Shift changeover & inspection,54.1,222.9
2286,26,2026-07-06,0.2,7.8,Main sump pump silt clogging from monsoon slurry,1.6,7.9
2287,26,2026-07-07,7.0,1.0,Shift changeover & inspection,61.0,287.4
2288,26,2026-07-08,7.7,0.3,,65.4,225.7
2289,26,2026-07-09,5.8,2.2,Shift changeover & inspection,75.6,271.7
2290,26,2026-07-10,2.5,5.5,Tyre sidewall cut on sharp gondite boulders,30.4,108.8
2291,26,2026-07-11,5.6,2.4,Shift changeover & inspection,57.3,136.5
2292,26,2026-07-12,3.1,4.9,Main sump pump silt clogging from monsoon slurry,33.8,93.5
2293,26,2026-07-13,5.9,2.1,Shift changeover & inspection,75.4,265.6
2294,26,2026-07-14,6.3,1.7,Shift changeover & inspection,69.5,201.6
2295,26,2026-07-15,6.2,1.8,Shift changeover & inspection,76.8,278.5
2296,26,2026-07-16,7.1,0.9,,61.6,291.8
2297,26,2026-07-17,6.5,1.5,Shift changeover & inspection,94.3,242.8
2298,26,2026-07-18,7.2,0.8,,78.4,167.1
2299,26,2026-07-19,7.0,1.0,Shift changeover & inspection,65.3,235.0
2300,26,2026-07-20,6.4,1.6,Shift changeover & inspection,81.3,254.9
2301,26,2026-07-21,6.1,1.9,Shift changeover & inspection,49.0,124.4
2302,26,2026-07-22,7.1,0.9,,79.9,284.4
2303,26,2026-07-23,2.1,5.9,DGMS statutory electrical ground-fault trip,19.6,78.0
2304,26,2026-07-24,0.5,7.5,Hydraulic hose burst / high pressure pump cavitation,5.9,13.8
2305,26,2026-07-25,5.9,2.1,Shift changeover & inspection,48.4,237.6
2306,26,2026-07-26,6.2,1.8,Shift changeover & inspection,69.3,223.1
2307,26,2026-07-27,7.3,0.7,,85.4,161.4
2308,26,2026-07-28,7.4,0.6,,82.8,161.4
2309,26,2026-07-29,2.2,5.8,Main sump pump silt clogging from monsoon slurry,23.4,83.1
2310,26,2026-07-30,4.1,3.9,Main sump pump silt clogging from monsoon slurry,53.7,120.8
2311,26,2026-07-31,6.5,1.5,Shift changeover & inspection,87.4,315.3
2312,26,2026-08-01,6.7,1.3,Shift changeover & inspection,73.0,233.3
2313,26,2026-08-02,4.1,3.9,Main sump pump silt clogging from monsoon slurry,47.5,202.5
2314,26,2026-08-03,6.4,1.6,Shift changeover & inspection,82.1,318.0
2315,26,2026-08-04,2.8,5.2,Rainwater inundation at bottom pit bench (>40mm downpour),24.9,126.9
2316,26,2026-08-05,0.8,7.2,Engine overheated (>44°C ambient summer load),8.8,29.1
2317,26,2026-08-06,1.1,6.9,Blasting toxic fume / dust clearance standstill,11.6,27.4
2318,26,2026-08-07,6.8,1.2,Shift changeover & inspection,85.7,238.9
2319,26,2026-08-08,3.5,4.5,Tyre sidewall cut on sharp gondite boulders,35.5,118.7
2320,26,2026-08-09,6.0,2.0,Shift changeover & inspection,49.5,190.7
2321,26,2026-08-10,1.7,6.3,Tyre sidewall cut on sharp gondite boulders,17.0,37.6
2322,26,2026-08-11,5.7,2.3,Shift changeover & inspection,75.2,264.7
2323,26,2026-08-12,6.1,1.9,Shift changeover & inspection,66.7,168.8
2324,26,2026-08-13,5.7,2.3,Shift changeover & inspection,69.0,269.4
2325,26,2026-08-14,5.8,2.2,Shift changeover & inspection,67.5,272.3
2326,26,2026-08-15,6.9,1.1,Shift changeover & inspection,79.9,300.4
2327,26,2026-08-16,2.1,5.9,Rainwater inundation at bottom pit bench (>40mm downpour),23.9,89.1
2328,26,2026-08-17,6.6,1.4,Shift changeover & inspection,64.1,275.8
2329,26,2026-08-18,5.7,2.3,Shift changeover & inspection,62.8,149.9
2330,26,2026-08-19,4.5,3.5,Main sump pump silt clogging from monsoon slurry,43.6,174.2
2331,26,2026-08-20,2.0,6.0,Rainwater inundation at bottom pit bench (>40mm downpour),24.7,75.7
2332,26,2026-08-21,0.8,7.2,Rainwater inundation at bottom pit bench (>40mm downpour),10.2,35.6
2333,26,2026-08-22,6.8,1.2,Shift changeover & inspection,84.2,179.4
2334,26,2026-08-23,3.4,4.6,Tyre sidewall cut on sharp gondite boulders,34.2,168.3
2335,26,2026-08-24,4.3,3.7,Rainwater inundation at bottom pit bench (>40mm downpour),36.7,209.5
2336,26,2026-08-25,6.8,1.2,Shift changeover & inspection,88.1,315.0
2337,26,2026-08-26,7.4,0.6,,74.6,260.3
2338,26,2026-08-27,6.2,1.8,Shift changeover & inspection,58.1,173.8
2339,26,2026-08-28,6.5,1.5,Shift changeover & inspection,97.4,271.4
2340,26,2026-08-29,6.7,1.3,Shift changeover & inspection,80.4,160.2
2341,27,2026-06-01,6.9,1.1,Shift changeover & inspection,98.9,231.5
2342,27,2026-06-02,5.9,2.1,Shift changeover & inspection,74.9,259.9
2343,27,2026-06-03,6.9,1.1,Shift changeover & inspection,67.5,215.7
2344,27,2026-06-04,6.2,1.8,Shift changeover & inspection,85.8,241.3
2345,27,2026-06-05,6.6,1.4,Shift changeover & inspection,98.0,319.4
2346,27,2026-06-06,6.0,2.0,Shift changeover & inspection,53.0,203.5
2347,27,2026-06-07,1.6,6.4,Tyre sidewall cut on sharp gondite boulders,17.5,34.5
2348,27,2026-06-08,5.8,2.2,Shift changeover & inspection,48.4,255.6
2349,27,2026-06-09,1.4,6.6,Engine overheated (>44°C ambient summer load),14.4,40.1
2350,27,2026-06-10,5.7,2.3,Shift changeover & inspection,68.8,161.1
2351,27,2026-06-11,7.1,0.9,,83.8,209.0
2352,27,2026-06-12,7.0,1.0,Shift changeover & inspection,95.8,237.5
2353,27,2026-06-13,7.0,1.0,Shift changeover & inspection,77.5,299.5
2354,27,2026-06-14,7.4,0.6,,87.9,287.9
2355,27,2026-06-15,7.2,0.8,,90.9,163.4
2356,27,2026-06-16,1.8,6.2,Main sump pump silt clogging from monsoon slurry,16.9,62.1
2357,27,2026-06-17,2.8,5.2,DGMS statutory electrical ground-fault trip,35.7,117.4
2358,27,2026-06-18,6.4,1.6,Shift changeover & inspection,69.6,256.0
2359,27,2026-06-19,6.5,1.5,Shift changeover & inspection,57.5,310.2
2360,27,2026-06-20,6.3,1.7,Shift changeover & inspection,91.6,201.4
2361,27,2026-06-21,6.3,1.7,Shift changeover & inspection,90.7,171.0
2362,27,2026-06-22,6.8,1.2,Shift changeover & inspection,92.6,246.9
2363,27,2026-06-23,7.7,0.3,,97.9,165.8
2364,27,2026-06-24,5.6,2.4,Shift changeover & inspection,61.4,226.9
2365,27,2026-06-25,6.6,1.4,Shift changeover & inspection,89.6,258.6
2366,27,2026-06-26,6.5,1.5,Shift changeover & inspection,53.8,285.0
2367,27,2026-06-27,7.5,0.5,,88.3,356.3
2368,27,2026-06-28,1.5,6.5,Engine overheated (>44°C ambient summer load),19.6,57.1
2369,27,2026-06-29,6.7,1.3,Shift changeover & inspection,90.1,305.7
2370,27,2026-06-30,7.1,0.9,,62.5,270.5
2371,27,2026-07-01,2.3,5.7,Rainwater inundation at bottom pit bench (>40mm downpour),21.1,106.4
2372,27,2026-07-02,6.0,2.0,Shift changeover & inspection,48.3,238.8
2373,27,2026-07-03,6.3,1.7,Shift changeover & inspection,68.9,133.9
2374,27,2026-07-04,5.7,2.3,Shift changeover & inspection,53.5,194.7
2375,27,2026-07-05,6.0,2.0,Shift changeover & inspection,69.4,277.7
2376,27,2026-07-06,5.9,2.1,Shift changeover & inspection,49.4,246.7
2377,27,2026-07-07,4.3,3.7,Rainwater inundation at bottom pit bench (>40mm downpour),34.8,200.3
2378,27,2026-07-08,2.9,5.1,Tyre sidewall cut on sharp gondite boulders,35.0,137.0
2379,27,2026-07-09,5.9,2.1,Shift changeover & inspection,72.2,164.6
2380,27,2026-07-10,7.0,1.0,Shift changeover & inspection,99.1,182.4
2381,27,2026-07-11,7.1,0.9,,67.3,279.4
2382,27,2026-07-12,6.2,1.8,Shift changeover & inspection,84.1,150.2
2383,27,2026-07-13,6.0,2.0,Shift changeover & inspection,77.1,159.2
2384,27,2026-07-14,5.8,2.2,Shift changeover & inspection,66.3,189.5
2385,27,2026-07-15,2.9,5.1,Rainwater inundation at bottom pit bench (>40mm downpour),42.4,80.9
2386,27,2026-07-16,6.0,2.0,Shift changeover & inspection,73.4,249.8
2387,27,2026-07-17,7.4,0.6,,82.2,290.1
2388,27,2026-07-18,7.4,0.6,,84.5,331.1
2389,27,2026-07-19,6.0,2.0,Shift changeover & inspection,86.9,172.2
2390,27,2026-07-20,6.3,1.7,Shift changeover & inspection,84.6,222.8
2391,27,2026-07-21,5.7,2.3,Shift changeover & inspection,48.5,243.9
2392,27,2026-07-22,7.2,0.8,,77.7,162.0
2393,27,2026-07-23,7.8,0.2,,63.7,161.1
2394,27,2026-07-24,7.2,0.8,,76.5,338.0
2395,27,2026-07-25,1.8,6.2,Main sump pump silt clogging from monsoon slurry,24.5,75.3
2396,27,2026-07-26,3.2,4.8,Rainwater inundation at bottom pit bench (>40mm downpour),47.6,98.0
2397,27,2026-07-27,3.4,4.6,Main sump pump silt clogging from monsoon slurry,37.0,156.7
2398,27,2026-07-28,5.5,2.5,Shift changeover & inspection,54.3,217.3
2399,27,2026-07-29,3.9,4.1,Main sump pump silt clogging from monsoon slurry,35.8,175.8
2400,27,2026-07-30,7.5,0.5,,92.0,362.2
2401,27,2026-07-31,6.6,1.4,Shift changeover & inspection,58.8,251.6
2402,27,2026-08-01,1.5,6.5,Tyre sidewall cut on sharp gondite boulders,17.1,33.7
2403,27,2026-08-02,1.5,6.5,Main sump pump silt clogging from monsoon slurry,18.0,57.2
2404,27,2026-08-03,2.3,5.7,Main sump pump silt clogging from monsoon slurry,27.7,100.5
2405,27,2026-08-04,7.5,0.5,,89.3,356.8
2406,27,2026-08-05,7.2,0.8,,88.2,289.7
2407,27,2026-08-06,7.4,0.6,,62.5,342.5
2408,27,2026-08-07,6.9,1.1,Shift changeover & inspection,93.1,198.4
2409,27,2026-08-08,6.0,2.0,Shift changeover & inspection,60.3,156.7
2410,27,2026-08-09,7.5,0.5,,72.1,158.4
2411,27,2026-08-10,7.2,0.8,,65.9,215.5
2412,27,2026-08-11,5.8,2.2,Shift changeover & inspection,54.5,116.3
2413,27,2026-08-12,7.0,1.0,Shift changeover & inspection,57.3,145.0
2414,27,2026-08-13,5.5,2.5,Shift changeover & inspection,70.8,163.7
2415,27,2026-08-14,6.7,1.3,Shift changeover & inspection,73.9,221.5
2416,27,2026-08-15,7.3,0.7,,72.0,261.4
2417,27,2026-08-16,7.5,0.5,,60.4,201.3
2418,27,2026-08-17,7.7,0.3,,83.9,157.3
2419,27,2026-08-18,4.5,3.5,Rainwater inundation at bottom pit bench (>40mm downpour),48.0,121.0
2420,27,2026-08-19,2.1,5.9,Main sump pump silt clogging from monsoon slurry,23.5,57.4
2421,27,2026-08-20,7.7,0.3,,75.5,280.7
2422,27,2026-08-21,6.1,1.9,Shift changeover & inspection,86.1,164.3
2423,27,2026-08-22,6.9,1.1,Shift changeover & inspection,70.2,302.6
2424,27,2026-08-23,5.6,2.4,Shift changeover & inspection,54.0,200.7
2425,27,2026-08-24,5.9,2.1,Shift changeover & inspection,72.5,160.6
2426,27,2026-08-25,3.7,4.3,Rainwater inundation at bottom pit bench (>40mm downpour),32.3,176.9
2427,27,2026-08-26,0.7,7.3,Shaft winder cage guide rope alignment check,5.7,25.3
2428,27,2026-08-27,7.5,0.5,,86.6,242.6
2429,27,2026-08-28,7.0,1.0,Shift changeover & inspection,94.1,171.2
2430,27,2026-08-29,7.4,0.6,,92.4,237.7
2431,28,2026-06-01,6.4,1.6,Shift changeover & inspection,75.4,219.6
2432,28,2026-06-02,7.5,0.5,,67.1,177.2
2433,28,2026-06-03,6.0,2.0,Shift changeover & inspection,63.4,127.4
2434,28,2026-06-04,7.3,0.7,,86.5,259.2
2435,28,2026-06-05,6.0,2.0,Shift changeover & inspection,83.8,231.2
2436,28,2026-06-06,7.2,0.8,,61.1,268.3
2437,28,2026-06-07,7.6,0.4,,90.2,203.9
2438,28,2026-06-08,6.0,2.0,Shift changeover & inspection,77.9,189.1
2439,28,2026-06-09,6.1,1.9,Shift changeover & inspection,61.1,263.0
2440,28,2026-06-10,1.2,6.8,Blasting toxic fume / dust clearance standstill,10.6,48.0
2441,28,2026-06-11,5.8,2.2,Shift changeover & inspection,79.3,155.8
2442,28,2026-06-12,7.5,0.5,,111.2,179.7
2443,28,2026-06-13,7.1,0.9,,71.5,339.7
2444,28,2026-06-14,6.6,1.4,Shift changeover & inspection,93.9,246.7
2445,28,2026-06-15,7.5,0.5,,74.6,172.2
2446,28,2026-06-16,6.0,2.0,Shift changeover & inspection,50.4,247.1
2447,28,2026-06-17,6.2,1.8,Shift changeover & inspection,81.4,124.5
2448,28,2026-06-18,6.6,1.4,Shift changeover & inspection,53.0,278.6
2449,28,2026-06-19,6.4,1.6,Shift changeover & inspection,58.1,225.4
2450,28,2026-06-20,0.2,7.8,Rainwater inundation at bottom pit bench (>40mm downpour),2.7,4.6
2451,28,2026-06-21,6.2,1.8,Shift changeover & inspection,51.9,266.1
2452,28,2026-06-22,5.8,2.2,Shift changeover & inspection,60.9,247.2
2453,28,2026-06-23,6.9,1.1,Shift changeover & inspection,85.5,243.5
2454,28,2026-06-24,7.3,0.7,,85.8,330.8
2455,28,2026-06-25,6.7,1.3,Shift changeover & inspection,79.0,255.4
2456,28,2026-06-26,7.7,0.3,,79.3,171.0
2457,28,2026-06-27,6.1,1.9,Shift changeover & inspection,79.4,298.4
2458,28,2026-06-28,7.8,0.2,,65.6,335.2
2459,28,2026-06-29,7.3,0.7,,67.7,306.1
2460,28,2026-06-30,5.9,2.1,Shift changeover & inspection,79.1,173.4
2461,28,2026-07-01,6.4,1.6,Shift changeover & inspection,71.1,291.2
2462,28,2026-07-02,2.0,6.0,Rainwater inundation at bottom pit bench (>40mm downpour),20.5,83.2
2463,28,2026-07-03,6.2,1.8,Shift changeover & inspection,88.2,197.9
2464,28,2026-07-04,7.0,1.0,Shift changeover & inspection,81.9,210.2
2465,28,2026-07-05,4.3,3.7,Main sump pump silt clogging from monsoon slurry,57.6,166.0
2466,28,2026-07-06,7.1,0.9,,101.4,254.9
2467,28,2026-07-07,0.7,7.3,Rainwater inundation at bottom pit bench (>40mm downpour),8.7,31.6
2468,28,2026-07-08,7.1,0.9,,94.9,236.3
2469,28,2026-07-09,7.2,0.8,,63.1,234.1
2470,28,2026-07-10,6.9,1.1,Shift changeover & inspection,74.5,147.8
2471,28,2026-07-11,7.1,0.9,,88.1,179.5
2472,28,2026-07-12,7.4,0.6,,60.7,216.3
2473,28,2026-07-13,4.5,3.5,Rainwater inundation at bottom pit bench (>40mm downpour),58.4,145.2
2474,28,2026-07-14,2.3,5.7,Tyre sidewall cut on sharp gondite boulders,22.4,99.9
2475,28,2026-07-15,7.2,0.8,,94.2,195.9
2476,28,2026-07-16,2.4,5.6,Tyre sidewall cut on sharp gondite boulders,20.6,60.2
2477,28,2026-07-17,3.1,4.9,Rainwater inundation at bottom pit bench (>40mm downpour),43.2,85.7
2478,28,2026-07-18,3.7,4.3,Tyre sidewall cut on sharp gondite boulders,50.4,101.9
2479,28,2026-07-19,5.8,2.2,Shift changeover & inspection,48.9,207.7
2480,28,2026-07-20,4.3,3.7,Tyre sidewall cut on sharp gondite boulders,61.5,161.9
2481,28,2026-07-21,2.5,5.5,Main sump pump silt clogging from monsoon slurry,23.4,102.0
2482,28,2026-07-22,7.2,0.8,,88.9,314.3
2483,28,2026-07-23,3.7,4.3,Tyre sidewall cut on sharp gondite boulders,34.5,138.4
2484,28,2026-07-24,7.4,0.6,,109.6,364.9
2485,28,2026-07-25,6.5,1.5,Shift changeover & inspection,81.4,256.6
2486,28,2026-07-26,6.4,1.6,Shift changeover & inspection,57.6,204.0
2487,28,2026-07-27,7.4,0.6,,61.6,321.3
2488,28,2026-07-28,6.0,2.0,Shift changeover & inspection,50.9,202.7
2489,28,2026-07-29,7.1,0.9,,95.1,304.5
2490,28,2026-07-30,4.4,3.6,Main sump pump silt clogging from monsoon slurry,49.3,92.8
2491,28,2026-07-31,6.9,1.1,Shift changeover & inspection,55.8,143.0
2492,28,2026-08-01,5.8,2.2,Shift changeover & inspection,53.3,122.6
2493,28,2026-08-02,5.5,2.5,Shift changeover & inspection,61.1,115.7
2494,28,2026-08-03,2.3,5.7,Main sump pump silt clogging from monsoon slurry,24.1,54.1
2495,28,2026-08-04,3.3,4.7,Tyre sidewall cut on sharp gondite boulders,45.5,78.1
2496,28,2026-08-05,3.9,4.1,Tyre sidewall cut on sharp gondite boulders,36.2,182.6
2497,28,2026-08-06,3.6,4.4,Main sump pump silt clogging from monsoon slurry,38.1,98.0
2498,28,2026-08-07,1.0,7.0,Blasting toxic fume / dust clearance standstill,12.4,30.1
2499,28,2026-08-08,6.4,1.6,Shift changeover & inspection,68.5,275.0
2500,28,2026-08-09,1.8,6.2,Engine overheated (>44°C ambient summer load),19.3,80.2
2501,28,2026-08-10,7.4,0.6,,90.5,272.0
2502,28,2026-08-11,3.1,4.9,Rainwater inundation at bottom pit bench (>40mm downpour),45.7,137.4
2503,28,2026-08-12,7.6,0.4,,82.7,232.0
2504,28,2026-08-13,0.8,7.2,Tyre sidewall cut on sharp gondite boulders,6.9,19.4
2505,28,2026-08-14,3.7,4.3,Rainwater inundation at bottom pit bench (>40mm downpour),48.3,105.7
2506,28,2026-08-15,1.8,6.2,Engine overheated (>44°C ambient summer load),25.7,66.8
2507,28,2026-08-16,6.1,1.9,Shift changeover & inspection,73.5,233.1
2508,28,2026-08-17,7.2,0.8,,69.0,246.5
2509,28,2026-08-18,7.7,0.3,,79.7,154.3
2510,28,2026-08-19,5.6,2.4,Shift changeover & inspection,61.6,159.5
2511,28,2026-08-20,5.6,2.4,Shift changeover & inspection,74.4,192.8
2512,28,2026-08-21,5.7,2.3,Shift changeover & inspection,84.0,179.5
2513,28,2026-08-22,2.7,5.3,Main sump pump silt clogging from monsoon slurry,28.1,66.5
2514,28,2026-08-23,6.6,1.4,Shift changeover & inspection,54.6,242.4
2515,28,2026-08-24,2.5,5.5,Rainwater inundation at bottom pit bench (>40mm downpour),25.4,72.3
2516,28,2026-08-25,2.2,5.8,Tyre sidewall cut on sharp gondite boulders,31.9,99.4
2517,28,2026-08-26,7.2,0.8,,96.7,219.9
2518,28,2026-08-27,6.0,2.0,Shift changeover & inspection,70.5,130.6
2519,28,2026-08-28,3.8,4.2,Rainwater inundation at bottom pit bench (>40mm downpour),43.1,144.5
2520,28,2026-08-29,7.2,0.8,,84.5,162.7
2521,29,2026-06-01,6.9,1.1,Shift changeover & inspection,268.8,575.0
2522,29,2026-06-02,7.3,0.7,,181.5,330.2
2523,29,2026-06-03,6.5,1.5,Shift changeover & inspection,212.9,572.5
2524,29,2026-06-04,5.6,2.4,Shift changeover & inspection,244.2,319.6
2525,29,2026-06-05,6.8,1.2,Shift changeover & inspection,274.7,325.3
2526,29,2026-06-06,5.6,2.4,Shift changeover & inspection,137.1,330.1
2527,29,2026-06-07,6.9,1.1,Shift changeover & inspection,170.4,442.2
2528,29,2026-06-08,5.6,2.4,Shift changeover & inspection,247.9,521.4
2529,29,2026-06-09,6.9,1.1,Shift changeover & inspection,225.3,377.1
2530,29,2026-06-10,7.0,1.0,Shift changeover & inspection,262.1,635.9
2531,29,2026-06-11,6.4,1.6,Shift changeover & inspection,142.4,607.3
2532,29,2026-06-12,5.5,2.5,Shift changeover & inspection,175.1,308.3
2533,29,2026-06-13,7.2,0.8,,310.7,598.3
2534,29,2026-06-14,6.0,2.0,Shift changeover & inspection,219.1,319.7
2535,29,2026-06-15,6.0,2.0,Shift changeover & inspection,175.7,473.7
2536,29,2026-06-16,1.6,6.4,Hydraulic hose burst / high pressure pump cavitation,47.5,82.6
2537,29,2026-06-17,5.6,2.4,Shift changeover & inspection,131.5,404.2
2538,29,2026-06-18,2.9,5.1,Rainwater inundation at bottom pit bench (>40mm downpour),73.9,189.8
2539,29,2026-06-19,7.5,0.5,,307.7,503.0
2540,29,2026-06-20,7.7,0.3,,305.9,525.6
2541,29,2026-06-21,1.8,6.2,Tyre sidewall cut on sharp gondite boulders,47.5,81.9
2542,29,2026-06-22,7.4,0.6,,248.3,556.1
2543,29,2026-06-23,7.6,0.4,,235.7,503.6
2544,29,2026-06-24,6.3,1.7,Shift changeover & inspection,212.2,453.9
2545,29,2026-06-25,6.5,1.5,Shift changeover & inspection,218.0,543.7
2546,29,2026-06-26,7.7,0.3,,240.4,675.6
2547,29,2026-06-27,6.5,1.5,Shift changeover & inspection,152.8,520.3
2548,29,2026-06-28,7.6,0.4,,168.6,424.7
2549,29,2026-06-29,7.2,0.8,,207.9,344.2
2550,29,2026-06-30,6.8,1.2,Shift changeover & inspection,150.0,426.2
2551,29,2026-07-01,7.6,0.4,,169.0,479.0
2552,29,2026-07-02,5.9,2.1,Shift changeover & inspection,223.1,360.1
2553,29,2026-07-03,2.4,5.6,Main sump pump silt clogging from monsoon slurry,71.0,155.7
2554,29,2026-07-04,0.2,7.8,Rainwater inundation at bottom pit bench (>40mm downpour),8.8,12.0
2555,29,2026-07-05,4.1,3.9,Rainwater inundation at bottom pit bench (>40mm downpour),127.0,204.6
2556,29,2026-07-06,0.7,7.3,DGMS statutory electrical ground-fault trip,23.1,51.5
2557,29,2026-07-07,4.4,3.6,Rainwater inundation at bottom pit bench (>40mm downpour),157.2,351.2
2558,29,2026-07-08,3.4,4.6,Rainwater inundation at bottom pit bench (>40mm downpour),86.5,267.6
2559,29,2026-07-09,5.9,2.1,Shift changeover & inspection,223.1,280.8
2560,29,2026-07-10,2.1,5.9,Tyre sidewall cut on sharp gondite boulders,91.3,96.7
2561,29,2026-07-11,3.5,4.5,Tyre sidewall cut on sharp gondite boulders,77.6,265.0
2562,29,2026-07-12,6.2,1.8,Shift changeover & inspection,251.4,457.1
2563,29,2026-07-13,7.2,0.8,,197.5,391.1
2564,29,2026-07-14,2.4,5.6,Rainwater inundation at bottom pit bench (>40mm downpour),80.2,145.3
2565,29,2026-07-15,6.2,1.8,Shift changeover & inspection,187.0,302.4
2566,29,2026-07-16,3.2,4.8,Tyre sidewall cut on sharp gondite boulders,95.0,237.5
2567,29,2026-07-17,4.1,3.9,Tyre sidewall cut on sharp gondite boulders,174.7,313.6
2568,29,2026-07-18,1.5,6.5,Blasting toxic fume / dust clearance standstill,52.1,93.5
2569,29,2026-07-19,7.1,0.9,,192.8,531.3
2570,29,2026-07-20,7.4,0.6,,222.7,664.8
2571,29,2026-07-21,6.2,1.8,Shift changeover & inspection,258.4,525.4
2572,29,2026-07-22,7.2,0.8,,290.1,330.6
2573,29,2026-07-23,3.3,4.7,Tyre sidewall cut on sharp gondite boulders,112.2,208.6
2574,29,2026-07-24,2.5,5.5,Rainwater inundation at bottom pit bench (>40mm downpour),67.0,218.3
2575,29,2026-07-25,7.0,1.0,Shift changeover & inspection,218.2,505.2
2576,29,2026-07-26,7.0,1.0,Shift changeover & inspection,179.3,606.2
2577,29,2026-07-27,3.3,4.7,Main sump pump silt clogging from monsoon slurry,92.8,260.1
2578,29,2026-07-28,2.2,5.8,Rainwater inundation at bottom pit bench (>40mm downpour),59.4,161.9
2579,29,2026-07-29,6.2,1.8,Shift changeover & inspection,222.3,316.7
2580,29,2026-07-30,4.3,3.7,Rainwater inundation at bottom pit bench (>40mm downpour),100.7,287.1
2581,29,2026-07-31,7.3,0.7,,261.3,402.8
2582,29,2026-08-01,7.4,0.6,,179.2,663.9
2583,29,2026-08-02,3.4,4.6,Rainwater inundation at bottom pit bench (>40mm downpour),96.9,245.2
2584,29,2026-08-03,1.9,6.1,Rainwater inundation at bottom pit bench (>40mm downpour),53.8,132.5
2585,29,2026-08-04,5.8,2.2,Shift changeover & inspection,141.0,507.3
2586,29,2026-08-05,5.6,2.4,Shift changeover & inspection,247.2,347.8
2587,29,2026-08-06,6.7,1.3,Shift changeover & inspection,197.3,456.8
2588,29,2026-08-07,4.5,3.5,Main sump pump silt clogging from monsoon slurry,117.5,397.2
2589,29,2026-08-08,7.2,0.8,,199.1,550.7
2590,29,2026-08-09,6.3,1.7,Shift changeover & inspection,172.3,499.7
2591,29,2026-08-10,7.3,0.7,,176.7,429.9
2592,29,2026-08-11,4.5,3.5,Rainwater inundation at bottom pit bench (>40mm downpour),155.2,283.8
2593,29,2026-08-12,7.7,0.3,,280.0,623.9
2594,29,2026-08-13,6.7,1.3,Shift changeover & inspection,201.8,610.0
2595,29,2026-08-14,7.5,0.5,,337.0,617.1
2596,29,2026-08-15,2.4,5.6,Rainwater inundation at bottom pit bench (>40mm downpour),67.2,215.2
2597,29,2026-08-16,6.0,2.0,Shift changeover & inspection,265.4,320.0
2598,29,2026-08-17,3.9,4.1,Rainwater inundation at bottom pit bench (>40mm downpour),169.6,188.6
2599,29,2026-08-18,5.6,2.4,Shift changeover & inspection,200.4,274.1
2600,29,2026-08-19,2.5,5.5,DGMS statutory electrical ground-fault trip,56.2,233.0
2601,29,2026-08-20,5.5,2.5,Shift changeover & inspection,246.6,297.9
2602,29,2026-08-21,5.6,2.4,Shift changeover & inspection,243.9,479.9
2603,29,2026-08-22,7.1,0.9,,287.3,548.5
2604,29,2026-08-23,5.9,2.1,Shift changeover & inspection,244.8,497.3
2605,29,2026-08-24,2.5,5.5,Shaft winder cage guide rope alignment check,82.9,170.5
2606,29,2026-08-25,3.4,4.6,Rainwater inundation at bottom pit bench (>40mm downpour),108.7,276.6
2607,29,2026-08-26,6.2,1.8,Shift changeover & inspection,203.8,458.1
2608,29,2026-08-27,4.1,3.9,Tyre sidewall cut on sharp gondite boulders,113.4,199.0
2609,29,2026-08-28,6.2,1.8,Shift changeover & inspection,208.2,328.2
2610,29,2026-08-29,1.8,6.2,Tyre sidewall cut on sharp gondite boulders,64.3,121.4
2611,30,2026-06-01,6.1,1.9,Shift changeover & inspection,144.1,460.0
2612,30,2026-06-02,6.0,2.0,Shift changeover & inspection,134.0,348.5
2613,30,2026-06-03,7.0,1.0,Shift changeover & inspection,251.5,497.3
2614,30,2026-06-04,6.2,1.8,Shift changeover & inspection,142.7,549.7
2615,30,2026-06-05,2.2,5.8,Shaft winder cage guide rope alignment check,60.6,125.8
2616,30,2026-06-06,7.5,0.5,,312.8,375.5
2617,30,2026-06-07,6.3,1.7,Shift changeover & inspection,184.2,372.0
2618,30,2026-06-08,6.4,1.6,Shift changeover & inspection,148.9,502.9
2619,30,2026-06-09,7.2,0.8,,240.3,444.4
2620,30,2026-06-10,2.9,5.1,Hydraulic hose burst / high pressure pump cavitation,93.8,181.8
2621,30,2026-06-11,7.6,0.4,,200.4,583.8
2622,30,2026-06-12,6.0,2.0,Shift changeover & inspection,263.1,314.5
2623,30,2026-06-13,7.3,0.7,,191.8,380.5
2624,30,2026-06-14,7.3,0.7,,324.6,431.6
2625,30,2026-06-15,6.8,1.2,Shift changeover & inspection,181.9,500.8
2626,30,2026-06-16,7.4,0.6,,238.9,450.9
2627,30,2026-06-17,7.4,0.6,,200.8,472.6
2628,30,2026-06-18,5.6,2.4,Shift changeover & inspection,194.0,283.6
2629,30,2026-06-19,5.9,2.1,Shift changeover & inspection,233.5,499.8
2630,30,2026-06-20,5.8,2.2,Shift changeover & inspection,233.4,353.5
2631,30,2026-06-21,7.5,0.5,,295.4,557.5
2632,30,2026-06-22,5.9,2.1,Shift changeover & inspection,170.1,496.5
2633,30,2026-06-23,6.4,1.6,Shift changeover & inspection,235.4,447.4
2634,30,2026-06-24,6.6,1.4,Shift changeover & inspection,178.4,408.5
2635,30,2026-06-25,6.3,1.7,Shift changeover & inspection,186.5,436.3
2636,30,2026-06-26,7.7,0.3,,188.9,565.8
2637,30,2026-06-27,7.5,0.5,,295.9,470.7
2638,30,2026-06-28,7.5,0.5,,184.8,550.5
2639,30,2026-06-29,6.2,1.8,Shift changeover & inspection,256.8,294.2
2640,30,2026-06-30,7.2,0.8,,240.7,591.4
2641,30,2026-07-01,5.6,2.4,Shift changeover & inspection,202.4,398.4
2642,30,2026-07-02,2.7,5.3,Tyre sidewall cut on sharp gondite boulders,66.1,192.8
2643,30,2026-07-03,4.1,3.9,Main sump pump silt clogging from monsoon slurry,131.5,310.1
2644,30,2026-07-04,3.3,4.7,Main sump pump silt clogging from monsoon slurry,73.6,163.6
2645,30,2026-07-05,7.6,0.4,,187.3,482.5
2646,30,2026-07-06,2.9,5.1,Rainwater inundation at bottom pit bench (>40mm downpour),76.2,273.2
2647,30,2026-07-07,7.3,0.7,,187.0,422.2
2648,30,2026-07-08,1.2,6.8,Hydraulic hose burst / high pressure pump cavitation,38.8,113.0
2649,30,2026-07-09,7.6,0.4,,268.1,645.0
2650,30,2026-07-10,3.4,4.6,Tyre sidewall cut on sharp gondite boulders,116.7,232.3
2651,30,2026-07-11,4.3,3.7,Tyre sidewall cut on sharp gondite boulders,183.2,218.8
2652,30,2026-07-12,7.2,0.8,,161.9,591.7
2653,30,2026-07-13,5.5,2.5,Shift changeover & inspection,145.3,520.8
2654,30,2026-07-14,6.5,1.5,Shift changeover & inspection,144.7,390.6
2655,30,2026-07-15,6.1,1.9,Shift changeover & inspection,241.1,307.8
2656,30,2026-07-16,5.6,2.4,Shift changeover & inspection,220.1,388.5
2657,30,2026-07-17,6.0,2.0,Shift changeover & inspection,172.3,274.5
2658,30,2026-07-18,6.2,1.8,Shift changeover & inspection,197.9,467.1
2659,30,2026-07-19,7.0,1.0,Shift changeover & inspection,250.2,544.0
2660,30,2026-07-20,5.7,2.3,Shift changeover & inspection,200.0,509.0
2661,30,2026-07-21,4.2,3.8,Rainwater inundation at bottom pit bench (>40mm downpour),159.8,220.1
2662,30,2026-07-22,3.5,4.5,Main sump pump silt clogging from monsoon slurry,84.1,220.7
2663,30,2026-07-23,6.6,1.4,Shift changeover & inspection,292.1,522.6
2664,30,2026-07-24,3.0,5.0,Rainwater inundation at bottom pit bench (>40mm downpour),90.8,154.9
2665,30,2026-07-25,5.7,2.3,Shift changeover & inspection,174.8,278.6
2666,30,2026-07-26,7.3,0.7,,196.7,488.3
2667,30,2026-07-27,5.9,2.1,Shift changeover & inspection,158.5,538.5
2668,30,2026-07-28,7.2,0.8,,217.6,350.2
2669,30,2026-07-29,3.5,4.5,Tyre sidewall cut on sharp gondite boulders,118.9,332.2
2670,30,2026-07-30,6.8,1.2,Shift changeover & inspection,259.4,492.1
2671,30,2026-07-31,6.9,1.1,Shift changeover & inspection,248.4,334.0
2672,30,2026-08-01,4.5,3.5,Rainwater inundation at bottom pit bench (>40mm downpour),147.6,209.0
2673,30,2026-08-02,5.9,2.1,Shift changeover & inspection,196.0,456.2
2674,30,2026-08-03,2.9,5.1,Rainwater inundation at bottom pit bench (>40mm downpour),90.8,205.7
2675,30,2026-08-04,3.2,4.8,Rainwater inundation at bottom pit bench (>40mm downpour),102.6,168.7
2676,30,2026-08-05,3.0,5.0,Tyre sidewall cut on sharp gondite boulders,117.2,284.0
2677,30,2026-08-06,7.4,0.6,,224.1,438.8
2678,30,2026-08-07,4.0,4.0,Rainwater inundation at bottom pit bench (>40mm downpour),170.1,247.2
2679,30,2026-08-08,3.3,4.7,Main sump pump silt clogging from monsoon slurry,94.8,236.4
2680,30,2026-08-09,2.8,5.2,Tyre sidewall cut on sharp gondite boulders,94.2,128.0
2681,30,2026-08-10,7.1,0.9,,213.6,416.3
2682,30,2026-08-11,5.9,2.1,Shift changeover & inspection,152.3,343.3
2683,30,2026-08-12,1.8,6.2,Tyre sidewall cut on sharp gondite boulders,79.2,157.6
2684,30,2026-08-13,1.8,6.2,Main sump pump silt clogging from monsoon slurry,41.3,119.8
2685,30,2026-08-14,1.9,6.1,Rainwater inundation at bottom pit bench (>40mm downpour),44.2,154.7
2686,30,2026-08-15,6.1,1.9,Shift changeover & inspection,163.8,467.7
2687,30,2026-08-16,7.4,0.6,,234.7,369.7
2688,30,2026-08-17,2.3,5.7,Main sump pump silt clogging from monsoon slurry,80.9,118.6
2689,30,2026-08-18,2.1,5.9,Main sump pump silt clogging from monsoon slurry,89.8,195.2
2690,30,2026-08-19,5.7,2.3,Shift changeover & inspection,233.8,429.4
2691,30,2026-08-20,4.0,4.0,Tyre sidewall cut on sharp gondite boulders,162.3,347.7
2692,30,2026-08-21,7.8,0.2,,189.3,566.7
2693,30,2026-08-22,2.5,5.5,Main sump pump silt clogging from monsoon slurry,60.0,229.2
2694,30,2026-08-23,2.9,5.1,Rainwater inundation at bottom pit bench (>40mm downpour),125.8,153.3
2695,30,2026-08-24,6.0,2.0,Shift changeover & inspection,144.1,479.6
2696,30,2026-08-25,6.3,1.7,Shift changeover & inspection,142.4,375.3
2697,30,2026-08-26,3.4,4.6,Main sump pump silt clogging from monsoon slurry,131.8,299.6
2698,30,2026-08-27,6.3,1.7,Shift changeover & inspection,171.8,410.1
2699,30,2026-08-28,7.0,1.0,Shift changeover & inspection,237.8,649.5
2700,30,2026-08-29,5.8,2.2,Shift changeover & inspection,224.3,514.6
2701,31,2026-06-01,7.6,0.4,,74.3,348.4
2702,31,2026-06-02,6.2,1.8,Shift changeover & inspection,75.2,198.9
2703,31,2026-06-03,7.6,0.4,,101.7,308.5
2704,31,2026-06-04,6.4,1.6,Shift changeover & inspection,78.1,214.5
2705,31,2026-06-05,5.9,2.1,Shift changeover & inspection,72.5,264.8
2706,31,2026-06-06,6.9,1.1,Shift changeover & inspection,61.0,163.2
2707,31,2026-06-07,5.7,2.3,Shift changeover & inspection,81.5,275.7
2708,31,2026-06-08,6.2,1.8,Shift changeover & inspection,62.2,290.5
2709,31,2026-06-09,7.0,1.0,Shift changeover & inspection,95.3,188.3
2710,31,2026-06-10,5.6,2.4,Shift changeover & inspection,50.1,233.9
2711,31,2026-06-11,5.5,2.5,Shift changeover & inspection,45.8,261.3
2712,31,2026-06-12,6.6,1.4,Shift changeover & inspection,96.7,256.4
2713,31,2026-06-13,6.0,2.0,Shift changeover & inspection,53.2,143.3
2714,31,2026-06-14,7.7,0.3,,111.1,345.9
2715,31,2026-06-15,5.8,2.2,Shift changeover & inspection,62.5,275.5
2716,31,2026-06-16,7.5,0.5,,109.8,164.9
2717,31,2026-06-17,7.8,0.2,,65.2,218.4
2718,31,2026-06-18,6.8,1.2,Shift changeover & inspection,86.8,288.4
2719,31,2026-06-19,7.0,1.0,Shift changeover & inspection,94.5,308.2
2720,31,2026-06-20,5.8,2.2,Shift changeover & inspection,60.3,272.8
2721,31,2026-06-21,7.2,0.8,,83.4,206.9
2722,31,2026-06-22,6.7,1.3,Shift changeover & inspection,79.8,332.9
2723,31,2026-06-23,5.7,2.3,Shift changeover & inspection,62.2,265.2
2724,31,2026-06-24,6.5,1.5,Shift changeover & inspection,95.1,216.7
2725,31,2026-06-25,3.3,4.7,DGMS statutory electrical ground-fault trip,34.9,97.3
2726,31,2026-06-26,7.1,0.9,,98.0,353.4
2727,31,2026-06-27,0.3,7.7,Main sump pump silt clogging from monsoon slurry,3.2,10.8
2728,31,2026-06-28,6.4,1.6,Shift changeover & inspection,67.8,290.7
2729,31,2026-06-29,6.2,1.8,Shift changeover & inspection,91.4,222.1
2730,31,2026-06-30,7.2,0.8,,87.3,342.4
2731,31,2026-07-01,7.0,1.0,Shift changeover & inspection,74.5,347.0
2732,31,2026-07-02,3.2,4.8,Rainwater inundation at bottom pit bench (>40mm downpour),46.1,86.7
2733,31,2026-07-03,6.0,2.0,Shift changeover & inspection,73.9,215.5
2734,31,2026-07-04,7.6,0.4,,78.5,231.6
2735,31,2026-07-05,2.7,5.3,Rainwater inundation at bottom pit bench (>40mm downpour),39.0,123.1
2736,31,2026-07-06,1.4,6.6,Main sump pump silt clogging from monsoon slurry,12.2,54.3
2737,31,2026-07-07,7.7,0.3,,100.8,261.9
2738,31,2026-07-08,7.0,1.0,Shift changeover & inspection,71.3,164.5
2739,31,2026-07-09,6.4,1.6,Shift changeover & inspection,56.8,199.8
2740,31,2026-07-10,7.1,0.9,,105.3,147.2
2741,31,2026-07-11,7.1,0.9,,96.0,234.6
2742,31,2026-07-12,2.1,5.9,Rainwater inundation at bottom pit bench (>40mm downpour),28.2,103.8
2743,31,2026-07-13,1.5,6.5,Tyre sidewall cut on sharp gondite boulders,14.0,58.6
2744,31,2026-07-14,7.5,0.5,,93.1,303.4
2745,31,2026-07-15,6.8,1.2,Shift changeover & inspection,100.6,269.7
2746,31,2026-07-16,6.2,1.8,Shift changeover & inspection,91.7,197.1
2747,31,2026-07-17,3.1,4.9,Main sump pump silt clogging from monsoon slurry,31.7,92.1
2748,31,2026-07-18,6.5,1.5,Shift changeover & inspection,83.8,284.9
2749,31,2026-07-19,7.6,0.4,,67.0,296.5
2750,31,2026-07-20,5.8,2.2,Shift changeover & inspection,85.4,161.2
2751,31,2026-07-21,2.0,6.0,Engine overheated (>44°C ambient summer load),19.4,88.0
2752,31,2026-07-22,6.5,1.5,Shift changeover & inspection,87.6,200.2
2753,31,2026-07-23,6.1,1.9,Shift changeover & inspection,75.1,171.5
2754,31,2026-07-24,7.2,0.8,,81.0,175.9
2755,31,2026-07-25,6.7,1.3,Shift changeover & inspection,82.7,161.9
2756,31,2026-07-26,3.7,4.3,Main sump pump silt clogging from monsoon slurry,37.3,184.0
2757,31,2026-07-27,3.6,4.4,Rainwater inundation at bottom pit bench (>40mm downpour),52.1,77.7
2758,31,2026-07-28,7.7,0.3,,74.3,179.4
2759,31,2026-07-29,3.1,4.9,Rainwater inundation at bottom pit bench (>40mm downpour),41.0,75.8
2760,31,2026-07-30,2.0,6.0,Main sump pump silt clogging from monsoon slurry,21.5,94.0
2761,31,2026-07-31,7.7,0.3,,67.6,273.5
2762,31,2026-08-01,7.4,0.6,,90.5,203.9
2763,31,2026-08-02,5.8,2.2,Shift changeover & inspection,76.1,275.3
2764,31,2026-08-03,7.4,0.6,,78.1,344.9
2765,31,2026-08-04,2.2,5.8,Main sump pump silt clogging from monsoon slurry,26.3,93.5
2766,31,2026-08-05,4.4,3.6,Tyre sidewall cut on sharp gondite boulders,51.7,107.5
2767,31,2026-08-06,4.2,3.8,Main sump pump silt clogging from monsoon slurry,36.6,142.9
2768,31,2026-08-07,3.4,4.6,Main sump pump silt clogging from monsoon slurry,43.6,101.6
2769,31,2026-08-08,5.6,2.4,Shift changeover & inspection,49.6,218.5
2770,31,2026-08-09,7.2,0.8,,84.0,314.3
2771,31,2026-08-10,5.6,2.4,Shift changeover & inspection,55.0,263.4
2772,31,2026-08-11,2.7,5.3,Rainwater inundation at bottom pit bench (>40mm downpour),25.1,84.9
2773,31,2026-08-12,6.2,1.8,Shift changeover & inspection,64.4,137.9
2774,31,2026-08-13,6.4,1.6,Shift changeover & inspection,56.8,313.1
2775,31,2026-08-14,6.1,1.9,Shift changeover & inspection,61.4,212.5
2776,31,2026-08-15,3.0,5.0,Tyre sidewall cut on sharp gondite boulders,29.2,126.3
2777,31,2026-08-16,6.1,1.9,Shift changeover & inspection,50.8,258.1
2778,31,2026-08-17,5.6,2.4,Shift changeover & inspection,78.5,191.2
2779,31,2026-08-18,3.0,5.0,Rainwater inundation at bottom pit bench (>40mm downpour),29.7,135.3
2780,31,2026-08-19,7.3,0.7,,107.9,196.6
2781,31,2026-08-20,1.3,6.7,DGMS statutory electrical ground-fault trip,13.2,47.3
2782,31,2026-08-21,5.5,2.5,Shift changeover & inspection,67.6,179.6
2783,31,2026-08-22,7.1,0.9,,81.5,283.7
2784,31,2026-08-23,6.8,1.2,Shift changeover & inspection,60.7,272.9
2785,31,2026-08-24,6.0,2.0,Shift changeover & inspection,60.6,238.6
2786,31,2026-08-25,2.0,6.0,Tyre sidewall cut on sharp gondite boulders,19.4,89.3
2787,31,2026-08-26,5.6,2.4,Shift changeover & inspection,62.9,143.4
2788,31,2026-08-27,3.9,4.1,Tyre sidewall cut on sharp gondite boulders,41.4,119.7
2789,31,2026-08-28,1.7,6.3,Tyre sidewall cut on sharp gondite boulders,20.8,43.6
2790,31,2026-08-29,6.9,1.1,Shift changeover & inspection,66.6,238.3
2791,32,2026-06-01,5.7,2.3,Shift changeover & inspection,50.4,139.9
2792,32,2026-06-02,6.3,1.7,Shift changeover & inspection,58.1,187.4
2793,32,2026-06-03,5.8,2.2,Shift changeover & inspection,60.6,152.3
2794,32,2026-06-04,7.0,1.0,Shift changeover & inspection,87.2,319.7
2795,32,2026-06-05,5.7,2.3,Shift changeover & inspection,66.5,204.0
2796,32,2026-06-06,5.9,2.1,Shift changeover & inspection,79.2,118.4
2797,32,2026-06-07,7.1,0.9,,87.1,275.2
2798,32,2026-06-08,5.6,2.4,Shift changeover & inspection,63.8,208.2
2799,32,2026-06-09,7.3,0.7,,69.4,314.3
2800,32,2026-06-10,5.7,2.3,Shift changeover & inspection,65.0,144.9
2801,32,2026-06-11,6.7,1.3,Shift changeover & inspection,55.1,204.6
2802,32,2026-06-12,6.2,1.8,Shift changeover & inspection,83.2,187.1
2803,32,2026-06-13,6.5,1.5,Shift changeover & inspection,96.1,151.9
2804,32,2026-06-14,5.6,2.4,Shift changeover & inspection,51.2,112.5
2805,32,2026-06-15,7.1,0.9,,84.6,210.0
2806,32,2026-06-16,6.9,1.1,Shift changeover & inspection,70.8,282.1
2807,32,2026-06-17,5.6,2.4,Shift changeover & inspection,55.0,180.6
2808,32,2026-06-18,7.1,0.9,,99.6,203.5
2809,32,2026-06-19,0.9,7.1,Tyre sidewall cut on sharp gondite boulders,12.7,19.9
2810,32,2026-06-20,6.7,1.3,Shift changeover & inspection,87.3,302.9
2811,32,2026-06-21,5.6,2.4,Shift changeover & inspection,81.8,229.2
2812,32,2026-06-22,0.9,7.1,DGMS statutory electrical ground-fault trip,13.4,42.3
2813,32,2026-06-23,6.0,2.0,Shift changeover & inspection,49.9,203.3
2814,32,2026-06-24,6.4,1.6,Shift changeover & inspection,59.6,315.4
2815,32,2026-06-25,5.9,2.1,Shift changeover & inspection,56.3,139.8
2816,32,2026-06-26,6.5,1.5,Shift changeover & inspection,58.2,301.4
2817,32,2026-06-27,7.7,0.3,,110.4,281.2
2818,32,2026-06-28,7.3,0.7,,74.1,358.7
2819,32,2026-06-29,7.4,0.6,,92.9,202.7
2820,32,2026-06-30,7.6,0.4,,69.1,174.5
2821,32,2026-07-01,7.0,1.0,Shift changeover & inspection,104.6,203.2
2822,32,2026-07-02,4.0,4.0,Rainwater inundation at bottom pit bench (>40mm downpour),40.6,127.6
2823,32,2026-07-03,4.3,3.7,Rainwater inundation at bottom pit bench (>40mm downpour),63.6,103.1
2824,32,2026-07-04,6.3,1.7,Shift changeover & inspection,53.5,214.3
2825,32,2026-07-05,7.4,0.6,,89.3,345.1
2826,32,2026-07-06,6.7,1.3,Shift changeover & inspection,88.0,137.3
2827,32,2026-07-07,6.2,1.8,Shift changeover & inspection,69.5,307.4
2828,32,2026-07-08,2.9,5.1,Tyre sidewall cut on sharp gondite boulders,39.1,111.6
2829,32,2026-07-09,2.8,5.2,Main sump pump silt clogging from monsoon slurry,33.6,118.0
2830,32,2026-07-10,3.3,4.7,Rainwater inundation at bottom pit bench (>40mm downpour),45.1,84.3
2831,32,2026-07-11,6.2,1.8,Shift changeover & inspection,54.9,180.2
2832,32,2026-07-12,1.8,6.2,Rainwater inundation at bottom pit bench (>40mm downpour),26.1,64.6
2833,32,2026-07-13,3.0,5.0,Engine overheated (>44°C ambient summer load),29.1,79.0
2834,32,2026-07-14,7.0,1.0,Shift changeover & inspection,70.2,168.5
2835,32,2026-07-15,3.6,4.4,Tyre sidewall cut on sharp gondite boulders,48.1,152.4
2836,32,2026-07-16,7.3,0.7,,60.7,207.1
2837,32,2026-07-17,7.6,0.4,,109.7,343.0
2838,32,2026-07-18,4.4,3.6,Main sump pump silt clogging from monsoon slurry,42.9,88.9
2839,32,2026-07-19,4.0,4.0,Rainwater inundation at bottom pit bench (>40mm downpour),39.7,85.0
2840,32,2026-07-20,6.9,1.1,Shift changeover & inspection,77.8,339.3
2841,32,2026-07-21,6.7,1.3,Shift changeover & inspection,79.7,221.8
2842,32,2026-07-22,7.6,0.4,,92.1,176.6
2843,32,2026-07-23,6.9,1.1,Shift changeover & inspection,83.0,161.2
2844,32,2026-07-24,7.7,0.3,,111.8,168.7
2845,32,2026-07-25,7.0,1.0,Shift changeover & inspection,76.4,228.1
2846,32,2026-07-26,6.3,1.7,Shift changeover & inspection,93.4,240.4
2847,32,2026-07-27,7.4,0.6,,76.3,265.0
2848,32,2026-07-28,6.1,1.9,Shift changeover & inspection,52.1,162.8
2849,32,2026-07-29,5.7,2.3,Shift changeover & inspection,68.9,217.4
2850,32,2026-07-30,3.1,4.9,Main sump pump silt clogging from monsoon slurry,41.7,81.3
2851,32,2026-07-31,4.0,4.0,Main sump pump silt clogging from monsoon slurry,39.8,165.3
2852,32,2026-08-01,2.0,6.0,Rainwater inundation at bottom pit bench (>40mm downpour),18.3,56.2
2853,32,2026-08-02,2.7,5.3,Engine overheated (>44°C ambient summer load),32.4,88.1
2854,32,2026-08-03,2.0,6.0,Tyre sidewall cut on sharp gondite boulders,28.5,98.6
2855,32,2026-08-04,4.3,3.7,Main sump pump silt clogging from monsoon slurry,50.8,176.5
2856,32,2026-08-05,6.0,2.0,Shift changeover & inspection,60.0,255.2
2857,32,2026-08-06,0.6,7.4,DGMS statutory electrical ground-fault trip,8.3,23.9
2858,32,2026-08-07,7.6,0.4,,100.3,295.4
2859,32,2026-08-08,6.5,1.5,Shift changeover & inspection,68.6,142.6
2860,32,2026-08-09,7.6,0.4,,77.5,202.1
2861,32,2026-08-10,0.7,7.3,Blasting toxic fume / dust clearance standstill,7.2,21.0
2862,32,2026-08-11,6.8,1.2,Shift changeover & inspection,54.6,150.8
2863,32,2026-08-12,3.4,4.6,Main sump pump silt clogging from monsoon slurry,49.3,86.6
2864,32,2026-08-13,2.2,5.8,Tyre sidewall cut on sharp gondite boulders,20.1,107.4
2865,32,2026-08-14,6.0,2.0,Shift changeover & inspection,59.4,174.1
2866,32,2026-08-15,6.9,1.1,Shift changeover & inspection,95.9,272.6
2867,32,2026-08-16,6.8,1.2,Shift changeover & inspection,98.8,194.5
2868,32,2026-08-17,6.4,1.6,Shift changeover & inspection,69.4,309.1
2869,32,2026-08-18,5.7,2.3,Shift changeover & inspection,64.1,197.0
2870,32,2026-08-19,7.8,0.2,,63.1,188.1
2871,32,2026-08-20,1.0,7.0,Main sump pump silt clogging from monsoon slurry,14.4,28.0
2872,32,2026-08-21,7.8,0.2,,64.7,228.6
2873,32,2026-08-22,6.9,1.1,Shift changeover & inspection,80.1,318.5
2874,32,2026-08-23,7.7,0.3,,98.5,215.9
2875,32,2026-08-24,1.5,6.5,Main sump pump silt clogging from monsoon slurry,21.3,44.8
2876,32,2026-08-25,3.3,4.7,Rainwater inundation at bottom pit bench (>40mm downpour),40.2,88.2
2877,32,2026-08-26,2.8,5.2,Rainwater inundation at bottom pit bench (>40mm downpour),40.1,107.2
2878,32,2026-08-27,7.0,1.0,Shift changeover & inspection,96.9,164.1
2879,32,2026-08-28,7.1,0.9,,87.0,178.2
2880,32,2026-08-29,6.8,1.2,Shift changeover & inspection,76.0,301.9
2881,33,2026-06-01,0.7,7.3,DGMS statutory electrical ground-fault trip,7.9,16.7
2882,33,2026-06-02,0.7,7.3,Tyre sidewall cut on sharp gondite boulders,7.1,30.2
2883,33,2026-06-03,5.6,2.4,Shift changeover & inspection,71.8,188.9
2884,33,2026-06-04,5.7,2.3,Shift changeover & inspection,63.8,204.6
2885,33,2026-06-05,0.1,7.9,DGMS statutory electrical ground-fault trip,1.0,3.4
2886,33,2026-06-06,6.1,1.9,Shift changeover & inspection,64.7,165.0
2887,33,2026-06-07,7.1,0.9,,70.1,316.5
2888,33,2026-06-08,5.8,2.2,Shift changeover & inspection,46.6,234.9
2889,33,2026-06-09,7.7,0.3,,88.2,302.6
2890,33,2026-06-10,7.7,0.3,,103.3,352.1
2891,33,2026-06-11,6.6,1.4,Shift changeover & inspection,86.3,282.6
2892,33,2026-06-12,7.0,1.0,Shift changeover & inspection,96.3,218.3
2893,33,2026-06-13,7.1,0.9,,95.9,295.4
2894,33,2026-06-14,6.0,2.0,Shift changeover & inspection,55.5,146.2
2895,33,2026-06-15,5.8,2.2,Shift changeover & inspection,82.3,131.7
2896,33,2026-06-16,1.0,7.0,Blasting toxic fume / dust clearance standstill,12.4,41.8
2897,33,2026-06-17,7.3,0.7,,68.9,159.2
2898,33,2026-06-18,2.0,6.0,Tyre sidewall cut on sharp gondite boulders,17.9,48.9
2899,33,2026-06-19,5.9,2.1,Shift changeover & inspection,72.8,252.1
2900,33,2026-06-20,6.5,1.5,Shift changeover & inspection,84.0,182.8
2901,33,2026-06-21,7.1,0.9,,80.8,235.4
2902,33,2026-06-22,6.0,2.0,Shift changeover & inspection,53.6,288.6
2903,33,2026-06-23,7.2,0.8,,99.3,264.4
2904,33,2026-06-24,6.5,1.5,Shift changeover & inspection,64.2,221.8
2905,33,2026-06-25,6.9,1.1,Shift changeover & inspection,90.2,266.9
2906,33,2026-06-26,7.2,0.8,,59.6,256.8
2907,33,2026-06-27,6.6,1.4,Shift changeover & inspection,53.3,316.3
2908,33,2026-06-28,5.8,2.2,Shift changeover & inspection,70.4,227.1
2909,33,2026-06-29,7.3,0.7,,70.8,164.8
2910,33,2026-06-30,7.7,0.3,,102.2,354.6
2911,33,2026-07-01,7.1,0.9,,101.4,322.7
2912,33,2026-07-02,2.6,5.4,Main sump pump silt clogging from monsoon slurry,23.4,91.9
2913,33,2026-07-03,4.3,3.7,Tyre sidewall cut on sharp gondite boulders,51.3,97.1
2914,33,2026-07-04,6.6,1.4,Shift changeover & inspection,87.9,180.7
2915,33,2026-07-05,6.9,1.1,Shift changeover & inspection,81.7,200.3
2916,33,2026-07-06,7.5,0.5,,70.2,369.8
2917,33,2026-07-07,6.9,1.1,Shift changeover & inspection,90.2,178.6
2918,33,2026-07-08,7.5,0.5,,97.1,307.1
2919,33,2026-07-09,1.5,6.5,Tyre sidewall cut on sharp gondite boulders,16.4,63.9
2920,33,2026-07-10,6.9,1.1,Shift changeover & inspection,96.4,313.5
2921,33,2026-07-11,6.9,1.1,Shift changeover & inspection,75.2,304.1
2922,33,2026-07-12,3.2,4.8,Hydraulic hose burst / high pressure pump cavitation,34.3,141.4
2923,33,2026-07-13,3.7,4.3,Main sump pump silt clogging from monsoon slurry,47.8,144.1
2924,33,2026-07-14,6.0,2.0,Shift changeover & inspection,76.0,165.0
2925,33,2026-07-15,2.2,5.8,Tyre sidewall cut on sharp gondite boulders,25.2,104.2
2926,33,2026-07-16,7.1,0.9,,73.4,150.0
2927,33,2026-07-17,6.2,1.8,Shift changeover & inspection,53.9,156.0
2928,33,2026-07-18,2.2,5.8,Tyre sidewall cut on sharp gondite boulders,20.1,64.7
2929,33,2026-07-19,4.3,3.7,Main sump pump silt clogging from monsoon slurry,63.1,115.3
2930,33,2026-07-20,6.1,1.9,Shift changeover & inspection,89.2,271.5
2931,33,2026-07-21,7.2,0.8,,93.8,273.0
2932,33,2026-07-22,7.3,0.7,,88.2,273.1
2933,33,2026-07-23,5.7,2.3,Shift changeover & inspection,70.7,240.8
2934,33,2026-07-24,7.7,0.3,,90.2,171.9
2935,33,2026-07-25,4.0,4.0,Main sump pump silt clogging from monsoon slurry,51.4,121.0
2936,33,2026-07-26,3.1,4.9,Tyre sidewall cut on sharp gondite boulders,39.1,134.0
2937,33,2026-07-27,7.5,0.5,,63.3,288.8
2938,33,2026-07-28,6.0,2.0,Shift changeover & inspection,54.3,169.5
2939,33,2026-07-29,5.7,2.3,Shift changeover & inspection,83.7,143.1
2940,33,2026-07-30,3.1,4.9,Main sump pump silt clogging from monsoon slurry,25.9,137.5
2941,33,2026-07-31,6.4,1.6,Shift changeover & inspection,93.8,188.2
2942,33,2026-08-01,6.8,1.2,Shift changeover & inspection,97.5,274.0
2943,33,2026-08-02,7.0,1.0,Shift changeover & inspection,89.7,267.1
2944,33,2026-08-03,6.9,1.1,Shift changeover & inspection,64.9,247.3
2945,33,2026-08-04,6.7,1.3,Shift changeover & inspection,58.4,276.8
2946,33,2026-08-05,5.9,2.1,Shift changeover & inspection,49.4,174.7
2947,33,2026-08-06,7.6,0.4,,69.8,217.6
2948,33,2026-08-07,6.8,1.2,Shift changeover & inspection,94.4,154.4
2949,33,2026-08-08,6.3,1.7,Shift changeover & inspection,54.0,155.9
2950,33,2026-08-09,3.4,4.6,Tyre sidewall cut on sharp gondite boulders,38.7,122.7
2951,33,2026-08-10,2.0,6.0,Rainwater inundation at bottom pit bench (>40mm downpour),28.1,46.7
2952,33,2026-08-11,6.8,1.2,Shift changeover & inspection,74.8,170.4
2953,33,2026-08-12,5.7,2.3,Shift changeover & inspection,59.8,122.2
2954,33,2026-08-13,2.3,5.7,Main sump pump silt clogging from monsoon slurry,23.2,91.9
2955,33,2026-08-14,2.1,5.9,Main sump pump silt clogging from monsoon slurry,29.8,68.3
2956,33,2026-08-15,5.8,2.2,Shift changeover & inspection,83.6,199.1
2957,33,2026-08-16,2.1,5.9,Rainwater inundation at bottom pit bench (>40mm downpour),21.2,58.5
2958,33,2026-08-17,2.3,5.7,Main sump pump silt clogging from monsoon slurry,19.1,83.5
2959,33,2026-08-18,3.9,4.1,Tyre sidewall cut on sharp gondite boulders,39.3,164.9
2960,33,2026-08-19,6.9,1.1,Shift changeover & inspection,68.1,140.8
2961,33,2026-08-20,5.8,2.2,Shift changeover & inspection,70.9,136.5
2962,33,2026-08-21,7.4,0.6,,65.5,252.6
2963,33,2026-08-22,3.4,4.6,Tyre sidewall cut on sharp gondite boulders,35.5,72.1
2964,33,2026-08-23,5.8,2.2,Shift changeover & inspection,77.0,266.5
2965,33,2026-08-24,4.2,3.8,Main sump pump silt clogging from monsoon slurry,38.7,106.8
2966,33,2026-08-25,7.4,0.6,,86.2,358.9
2967,33,2026-08-26,1.7,6.3,Engine overheated (>44°C ambient summer load),19.9,47.5
2968,33,2026-08-27,6.1,1.9,Shift changeover & inspection,81.1,180.6
2969,33,2026-08-28,3.0,5.0,Rainwater inundation at bottom pit bench (>40mm downpour),30.5,140.0
2970,33,2026-08-29,6.0,2.0,Shift changeover & inspection,53.7,206.1
2971,34,2026-06-01,7.8,0.2,,337.7,662.9
2972,34,2026-06-02,5.6,2.4,Shift changeover & inspection,156.4,311.7
2973,34,2026-06-03,6.4,1.6,Shift changeover & inspection,189.6,308.2
2974,34,2026-06-04,6.7,1.3,Shift changeover & inspection,209.6,380.6
2975,34,2026-06-05,7.1,0.9,,208.9,666.2
2976,34,2026-06-06,5.5,2.5,Shift changeover & inspection,178.1,408.3
2977,34,2026-06-07,6.2,1.8,Shift changeover & inspection,190.0,538.3
2978,34,2026-06-08,6.6,1.4,Shift changeover & inspection,290.7,333.1
2979,34,2026-06-09,6.3,1.7,Shift changeover & inspection,228.6,554.6
2980,34,2026-06-10,6.1,1.9,Shift changeover & inspection,183.5,478.6
2981,34,2026-06-11,5.6,2.4,Shift changeover & inspection,249.5,478.0
2982,34,2026-06-12,2.3,5.7,Engine overheated (>44°C ambient summer load),103.4,197.6
2983,34,2026-06-13,2.3,5.7,Engine overheated (>44°C ambient summer load),102.7,126.2
2984,34,2026-06-14,7.5,0.5,,232.8,619.1
2985,34,2026-06-15,7.5,0.5,,207.0,611.7
2986,34,2026-06-16,5.9,2.1,Shift changeover & inspection,252.2,412.7
2987,34,2026-06-17,7.6,0.4,,249.9,548.6
2988,34,2026-06-18,6.4,1.6,Shift changeover & inspection,177.8,387.0
2989,34,2026-06-19,7.0,1.0,Shift changeover & inspection,219.5,484.0
2990,34,2026-06-20,7.6,0.4,,257.3,406.8
2991,34,2026-06-21,6.7,1.3,Shift changeover & inspection,257.6,338.4
2992,34,2026-06-22,7.5,0.5,,292.6,376.2
2993,34,2026-06-23,6.5,1.5,Shift changeover & inspection,202.1,601.4
2994,34,2026-06-24,7.7,0.3,,333.6,537.8
2995,34,2026-06-25,7.0,1.0,Shift changeover & inspection,271.0,432.9
2996,34,2026-06-26,7.1,0.9,,173.2,416.4
2997,34,2026-06-27,6.1,1.9,Shift changeover & inspection,263.5,487.5
2998,34,2026-06-28,5.7,2.3,Shift changeover & inspection,165.5,262.6
2999,34,2026-06-29,6.0,2.0,Shift changeover & inspection,222.0,321.0
3000,34,2026-06-30,7.3,0.7,,171.4,588.0
3001,34,2026-07-01,5.8,2.2,Shift changeover & inspection,143.8,268.2
3002,34,2026-07-02,6.2,1.8,Shift changeover & inspection,160.7,447.3
3003,34,2026-07-03,1.8,6.2,Hydraulic hose burst / high pressure pump cavitation,66.5,128.5
3004,34,2026-07-04,7.1,0.9,,304.7,446.1
3005,34,2026-07-05,6.4,1.6,Shift changeover & inspection,183.7,375.3
3006,34,2026-07-06,6.8,1.2,Shift changeover & inspection,195.0,448.0
3007,34,2026-07-07,6.2,1.8,Shift changeover & inspection,212.6,357.5
3008,34,2026-07-08,5.6,2.4,Shift changeover & inspection,128.8,444.4
3009,34,2026-07-09,5.8,2.2,Shift changeover & inspection,196.8,456.6
3010,34,2026-07-10,6.6,1.4,Shift changeover & inspection,257.7,489.8
3011,34,2026-07-11,6.6,1.4,Shift changeover & inspection,182.8,444.3
3012,34,2026-07-12,7.3,0.7,,265.2,437.0
3013,34,2026-07-13,6.9,1.1,Shift changeover & inspection,286.9,648.6
3014,34,2026-07-14,6.4,1.6,Shift changeover & inspection,259.8,352.9
3015,34,2026-07-15,2.9,5.1,Blasting toxic fume / dust clearance standstill,74.9,258.8
3016,34,2026-07-16,7.0,1.0,Shift changeover & inspection,186.4,545.5
3017,34,2026-07-17,6.3,1.7,Shift changeover & inspection,250.4,594.0
3018,34,2026-07-18,6.3,1.7,Shift changeover & inspection,152.9,308.0
3019,34,2026-07-19,2.5,5.5,Tyre sidewall cut on sharp gondite boulders,76.8,220.4
3020,34,2026-07-20,3.0,5.0,Shaft winder cage guide rope alignment check,98.8,204.9
3021,34,2026-07-21,7.0,1.0,Shift changeover & inspection,162.3,519.9
3022,34,2026-07-22,2.2,5.8,Main sump pump silt clogging from monsoon slurry,62.2,110.4
3023,34,2026-07-23,4.1,3.9,Rainwater inundation at bottom pit bench (>40mm downpour),167.8,326.6
3024,34,2026-07-24,5.6,2.4,Shift changeover & inspection,197.1,379.8
3025,34,2026-07-25,6.4,1.6,Shift changeover & inspection,252.6,373.0
3026,34,2026-07-26,6.4,1.6,Shift changeover & inspection,143.2,440.2
3027,34,2026-07-27,2.6,5.4,Hydraulic hose burst / high pressure pump cavitation,76.5,180.6
3028,34,2026-07-28,6.7,1.3,Shift changeover & inspection,216.1,322.6
3029,34,2026-07-29,2.2,5.8,Tyre sidewall cut on sharp gondite boulders,86.1,160.1
3030,34,2026-07-30,2.6,5.4,Rainwater inundation at bottom pit bench (>40mm downpour),107.0,184.4
3031,34,2026-07-31,6.5,1.5,Shift changeover & inspection,174.7,547.9
3032,34,2026-08-01,3.5,4.5,Main sump pump silt clogging from monsoon slurry,126.9,207.2
3033,34,2026-08-02,7.3,0.7,,308.2,363.6
3034,34,2026-08-03,7.1,0.9,,242.0,539.4
3035,34,2026-08-04,1.2,6.8,Tyre sidewall cut on sharp gondite boulders,44.5,79.9
3036,34,2026-08-05,6.2,1.8,Shift changeover & inspection,165.4,507.3
3037,34,2026-08-06,7.8,0.2,,190.6,369.4
3038,34,2026-08-07,7.3,0.7,,281.8,557.5
3039,34,2026-08-08,2.4,5.6,DGMS statutory electrical ground-fault trip,65.1,111.8
3040,34,2026-08-09,2.9,5.1,Main sump pump silt clogging from monsoon slurry,82.5,182.6
3041,34,2026-08-10,5.9,2.1,Shift changeover & inspection,141.3,307.2
3042,34,2026-08-11,5.6,2.4,Shift changeover & inspection,246.9,319.5
3043,34,2026-08-12,1.7,6.3,Tyre sidewall cut on sharp gondite boulders,71.3,122.4
3044,34,2026-08-13,7.3,0.7,,236.8,437.0
3045,34,2026-08-14,2.0,6.0,Rainwater inundation at bottom pit bench (>40mm downpour),44.8,182.8
3046,34,2026-08-15,2.8,5.2,Tyre sidewall cut on sharp gondite boulders,89.9,174.0
3047,34,2026-08-16,2.7,5.3,Tyre sidewall cut on sharp gondite boulders,94.8,210.6
3048,34,2026-08-17,6.4,1.6,Shift changeover & inspection,268.0,382.2
3049,34,2026-08-18,7.5,0.5,,324.9,652.2
3050,34,2026-08-19,1.9,6.1,Main sump pump silt clogging from monsoon slurry,75.8,126.3
3051,34,2026-08-20,1.9,6.1,Main sump pump silt clogging from monsoon slurry,55.5,162.5
3052,34,2026-08-21,6.0,2.0,Shift changeover & inspection,156.0,375.8
3053,34,2026-08-22,6.4,1.6,Shift changeover & inspection,269.7,308.1
3054,34,2026-08-23,6.6,1.4,Shift changeover & inspection,174.0,302.0
3055,34,2026-08-24,6.2,1.8,Shift changeover & inspection,214.3,492.1
3056,34,2026-08-25,5.7,2.3,Shift changeover & inspection,191.3,313.4
3057,34,2026-08-26,6.1,1.9,Shift changeover & inspection,168.8,363.1
3058,34,2026-08-27,6.1,1.9,Shift changeover & inspection,231.6,498.9
3059,34,2026-08-28,2.5,5.5,Rainwater inundation at bottom pit bench (>40mm downpour),99.3,203.4
3060,34,2026-08-29,7.7,0.3,,315.7,618.7
3061,35,2026-06-01,7.1,0.9,,62.2,269.1
3062,35,2026-06-02,5.8,2.2,Shift changeover & inspection,80.0,150.9
3063,35,2026-06-03,6.2,1.8,Shift changeover & inspection,89.4,213.4
3064,35,2026-06-04,5.9,2.1,Shift changeover & inspection,62.2,169.8
3065,35,2026-06-05,7.6,0.4,,78.3,180.3
3066,35,2026-06-06,6.8,1.2,Shift changeover & inspection,101.7,260.8
3067,35,2026-06-07,5.8,2.2,Shift changeover & inspection,53.3,158.7
3068,35,2026-06-08,2.4,5.6,Hydraulic hose burst / high pressure pump cavitation,30.4,109.8
3069,35,2026-06-09,5.6,2.4,Shift changeover & inspection,73.0,207.3
3070,35,2026-06-10,7.2,0.8,,70.1,144.1
3071,35,2026-06-11,5.6,2.4,Shift changeover & inspection,71.3,188.0
3072,35,2026-06-12,7.5,0.5,,63.4,270.0
3073,35,2026-06-13,5.9,2.1,Shift changeover & inspection,83.5,204.1
3074,35,2026-06-14,6.2,1.8,Shift changeover & inspection,78.9,225.4
3075,35,2026-06-15,6.9,1.1,Shift changeover & inspection,90.8,275.7
3076,35,2026-06-16,6.1,1.9,Shift changeover & inspection,65.9,262.1
3077,35,2026-06-17,7.4,0.6,,69.9,288.1
3078,35,2026-06-18,1.6,6.4,Main sump pump silt clogging from monsoon slurry,14.5,55.5
3079,35,2026-06-19,7.2,0.8,,68.7,210.8
3080,35,2026-06-20,5.7,2.3,Shift changeover & inspection,58.4,200.9
3081,35,2026-06-21,0.7,7.3,Main sump pump silt clogging from monsoon slurry,6.0,29.1
3082,35,2026-06-22,7.4,0.6,,70.5,320.1
3083,35,2026-06-23,2.2,5.8,Main sump pump silt clogging from monsoon slurry,19.7,74.8
3084,35,2026-06-24,6.3,1.7,Shift changeover & inspection,54.8,238.9
3085,35,2026-06-25,6.4,1.6,Shift changeover & inspection,63.9,284.2
3086,35,2026-06-26,6.8,1.2,Shift changeover & inspection,80.9,166.6
3087,35,2026-06-27,7.7,0.3,,72.9,170.3
3088,35,2026-06-28,7.5,0.5,,97.5,207.8
3089,35,2026-06-29,7.1,0.9,,76.2,151.0
3090,35,2026-06-30,6.0,2.0,Shift changeover & inspection,64.5,290.7
3091,35,2026-07-01,6.5,1.5,Shift changeover & inspection,81.3,141.4
3092,35,2026-07-02,2.9,5.1,Main sump pump silt clogging from monsoon slurry,24.4,105.4
3093,35,2026-07-03,6.3,1.7,Shift changeover & inspection,52.1,194.5
3094,35,2026-07-04,6.4,1.6,Shift changeover & inspection,83.6,277.9
3095,35,2026-07-05,6.5,1.5,Shift changeover & inspection,90.2,297.0
3096,35,2026-07-06,1.1,6.9,Engine overheated (>44°C ambient summer load),11.3,48.2
3097,35,2026-07-07,6.7,1.3,Shift changeover & inspection,86.9,313.1
3098,35,2026-07-08,3.4,4.6,Tyre sidewall cut on sharp gondite boulders,41.0,83.2
3099,35,2026-07-09,7.2,0.8,,85.2,153.2
3100,35,2026-07-10,7.5,0.5,,86.6,324.7
3101,35,2026-07-11,6.9,1.1,Shift changeover & inspection,59.3,265.7
3102,35,2026-07-12,5.8,2.2,Shift changeover & inspection,78.1,196.4
3103,35,2026-07-13,4.5,3.5,Rainwater inundation at bottom pit bench (>40mm downpour),61.1,216.5
3104,35,2026-07-14,6.0,2.0,Shift changeover & inspection,68.6,269.7
3105,35,2026-07-15,6.5,1.5,Shift changeover & inspection,55.8,207.3
3106,35,2026-07-16,5.7,2.3,Shift changeover & inspection,62.0,171.7
3107,35,2026-07-17,3.1,4.9,Hydraulic hose burst / high pressure pump cavitation,45.6,108.4
3108,35,2026-07-18,1.7,6.3,Main sump pump silt clogging from monsoon slurry,21.9,77.6
3109,35,2026-07-19,6.5,1.5,Shift changeover & inspection,62.5,317.1
3110,35,2026-07-20,5.8,2.2,Shift changeover & inspection,86.5,200.1
3111,35,2026-07-21,6.2,1.8,Shift changeover & inspection,56.2,247.3
3112,35,2026-07-22,6.1,1.9,Shift changeover & inspection,67.4,139.1
3113,35,2026-07-23,6.1,1.9,Shift changeover & inspection,80.4,257.6
3114,35,2026-07-24,2.5,5.5,Main sump pump silt clogging from monsoon slurry,20.2,79.5
3115,35,2026-07-25,3.2,4.8,Main sump pump silt clogging from monsoon slurry,35.5,120.6
3116,35,2026-07-26,5.8,2.2,Shift changeover & inspection,65.0,160.0
3117,35,2026-07-27,1.6,6.4,Main sump pump silt clogging from monsoon slurry,16.0,57.8
3118,35,2026-07-28,6.4,1.6,Shift changeover & inspection,60.2,261.4
3119,35,2026-07-29,3.8,4.2,Main sump pump silt clogging from monsoon slurry,42.8,120.0
3120,35,2026-07-30,2.0,6.0,Tyre sidewall cut on sharp gondite boulders,17.3,48.0
3121,35,2026-07-31,5.6,2.4,Shift changeover & inspection,69.1,265.9
3122,35,2026-08-01,7.5,0.5,,60.3,282.7
3123,35,2026-08-02,5.6,2.4,Shift changeover & inspection,54.3,164.4
3124,35,2026-08-03,5.9,2.1,Shift changeover & inspection,73.4,172.9
3125,35,2026-08-04,6.3,1.7,Shift changeover & inspection,76.1,144.3
3126,35,2026-08-05,6.6,1.4,Shift changeover & inspection,98.3,243.8
3127,35,2026-08-06,7.4,0.6,,82.2,365.3
3128,35,2026-08-07,7.4,0.6,,104.2,282.7
3129,35,2026-08-08,1.7,6.3,Main sump pump silt clogging from monsoon slurry,21.0,53.5
3130,35,2026-08-09,5.7,2.3,Shift changeover & inspection,78.0,222.8
3131,35,2026-08-10,3.3,4.7,Main sump pump silt clogging from monsoon slurry,31.4,75.1
3132,35,2026-08-11,5.9,2.1,Shift changeover & inspection,49.3,169.6
3133,35,2026-08-12,5.7,2.3,Shift changeover & inspection,74.9,280.4
3134,35,2026-08-13,7.7,0.3,,71.5,275.3
3135,35,2026-08-14,3.3,4.7,Rainwater inundation at bottom pit bench (>40mm downpour),34.5,153.2
3136,35,2026-08-15,6.2,1.8,Shift changeover & inspection,91.1,293.9
3137,35,2026-08-16,6.2,1.8,Shift changeover & inspection,80.1,245.7
3138,35,2026-08-17,2.1,5.9,Tyre sidewall cut on sharp gondite boulders,20.9,86.6
3139,35,2026-08-18,2.1,5.9,Main sump pump silt clogging from monsoon slurry,31.3,74.4
3140,35,2026-08-19,5.6,2.4,Shift changeover & inspection,73.2,117.0
3141,35,2026-08-20,7.0,1.0,Shift changeover & inspection,90.8,293.5
3142,35,2026-08-21,7.2,0.8,,78.0,359.9
3143,35,2026-08-22,3.4,4.6,Blasting toxic fume / dust clearance standstill,41.1,106.0
3144,35,2026-08-23,1.6,6.4,Main sump pump silt clogging from monsoon slurry,18.5,35.0
3145,35,2026-08-24,2.2,5.8,Tyre sidewall cut on sharp gondite boulders,20.9,72.0
3146,35,2026-08-25,3.3,4.7,Main sump pump silt clogging from monsoon slurry,34.4,154.4
3147,35,2026-08-26,6.5,1.5,Shift changeover & inspection,72.2,201.6
3148,35,2026-08-27,6.8,1.2,Shift changeover & inspection,56.2,242.1
3149,35,2026-08-28,3.7,4.3,Main sump pump silt clogging from monsoon slurry,35.5,170.6
3150,35,2026-08-29,5.6,2.4,Shift changeover & inspection,61.2,279.7
3151,36,2026-06-01,6.4,1.6,Shift changeover & inspection,75.5,149.4
3152,36,2026-06-02,6.6,1.4,Shift changeover & inspection,71.6,188.9
3153,36,2026-06-03,6.6,1.4,Shift changeover & inspection,85.8,194.6
3154,36,2026-06-04,6.8,1.2,Shift changeover & inspection,55.8,265.3
3155,36,2026-06-05,6.4,1.6,Shift changeover & inspection,58.2,273.2
3156,36,2026-06-06,6.1,1.9,Shift changeover & inspection,57.7,249.2
3157,36,2026-06-07,5.5,2.5,Shift changeover & inspection,50.9,137.6
3158,36,2026-06-08,5.6,2.4,Shift changeover & inspection,48.9,131.5
3159,36,2026-06-09,6.1,1.9,Shift changeover & inspection,58.9,141.4
3160,36,2026-06-10,2.4,5.6,Main sump pump silt clogging from monsoon slurry,21.5,110.3
3161,36,2026-06-11,7.2,0.8,,76.3,166.4
3162,36,2026-06-12,7.5,0.5,,60.0,285.9
3163,36,2026-06-13,7.6,0.4,,81.4,334.8
3164,36,2026-06-14,7.1,0.9,,68.1,226.3
3165,36,2026-06-15,6.1,1.9,Shift changeover & inspection,51.3,222.4
3166,36,2026-06-16,7.1,0.9,,63.2,278.9
3167,36,2026-06-17,1.9,6.1,Hydraulic hose burst / high pressure pump cavitation,20.6,71.8
3168,36,2026-06-18,6.6,1.4,Shift changeover & inspection,67.0,229.4
3169,36,2026-06-19,6.6,1.4,Shift changeover & inspection,80.5,275.9
3170,36,2026-06-20,6.2,1.8,Shift changeover & inspection,90.1,173.1
3171,36,2026-06-21,6.8,1.2,Shift changeover & inspection,75.5,317.6
3172,36,2026-06-22,6.4,1.6,Shift changeover & inspection,53.3,203.9
3173,36,2026-06-23,7.1,0.9,,73.0,260.9
3174,36,2026-06-24,7.6,0.4,,79.3,363.1
3175,36,2026-06-25,7.2,0.8,,78.6,307.5
3176,36,2026-06-26,5.8,2.2,Shift changeover & inspection,85.9,279.9
3177,36,2026-06-27,6.5,1.5,Shift changeover & inspection,75.9,253.0
3178,36,2026-06-28,6.1,1.9,Shift changeover & inspection,62.2,207.2
3179,36,2026-06-29,3.1,4.9,Tyre sidewall cut on sharp gondite boulders,36.8,120.4
3180,36,2026-06-30,7.4,0.6,,92.3,316.1
3181,36,2026-07-01,5.5,2.5,Shift changeover & inspection,64.7,218.2
3182,36,2026-07-02,5.8,2.2,Shift changeover & inspection,65.3,273.6
3183,36,2026-07-03,3.6,4.4,Rainwater inundation at bottom pit bench (>40mm downpour),32.4,152.5
3184,36,2026-07-04,7.6,0.4,,62.1,249.5
3185,36,2026-07-05,6.8,1.2,Shift changeover & inspection,81.6,286.5
3186,36,2026-07-06,0.2,7.8,Rainwater inundation at bottom pit bench (>40mm downpour),2.7,6.4
3187,36,2026-07-07,2.1,5.9,Tyre sidewall cut on sharp gondite boulders,24.6,65.4
3188,36,2026-07-08,6.7,1.3,Shift changeover & inspection,83.5,152.5
3189,36,2026-07-09,7.1,0.9,,96.2,162.0
3190,36,2026-07-10,3.1,4.9,Tyre sidewall cut on sharp gondite boulders,25.3,122.2
3191,36,2026-07-11,5.6,2.4,Shift changeover & inspection,82.1,211.0
3192,36,2026-07-12,7.0,1.0,Shift changeover & inspection,56.9,294.7
3193,36,2026-07-13,4.4,3.6,Main sump pump silt clogging from monsoon slurry,54.0,158.2
3194,36,2026-07-14,1.9,6.1,DGMS statutory electrical ground-fault trip,22.2,87.3
3195,36,2026-07-15,7.0,1.0,Shift changeover & inspection,73.4,309.2
3196,36,2026-07-16,6.7,1.3,Shift changeover & inspection,71.9,170.1
3197,36,2026-07-17,4.2,3.8,Rainwater inundation at bottom pit bench (>40mm downpour),58.0,203.9
3198,36,2026-07-18,7.0,1.0,Shift changeover & inspection,104.9,151.2
3199,36,2026-07-19,6.5,1.5,Shift changeover & inspection,59.8,227.6
3200,36,2026-07-20,7.2,0.8,,87.3,246.7
3201,36,2026-07-21,7.5,0.5,,87.4,187.1
3202,36,2026-07-22,3.1,4.9,Main sump pump silt clogging from monsoon slurry,45.9,111.1
3203,36,2026-07-23,7.4,0.6,,59.5,223.2
3204,36,2026-07-24,7.1,0.9,,101.9,305.1
3205,36,2026-07-25,7.4,0.6,,75.1,329.6
3206,36,2026-07-26,3.6,4.4,Tyre sidewall cut on sharp gondite boulders,40.4,150.7
3207,36,2026-07-27,0.9,7.1,Rainwater inundation at bottom pit bench (>40mm downpour),10.4,34.1
3208,36,2026-07-28,6.4,1.6,Shift changeover & inspection,70.9,157.7
3209,36,2026-07-29,1.3,6.7,Tyre sidewall cut on sharp gondite boulders,16.1,44.4
3210,36,2026-07-30,6.8,1.2,Shift changeover & inspection,76.4,171.8
3211,36,2026-07-31,6.3,1.7,Shift changeover & inspection,69.3,270.6
3212,36,2026-08-01,5.7,2.3,Shift changeover & inspection,62.8,175.7
3213,36,2026-08-02,6.1,1.9,Shift changeover & inspection,91.0,230.8
3214,36,2026-08-03,5.9,2.1,Shift changeover & inspection,69.6,272.7
3215,36,2026-08-04,7.8,0.2,,116.9,214.2
3216,36,2026-08-05,7.6,0.4,,101.6,236.0
3217,36,2026-08-06,7.0,1.0,Shift changeover & inspection,83.5,229.3
3218,36,2026-08-07,6.2,1.8,Shift changeover & inspection,65.4,139.3
3219,36,2026-08-08,2.8,5.2,Rainwater inundation at bottom pit bench (>40mm downpour),37.0,112.0
3220,36,2026-08-09,1.7,6.3,Rainwater inundation at bottom pit bench (>40mm downpour),21.4,78.2
3221,36,2026-08-10,7.0,1.0,Shift changeover & inspection,86.1,286.9
3222,36,2026-08-11,7.3,0.7,,91.9,317.0
3223,36,2026-08-12,2.2,5.8,Rainwater inundation at bottom pit bench (>40mm downpour),21.6,87.9
3224,36,2026-08-13,3.5,4.5,Shaft winder cage guide rope alignment check,35.5,76.7
3225,36,2026-08-14,3.4,4.6,Main sump pump silt clogging from monsoon slurry,44.8,111.8
3226,36,2026-08-15,3.3,4.7,Shaft winder cage guide rope alignment check,31.9,103.3
3227,36,2026-08-16,3.1,4.9,Main sump pump silt clogging from monsoon slurry,31.8,101.8
3228,36,2026-08-17,2.1,5.9,Engine overheated (>44°C ambient summer load),21.1,44.0
3229,36,2026-08-18,6.9,1.1,Shift changeover & inspection,90.8,250.4
3230,36,2026-08-19,7.8,0.2,,63.3,278.1
3231,36,2026-08-20,5.9,2.1,Shift changeover & inspection,49.3,262.5
3232,36,2026-08-21,5.8,2.2,Shift changeover & inspection,62.1,125.8
3233,36,2026-08-22,6.7,1.3,Shift changeover & inspection,97.2,280.2
3234,36,2026-08-23,6.5,1.5,Shift changeover & inspection,89.9,255.5
3235,36,2026-08-24,6.3,1.7,Shift changeover & inspection,72.3,182.4
3236,36,2026-08-25,7.0,1.0,Shift changeover & inspection,82.1,325.2
3237,36,2026-08-26,1.7,6.3,Tyre sidewall cut on sharp gondite boulders,15.4,81.9
3238,36,2026-08-27,7.7,0.3,,68.2,293.4
3239,36,2026-08-28,4.0,4.0,Tyre sidewall cut on sharp gondite boulders,45.4,80.6
3240,36,2026-08-29,1.6,6.4,Main sump pump silt clogging from monsoon slurry,21.7,39.8
3241,37,2026-06-01,6.3,1.7,Shift changeover & inspection,64.0,132.8
3242,37,2026-06-02,7.3,0.7,,94.3,275.6
3243,37,2026-06-03,5.8,2.2,Shift changeover & inspection,60.7,220.0
3244,37,2026-06-04,5.9,2.1,Shift changeover & inspection,86.8,228.6
3245,37,2026-06-05,7.3,0.7,,59.7,325.7
3246,37,2026-06-06,3.3,4.7,Engine overheated (>44°C ambient summer load),34.3,87.4
3247,37,2026-06-07,7.6,0.4,,109.9,268.2
3248,37,2026-06-08,6.0,2.0,Shift changeover & inspection,82.7,127.2
3249,37,2026-06-09,6.5,1.5,Shift changeover & inspection,89.0,189.7
3250,37,2026-06-10,6.5,1.5,Shift changeover & inspection,92.3,159.7
3251,37,2026-06-11,6.2,1.8,Shift changeover & inspection,74.1,180.9
3252,37,2026-06-12,7.4,0.6,,91.6,347.1
3253,37,2026-06-13,5.7,2.3,Shift changeover & inspection,71.2,224.6
3254,37,2026-06-14,6.5,1.5,Shift changeover & inspection,85.2,226.3
3255,37,2026-06-15,6.8,1.2,Shift changeover & inspection,62.5,308.0
3256,37,2026-06-16,7.4,0.6,,62.5,318.4
3257,37,2026-06-17,7.7,0.3,,79.3,160.8
3258,37,2026-06-18,6.2,1.8,Shift changeover & inspection,87.6,126.6
3259,37,2026-06-19,5.5,2.5,Shift changeover & inspection,47.6,271.4
3260,37,2026-06-20,6.6,1.4,Shift changeover & inspection,79.9,149.9
3261,37,2026-06-21,6.7,1.3,Shift changeover & inspection,73.3,149.6
3262,37,2026-06-22,7.5,0.5,,87.1,287.4
3263,37,2026-06-23,5.6,2.4,Shift changeover & inspection,61.3,128.3
3264,37,2026-06-24,6.9,1.1,Shift changeover & inspection,91.2,287.8
3265,37,2026-06-25,6.2,1.8,Shift changeover & inspection,57.0,253.0
3266,37,2026-06-26,5.8,2.2,Shift changeover & inspection,61.1,194.3
3267,37,2026-06-27,5.9,2.1,Shift changeover & inspection,81.6,186.7
3268,37,2026-06-28,6.8,1.2,Shift changeover & inspection,97.3,268.9
3269,37,2026-06-29,6.1,1.9,Shift changeover & inspection,72.3,124.2
3270,37,2026-06-30,6.2,1.8,Shift changeover & inspection,75.9,245.8
3271,37,2026-07-01,7.0,1.0,Shift changeover & inspection,95.1,320.1
3272,37,2026-07-02,2.4,5.6,Blasting toxic fume / dust clearance standstill,22.4,48.8
3273,37,2026-07-03,6.6,1.4,Shift changeover & inspection,74.9,262.1
3274,37,2026-07-04,3.2,4.8,Engine overheated (>44°C ambient summer load),29.9,155.6
3275,37,2026-07-05,7.4,0.6,,110.2,367.7
3276,37,2026-07-06,6.9,1.1,Shift changeover & inspection,90.8,197.6
3277,37,2026-07-07,6.9,1.1,Shift changeover & inspection,86.4,140.5
3278,37,2026-07-08,6.3,1.7,Shift changeover & inspection,73.9,288.9
3279,37,2026-07-09,6.1,1.9,Shift changeover & inspection,72.9,203.6
3280,37,2026-07-10,4.4,3.6,Tyre sidewall cut on sharp gondite boulders,45.1,208.5
3281,37,2026-07-11,2.4,5.6,Main sump pump silt clogging from monsoon slurry,35.8,58.4
3282,37,2026-07-12,5.9,2.1,Shift changeover & inspection,61.8,293.8
3283,37,2026-07-13,2.6,5.4,Main sump pump silt clogging from monsoon slurry,29.3,95.2
3284,37,2026-07-14,5.8,2.2,Shift changeover & inspection,55.8,169.4
3285,37,2026-07-15,7.4,0.6,,70.5,365.1
3286,37,2026-07-16,6.0,2.0,Shift changeover & inspection,63.0,207.4
3287,37,2026-07-17,7.0,1.0,Shift changeover & inspection,63.4,209.5
3288,37,2026-07-18,2.4,5.6,Tyre sidewall cut on sharp gondite boulders,32.6,87.2
3289,37,2026-07-19,7.4,0.6,,84.4,265.2
3290,37,2026-07-20,3.1,4.9,Hydraulic hose burst / high pressure pump cavitation,32.8,126.4
3291,37,2026-07-21,6.3,1.7,Shift changeover & inspection,63.3,280.2
3292,37,2026-07-22,3.7,4.3,Tyre sidewall cut on sharp gondite boulders,31.8,176.5
3293,37,2026-07-23,6.0,2.0,Shift changeover & inspection,85.8,164.2
3294,37,2026-07-24,6.6,1.4,Shift changeover & inspection,97.7,223.8
3295,37,2026-07-25,5.8,2.2,Shift changeover & inspection,71.8,254.8
3296,37,2026-07-26,7.1,0.9,,106.0,332.8
3297,37,2026-07-27,5.6,2.4,Shift changeover & inspection,71.2,262.6
3298,37,2026-07-28,7.0,1.0,Shift changeover & inspection,74.1,215.3
3299,37,2026-07-29,5.7,2.3,Shift changeover & inspection,75.6,221.6
3300,37,2026-07-30,0.6,7.4,Rainwater inundation at bottom pit bench (>40mm downpour),4.9,22.0
3301,37,2026-07-31,6.6,1.4,Shift changeover & inspection,99.0,154.4
3302,37,2026-08-01,6.1,1.9,Shift changeover & inspection,48.9,233.1
3303,37,2026-08-02,6.7,1.3,Shift changeover & inspection,89.6,291.0
3304,37,2026-08-03,6.9,1.1,Shift changeover & inspection,59.4,178.0
3305,37,2026-08-04,1.9,6.1,Rainwater inundation at bottom pit bench (>40mm downpour),26.5,53.9
3306,37,2026-08-05,1.6,6.4,Main sump pump silt clogging from monsoon slurry,22.6,45.6
3307,37,2026-08-06,6.3,1.7,Shift changeover & inspection,75.6,287.8
3308,37,2026-08-07,3.0,5.0,Rainwater inundation at bottom pit bench (>40mm downpour),39.6,147.6
3309,37,2026-08-08,2.2,5.8,Rainwater inundation at bottom pit bench (>40mm downpour),19.7,109.9
3310,37,2026-08-09,2.5,5.5,Main sump pump silt clogging from monsoon slurry,25.0,111.2
3311,37,2026-08-10,2.6,5.4,Tyre sidewall cut on sharp gondite boulders,32.3,107.4
3312,37,2026-08-11,2.4,5.6,Main sump pump silt clogging from monsoon slurry,22.5,108.0
3313,37,2026-08-12,2.6,5.4,Tyre sidewall cut on sharp gondite boulders,24.1,120.7
3314,37,2026-08-13,5.9,2.1,Shift changeover & inspection,76.0,239.6
3315,37,2026-08-14,2.0,6.0,Main sump pump silt clogging from monsoon slurry,22.6,45.0
3316,37,2026-08-15,1.8,6.2,Tyre sidewall cut on sharp gondite boulders,22.6,83.8
3317,37,2026-08-16,6.5,1.5,Shift changeover & inspection,54.5,143.2
3318,37,2026-08-17,5.7,2.3,Shift changeover & inspection,69.6,211.1
3319,37,2026-08-18,6.0,2.0,Shift changeover & inspection,76.6,248.6
3320,37,2026-08-19,2.3,5.7,Tyre sidewall cut on sharp gondite boulders,28.8,68.7
3321,37,2026-08-20,4.4,3.6,Main sump pump silt clogging from monsoon slurry,49.6,173.9
3322,37,2026-08-21,2.9,5.1,Blasting toxic fume / dust clearance standstill,31.9,140.2
3323,37,2026-08-22,2.7,5.3,Rainwater inundation at bottom pit bench (>40mm downpour),33.9,64.3
3324,37,2026-08-23,6.6,1.4,Shift changeover & inspection,57.6,317.8
3325,37,2026-08-24,5.9,2.1,Shift changeover & inspection,56.9,161.7
3326,37,2026-08-25,6.7,1.3,Shift changeover & inspection,59.1,236.1
3327,37,2026-08-26,7.5,0.5,,78.2,178.7
3328,37,2026-08-27,4.1,3.9,Tyre sidewall cut on sharp gondite boulders,37.5,194.3
3329,37,2026-08-28,7.7,0.3,,113.9,359.9
3330,37,2026-08-29,6.6,1.4,Shift changeover & inspection,70.6,196.4
3331,38,2026-06-01,6.1,1.9,Shift changeover & inspection,181.4,427.4
3332,38,2026-06-02,7.0,1.0,Shift changeover & inspection,306.4,442.6
3333,38,2026-06-03,5.6,2.4,Shift changeover & inspection,169.6,474.2
3334,38,2026-06-04,1.6,6.4,DGMS statutory electrical ground-fault trip,66.9,143.7
3335,38,2026-06-05,6.5,1.5,Shift changeover & inspection,286.0,413.1
3336,38,2026-06-06,5.9,2.1,Shift changeover & inspection,170.6,310.6
3337,38,2026-06-07,6.7,1.3,Shift changeover & inspection,151.0,377.9
3338,38,2026-06-08,5.5,2.5,Shift changeover & inspection,193.1,425.5
3339,38,2026-06-09,7.7,0.3,,220.6,562.4
3340,38,2026-06-10,6.5,1.5,Shift changeover & inspection,206.4,560.2
3341,38,2026-06-11,6.5,1.5,Shift changeover & inspection,265.6,594.2
3342,38,2026-06-12,5.9,2.1,Shift changeover & inspection,143.3,427.9
3343,38,2026-06-13,7.5,0.5,,179.7,594.1
3344,38,2026-06-14,7.4,0.6,,328.4,700.0
3345,38,2026-06-15,6.7,1.3,Shift changeover & inspection,293.0,443.7
3346,38,2026-06-16,2.9,5.1,DGMS statutory electrical ground-fault trip,80.1,274.3
3347,38,2026-06-17,5.7,2.3,Shift changeover & inspection,234.5,421.5
3348,38,2026-06-18,7.4,0.6,,317.3,562.1
3349,38,2026-06-19,6.5,1.5,Shift changeover & inspection,155.0,461.7
3350,38,2026-06-20,5.9,2.1,Shift changeover & inspection,161.7,474.2
3351,38,2026-06-21,5.8,2.2,Shift changeover & inspection,173.6,269.5
3352,38,2026-06-22,6.8,1.2,Shift changeover & inspection,289.4,443.4
3353,38,2026-06-23,5.6,2.4,Shift changeover & inspection,228.0,515.5
3354,38,2026-06-24,7.0,1.0,Shift changeover & inspection,239.1,375.4
3355,38,2026-06-25,7.7,0.3,,319.6,614.5
3356,38,2026-06-26,5.6,2.4,Shift changeover & inspection,220.4,276.9
3357,38,2026-06-27,7.6,0.4,,239.8,699.4
3358,38,2026-06-28,7.2,0.8,,169.2,588.1
3359,38,2026-06-29,0.9,7.1,DGMS statutory electrical ground-fault trip,26.9,72.1
3360,38,2026-06-30,5.9,2.1,Shift changeover & inspection,211.6,497.5
3361,38,2026-07-01,4.0,4.0,Tyre sidewall cut on sharp gondite boulders,97.3,209.7
3362,38,2026-07-02,6.6,1.4,Shift changeover & inspection,203.8,620.6
3363,38,2026-07-03,5.7,2.3,Shift changeover & inspection,168.9,286.8
3364,38,2026-07-04,7.6,0.4,,329.6,591.3
3365,38,2026-07-05,7.2,0.8,,203.7,566.5
3366,38,2026-07-06,5.7,2.3,Shift changeover & inspection,191.5,383.4
3367,38,2026-07-07,0.7,7.3,Hydraulic hose burst / high pressure pump cavitation,27.2,56.5
3368,38,2026-07-08,4.5,3.5,Main sump pump silt clogging from monsoon slurry,134.3,280.2
3369,38,2026-07-09,3.4,4.6,Main sump pump silt clogging from monsoon slurry,143.7,234.1
3370,38,2026-07-10,6.4,1.6,Shift changeover & inspection,183.3,573.7
3371,38,2026-07-11,5.9,2.1,Shift changeover & inspection,206.3,323.3
3372,38,2026-07-12,6.9,1.1,Shift changeover & inspection,226.9,494.8
3373,38,2026-07-13,1.6,6.4,Tyre sidewall cut on sharp gondite boulders,63.0,87.6
3374,38,2026-07-14,7.8,0.2,,248.6,503.8
3375,38,2026-07-15,2.0,6.0,Rainwater inundation at bottom pit bench (>40mm downpour),74.8,91.7
3376,38,2026-07-16,2.6,5.4,Hydraulic hose burst / high pressure pump cavitation,111.8,139.0
3377,38,2026-07-17,6.4,1.6,Shift changeover & inspection,181.5,417.7
3378,38,2026-07-18,2.9,5.1,Main sump pump silt clogging from monsoon slurry,113.3,244.0
3379,38,2026-07-19,6.6,1.4,Shift changeover & inspection,174.0,592.4
3380,38,2026-07-20,2.4,5.6,Main sump pump silt clogging from monsoon slurry,102.6,144.7
3381,38,2026-07-21,0.2,7.8,DGMS statutory electrical ground-fault trip,5.2,17.2
3382,38,2026-07-22,6.4,1.6,Shift changeover & inspection,246.0,357.1
3383,38,2026-07-23,6.8,1.2,Shift changeover & inspection,262.1,562.9
3384,38,2026-07-24,7.7,0.3,,290.6,692.9
3385,38,2026-07-25,3.2,4.8,Main sump pump silt clogging from monsoon slurry,91.3,185.4
3386,38,2026-07-26,5.9,2.1,Shift changeover & inspection,156.4,309.5
3387,38,2026-07-27,3.1,4.9,Tyre sidewall cut on sharp gondite boulders,122.6,267.1
3388,38,2026-07-28,7.1,0.9,,238.7,356.0
3389,38,2026-07-29,2.6,5.4,Rainwater inundation at bottom pit bench (>40mm downpour),77.0,205.3
3390,38,2026-07-30,6.0,2.0,Shift changeover & inspection,228.9,277.0
3391,38,2026-07-31,6.8,1.2,Shift changeover & inspection,244.9,396.7
3392,38,2026-08-01,6.2,1.8,Shift changeover & inspection,139.0,441.8
3393,38,2026-08-02,1.5,6.5,Main sump pump silt clogging from monsoon slurry,46.6,68.5
3394,38,2026-08-03,6.4,1.6,Shift changeover & inspection,159.4,297.9
3395,38,2026-08-04,3.2,4.8,Main sump pump silt clogging from monsoon slurry,117.0,152.4
3396,38,2026-08-05,6.0,2.0,Shift changeover & inspection,203.8,316.0
3397,38,2026-08-06,4.0,4.0,Rainwater inundation at bottom pit bench (>40mm downpour),133.4,345.2
3398,38,2026-08-07,2.7,5.3,Rainwater inundation at bottom pit bench (>40mm downpour),69.2,194.6
3399,38,2026-08-08,0.3,7.7,DGMS statutory electrical ground-fault trip,9.7,17.0
3400,38,2026-08-09,6.1,1.9,Shift changeover & inspection,191.2,460.2
3401,38,2026-08-10,6.9,1.1,Shift changeover & inspection,186.8,350.7
3402,38,2026-08-11,4.1,3.9,Main sump pump silt clogging from monsoon slurry,148.1,268.3
3403,38,2026-08-12,6.7,1.3,Shift changeover & inspection,176.4,371.0
3404,38,2026-08-13,6.5,1.5,Shift changeover & inspection,214.2,600.6
3405,38,2026-08-14,5.9,2.1,Shift changeover & inspection,215.2,377.3
3406,38,2026-08-15,6.9,1.1,Shift changeover & inspection,238.8,635.2
3407,38,2026-08-16,5.8,2.2,Shift changeover & inspection,236.9,392.5
3408,38,2026-08-17,3.1,4.9,Main sump pump silt clogging from monsoon slurry,133.5,245.4
3409,38,2026-08-18,1.8,6.2,Tyre sidewall cut on sharp gondite boulders,76.3,140.0
3410,38,2026-08-19,7.2,0.8,,308.5,355.2
3411,38,2026-08-20,2.2,5.8,Tyre sidewall cut on sharp gondite boulders,95.2,202.5
3412,38,2026-08-21,2.5,5.5,Tyre sidewall cut on sharp gondite boulders,104.1,159.7
3413,38,2026-08-22,6.9,1.1,Shift changeover & inspection,226.8,647.6
3414,38,2026-08-23,4.1,3.9,Tyre sidewall cut on sharp gondite boulders,137.8,210.9
3415,38,2026-08-24,3.1,4.9,Main sump pump silt clogging from monsoon slurry,97.2,149.4
3416,38,2026-08-25,1.9,6.1,DGMS statutory electrical ground-fault trip,62.7,146.5
3417,38,2026-08-26,7.5,0.5,,335.8,490.3
3418,38,2026-08-27,5.9,2.1,Shift changeover & inspection,188.5,336.3
3419,38,2026-08-28,2.0,6.0,Rainwater inundation at bottom pit bench (>40mm downpour),85.4,132.1
3420,38,2026-08-29,5.8,2.2,Shift changeover & inspection,217.7,469.8
3421,39,2026-06-01,5.7,2.3,Shift changeover & inspection,63.8,162.2
3422,39,2026-06-02,6.8,1.2,Shift changeover & inspection,64.3,255.7
3423,39,2026-06-03,7.0,1.0,Shift changeover & inspection,72.9,308.6
3424,39,2026-06-04,7.2,0.8,,74.7,291.5
3425,39,2026-06-05,7.1,0.9,,57.3,294.4
3426,39,2026-06-06,7.1,0.9,,95.3,146.7
3427,39,2026-06-07,6.1,1.9,Shift changeover & inspection,77.5,277.3
3428,39,2026-06-08,6.7,1.3,Shift changeover & inspection,78.5,189.9
3429,39,2026-06-09,7.8,0.2,,97.4,206.6
3430,39,2026-06-10,5.8,2.2,Shift changeover & inspection,65.6,266.2
3431,39,2026-06-11,7.0,1.0,Shift changeover & inspection,56.9,196.8
3432,39,2026-06-12,7.2,0.8,,95.0,174.2
3433,39,2026-06-13,7.5,0.5,,62.6,278.3
3434,39,2026-06-14,7.1,0.9,,87.4,281.8
3435,39,2026-06-15,7.6,0.4,,85.5,216.6
3436,39,2026-06-16,7.3,0.7,,84.2,175.0
3437,39,2026-06-17,6.4,1.6,Shift changeover & inspection,93.6,220.3
3438,39,2026-06-18,6.1,1.9,Shift changeover & inspection,75.6,231.1
3439,39,2026-06-19,6.4,1.6,Shift changeover & inspection,62.3,241.0
3440,39,2026-06-20,5.9,2.1,Shift changeover & inspection,73.8,282.5
3441,39,2026-06-21,7.8,0.2,,93.6,165.8
3442,39,2026-06-22,2.5,5.5,Blasting toxic fume / dust clearance standstill,26.4,57.9
3443,39,2026-06-23,6.1,1.9,Shift changeover & inspection,67.6,303.4
3444,39,2026-06-24,6.1,1.9,Shift changeover & inspection,60.8,302.4
3445,39,2026-06-25,6.9,1.1,Shift changeover & inspection,68.8,266.7
3446,39,2026-06-26,7.0,1.0,Shift changeover & inspection,87.0,330.9
3447,39,2026-06-27,5.5,2.5,Shift changeover & inspection,53.3,113.2
3448,39,2026-06-28,7.3,0.7,,60.8,364.2
3449,39,2026-06-29,7.1,0.9,,79.1,346.8
3450,39,2026-06-30,6.9,1.1,Shift changeover & inspection,74.2,189.0
3451,39,2026-07-01,7.5,0.5,,86.3,241.9
3452,39,2026-07-02,2.9,5.1,Blasting toxic fume / dust clearance standstill,41.5,135.2
3453,39,2026-07-03,6.9,1.1,Shift changeover & inspection,101.7,263.9
3454,39,2026-07-04,3.4,4.6,Tyre sidewall cut on sharp gondite boulders,38.7,106.4
3455,39,2026-07-05,7.5,0.5,,91.4,324.0
3456,39,2026-07-06,6.0,2.0,Shift changeover & inspection,49.6,141.2
3457,39,2026-07-07,7.1,0.9,,89.9,241.5
3458,39,2026-07-08,2.7,5.3,Tyre sidewall cut on sharp gondite boulders,31.1,92.6
3459,39,2026-07-09,7.7,0.3,,65.9,261.6
3460,39,2026-07-10,6.4,1.6,Shift changeover & inspection,77.4,237.5
3461,39,2026-07-11,5.6,2.4,Shift changeover & inspection,78.2,169.2
3462,39,2026-07-12,6.1,1.9,Shift changeover & inspection,90.3,270.3
3463,39,2026-07-13,2.3,5.7,Shaft winder cage guide rope alignment check,21.3,77.9
3464,39,2026-07-14,4.3,3.7,Main sump pump silt clogging from monsoon slurry,40.2,194.9
3465,39,2026-07-15,2.7,5.3,Rainwater inundation at bottom pit bench (>40mm downpour),32.1,87.9
3466,39,2026-07-16,6.1,1.9,Shift changeover & inspection,58.3,172.6
3467,39,2026-07-17,3.0,5.0,Tyre sidewall cut on sharp gondite boulders,44.6,88.3
3468,39,2026-07-18,4.3,3.7,Tyre sidewall cut on sharp gondite boulders,49.8,211.6
3469,39,2026-07-19,0.2,7.8,Main sump pump silt clogging from monsoon slurry,2.1,9.6
3470,39,2026-07-20,5.8,2.2,Shift changeover & inspection,83.0,123.9
3471,39,2026-07-21,4.2,3.8,Main sump pump silt clogging from monsoon slurry,41.3,92.7
3472,39,2026-07-22,3.8,4.2,Main sump pump silt clogging from monsoon slurry,35.0,79.8
3473,39,2026-07-23,6.4,1.6,Shift changeover & inspection,79.5,238.1
3474,39,2026-07-24,3.1,4.9,Engine overheated (>44°C ambient summer load),34.8,131.0
3475,39,2026-07-25,6.6,1.4,Shift changeover & inspection,60.8,214.9
3476,39,2026-07-26,7.6,0.4,,72.6,357.7
3477,39,2026-07-27,1.5,6.5,Main sump pump silt clogging from monsoon slurry,13.8,61.3
3478,39,2026-07-28,5.5,2.5,Shift changeover & inspection,59.0,132.8
3479,39,2026-07-29,6.2,1.8,Shift changeover & inspection,72.5,132.1
3480,39,2026-07-30,6.9,1.1,Shift changeover & inspection,79.9,290.9
3481,39,2026-07-31,6.9,1.1,Shift changeover & inspection,85.9,337.8
3482,39,2026-08-01,5.9,2.1,Shift changeover & inspection,63.8,243.2
3483,39,2026-08-02,7.4,0.6,,105.7,158.4
3484,39,2026-08-03,2.1,5.9,Tyre sidewall cut on sharp gondite boulders,30.2,90.7
3485,39,2026-08-04,3.7,4.3,Tyre sidewall cut on sharp gondite boulders,33.0,135.2
3486,39,2026-08-05,3.4,4.6,Main sump pump silt clogging from monsoon slurry,47.8,159.4
3487,39,2026-08-06,7.1,0.9,,81.1,209.4
3488,39,2026-08-07,7.2,0.8,,77.0,201.6
3489,39,2026-08-08,3.0,5.0,DGMS statutory electrical ground-fault trip,32.7,77.8
3490,39,2026-08-09,7.7,0.3,,113.2,376.8
3491,39,2026-08-10,6.1,1.9,Shift changeover & inspection,59.0,262.6
3492,39,2026-08-11,2.0,6.0,Rainwater inundation at bottom pit bench (>40mm downpour),24.5,63.4
3493,39,2026-08-12,4.4,3.6,Rainwater inundation at bottom pit bench (>40mm downpour),45.6,119.4
3494,39,2026-08-13,6.1,1.9,Shift changeover & inspection,58.1,283.5
3495,39,2026-08-14,7.6,0.4,,83.0,342.6
3496,39,2026-08-15,7.0,1.0,Shift changeover & inspection,97.8,255.9
3497,39,2026-08-16,7.1,0.9,,66.4,292.0
3498,39,2026-08-17,5.8,2.2,Shift changeover & inspection,47.0,177.9
3499,39,2026-08-18,7.8,0.2,,81.7,252.8
3500,39,2026-08-19,7.3,0.7,,89.6,148.7
3501,39,2026-08-20,5.8,2.2,Shift changeover & inspection,51.3,236.6
3502,39,2026-08-21,3.6,4.4,Main sump pump silt clogging from monsoon slurry,45.4,143.7
3503,39,2026-08-22,5.6,2.4,Shift changeover & inspection,76.6,263.3
3504,39,2026-08-23,1.5,6.5,Main sump pump silt clogging from monsoon slurry,21.2,69.1
3505,39,2026-08-24,3.2,4.8,Tyre sidewall cut on sharp gondite boulders,43.4,120.2
3506,39,2026-08-25,7.7,0.3,,61.7,226.5
3507,39,2026-08-26,5.9,2.1,Shift changeover & inspection,48.1,238.4
3508,39,2026-08-27,7.8,0.2,,65.6,158.0
3509,39,2026-08-28,7.4,0.6,,64.9,272.1
3510,39,2026-08-29,2.9,5.1,Main sump pump silt clogging from monsoon slurry,25.5,141.4
3511,40,2026-06-01,5.7,2.3,Shift changeover & inspection,140.4,339.2
3512,40,2026-06-02,6.8,1.2,Shift changeover & inspection,174.7,430.8
3513,40,2026-06-03,2.8,5.2,Blasting toxic fume / dust clearance standstill,72.9,165.4
3514,40,2026-06-04,6.3,1.7,Shift changeover & inspection,236.5,399.0
3515,40,2026-06-05,1.8,6.2,Hydraulic hose burst / high pressure pump cavitation,63.2,166.6
3516,40,2026-06-06,7.0,1.0,Shift changeover & inspection,179.6,645.6
3517,40,2026-06-07,2.6,5.4,Hydraulic hose burst / high pressure pump cavitation,78.7,203.1
3518,40,2026-06-08,2.5,5.5,Engine overheated (>44°C ambient summer load),82.0,199.6
3519,40,2026-06-09,3.2,4.8,DGMS statutory electrical ground-fault trip,93.4,270.5
3520,40,2026-06-10,5.9,2.1,Shift changeover & inspection,244.3,559.8
3521,40,2026-06-11,1.4,6.6,Hydraulic hose burst / high pressure pump cavitation,40.8,75.7
3522,40,2026-06-12,6.1,1.9,Shift changeover & inspection,160.0,281.7
3523,40,2026-06-13,5.5,2.5,Shift changeover & inspection,215.4,309.0
3524,40,2026-06-14,3.3,4.7,Tyre sidewall cut on sharp gondite boulders,105.5,158.5
3525,40,2026-06-15,5.6,2.4,Shift changeover & inspection,178.7,433.8
3526,40,2026-06-16,6.1,1.9,Shift changeover & inspection,156.7,307.8
3527,40,2026-06-17,3.2,4.8,Engine overheated (>44°C ambient summer load),138.5,149.0
3528,40,2026-06-18,5.5,2.5,Shift changeover & inspection,154.7,295.6
3529,40,2026-06-19,6.3,1.7,Shift changeover & inspection,179.7,395.6
3530,40,2026-06-20,2.7,5.3,Tyre sidewall cut on sharp gondite boulders,106.0,248.0
3531,40,2026-06-21,5.9,2.1,Shift changeover & inspection,203.4,417.2
3532,40,2026-06-22,7.0,1.0,Shift changeover & inspection,225.1,620.0
3533,40,2026-06-23,7.5,0.5,,166.6,421.4
3534,40,2026-06-24,7.0,1.0,Shift changeover & inspection,256.3,514.3
3535,40,2026-06-25,7.0,1.0,Shift changeover & inspection,207.9,488.1
3536,40,2026-06-26,6.6,1.4,Shift changeover & inspection,228.7,511.0
3537,40,2026-06-27,7.2,0.8,,228.6,584.7
3538,40,2026-06-28,5.8,2.2,Shift changeover & inspection,221.6,509.0
3539,40,2026-06-29,6.0,2.0,Shift changeover & inspection,172.3,305.5
3540,40,2026-06-30,7.8,0.2,,291.9,428.7
3541,40,2026-07-01,2.5,5.5,Main sump pump silt clogging from monsoon slurry,63.7,157.6
3542,40,2026-07-02,7.2,0.8,,213.9,439.1
3543,40,2026-07-03,2.7,5.3,Tyre sidewall cut on sharp gondite boulders,68.1,196.3
3544,40,2026-07-04,7.3,0.7,,286.7,611.6
3545,40,2026-07-05,3.7,4.3,Main sump pump silt clogging from monsoon slurry,117.9,321.6
3546,40,2026-07-06,7.6,0.4,,302.7,454.9
3547,40,2026-07-07,2.2,5.8,Rainwater inundation at bottom pit bench (>40mm downpour),78.8,191.2
3548,40,2026-07-08,3.2,4.8,Tyre sidewall cut on sharp gondite boulders,134.0,227.3
3549,40,2026-07-09,6.0,2.0,Shift changeover & inspection,246.2,455.6
3550,40,2026-07-10,3.7,4.3,Tyre sidewall cut on sharp gondite boulders,149.7,318.2
3551,40,2026-07-11,2.5,5.5,Tyre sidewall cut on sharp gondite boulders,84.4,150.9
3552,40,2026-07-12,6.3,1.7,Shift changeover & inspection,190.0,511.5
3553,40,2026-07-13,1.6,6.4,Main sump pump silt clogging from monsoon slurry,61.1,134.8
3554,40,2026-07-14,7.3,0.7,,171.5,594.4
3555,40,2026-07-15,5.8,2.2,Shift changeover & inspection,168.0,407.8
3556,40,2026-07-16,0.3,7.7,Shaft winder cage guide rope alignment check,8.2,25.7
3557,40,2026-07-17,7.6,0.4,,277.4,391.0
3558,40,2026-07-18,4.3,3.7,Tyre sidewall cut on sharp gondite boulders,182.8,216.0
3559,40,2026-07-19,7.0,1.0,Shift changeover & inspection,202.6,428.3
3560,40,2026-07-20,6.4,1.6,Shift changeover & inspection,261.4,470.4
3561,40,2026-07-21,4.3,3.7,Rainwater inundation at bottom pit bench (>40mm downpour),190.6,386.5
3562,40,2026-07-22,6.7,1.3,Shift changeover & inspection,273.1,463.8
3563,40,2026-07-23,1.2,6.8,Blasting toxic fume / dust clearance standstill,29.6,112.1
3564,40,2026-07-24,4.4,3.6,Rainwater inundation at bottom pit bench (>40mm downpour),101.0,314.7
3565,40,2026-07-25,7.5,0.5,,294.6,539.2
3566,40,2026-07-26,5.5,2.5,Shift changeover & inspection,207.9,342.8
3567,40,2026-07-27,6.2,1.8,Shift changeover & inspection,213.0,577.5
3568,40,2026-07-28,5.7,2.3,Shift changeover & inspection,224.1,281.7
3569,40,2026-07-29,2.4,5.6,Main sump pump silt clogging from monsoon slurry,103.0,221.3
3570,40,2026-07-30,6.0,2.0,Shift changeover & inspection,245.0,564.1
3571,40,2026-07-31,1.5,6.5,Main sump pump silt clogging from monsoon slurry,38.2,120.2
3572,40,2026-08-01,5.6,2.4,Shift changeover & inspection,168.5,328.4
3573,40,2026-08-02,2.5,5.5,Tyre sidewall cut on sharp gondite boulders,58.5,184.0
3574,40,2026-08-03,4.4,3.6,Tyre sidewall cut on sharp gondite boulders,197.1,328.2
3575,40,2026-08-04,2.5,5.5,Rainwater inundation at bottom pit bench (>40mm downpour),65.4,199.0
3576,40,2026-08-05,5.7,2.3,Shift changeover & inspection,230.9,286.2
3577,40,2026-08-06,7.5,0.5,,232.5,442.1
3578,40,2026-08-07,5.9,2.1,Shift changeover & inspection,131.8,273.2
3579,40,2026-08-08,7.1,0.9,,282.9,380.0
3580,40,2026-08-09,3.1,4.9,Main sump pump silt clogging from monsoon slurry,82.7,140.0
3581,40,2026-08-10,2.6,5.4,Tyre sidewall cut on sharp gondite boulders,114.3,183.6
3582,40,2026-08-11,3.7,4.3,Main sump pump silt clogging from monsoon slurry,87.1,220.1
3583,40,2026-08-12,6.4,1.6,Shift changeover & inspection,200.8,369.8
3584,40,2026-08-13,2.3,5.7,Tyre sidewall cut on sharp gondite boulders,91.6,120.8
3585,40,2026-08-14,3.9,4.1,Rainwater inundation at bottom pit bench (>40mm downpour),154.4,250.0
3586,40,2026-08-15,3.4,4.6,Rainwater inundation at bottom pit bench (>40mm downpour),117.2,252.3
3587,40,2026-08-16,7.2,0.8,,190.9,329.2
3588,40,2026-08-17,4.2,3.8,Tyre sidewall cut on sharp gondite boulders,147.5,222.5
3589,40,2026-08-18,2.5,5.5,Main sump pump silt clogging from monsoon slurry,75.2,151.4
3590,40,2026-08-19,6.8,1.2,Shift changeover & inspection,236.8,343.5
3591,40,2026-08-20,6.6,1.4,Shift changeover & inspection,147.2,621.0
3592,40,2026-08-21,6.1,1.9,Shift changeover & inspection,155.5,546.2
3593,40,2026-08-22,6.2,1.8,Shift changeover & inspection,206.3,584.3
3594,40,2026-08-23,5.8,2.2,Shift changeover & inspection,141.4,333.4
3595,40,2026-08-24,6.9,1.1,Shift changeover & inspection,266.0,422.0
3596,40,2026-08-25,6.9,1.1,Shift changeover & inspection,196.2,621.0
3597,40,2026-08-26,3.4,4.6,Tyre sidewall cut on sharp gondite boulders,152.4,250.4
3598,40,2026-08-27,5.6,2.4,Shift changeover & inspection,225.5,356.2
3599,40,2026-08-28,3.6,4.4,Main sump pump silt clogging from monsoon slurry,80.8,166.9
3600,40,2026-08-29,6.7,1.3,Shift changeover & inspection,221.5,516.3
3601,41,2026-06-01,6.8,1.2,Shift changeover & inspection,65.4,333.5
3602,41,2026-06-02,6.1,1.9,Shift changeover & inspection,83.9,249.1
3603,41,2026-06-03,6.2,1.8,Shift changeover & inspection,70.7,259.1
3604,41,2026-06-04,5.7,2.3,Shift changeover & inspection,78.3,217.2
3605,41,2026-06-05,7.3,0.7,,73.3,337.1
3606,41,2026-06-06,7.8,0.2,,97.6,176.8
3607,41,2026-06-07,6.1,1.9,Shift changeover & inspection,62.4,276.5
3608,41,2026-06-08,5.7,2.3,Shift changeover & inspection,69.4,255.2
3609,41,2026-06-09,2.7,5.3,Blasting toxic fume / dust clearance standstill,35.7,87.9
3610,41,2026-06-10,7.4,0.6,,83.4,179.7
3611,41,2026-06-11,7.0,1.0,Shift changeover & inspection,56.2,215.9
3612,41,2026-06-12,7.5,0.5,,74.8,266.4
3613,41,2026-06-13,6.0,2.0,Shift changeover & inspection,59.2,193.8
3614,41,2026-06-14,5.6,2.4,Shift changeover & inspection,62.5,269.3
3615,41,2026-06-15,1.8,6.2,Main sump pump silt clogging from monsoon slurry,15.0,81.9
3616,41,2026-06-16,7.7,0.3,,83.5,171.2
3617,41,2026-06-17,6.7,1.3,Shift changeover & inspection,77.8,258.3
3618,41,2026-06-18,3.1,4.9,Tyre sidewall cut on sharp gondite boulders,38.7,75.7
3619,41,2026-06-19,2.0,6.0,Tyre sidewall cut on sharp gondite boulders,29.2,76.5
3620,41,2026-06-20,6.5,1.5,Shift changeover & inspection,79.6,189.3
3621,41,2026-06-21,6.4,1.6,Shift changeover & inspection,91.4,285.4
3622,41,2026-06-22,7.2,0.8,,102.0,336.1
3623,41,2026-06-23,5.8,2.2,Shift changeover & inspection,66.6,241.0
3624,41,2026-06-24,7.0,1.0,Shift changeover & inspection,70.1,144.2
3625,41,2026-06-25,2.0,6.0,Hydraulic hose burst / high pressure pump cavitation,17.0,99.5
3626,41,2026-06-26,7.4,0.6,,75.2,273.1
3627,41,2026-06-27,7.1,0.9,,99.6,305.5
3628,41,2026-06-28,5.9,2.1,Shift changeover & inspection,58.0,240.6
3629,41,2026-06-29,5.9,2.1,Shift changeover & inspection,51.3,256.4
3630,41,2026-06-30,6.2,1.8,Shift changeover & inspection,69.5,197.3
3631,41,2026-07-01,5.9,2.1,Shift changeover & inspection,82.7,241.9
3632,41,2026-07-02,7.0,1.0,Shift changeover & inspection,56.9,284.0
3633,41,2026-07-03,7.4,0.6,,107.6,297.9
3634,41,2026-07-04,6.9,1.1,Shift changeover & inspection,72.2,147.5
3635,41,2026-07-05,7.4,0.6,,92.5,283.4
3636,41,2026-07-06,6.1,1.9,Shift changeover & inspection,86.2,240.1
3637,41,2026-07-07,5.6,2.4,Shift changeover & inspection,84.0,259.5
3638,41,2026-07-08,0.2,7.8,Engine overheated (>44°C ambient summer load),1.9,9.7
3639,41,2026-07-09,2.7,5.3,Hydraulic hose burst / high pressure pump cavitation,38.6,101.0
3640,41,2026-07-10,1.8,6.2,Engine overheated (>44°C ambient summer load),22.8,64.3
3641,41,2026-07-11,6.1,1.9,Shift changeover & inspection,65.2,166.6
3642,41,2026-07-12,2.5,5.5,Engine overheated (>44°C ambient summer load),30.2,100.8
3643,41,2026-07-13,5.8,2.2,Shift changeover & inspection,74.8,270.6
3644,41,2026-07-14,5.7,2.3,Shift changeover & inspection,69.2,246.2
3645,41,2026-07-15,7.6,0.4,,93.4,309.7
3646,41,2026-07-16,6.4,1.6,Shift changeover & inspection,71.4,297.3
3647,41,2026-07-17,6.2,1.8,Shift changeover & inspection,65.5,269.9
3648,41,2026-07-18,6.3,1.7,Shift changeover & inspection,81.7,221.1
3649,41,2026-07-19,7.3,0.7,,83.8,298.8
3650,41,2026-07-20,1.7,6.3,Tyre sidewall cut on sharp gondite boulders,14.3,75.3
3651,41,2026-07-21,7.1,0.9,,74.8,236.7
3652,41,2026-07-22,2.0,6.0,Tyre sidewall cut on sharp gondite boulders,19.5,51.2
3653,41,2026-07-23,7.2,0.8,,86.9,207.4
3654,41,2026-07-24,7.7,0.3,,75.5,309.2
3655,41,2026-07-25,6.8,1.2,Shift changeover & inspection,96.2,254.5
3656,41,2026-07-26,5.7,2.3,Shift changeover & inspection,72.2,239.1
3657,41,2026-07-27,3.3,4.7,Rainwater inundation at bottom pit bench (>40mm downpour),43.4,147.2
3658,41,2026-07-28,5.6,2.4,Shift changeover & inspection,74.1,167.5
3659,41,2026-07-29,5.8,2.2,Shift changeover & inspection,75.7,241.8
3660,41,2026-07-30,3.6,4.4,Rainwater inundation at bottom pit bench (>40mm downpour),47.6,109.7
3661,41,2026-07-31,6.8,1.2,Shift changeover & inspection,98.2,263.2
3662,41,2026-08-01,7.5,0.5,,110.6,208.8
3663,41,2026-08-02,5.7,2.3,Shift changeover & inspection,65.8,269.5
3664,41,2026-08-03,3.4,4.6,Main sump pump silt clogging from monsoon slurry,31.6,84.1
3665,41,2026-08-04,7.5,0.5,,77.7,288.2
3666,41,2026-08-05,7.4,0.6,,78.4,219.3
3667,41,2026-08-06,7.2,0.8,,78.2,174.6
3668,41,2026-08-07,1.6,6.4,Main sump pump silt clogging from monsoon slurry,21.4,54.2
3669,41,2026-08-08,1.6,6.4,Rainwater inundation at bottom pit bench (>40mm downpour),17.6,38.0
3670,41,2026-08-09,6.1,1.9,Shift changeover & inspection,63.0,221.3
3671,41,2026-08-10,7.4,0.6,,100.5,182.3
3672,41,2026-08-11,6.9,1.1,Shift changeover & inspection,82.7,256.3
3673,41,2026-08-12,6.9,1.1,Shift changeover & inspection,93.7,294.1
3674,41,2026-08-13,3.4,4.6,Tyre sidewall cut on sharp gondite boulders,40.9,85.8
3675,41,2026-08-14,2.7,5.3,Engine overheated (>44°C ambient summer load),35.9,111.1
3676,41,2026-08-15,5.6,2.4,Shift changeover & inspection,70.5,173.8
3677,41,2026-08-16,1.6,6.4,Main sump pump silt clogging from monsoon slurry,22.5,40.6
3678,41,2026-08-17,7.7,0.3,,62.9,223.0
3679,41,2026-08-18,2.1,5.9,Tyre sidewall cut on sharp gondite boulders,22.3,59.0
3680,41,2026-08-19,6.9,1.1,Shift changeover & inspection,88.5,239.8
3681,41,2026-08-20,7.5,0.5,,98.2,322.5
3682,41,2026-08-21,5.9,2.1,Shift changeover & inspection,71.4,211.7
3683,41,2026-08-22,3.3,4.7,Rainwater inundation at bottom pit bench (>40mm downpour),36.7,91.5
3684,41,2026-08-23,7.3,0.7,,103.1,283.0
3685,41,2026-08-24,7.6,0.4,,67.3,160.2
3686,41,2026-08-25,5.9,2.1,Shift changeover & inspection,49.9,153.6
3687,41,2026-08-26,0.5,7.5,Hydraulic hose burst / high pressure pump cavitation,7.1,13.9
3688,41,2026-08-27,6.9,1.1,Shift changeover & inspection,63.2,209.9
3689,41,2026-08-28,7.5,0.5,,91.7,318.5
3690,41,2026-08-29,6.4,1.6,Shift changeover & inspection,52.8,138.3
3691,42,2026-06-01,1.8,6.2,Hydraulic hose burst / high pressure pump cavitation,19.8,79.1
3692,42,2026-06-02,2.7,5.3,Engine overheated (>44°C ambient summer load),31.6,134.3
3693,42,2026-06-03,7.1,0.9,,88.5,274.3
3694,42,2026-06-04,7.7,0.3,,85.4,199.6
3695,42,2026-06-05,1.2,6.8,Main sump pump silt clogging from monsoon slurry,14.3,43.4
3696,42,2026-06-06,7.5,0.5,,70.0,284.1
3697,42,2026-06-07,6.7,1.3,Shift changeover & inspection,58.2,275.7
3698,42,2026-06-08,6.0,2.0,Shift changeover & inspection,81.1,260.7
3699,42,2026-06-09,7.4,0.6,,73.1,162.9
3700,42,2026-06-10,7.3,0.7,,93.9,159.8
3701,42,2026-06-11,6.7,1.3,Shift changeover & inspection,92.0,285.7
3702,42,2026-06-12,6.9,1.1,Shift changeover & inspection,84.6,278.5
3703,42,2026-06-13,5.6,2.4,Shift changeover & inspection,63.0,156.6
3704,42,2026-06-14,7.4,0.6,,65.2,315.9
3705,42,2026-06-15,6.8,1.2,Shift changeover & inspection,73.9,303.0
3706,42,2026-06-16,7.2,0.8,,85.1,262.9
3707,42,2026-06-17,7.7,0.3,,94.1,179.0
3708,42,2026-06-18,6.7,1.3,Shift changeover & inspection,67.6,231.2
3709,42,2026-06-19,6.8,1.2,Shift changeover & inspection,68.5,142.6
3710,42,2026-06-20,5.7,2.3,Shift changeover & inspection,78.1,162.5
3711,42,2026-06-21,3.2,4.8,Engine overheated (>44°C ambient summer load),30.0,96.7
3712,42,2026-06-22,2.9,5.1,Hydraulic hose burst / high pressure pump cavitation,24.4,134.0
3713,42,2026-06-23,6.2,1.8,Shift changeover & inspection,50.3,203.7
3714,42,2026-06-24,6.6,1.4,Shift changeover & inspection,98.4,241.4
3715,42,2026-06-25,6.4,1.6,Shift changeover & inspection,90.6,139.4
3716,42,2026-06-26,6.5,1.5,Shift changeover & inspection,70.5,249.2
3717,42,2026-06-27,6.9,1.1,Shift changeover & inspection,98.2,326.5
3718,42,2026-06-28,6.4,1.6,Shift changeover & inspection,72.3,199.3
3719,42,2026-06-29,6.9,1.1,Shift changeover & inspection,75.3,172.2
3720,42,2026-06-30,7.1,0.9,,92.0,270.6
3721,42,2026-07-01,6.2,1.8,Shift changeover & inspection,69.1,241.0
3722,42,2026-07-02,7.6,0.4,,63.0,203.2
3723,42,2026-07-03,1.6,6.4,Blasting toxic fume / dust clearance standstill,13.2,40.6
3724,42,2026-07-04,5.6,2.4,Shift changeover & inspection,66.6,277.9
3725,42,2026-07-05,5.7,2.3,Shift changeover & inspection,84.5,202.3
3726,42,2026-07-06,3.4,4.6,Rainwater inundation at bottom pit bench (>40mm downpour),31.8,75.6
3727,42,2026-07-07,7.4,0.6,,103.4,181.1
3728,42,2026-07-08,7.0,1.0,Shift changeover & inspection,90.9,270.9
3729,42,2026-07-09,4.0,4.0,Tyre sidewall cut on sharp gondite boulders,45.0,159.5
3730,42,2026-07-10,5.5,2.5,Shift changeover & inspection,63.2,113.7
3731,42,2026-07-11,7.7,0.3,,88.6,173.1
3732,42,2026-07-12,1.6,6.4,Rainwater inundation at bottom pit bench (>40mm downpour),21.4,77.7
3733,42,2026-07-13,2.5,5.5,Rainwater inundation at bottom pit bench (>40mm downpour),33.9,84.3
3734,42,2026-07-14,2.8,5.2,Tyre sidewall cut on sharp gondite boulders,28.6,115.8
3735,42,2026-07-15,4.2,3.8,Main sump pump silt clogging from monsoon slurry,54.2,205.8
3736,42,2026-07-16,6.3,1.7,Shift changeover & inspection,74.4,153.7
3737,42,2026-07-17,5.9,2.1,Shift changeover & inspection,68.9,263.8
3738,42,2026-07-18,3.0,5.0,Rainwater inundation at bottom pit bench (>40mm downpour),32.0,144.3
3739,42,2026-07-19,5.9,2.1,Shift changeover & inspection,71.0,190.6
3740,42,2026-07-20,7.2,0.8,,97.9,174.8
3741,42,2026-07-21,7.7,0.3,,105.2,371.8
3742,42,2026-07-22,3.8,4.2,Main sump pump silt clogging from monsoon slurry,39.4,120.6
3743,42,2026-07-23,4.3,3.7,Tyre sidewall cut on sharp gondite boulders,36.0,155.1
3744,42,2026-07-24,6.3,1.7,Shift changeover & inspection,87.4,216.6
3745,42,2026-07-25,7.4,0.6,,90.2,180.7
3746,42,2026-07-26,2.4,5.6,Main sump pump silt clogging from monsoon slurry,27.1,109.9
3747,42,2026-07-27,4.5,3.5,Main sump pump silt clogging from monsoon slurry,55.4,113.9
3748,42,2026-07-28,0.8,7.2,Blasting toxic fume / dust clearance standstill,9.9,38.2
3749,42,2026-07-29,0.2,7.8,Blasting toxic fume / dust clearance standstill,2.3,4.4
3750,42,2026-07-30,6.5,1.5,Shift changeover & inspection,91.7,252.7
3751,42,2026-07-31,3.7,4.3,Main sump pump silt clogging from monsoon slurry,34.0,170.5
3752,42,2026-08-01,2.6,5.4,Rainwater inundation at bottom pit bench (>40mm downpour),35.1,90.3
3753,42,2026-08-02,7.4,0.6,,85.9,345.1
3754,42,2026-08-03,3.1,4.9,Blasting toxic fume / dust clearance standstill,37.2,109.1
3755,42,2026-08-04,2.0,6.0,Main sump pump silt clogging from monsoon slurry,23.9,53.0
3756,42,2026-08-05,7.1,0.9,,84.7,161.5
3757,42,2026-08-06,7.4,0.6,,64.7,322.8
3758,42,2026-08-07,6.8,1.2,Shift changeover & inspection,72.2,311.9
3759,42,2026-08-08,7.3,0.7,,75.9,263.5
3760,42,2026-08-09,5.8,2.2,Shift changeover & inspection,73.7,260.4
3761,42,2026-08-10,3.0,5.0,Tyre sidewall cut on sharp gondite boulders,32.7,123.0
3762,42,2026-08-11,3.6,4.4,Rainwater inundation at bottom pit bench (>40mm downpour),43.2,100.7
3763,42,2026-08-12,5.7,2.3,Shift changeover & inspection,78.1,245.8
3764,42,2026-08-13,7.4,0.6,,75.0,298.4
3765,42,2026-08-14,2.6,5.4,Rainwater inundation at bottom pit bench (>40mm downpour),35.5,106.8
3766,42,2026-08-15,6.4,1.6,Shift changeover & inspection,74.2,217.7
3767,42,2026-08-16,5.5,2.5,Shift changeover & inspection,75.6,272.9
3768,42,2026-08-17,6.7,1.3,Shift changeover & inspection,83.7,151.6
3769,42,2026-08-18,6.9,1.1,Shift changeover & inspection,63.4,265.8
3770,42,2026-08-19,6.4,1.6,Shift changeover & inspection,58.7,214.5
3771,42,2026-08-20,1.9,6.1,DGMS statutory electrical ground-fault trip,18.9,59.1
3772,42,2026-08-21,5.9,2.1,Shift changeover & inspection,55.8,209.9
3773,42,2026-08-22,1.2,6.8,Hydraulic hose burst / high pressure pump cavitation,10.0,33.0
3774,42,2026-08-23,3.3,4.7,Tyre sidewall cut on sharp gondite boulders,37.1,81.7
3775,42,2026-08-24,3.6,4.4,Tyre sidewall cut on sharp gondite boulders,50.9,130.5
3776,42,2026-08-25,5.8,2.2,Shift changeover & inspection,67.2,224.5
3777,42,2026-08-26,5.6,2.4,Shift changeover & inspection,69.8,279.4
3778,42,2026-08-27,5.5,2.5,Shift changeover & inspection,49.8,148.6
3779,42,2026-08-28,4.4,3.6,Main sump pump silt clogging from monsoon slurry,59.3,113.9
3780,42,2026-08-29,3.9,4.1,Main sump pump silt clogging from monsoon slurry,35.0,188.9
3781,43,2026-06-01,6.4,1.6,Shift changeover & inspection,60.2,318.6
3782,43,2026-06-02,5.8,2.2,Shift changeover & inspection,60.8,157.7
3783,43,2026-06-03,7.3,0.7,,62.8,182.9
3784,43,2026-06-04,2.1,5.9,Shaft winder cage guide rope alignment check,19.6,99.5
3785,43,2026-06-05,6.4,1.6,Shift changeover & inspection,92.0,208.5
3786,43,2026-06-06,7.2,0.8,,78.4,336.9
3787,43,2026-06-07,7.2,0.8,,70.6,306.3
3788,43,2026-06-08,6.4,1.6,Shift changeover & inspection,78.8,186.1
3789,43,2026-06-09,7.1,0.9,,57.5,236.4
3790,43,2026-06-10,7.0,1.0,Shift changeover & inspection,102.6,183.8
3791,43,2026-06-11,6.0,2.0,Shift changeover & inspection,65.2,279.9
3792,43,2026-06-12,7.5,0.5,,64.9,365.4
3793,43,2026-06-13,5.6,2.4,Shift changeover & inspection,45.6,251.6
3794,43,2026-06-14,6.5,1.5,Shift changeover & inspection,86.6,320.8
3795,43,2026-06-15,6.0,2.0,Shift changeover & inspection,72.2,224.3
3796,43,2026-06-16,6.2,1.8,Shift changeover & inspection,92.9,300.7
3797,43,2026-06-17,7.2,0.8,,88.7,357.6
3798,43,2026-06-18,7.1,0.9,,102.3,214.1
3799,43,2026-06-19,7.0,1.0,Shift changeover & inspection,72.0,153.0
3800,43,2026-06-20,3.4,4.6,Tyre sidewall cut on sharp gondite boulders,37.5,78.7
3801,43,2026-06-21,5.9,2.1,Shift changeover & inspection,81.9,281.6
3802,43,2026-06-22,5.5,2.5,Shift changeover & inspection,69.4,203.3
3803,43,2026-06-23,3.4,4.6,Tyre sidewall cut on sharp gondite boulders,35.2,130.3
3804,43,2026-06-24,7.6,0.4,,111.5,361.6
3805,43,2026-06-25,7.7,0.3,,87.7,317.5
3806,43,2026-06-26,6.7,1.3,Shift changeover & inspection,97.1,323.3
3807,43,2026-06-27,7.7,0.3,,85.6,347.8
3808,43,2026-06-28,6.8,1.2,Shift changeover & inspection,64.0,264.8
3809,43,2026-06-29,3.1,4.9,Engine overheated (>44°C ambient summer load),35.3,134.3
3810,43,2026-06-30,7.2,0.8,,62.9,190.4
3811,43,2026-07-01,5.8,2.2,Shift changeover & inspection,65.1,222.3
3812,43,2026-07-02,2.3,5.7,Rainwater inundation at bottom pit bench (>40mm downpour),32.5,50.8
3813,43,2026-07-03,5.6,2.4,Shift changeover & inspection,78.5,116.6
3814,43,2026-07-04,5.7,2.3,Shift changeover & inspection,73.9,244.7
3815,43,2026-07-05,2.5,5.5,Rainwater inundation at bottom pit bench (>40mm downpour),37.4,54.3
3816,43,2026-07-06,6.4,1.6,Shift changeover & inspection,77.6,220.4
3817,43,2026-07-07,6.7,1.3,Shift changeover & inspection,59.4,160.0
3818,43,2026-07-08,2.9,5.1,Main sump pump silt clogging from monsoon slurry,42.6,71.8
3819,43,2026-07-09,7.7,0.3,,96.3,277.4
3820,43,2026-07-10,1.7,6.3,Rainwater inundation at bottom pit bench (>40mm downpour),22.4,59.6
3821,43,2026-07-11,7.0,1.0,Shift changeover & inspection,83.0,229.0
3822,43,2026-07-12,3.4,4.6,DGMS statutory electrical ground-fault trip,36.0,135.6
3823,43,2026-07-13,6.6,1.4,Shift changeover & inspection,73.1,262.7
3824,43,2026-07-14,1.1,6.9,Tyre sidewall cut on sharp gondite boulders,15.8,36.0
3825,43,2026-07-15,2.6,5.4,Main sump pump silt clogging from monsoon slurry,22.4,79.9
3826,43,2026-07-16,3.4,4.6,DGMS statutory electrical ground-fault trip,30.6,99.0
3827,43,2026-07-17,6.9,1.1,Shift changeover & inspection,85.2,275.0
3828,43,2026-07-18,7.7,0.3,,85.6,273.3
3829,43,2026-07-19,5.5,2.5,Shift changeover & inspection,82.0,202.0
3830,43,2026-07-20,1.4,6.6,Hydraulic hose burst / high pressure pump cavitation,13.8,60.1
3831,43,2026-07-21,7.0,1.0,Shift changeover & inspection,69.3,148.7
3832,43,2026-07-22,4.4,3.6,Rainwater inundation at bottom pit bench (>40mm downpour),36.5,160.8
3833,43,2026-07-23,5.7,2.3,Shift changeover & inspection,49.6,177.2
3834,43,2026-07-24,6.6,1.4,Shift changeover & inspection,56.0,176.0
3835,43,2026-07-25,3.5,4.5,Tyre sidewall cut on sharp gondite boulders,35.5,166.4
3836,43,2026-07-26,7.8,0.2,,83.0,316.0
3837,43,2026-07-27,2.4,5.6,Main sump pump silt clogging from monsoon slurry,34.7,49.8
3838,43,2026-07-28,4.4,3.6,Main sump pump silt clogging from monsoon slurry,59.5,192.8
3839,43,2026-07-29,7.0,1.0,Shift changeover & inspection,87.8,197.0
3840,43,2026-07-30,6.0,2.0,Shift changeover & inspection,56.3,220.8
3841,43,2026-07-31,2.3,5.7,Main sump pump silt clogging from monsoon slurry,28.5,84.1
3842,43,2026-08-01,6.4,1.6,Shift changeover & inspection,80.3,286.4
3843,43,2026-08-02,4.0,4.0,Tyre sidewall cut on sharp gondite boulders,45.4,178.8
3844,43,2026-08-03,2.5,5.5,Rainwater inundation at bottom pit bench (>40mm downpour),37.2,78.5
3845,43,2026-08-04,6.5,1.5,Shift changeover & inspection,97.1,210.0
3846,43,2026-08-05,6.0,2.0,Shift changeover & inspection,78.7,192.9
3847,43,2026-08-06,3.2,4.8,Rainwater inundation at bottom pit bench (>40mm downpour),37.4,92.4
3848,43,2026-08-07,6.3,1.7,Shift changeover & inspection,72.0,224.9
3849,43,2026-08-08,6.7,1.3,Shift changeover & inspection,60.5,262.9
3850,43,2026-08-09,5.6,2.4,Shift changeover & inspection,82.3,150.9
3851,43,2026-08-10,1.7,6.3,Rainwater inundation at bottom pit bench (>40mm downpour),23.6,65.0
3852,43,2026-08-11,5.7,2.3,Shift changeover & inspection,47.2,171.6
3853,43,2026-08-12,6.1,1.9,Shift changeover & inspection,79.4,290.4
3854,43,2026-08-13,7.2,0.8,,76.5,265.1
3855,43,2026-08-14,2.5,5.5,Main sump pump silt clogging from monsoon slurry,27.5,102.3
3856,43,2026-08-15,1.3,6.7,Tyre sidewall cut on sharp gondite boulders,13.3,29.7
3857,43,2026-08-16,0.6,7.4,Blasting toxic fume / dust clearance standstill,5.4,25.9
3858,43,2026-08-17,6.8,1.2,Shift changeover & inspection,93.3,282.8
3859,43,2026-08-18,7.4,0.6,,76.4,366.2
3860,43,2026-08-19,2.4,5.6,Tyre sidewall cut on sharp gondite boulders,21.6,70.8
3861,43,2026-08-20,7.1,0.9,,60.6,183.1
3862,43,2026-08-21,6.3,1.7,Shift changeover & inspection,68.1,179.9
3863,43,2026-08-22,6.7,1.3,Shift changeover & inspection,96.6,311.7
3864,43,2026-08-23,6.9,1.1,Shift changeover & inspection,59.1,234.6
3865,43,2026-08-24,7.5,0.5,,82.0,358.6
3866,43,2026-08-25,7.2,0.8,,107.3,349.3
3867,43,2026-08-26,1.5,6.5,Hydraulic hose burst / high pressure pump cavitation,22.3,74.1
3868,43,2026-08-27,5.9,2.1,Shift changeover & inspection,49.8,153.8
3869,43,2026-08-28,6.1,1.9,Shift changeover & inspection,62.0,203.6
3870,43,2026-08-29,3.9,4.1,Tyre sidewall cut on sharp gondite boulders,46.2,119.7
3871,44,2026-06-01,7.6,0.4,,92.8,224.3
3872,44,2026-06-02,7.4,0.6,,101.6,205.9
3873,44,2026-06-03,7.0,1.0,Shift changeover & inspection,95.3,192.6
3874,44,2026-06-04,7.5,0.5,,108.0,239.9
3875,44,2026-06-05,1.1,6.9,Tyre sidewall cut on sharp gondite boulders,11.5,25.0
3876,44,2026-06-06,0.9,7.1,Engine overheated (>44°C ambient summer load),7.3,18.8
3877,44,2026-06-07,5.7,2.3,Shift changeover & inspection,76.4,143.2
3878,44,2026-06-08,6.2,1.8,Shift changeover & inspection,65.7,254.3
3879,44,2026-06-09,6.9,1.1,Shift changeover & inspection,77.7,335.3
3880,44,2026-06-10,6.2,1.8,Shift changeover & inspection,77.5,218.4
3881,44,2026-06-11,6.4,1.6,Shift changeover & inspection,77.2,147.8
3882,44,2026-06-12,6.2,1.8,Shift changeover & inspection,85.3,150.8
3883,44,2026-06-13,7.7,0.3,,69.8,193.5
3884,44,2026-06-14,6.9,1.1,Shift changeover & inspection,81.3,238.7
3885,44,2026-06-15,7.4,0.6,,71.3,160.3
3886,44,2026-06-16,7.7,0.3,,95.1,339.6
3887,44,2026-06-17,6.4,1.6,Shift changeover & inspection,62.0,193.8
3888,44,2026-06-18,5.5,2.5,Shift changeover & inspection,79.0,260.4
3889,44,2026-06-19,1.6,6.4,Blasting toxic fume / dust clearance standstill,13.9,55.5
3890,44,2026-06-20,0.1,7.9,Tyre sidewall cut on sharp gondite boulders,1.4,3.6
3891,44,2026-06-21,7.3,0.7,,100.3,221.0
3892,44,2026-06-22,5.9,2.1,Shift changeover & inspection,71.6,214.7
3893,44,2026-06-23,6.8,1.2,Shift changeover & inspection,65.0,278.0
3894,44,2026-06-24,6.7,1.3,Shift changeover & inspection,73.9,183.4
3895,44,2026-06-25,6.3,1.7,Shift changeover & inspection,80.3,247.4
3896,44,2026-06-26,5.5,2.5,Shift changeover & inspection,77.9,114.0
3897,44,2026-06-27,6.2,1.8,Shift changeover & inspection,58.6,149.5
3898,44,2026-06-28,5.6,2.4,Shift changeover & inspection,66.3,168.6
3899,44,2026-06-29,6.8,1.2,Shift changeover & inspection,70.3,275.5
3900,44,2026-06-30,6.2,1.8,Shift changeover & inspection,82.8,204.1
3901,44,2026-07-01,5.9,2.1,Shift changeover & inspection,72.1,277.6
3902,44,2026-07-02,2.0,6.0,Main sump pump silt clogging from monsoon slurry,20.8,70.5
3903,44,2026-07-03,5.8,2.2,Shift changeover & inspection,59.2,162.2
3904,44,2026-07-04,5.6,2.4,Shift changeover & inspection,55.2,200.0
3905,44,2026-07-05,2.5,5.5,Main sump pump silt clogging from monsoon slurry,37.1,53.3
3906,44,2026-07-06,2.1,5.9,Rainwater inundation at bottom pit bench (>40mm downpour),31.5,73.5
3907,44,2026-07-07,2.9,5.1,Rainwater inundation at bottom pit bench (>40mm downpour),27.1,65.6
3908,44,2026-07-08,6.9,1.1,Shift changeover & inspection,63.0,285.1
3909,44,2026-07-09,6.7,1.3,Shift changeover & inspection,94.2,327.0
3910,44,2026-07-10,3.8,4.2,Main sump pump silt clogging from monsoon slurry,48.1,101.3
3911,44,2026-07-11,1.6,6.4,Rainwater inundation at bottom pit bench (>40mm downpour),15.2,75.9
3912,44,2026-07-12,3.4,4.6,Main sump pump silt clogging from monsoon slurry,41.7,91.7
3913,44,2026-07-13,6.5,1.5,Shift changeover & inspection,91.9,153.9
3914,44,2026-07-14,4.1,3.9,Rainwater inundation at bottom pit bench (>40mm downpour),51.2,201.0
3915,44,2026-07-15,6.4,1.6,Shift changeover & inspection,53.4,318.4
3916,44,2026-07-16,2.9,5.1,Tyre sidewall cut on sharp gondite boulders,34.5,120.2
3917,44,2026-07-17,6.3,1.7,Shift changeover & inspection,78.7,240.6
3918,44,2026-07-18,6.5,1.5,Shift changeover & inspection,68.7,222.9
3919,44,2026-07-19,1.6,6.4,Main sump pump silt clogging from monsoon slurry,22.7,65.2
3920,44,2026-07-20,5.5,2.5,Shift changeover & inspection,74.0,194.3
3921,44,2026-07-21,4.4,3.6,Main sump pump silt clogging from monsoon slurry,47.4,156.8
3922,44,2026-07-22,6.6,1.4,Shift changeover & inspection,55.0,161.3
3923,44,2026-07-23,4.3,3.7,Rainwater inundation at bottom pit bench (>40mm downpour),54.1,210.9
3924,44,2026-07-24,6.4,1.6,Shift changeover & inspection,71.5,177.1
3925,44,2026-07-25,0.8,7.2,Shaft winder cage guide rope alignment check,12.0,20.6
3926,44,2026-07-26,4.5,3.5,Tyre sidewall cut on sharp gondite boulders,42.0,202.3
3927,44,2026-07-27,4.3,3.7,Main sump pump silt clogging from monsoon slurry,40.0,149.8
3928,44,2026-07-28,6.2,1.8,Shift changeover & inspection,73.4,125.7
3929,44,2026-07-29,6.0,2.0,Shift changeover & inspection,60.1,190.8
3930,44,2026-07-30,4.0,4.0,Rainwater inundation at bottom pit bench (>40mm downpour),58.9,188.4
3931,44,2026-07-31,5.7,2.3,Shift changeover & inspection,51.7,144.1
3932,44,2026-08-01,2.1,5.9,Rainwater inundation at bottom pit bench (>40mm downpour),23.4,85.0
3933,44,2026-08-02,2.8,5.2,Shaft winder cage guide rope alignment check,28.0,136.1
3934,44,2026-08-03,7.4,0.6,,92.2,329.6
3935,44,2026-08-04,6.9,1.1,Shift changeover & inspection,93.7,197.7
3936,44,2026-08-05,6.6,1.4,Shift changeover & inspection,79.5,204.2
3937,44,2026-08-06,7.3,0.7,,104.2,309.7
3938,44,2026-08-07,3.8,4.2,Rainwater inundation at bottom pit bench (>40mm downpour),55.8,186.0
3939,44,2026-08-08,1.5,6.5,Tyre sidewall cut on sharp gondite boulders,20.3,49.7
3940,44,2026-08-09,6.3,1.7,Shift changeover & inspection,77.2,146.7
3941,44,2026-08-10,6.7,1.3,Shift changeover & inspection,85.1,187.0
3942,44,2026-08-11,4.2,3.8,Rainwater inundation at bottom pit bench (>40mm downpour),53.4,157.2
3943,44,2026-08-12,2.7,5.3,Tyre sidewall cut on sharp gondite boulders,28.8,107.8
3944,44,2026-08-13,5.5,2.5,Shift changeover & inspection,69.6,191.5
3945,44,2026-08-14,7.2,0.8,,61.6,339.1
3946,44,2026-08-15,3.2,4.8,Main sump pump silt clogging from monsoon slurry,44.7,77.5
3947,44,2026-08-16,2.4,5.6,Tyre sidewall cut on sharp gondite boulders,33.2,107.4
3948,44,2026-08-17,3.8,4.2,Rainwater inundation at bottom pit bench (>40mm downpour),56.7,110.0
3949,44,2026-08-18,2.4,5.6,Rainwater inundation at bottom pit bench (>40mm downpour),22.0,71.1
3950,44,2026-08-19,6.0,2.0,Shift changeover & inspection,87.2,186.3
3951,44,2026-08-20,2.6,5.4,Tyre sidewall cut on sharp gondite boulders,26.2,77.8
3952,44,2026-08-21,5.8,2.2,Shift changeover & inspection,73.4,146.1
3953,44,2026-08-22,5.7,2.3,Shift changeover & inspection,67.3,177.8
3954,44,2026-08-23,3.3,4.7,Rainwater inundation at bottom pit bench (>40mm downpour),38.3,73.4
3955,44,2026-08-24,2.6,5.4,Tyre sidewall cut on sharp gondite boulders,30.3,60.8
3956,44,2026-08-25,6.5,1.5,Shift changeover & inspection,79.5,152.9
3957,44,2026-08-26,7.2,0.8,,59.1,209.3
3958,44,2026-08-27,3.3,4.7,Hydraulic hose burst / high pressure pump cavitation,38.5,67.3
3959,44,2026-08-28,2.6,5.4,Rainwater inundation at bottom pit bench (>40mm downpour),34.1,63.2
3960,44,2026-08-29,7.3,0.7,,98.1,198.0
3961,45,2026-06-01,6.2,1.8,Shift changeover & inspection,56.7,270.9
3962,45,2026-06-02,5.7,2.3,Shift changeover & inspection,61.8,256.8
3963,45,2026-06-03,6.9,1.1,Shift changeover & inspection,90.9,166.9
3964,45,2026-06-04,7.3,0.7,,95.5,350.4
3965,45,2026-06-05,7.1,0.9,,58.5,186.0
3966,45,2026-06-06,5.6,2.4,Shift changeover & inspection,50.3,181.6
3967,45,2026-06-07,7.5,0.5,,79.4,285.0
3968,45,2026-06-08,6.6,1.4,Shift changeover & inspection,86.9,325.0
3969,45,2026-06-09,1.1,6.9,DGMS statutory electrical ground-fault trip,12.7,53.3
3970,45,2026-06-10,7.7,0.3,,81.6,306.0
3971,45,2026-06-11,6.2,1.8,Shift changeover & inspection,65.4,265.7
3972,45,2026-06-12,6.3,1.7,Shift changeover & inspection,59.1,243.2
3973,45,2026-06-13,6.8,1.2,Shift changeover & inspection,101.3,244.7
3974,45,2026-06-14,7.7,0.3,,97.4,297.6
3975,45,2026-06-15,6.1,1.9,Shift changeover & inspection,91.0,168.0
3976,45,2026-06-16,7.6,0.4,,91.7,170.5
3977,45,2026-06-17,6.8,1.2,Shift changeover & inspection,63.7,242.6
3978,45,2026-06-18,7.6,0.4,,63.5,239.9
3979,45,2026-06-19,7.1,0.9,,56.9,209.8
3980,45,2026-06-20,6.4,1.6,Shift changeover & inspection,57.5,181.5
3981,45,2026-06-21,5.8,2.2,Shift changeover & inspection,66.0,155.7
3982,45,2026-06-22,1.0,7.0,Blasting toxic fume / dust clearance standstill,9.1,33.5
3983,45,2026-06-23,7.3,0.7,,79.4,353.0
3984,45,2026-06-24,6.7,1.3,Shift changeover & inspection,55.2,138.4
3985,45,2026-06-25,7.1,0.9,,63.7,179.2
3986,45,2026-06-26,6.2,1.8,Shift changeover & inspection,50.6,181.0
3987,45,2026-06-27,5.6,2.4,Shift changeover & inspection,64.4,231.0
3988,45,2026-06-28,2.9,5.1,Blasting toxic fume / dust clearance standstill,25.8,102.3
3989,45,2026-06-29,5.9,2.1,Shift changeover & inspection,51.9,136.2
3990,45,2026-06-30,5.7,2.3,Shift changeover & inspection,83.7,201.2
3991,45,2026-07-01,4.2,3.8,Tyre sidewall cut on sharp gondite boulders,34.9,159.3
3992,45,2026-07-02,5.9,2.1,Shift changeover & inspection,49.0,147.6
3993,45,2026-07-03,6.9,1.1,Shift changeover & inspection,79.4,207.6
3994,45,2026-07-04,6.7,1.3,Shift changeover & inspection,86.2,232.4
3995,45,2026-07-05,5.8,2.2,Shift changeover & inspection,61.6,138.1
3996,45,2026-07-06,6.4,1.6,Shift changeover & inspection,51.4,136.7
3997,45,2026-07-07,7.1,0.9,,67.3,145.0
3998,45,2026-07-08,7.0,1.0,Shift changeover & inspection,69.3,262.5
3999,45,2026-07-09,6.1,1.9,Shift changeover & inspection,85.7,258.5
4000,45,2026-07-10,7.7,0.3,,111.6,332.1
4001,45,2026-07-11,3.0,5.0,Tyre sidewall cut on sharp gondite boulders,28.5,127.3
4002,45,2026-07-12,1.0,7.0,Shaft winder cage guide rope alignment check,11.1,39.8
4003,45,2026-07-13,3.4,4.6,Rainwater inundation at bottom pit bench (>40mm downpour),43.8,136.1
4004,45,2026-07-14,6.4,1.6,Shift changeover & inspection,86.0,268.4
4005,45,2026-07-15,6.4,1.6,Shift changeover & inspection,68.8,248.5
4006,45,2026-07-16,7.0,1.0,Shift changeover & inspection,92.1,247.7
4007,45,2026-07-17,1.8,6.2,Rainwater inundation at bottom pit bench (>40mm downpour),19.2,73.7
4008,45,2026-07-18,7.0,1.0,Shift changeover & inspection,80.8,206.9
4009,45,2026-07-19,3.3,4.7,Blasting toxic fume / dust clearance standstill,31.5,109.5
4010,45,2026-07-20,7.2,0.8,,74.2,208.7
4011,45,2026-07-21,4.5,3.5,Main sump pump silt clogging from monsoon slurry,49.0,162.3
4012,45,2026-07-22,1.9,6.1,Rainwater inundation at bottom pit bench (>40mm downpour),17.6,76.2
4013,45,2026-07-23,2.9,5.1,Tyre sidewall cut on sharp gondite boulders,28.0,103.0
4014,45,2026-07-24,2.0,6.0,Main sump pump silt clogging from monsoon slurry,29.0,59.9
4015,45,2026-07-25,7.7,0.3,,110.6,175.6
4016,45,2026-07-26,2.0,6.0,Main sump pump silt clogging from monsoon slurry,18.2,40.4
4017,45,2026-07-27,2.5,5.5,Tyre sidewall cut on sharp gondite boulders,31.0,52.2
4018,45,2026-07-28,3.3,4.7,Main sump pump silt clogging from monsoon slurry,41.3,130.2
4019,45,2026-07-29,7.1,0.9,,61.6,299.8
4020,45,2026-07-30,7.8,0.2,,79.2,365.3
4021,45,2026-07-31,1.1,6.9,Main sump pump silt clogging from monsoon slurry,13.5,32.4
4022,45,2026-08-01,7.1,0.9,,103.0,147.5
4023,45,2026-08-02,2.6,5.4,Blasting toxic fume / dust clearance standstill,30.1,80.7
4024,45,2026-08-03,7.0,1.0,Shift changeover & inspection,59.8,158.4
4025,45,2026-08-04,4.1,3.9,Tyre sidewall cut on sharp gondite boulders,56.9,83.4
4026,45,2026-08-05,6.2,1.8,Shift changeover & inspection,74.1,304.6
4027,45,2026-08-06,5.6,2.4,Shift changeover & inspection,57.0,232.4
4028,45,2026-08-07,5.5,2.5,Shift changeover & inspection,72.8,159.7
4029,45,2026-08-08,2.7,5.3,Hydraulic hose burst / high pressure pump cavitation,36.7,95.6
4030,45,2026-08-09,5.5,2.5,Shift changeover & inspection,61.7,132.0
4031,45,2026-08-10,7.4,0.6,,89.5,354.9
4032,45,2026-08-11,6.5,1.5,Shift changeover & inspection,52.1,229.7
4033,45,2026-08-12,7.4,0.6,,63.9,231.0
4034,45,2026-08-13,7.4,0.6,,110.1,168.0
4035,45,2026-08-14,7.4,0.6,,98.9,179.7
4036,45,2026-08-15,2.1,5.9,Engine overheated (>44°C ambient summer load),28.5,71.3
4037,45,2026-08-16,6.5,1.5,Shift changeover & inspection,61.0,152.6
4038,45,2026-08-17,2.3,5.7,DGMS statutory electrical ground-fault trip,28.5,108.1
4039,45,2026-08-18,3.5,4.5,Tyre sidewall cut on sharp gondite boulders,50.8,127.8
4040,45,2026-08-19,3.2,4.8,Rainwater inundation at bottom pit bench (>40mm downpour),36.7,86.6
4041,45,2026-08-20,5.9,2.1,Shift changeover & inspection,56.4,277.5
4042,45,2026-08-21,7.1,0.9,,79.2,264.2
4043,45,2026-08-22,1.7,6.3,Rainwater inundation at bottom pit bench (>40mm downpour),18.0,81.0
4044,45,2026-08-23,0.3,7.7,Main sump pump silt clogging from monsoon slurry,3.7,13.2
4045,45,2026-08-24,7.1,0.9,,80.4,330.3
4046,45,2026-08-25,4.1,3.9,Rainwater inundation at bottom pit bench (>40mm downpour),37.3,178.3
4047,45,2026-08-26,2.9,5.1,Main sump pump silt clogging from monsoon slurry,42.6,100.9
4048,45,2026-08-27,4.4,3.6,Main sump pump silt clogging from monsoon slurry,64.1,171.1
4049,45,2026-08-28,3.5,4.5,Tyre sidewall cut on sharp gondite boulders,40.6,138.8
4050,45,2026-08-29,3.7,4.3,Tyre sidewall cut on sharp gondite boulders,49.8,130.4
4051,46,2026-06-01,5.9,2.1,Shift changeover & inspection,55.8,272.1
4052,46,2026-06-02,7.2,0.8,,69.2,235.0
4053,46,2026-06-03,6.9,1.1,Shift changeover & inspection,78.9,251.8
4054,46,2026-06-04,5.8,2.2,Shift changeover & inspection,55.1,173.1
4055,46,2026-06-05,5.7,2.3,Shift changeover & inspection,59.0,173.6
4056,46,2026-06-06,7.6,0.4,,102.8,349.7
4057,46,2026-06-07,7.7,0.3,,79.8,317.4
4058,46,2026-06-08,5.7,2.3,Shift changeover & inspection,47.0,233.2
4059,46,2026-06-09,7.8,0.2,,64.7,269.3
4060,46,2026-06-10,6.6,1.4,Shift changeover & inspection,58.6,232.6
4061,46,2026-06-11,7.2,0.8,,86.8,264.5
4062,46,2026-06-12,5.5,2.5,Shift changeover & inspection,63.9,202.2
4063,46,2026-06-13,7.6,0.4,,72.5,276.7
4064,46,2026-06-14,5.7,2.3,Shift changeover & inspection,75.3,151.8
4065,46,2026-06-15,0.8,7.2,Hydraulic hose burst / high pressure pump cavitation,9.6,16.7
4066,46,2026-06-16,6.1,1.9,Shift changeover & inspection,89.7,279.6
4067,46,2026-06-17,1.4,6.6,Hydraulic hose burst / high pressure pump cavitation,15.6,61.2
4068,46,2026-06-18,7.6,0.4,,92.9,310.4
4069,46,2026-06-19,7.3,0.7,,80.4,228.7
4070,46,2026-06-20,6.8,1.2,Shift changeover & inspection,56.7,180.1
4071,46,2026-06-21,6.1,1.9,Shift changeover & inspection,73.6,274.0
4072,46,2026-06-22,7.1,0.9,,102.7,155.2
4073,46,2026-06-23,6.4,1.6,Shift changeover & inspection,51.4,317.0
4074,46,2026-06-24,3.1,4.9,Shaft winder cage guide rope alignment check,37.5,82.1
4075,46,2026-06-25,7.2,0.8,,65.6,182.2
4076,46,2026-06-26,7.7,0.3,,104.3,166.6
4077,46,2026-06-27,7.8,0.2,,103.5,270.7
4078,46,2026-06-28,6.3,1.7,Shift changeover & inspection,84.3,146.1
4079,46,2026-06-29,1.0,7.0,Hydraulic hose burst / high pressure pump cavitation,8.7,47.0
4080,46,2026-06-30,6.5,1.5,Shift changeover & inspection,53.3,197.3
4081,46,2026-07-01,5.6,2.4,Shift changeover & inspection,57.1,270.8
4082,46,2026-07-02,7.7,0.3,,98.4,192.7
4083,46,2026-07-03,6.0,2.0,Shift changeover & inspection,80.2,182.6
4084,46,2026-07-04,5.8,2.2,Shift changeover & inspection,68.7,182.8
4085,46,2026-07-05,2.1,5.9,Tyre sidewall cut on sharp gondite boulders,18.0,91.2
4086,46,2026-07-06,5.8,2.2,Shift changeover & inspection,71.4,260.7
4087,46,2026-07-07,6.3,1.7,Shift changeover & inspection,82.7,311.3
4088,46,2026-07-08,4.4,3.6,Tyre sidewall cut on sharp gondite boulders,42.7,90.0
4089,46,2026-07-09,1.9,6.1,Main sump pump silt clogging from monsoon slurry,27.9,91.2
4090,46,2026-07-10,5.8,2.2,Shift changeover & inspection,67.3,129.8
4091,46,2026-07-11,4.0,4.0,Main sump pump silt clogging from monsoon slurry,44.6,130.4
4092,46,2026-07-12,6.0,2.0,Shift changeover & inspection,80.5,141.2
4093,46,2026-07-13,6.4,1.6,Shift changeover & inspection,72.0,188.8
4094,46,2026-07-14,1.8,6.2,Rainwater inundation at bottom pit bench (>40mm downpour),24.2,39.1
4095,46,2026-07-15,7.4,0.6,,73.5,330.8
4096,46,2026-07-16,1.9,6.1,Rainwater inundation at bottom pit bench (>40mm downpour),26.3,60.3
4097,46,2026-07-17,6.8,1.2,Shift changeover & inspection,86.3,161.9
4098,46,2026-07-18,2.3,5.7,Rainwater inundation at bottom pit bench (>40mm downpour),33.9,55.8
4099,46,2026-07-19,5.9,2.1,Shift changeover & inspection,48.3,225.1
4100,46,2026-07-20,6.7,1.3,Shift changeover & inspection,96.2,159.4
4101,46,2026-07-21,2.9,5.1,Tyre sidewall cut on sharp gondite boulders,31.4,92.1
4102,46,2026-07-22,6.0,2.0,Shift changeover & inspection,56.8,142.1
4103,46,2026-07-23,5.9,2.1,Shift changeover & inspection,83.6,229.9
4104,46,2026-07-24,2.5,5.5,Shaft winder cage guide rope alignment check,20.2,74.9
4105,46,2026-07-25,2.7,5.3,Rainwater inundation at bottom pit bench (>40mm downpour),30.4,118.0
4106,46,2026-07-26,7.0,1.0,Shift changeover & inspection,101.6,228.4
4107,46,2026-07-27,6.8,1.2,Shift changeover & inspection,74.3,230.0
4108,46,2026-07-28,6.5,1.5,Shift changeover & inspection,84.5,228.2
4109,46,2026-07-29,6.8,1.2,Shift changeover & inspection,70.2,280.4
4110,46,2026-07-30,6.3,1.7,Shift changeover & inspection,51.2,274.4
4111,46,2026-07-31,2.7,5.3,Tyre sidewall cut on sharp gondite boulders,34.4,125.5
4112,46,2026-08-01,4.1,3.9,Main sump pump silt clogging from monsoon slurry,58.6,107.9
4113,46,2026-08-02,5.9,2.1,Shift changeover & inspection,51.8,290.2
4114,46,2026-08-03,7.7,0.3,,113.4,259.9
4115,46,2026-08-04,7.8,0.2,,69.0,282.7
4116,46,2026-08-05,7.5,0.5,,83.9,368.9
4117,46,2026-08-06,5.9,2.1,Shift changeover & inspection,51.5,259.3
4118,46,2026-08-07,5.7,2.3,Shift changeover & inspection,78.5,225.7
4119,46,2026-08-08,1.2,6.8,Blasting toxic fume / dust clearance standstill,9.8,58.7
4120,46,2026-08-09,2.5,5.5,Tyre sidewall cut on sharp gondite boulders,32.1,70.7
4121,46,2026-08-10,6.5,1.5,Shift changeover & inspection,82.1,277.3
4122,46,2026-08-11,6.1,1.9,Shift changeover & inspection,78.7,153.0
4123,46,2026-08-12,6.5,1.5,Shift changeover & inspection,57.7,160.0
4124,46,2026-08-13,7.5,0.5,,98.1,183.7
4125,46,2026-08-14,7.1,0.9,,77.6,256.0
4126,46,2026-08-15,6.6,1.4,Shift changeover & inspection,60.4,244.5
4127,46,2026-08-16,6.4,1.6,Shift changeover & inspection,78.5,279.0
4128,46,2026-08-17,4.1,3.9,Tyre sidewall cut on sharp gondite boulders,40.9,125.9
4129,46,2026-08-18,6.9,1.1,Shift changeover & inspection,69.8,187.4
4130,46,2026-08-19,1.6,6.4,Main sump pump silt clogging from monsoon slurry,19.5,64.4
4131,46,2026-08-20,6.5,1.5,Shift changeover & inspection,78.9,266.4
4132,46,2026-08-21,6.2,1.8,Shift changeover & inspection,71.4,172.7
4133,46,2026-08-22,2.5,5.5,Rainwater inundation at bottom pit bench (>40mm downpour),24.4,119.7
4134,46,2026-08-23,1.5,6.5,Hydraulic hose burst / high pressure pump cavitation,16.6,48.8
4135,46,2026-08-24,6.5,1.5,Shift changeover & inspection,95.0,133.7
4136,46,2026-08-25,6.2,1.8,Shift changeover & inspection,68.6,200.9
4137,46,2026-08-26,3.9,4.1,Main sump pump silt clogging from monsoon slurry,40.2,134.6
4138,46,2026-08-27,6.3,1.7,Shift changeover & inspection,82.0,187.5
4139,46,2026-08-28,6.9,1.1,Shift changeover & inspection,79.8,343.1
4140,46,2026-08-29,6.0,2.0,Shift changeover & inspection,78.9,286.5
4141,47,2026-06-01,7.4,0.6,,293.9,589.6
4142,47,2026-06-02,5.8,2.2,Shift changeover & inspection,250.8,474.0
4143,47,2026-06-03,7.3,0.7,,296.4,505.6
4144,47,2026-06-04,7.5,0.5,,222.0,338.9
4145,47,2026-06-05,5.6,2.4,Shift changeover & inspection,216.1,409.8
4146,47,2026-06-06,7.0,1.0,Shift changeover & inspection,270.8,603.9
4147,47,2026-06-07,7.5,0.5,,233.7,548.5
4148,47,2026-06-08,7.8,0.2,,280.9,625.8
4149,47,2026-06-09,5.9,2.1,Shift changeover & inspection,226.4,516.0
4150,47,2026-06-10,5.6,2.4,Shift changeover & inspection,199.2,340.0
4151,47,2026-06-11,5.7,2.3,Shift changeover & inspection,189.6,311.8
4152,47,2026-06-12,6.9,1.1,Shift changeover & inspection,244.7,467.7
4153,47,2026-06-13,6.2,1.8,Shift changeover & inspection,253.7,339.4
4154,47,2026-06-14,7.7,0.3,,202.0,527.7
4155,47,2026-06-15,5.7,2.3,Shift changeover & inspection,231.3,319.4
4156,47,2026-06-16,7.4,0.6,,272.3,515.4
4157,47,2026-06-17,1.1,6.9,Blasting toxic fume / dust clearance standstill,46.1,79.4
4158,47,2026-06-18,7.6,0.4,,198.8,443.1
4159,47,2026-06-19,6.9,1.1,Shift changeover & inspection,230.7,555.3
4160,47,2026-06-20,6.6,1.4,Shift changeover & inspection,196.3,408.0
4161,47,2026-06-21,7.7,0.3,,185.4,663.4
4162,47,2026-06-22,7.5,0.5,,236.7,437.5
4163,47,2026-06-23,7.1,0.9,,249.1,646.9
4164,47,2026-06-24,6.4,1.6,Shift changeover & inspection,276.2,537.1
4165,47,2026-06-25,6.2,1.8,Shift changeover & inspection,276.4,531.9
4166,47,2026-06-26,0.1,7.9,Engine overheated (>44°C ambient summer load),4.2,6.3
4167,47,2026-06-27,7.7,0.3,,313.3,450.7
4168,47,2026-06-28,6.1,1.9,Shift changeover & inspection,222.9,489.3
4169,47,2026-06-29,7.1,0.9,,174.6,323.2
4170,47,2026-06-30,6.9,1.1,Shift changeover & inspection,236.6,470.6
4171,47,2026-07-01,7.1,0.9,,213.5,538.7
4172,47,2026-07-02,6.6,1.4,Shift changeover & inspection,235.1,584.1
4173,47,2026-07-03,2.6,5.4,Tyre sidewall cut on sharp gondite boulders,79.6,241.6
4174,47,2026-07-04,3.3,4.7,Main sump pump silt clogging from monsoon slurry,121.9,181.6
4175,47,2026-07-05,6.8,1.2,Shift changeover & inspection,227.0,381.2
4176,47,2026-07-06,2.6,5.4,DGMS statutory electrical ground-fault trip,106.6,197.9
4177,47,2026-07-07,5.7,2.3,Shift changeover & inspection,199.5,483.7
4178,47,2026-07-08,5.6,2.4,Shift changeover & inspection,142.9,365.5
4179,47,2026-07-09,7.3,0.7,,315.9,415.8
4180,47,2026-07-10,1.8,6.2,Hydraulic hose burst / high pressure pump cavitation,74.2,161.7
4181,47,2026-07-11,7.5,0.5,,227.5,594.9
4182,47,2026-07-12,6.9,1.1,Shift changeover & inspection,178.2,647.2
4183,47,2026-07-13,6.8,1.2,Shift changeover & inspection,254.4,554.9
4184,47,2026-07-14,2.8,5.2,Rainwater inundation at bottom pit bench (>40mm downpour),118.5,131.3
4185,47,2026-07-15,5.6,2.4,Shift changeover & inspection,191.0,261.4
4186,47,2026-07-16,3.2,4.8,Tyre sidewall cut on sharp gondite boulders,100.4,147.7
4187,47,2026-07-17,4.4,3.6,Main sump pump silt clogging from monsoon slurry,145.3,399.1
4188,47,2026-07-18,6.1,1.9,Shift changeover & inspection,161.0,576.6
4189,47,2026-07-19,2.6,5.4,Main sump pump silt clogging from monsoon slurry,114.8,218.3
4190,47,2026-07-20,7.0,1.0,Shift changeover & inspection,216.7,524.1
4191,47,2026-07-21,3.9,4.1,Rainwater inundation at bottom pit bench (>40mm downpour),116.1,328.6
4192,47,2026-07-22,2.3,5.7,Tyre sidewall cut on sharp gondite boulders,60.5,127.8
4193,47,2026-07-23,1.5,6.5,Tyre sidewall cut on sharp gondite boulders,53.4,81.9
4194,47,2026-07-24,7.1,0.9,,250.8,554.5
4195,47,2026-07-25,6.3,1.7,Shift changeover & inspection,221.8,465.7
4196,47,2026-07-26,7.2,0.8,,233.2,336.7
4197,47,2026-07-27,6.1,1.9,Shift changeover & inspection,237.4,308.9
4198,47,2026-07-28,6.9,1.1,Shift changeover & inspection,256.7,528.1
4199,47,2026-07-29,6.1,1.9,Shift changeover & inspection,232.8,387.7
4200,47,2026-07-30,6.5,1.5,Shift changeover & inspection,175.0,539.2
4201,47,2026-07-31,7.2,0.8,,296.1,535.3
4202,47,2026-08-01,2.3,5.7,Main sump pump silt clogging from monsoon slurry,77.4,210.5
4203,47,2026-08-02,7.5,0.5,,237.5,448.6
4204,47,2026-08-03,1.6,6.4,Rainwater inundation at bottom pit bench (>40mm downpour),60.4,79.8
4205,47,2026-08-04,3.2,4.8,Main sump pump silt clogging from monsoon slurry,87.0,254.6
4206,47,2026-08-05,5.6,2.4,Shift changeover & inspection,200.0,386.6
4207,47,2026-08-06,5.5,2.5,Shift changeover & inspection,184.6,489.3
4208,47,2026-08-07,6.7,1.3,Shift changeover & inspection,172.0,534.0
4209,47,2026-08-08,2.4,5.6,Main sump pump silt clogging from monsoon slurry,99.2,175.7
4210,47,2026-08-09,7.1,0.9,,237.6,484.6
4211,47,2026-08-10,3.2,4.8,Main sump pump silt clogging from monsoon slurry,80.9,293.6
4212,47,2026-08-11,1.9,6.1,Main sump pump silt clogging from monsoon slurry,51.9,154.2
4213,47,2026-08-12,2.3,5.7,Hydraulic hose burst / high pressure pump cavitation,51.7,191.4
4214,47,2026-08-13,7.7,0.3,,333.3,547.4
4215,47,2026-08-14,6.9,1.1,Shift changeover & inspection,156.6,380.7
4216,47,2026-08-15,6.6,1.4,Shift changeover & inspection,213.3,426.7
4217,47,2026-08-16,0.2,7.8,Main sump pump silt clogging from monsoon slurry,5.2,15.0
4218,47,2026-08-17,2.6,5.4,Shaft winder cage guide rope alignment check,117.0,225.7
4219,47,2026-08-18,2.7,5.3,Tyre sidewall cut on sharp gondite boulders,94.0,141.6
4220,47,2026-08-19,6.8,1.2,Shift changeover & inspection,233.9,405.3
4221,47,2026-08-20,7.7,0.3,,182.4,425.2
4222,47,2026-08-21,1.7,6.3,Tyre sidewall cut on sharp gondite boulders,50.8,83.8
4223,47,2026-08-22,5.6,2.4,Shift changeover & inspection,247.6,431.8
4224,47,2026-08-23,0.1,7.9,Blasting toxic fume / dust clearance standstill,4.0,8.6
4225,47,2026-08-24,7.3,0.7,,313.4,374.1
4226,47,2026-08-25,3.7,4.3,Main sump pump silt clogging from monsoon slurry,109.5,345.0
4227,47,2026-08-26,3.3,4.7,Tyre sidewall cut on sharp gondite boulders,137.1,177.8
4228,47,2026-08-27,3.9,4.1,Tyre sidewall cut on sharp gondite boulders,143.6,229.2
4229,47,2026-08-28,3.4,4.6,Tyre sidewall cut on sharp gondite boulders,118.5,283.1
4230,47,2026-08-29,1.7,6.3,Rainwater inundation at bottom pit bench (>40mm downpour),74.6,148.9
4231,48,2026-06-01,6.5,1.5,Shift changeover & inspection,205.6,402.4
4232,48,2026-06-02,5.8,2.2,Shift changeover & inspection,139.1,289.6
4233,48,2026-06-03,7.1,0.9,,314.0,614.8
4234,48,2026-06-04,6.7,1.3,Shift changeover & inspection,249.0,317.3
4235,48,2026-06-05,3.0,5.0,Hydraulic hose burst / high pressure pump cavitation,100.5,254.1
4236,48,2026-06-06,5.6,2.4,Shift changeover & inspection,195.5,318.5
4237,48,2026-06-07,7.8,0.2,,203.9,407.7
4238,48,2026-06-08,7.7,0.3,,193.9,678.1
4239,48,2026-06-09,5.8,2.2,Shift changeover & inspection,163.5,500.4
4240,48,2026-06-10,5.8,2.2,Shift changeover & inspection,222.3,542.8
4241,48,2026-06-11,5.8,2.2,Shift changeover & inspection,242.7,357.0
4242,48,2026-06-12,1.5,6.5,Tyre sidewall cut on sharp gondite boulders,50.8,70.7
4243,48,2026-06-13,6.9,1.1,Shift changeover & inspection,224.0,482.2
4244,48,2026-06-14,6.0,2.0,Shift changeover & inspection,133.7,413.9
4245,48,2026-06-15,2.9,5.1,Rainwater inundation at bottom pit bench (>40mm downpour),66.3,160.0
4246,48,2026-06-16,3.3,4.7,Shaft winder cage guide rope alignment check,131.6,210.1
4247,48,2026-06-17,7.6,0.4,,323.7,594.5
4248,48,2026-06-18,1.5,6.5,Engine overheated (>44°C ambient summer load),37.1,88.7
4249,48,2026-06-19,7.1,0.9,,272.6,654.1
4250,48,2026-06-20,7.3,0.7,,191.9,595.4
4251,48,2026-06-21,7.2,0.8,,287.4,516.1
4252,48,2026-06-22,5.6,2.4,Shift changeover & inspection,168.6,508.3
4253,48,2026-06-23,5.8,2.2,Shift changeover & inspection,238.5,451.9
4254,48,2026-06-24,6.7,1.3,Shift changeover & inspection,197.7,474.8
4255,48,2026-06-25,7.3,0.7,,166.5,558.8
4256,48,2026-06-26,3.0,5.0,Rainwater inundation at bottom pit bench (>40mm downpour),119.5,174.5
4257,48,2026-06-27,6.9,1.1,Shift changeover & inspection,307.0,434.8
4258,48,2026-06-28,1.7,6.3,Main sump pump silt clogging from monsoon slurry,66.3,130.4
4259,48,2026-06-29,6.3,1.7,Shift changeover & inspection,160.6,395.8
4260,48,2026-06-30,5.8,2.2,Shift changeover & inspection,241.7,320.1
4261,48,2026-07-01,7.7,0.3,,224.4,602.1
4262,48,2026-07-02,6.3,1.7,Shift changeover & inspection,217.0,350.0
4263,48,2026-07-03,3.8,4.2,Main sump pump silt clogging from monsoon slurry,108.8,244.7
4264,48,2026-07-04,4.5,3.5,Main sump pump silt clogging from monsoon slurry,163.6,244.7
4265,48,2026-07-05,1.6,6.4,Blasting toxic fume / dust clearance standstill,62.2,119.7
4266,48,2026-07-06,7.6,0.4,,229.8,644.6
4267,48,2026-07-07,4.5,3.5,Main sump pump silt clogging from monsoon slurry,191.8,358.6
4268,48,2026-07-08,7.6,0.4,,232.0,598.9
4269,48,2026-07-09,7.1,0.9,,231.2,540.9
4270,48,2026-07-10,6.8,1.2,Shift changeover & inspection,243.9,468.1
4271,48,2026-07-11,6.7,1.3,Shift changeover & inspection,212.3,401.1
4272,48,2026-07-12,7.7,0.3,,226.5,488.7
4273,48,2026-07-13,6.8,1.2,Shift changeover & inspection,251.8,384.3
4274,48,2026-07-14,2.3,5.7,Main sump pump silt clogging from monsoon slurry,65.2,122.8
4275,48,2026-07-15,3.1,4.9,Rainwater inundation at bottom pit bench (>40mm downpour),80.3,184.9
4276,48,2026-07-16,1.7,6.3,Tyre sidewall cut on sharp gondite boulders,40.5,159.2
4277,48,2026-07-17,6.6,1.4,Shift changeover & inspection,231.5,532.5
4278,48,2026-07-18,2.6,5.4,Shaft winder cage guide rope alignment check,63.4,136.0
4279,48,2026-07-19,5.9,2.1,Shift changeover & inspection,213.2,424.3
4280,48,2026-07-20,2.6,5.4,Main sump pump silt clogging from monsoon slurry,94.0,170.6
4281,48,2026-07-21,2.6,5.4,Rainwater inundation at bottom pit bench (>40mm downpour),115.1,146.4
4282,48,2026-07-22,6.6,1.4,Shift changeover & inspection,232.6,502.5
4283,48,2026-07-23,2.3,5.7,Rainwater inundation at bottom pit bench (>40mm downpour),100.2,190.0
4284,48,2026-07-24,6.3,1.7,Shift changeover & inspection,279.0,435.8
4285,48,2026-07-25,3.3,4.7,Tyre sidewall cut on sharp gondite boulders,79.9,148.9
4286,48,2026-07-26,6.7,1.3,Shift changeover & inspection,206.0,366.6
4287,48,2026-07-27,7.3,0.7,,281.3,502.4
4288,48,2026-07-28,0.5,7.5,Blasting toxic fume / dust clearance standstill,15.8,34.1
4289,48,2026-07-29,2.9,5.1,Tyre sidewall cut on sharp gondite boulders,72.9,160.2
4290,48,2026-07-30,7.5,0.5,,169.1,683.0
4291,48,2026-07-31,0.2,7.8,DGMS statutory electrical ground-fault trip,4.8,17.7
4292,48,2026-08-01,1.9,6.1,Tyre sidewall cut on sharp gondite boulders,43.5,137.1
4293,48,2026-08-02,2.1,5.9,Rainwater inundation at bottom pit bench (>40mm downpour),58.1,133.9
4294,48,2026-08-03,5.9,2.1,Shift changeover & inspection,203.0,383.5
4295,48,2026-08-04,5.8,2.2,Shift changeover & inspection,147.8,348.0
4296,48,2026-08-05,2.7,5.3,Rainwater inundation at bottom pit bench (>40mm downpour),120.9,253.6
4297,48,2026-08-06,3.0,5.0,Main sump pump silt clogging from monsoon slurry,83.7,225.0
4298,48,2026-08-07,6.5,1.5,Shift changeover & inspection,237.0,564.4
4299,48,2026-08-08,3.5,4.5,Rainwater inundation at bottom pit bench (>40mm downpour),135.0,177.2
4300,48,2026-08-09,6.0,2.0,Shift changeover & inspection,268.3,409.4
4301,48,2026-08-10,3.5,4.5,Tyre sidewall cut on sharp gondite boulders,119.1,296.5
4302,48,2026-08-11,1.6,6.4,Rainwater inundation at bottom pit bench (>40mm downpour),44.2,91.1
4303,48,2026-08-12,6.2,1.8,Shift changeover & inspection,152.5,529.4
4304,48,2026-08-13,2.3,5.7,Tyre sidewall cut on sharp gondite boulders,78.6,147.5
4305,48,2026-08-14,6.3,1.7,Shift changeover & inspection,282.9,512.9
4306,48,2026-08-15,7.5,0.5,,228.5,484.1
4307,48,2026-08-16,4.5,3.5,Main sump pump silt clogging from monsoon slurry,118.6,319.0
4308,48,2026-08-17,5.7,2.3,Shift changeover & inspection,243.9,423.1
4309,48,2026-08-18,3.6,4.4,Main sump pump silt clogging from monsoon slurry,113.7,338.1
4310,48,2026-08-19,7.0,1.0,Shift changeover & inspection,249.7,633.6
4311,48,2026-08-20,7.4,0.6,,195.6,454.5
4312,48,2026-08-21,7.5,0.5,,245.2,471.2
4313,48,2026-08-22,7.3,0.7,,278.7,608.2
4314,48,2026-08-23,2.0,6.0,Rainwater inundation at bottom pit bench (>40mm downpour),86.0,184.1
4315,48,2026-08-24,7.3,0.7,,172.0,597.8
4316,48,2026-08-25,0.3,7.7,Tyre sidewall cut on sharp gondite boulders,12.3,25.2
4317,48,2026-08-26,2.0,6.0,Tyre sidewall cut on sharp gondite boulders,80.4,150.6
4318,48,2026-08-27,1.7,6.3,Tyre sidewall cut on sharp gondite boulders,75.0,88.4
4319,48,2026-08-28,6.9,1.1,Shift changeover & inspection,304.8,491.1
4320,48,2026-08-29,6.8,1.2,Shift changeover & inspection,233.1,555.3
4321,49,2026-06-01,5.9,2.1,Shift changeover & inspection,78.6,174.2
4322,49,2026-06-02,7.3,0.7,,105.1,283.2
4323,49,2026-06-03,6.0,2.0,Shift changeover & inspection,49.9,290.5
4324,49,2026-06-04,6.0,2.0,Shift changeover & inspection,72.9,225.7
4325,49,2026-06-05,7.6,0.4,,105.7,168.5
4326,49,2026-06-06,7.2,0.8,,66.5,353.9
4327,49,2026-06-07,6.6,1.4,Shift changeover & inspection,82.5,306.2
4328,49,2026-06-08,5.8,2.2,Shift changeover & inspection,75.4,141.3
4329,49,2026-06-09,5.7,2.3,Shift changeover & inspection,48.1,160.7
4330,49,2026-06-10,7.0,1.0,Shift changeover & inspection,60.5,275.7
4331,49,2026-06-11,7.2,0.8,,75.1,191.9
4332,49,2026-06-12,6.7,1.3,Shift changeover & inspection,55.5,289.6
4333,49,2026-06-13,6.9,1.1,Shift changeover & inspection,101.6,271.2
4334,49,2026-06-14,6.0,2.0,Shift changeover & inspection,55.3,274.6
4335,49,2026-06-15,5.9,2.1,Shift changeover & inspection,74.7,206.4
4336,49,2026-06-16,7.6,0.4,,68.7,289.9
4337,49,2026-06-17,7.1,0.9,,72.2,304.6
4338,49,2026-06-18,5.6,2.4,Shift changeover & inspection,66.9,157.4
4339,49,2026-06-19,6.0,2.0,Shift changeover & inspection,67.4,133.9
4340,49,2026-06-20,6.5,1.5,Shift changeover & inspection,86.7,324.7
4341,49,2026-06-21,7.2,0.8,,88.1,302.7
4342,49,2026-06-22,6.1,1.9,Shift changeover & inspection,67.3,217.5
4343,49,2026-06-23,6.4,1.6,Shift changeover & inspection,71.0,208.2
4344,49,2026-06-24,6.5,1.5,Shift changeover & inspection,66.5,260.7
4345,49,2026-06-25,6.1,1.9,Shift changeover & inspection,50.2,141.8
4346,49,2026-06-26,5.7,2.3,Shift changeover & inspection,54.7,120.6
4347,49,2026-06-27,7.2,0.8,,85.4,270.9
4348,49,2026-06-28,5.8,2.2,Shift changeover & inspection,81.1,160.1
4349,49,2026-06-29,6.0,2.0,Shift changeover & inspection,79.8,235.3
4350,49,2026-06-30,0.9,7.1,Shaft winder cage guide rope alignment check,7.6,27.1
4351,49,2026-07-01,6.3,1.7,Shift changeover & inspection,64.0,198.6
4352,49,2026-07-02,5.9,2.1,Shift changeover & inspection,68.2,177.5
4353,49,2026-07-03,7.4,0.6,,104.1,164.1
4354,49,2026-07-04,6.9,1.1,Shift changeover & inspection,86.5,285.6
4355,49,2026-07-05,5.7,2.3,Shift changeover & inspection,64.7,278.0
4356,49,2026-07-06,7.7,0.3,,108.4,348.3
4357,49,2026-07-07,6.8,1.2,Shift changeover & inspection,86.5,176.4
4358,49,2026-07-08,6.3,1.7,Shift changeover & inspection,77.6,313.7
4359,49,2026-07-09,6.6,1.4,Shift changeover & inspection,73.2,324.3
4360,49,2026-07-10,7.8,0.2,,71.6,305.4
4361,49,2026-07-11,3.7,4.3,Rainwater inundation at bottom pit bench (>40mm downpour),52.6,96.8
4362,49,2026-07-12,7.6,0.4,,97.2,197.6
4363,49,2026-07-13,6.2,1.8,Shift changeover & inspection,52.4,197.2
4364,49,2026-07-14,6.9,1.1,Shift changeover & inspection,71.0,235.0
4365,49,2026-07-15,5.8,2.2,Shift changeover & inspection,55.8,236.2
4366,49,2026-07-16,4.2,3.8,Main sump pump silt clogging from monsoon slurry,39.1,122.6
4367,49,2026-07-17,6.9,1.1,Shift changeover & inspection,80.4,261.9
4368,49,2026-07-18,7.4,0.6,,66.3,204.8
4369,49,2026-07-19,6.2,1.8,Shift changeover & inspection,81.6,150.5
4370,49,2026-07-20,0.4,7.6,Main sump pump silt clogging from monsoon slurry,5.9,10.9
4371,49,2026-07-21,7.0,1.0,Shift changeover & inspection,101.8,308.3
4372,49,2026-07-22,7.4,0.6,,74.0,269.4
4373,49,2026-07-23,2.3,5.7,Rainwater inundation at bottom pit bench (>40mm downpour),22.9,108.8
4374,49,2026-07-24,6.5,1.5,Shift changeover & inspection,64.8,236.1
4375,49,2026-07-25,6.1,1.9,Shift changeover & inspection,87.8,124.2
4376,49,2026-07-26,7.5,0.5,,100.2,333.9
4377,49,2026-07-27,6.9,1.1,Shift changeover & inspection,57.7,256.3
4378,49,2026-07-28,7.3,0.7,,68.5,358.8
4379,49,2026-07-29,4.2,3.8,Rainwater inundation at bottom pit bench (>40mm downpour),39.7,167.9
4380,49,2026-07-30,7.3,0.7,,69.4,179.3
4381,49,2026-07-31,7.1,0.9,,105.7,302.6
4382,49,2026-08-01,6.2,1.8,Shift changeover & inspection,92.8,134.1
4383,49,2026-08-02,6.5,1.5,Shift changeover & inspection,81.6,314.7
4384,49,2026-08-03,6.8,1.2,Shift changeover & inspection,68.8,265.4
4385,49,2026-08-04,7.4,0.6,,67.9,206.1
4386,49,2026-08-05,7.5,0.5,,62.8,318.5
4387,49,2026-08-06,7.3,0.7,,89.9,362.8
4388,49,2026-08-07,2.6,5.4,Rainwater inundation at bottom pit bench (>40mm downpour),24.9,102.8
4389,49,2026-08-08,2.8,5.2,Rainwater inundation at bottom pit bench (>40mm downpour),35.0,75.8
4390,49,2026-08-09,4.3,3.7,Tyre sidewall cut on sharp gondite boulders,55.9,129.7
4391,49,2026-08-10,6.5,1.5,Shift changeover & inspection,87.0,171.9
4392,49,2026-08-11,4.1,3.9,Main sump pump silt clogging from monsoon slurry,44.9,124.4
4393,49,2026-08-12,5.6,2.4,Shift changeover & inspection,59.8,219.4
4394,49,2026-08-13,5.7,2.3,Shift changeover & inspection,63.9,170.5
4395,49,2026-08-14,1.8,6.2,Rainwater inundation at bottom pit bench (>40mm downpour),17.5,43.3
4396,49,2026-08-15,3.3,4.7,Main sump pump silt clogging from monsoon slurry,48.3,106.4
4397,49,2026-08-16,7.3,0.7,,107.1,261.6
4398,49,2026-08-17,6.6,1.4,Shift changeover & inspection,61.7,177.2
4399,49,2026-08-18,6.9,1.1,Shift changeover & inspection,89.0,283.9
4400,49,2026-08-19,4.4,3.6,Main sump pump silt clogging from monsoon slurry,65.9,111.9
4401,49,2026-08-20,4.5,3.5,Tyre sidewall cut on sharp gondite boulders,38.3,117.8
4402,49,2026-08-21,1.8,6.2,Rainwater inundation at bottom pit bench (>40mm downpour),21.0,80.7
4403,49,2026-08-22,5.7,2.3,Shift changeover & inspection,46.8,213.4
4404,49,2026-08-23,7.7,0.3,,96.8,328.7
4405,49,2026-08-24,2.2,5.8,Main sump pump silt clogging from monsoon slurry,23.2,75.8
4406,49,2026-08-25,6.5,1.5,Shift changeover & inspection,92.0,238.0
4407,49,2026-08-26,7.6,0.4,,113.7,167.8
4408,49,2026-08-27,5.6,2.4,Shift changeover & inspection,48.4,263.7
4409,49,2026-08-28,1.5,6.5,DGMS statutory electrical ground-fault trip,22.0,31.8
4410,49,2026-08-29,0.8,7.2,Rainwater inundation at bottom pit bench (>40mm downpour),9.0,30.7
4411,50,2026-06-01,7.2,0.8,,78.1,246.1
4412,50,2026-06-02,6.3,1.7,Shift changeover & inspection,68.2,190.2
4413,50,2026-06-03,2.5,5.5,Main sump pump silt clogging from monsoon slurry,26.4,72.1
4414,50,2026-06-04,6.0,2.0,Shift changeover & inspection,81.6,245.6
4415,50,2026-06-05,7.6,0.4,,74.2,175.4
4416,50,2026-06-06,6.9,1.1,Shift changeover & inspection,102.6,257.5
4417,50,2026-06-07,7.3,0.7,,62.5,302.4
4418,50,2026-06-08,7.5,0.5,,111.0,367.7
4419,50,2026-06-09,7.5,0.5,,65.1,353.4
4420,50,2026-06-10,6.9,1.1,Shift changeover & inspection,68.8,249.7
4421,50,2026-06-11,5.6,2.4,Shift changeover & inspection,64.3,259.5
4422,50,2026-06-12,6.0,2.0,Shift changeover & inspection,59.8,212.2
4423,50,2026-06-13,5.9,2.1,Shift changeover & inspection,86.8,222.3
4424,50,2026-06-14,6.2,1.8,Shift changeover & inspection,90.9,135.3
4425,50,2026-06-15,0.1,7.9,Engine overheated (>44°C ambient summer load),1.4,4.7
4426,50,2026-06-16,5.7,2.3,Shift changeover & inspection,77.5,137.1
4427,50,2026-06-17,7.6,0.4,,82.3,199.6
4428,50,2026-06-18,6.8,1.2,Shift changeover & inspection,65.2,252.7
4429,50,2026-06-19,6.8,1.2,Shift changeover & inspection,84.3,167.4
4430,50,2026-06-20,6.2,1.8,Shift changeover & inspection,89.1,166.3
4431,50,2026-06-21,7.3,0.7,,70.3,261.5
4432,50,2026-06-22,7.5,0.5,,106.7,322.3
4433,50,2026-06-23,7.2,0.8,,100.5,200.4
4434,50,2026-06-24,5.6,2.4,Shift changeover & inspection,57.3,166.9
4435,50,2026-06-25,6.0,2.0,Shift changeover & inspection,53.2,162.6
4436,50,2026-06-26,6.9,1.1,Shift changeover & inspection,70.0,255.9
4437,50,2026-06-27,7.1,0.9,,60.1,326.6
4438,50,2026-06-28,5.6,2.4,Shift changeover & inspection,76.0,164.1
4439,50,2026-06-29,6.8,1.2,Shift changeover & inspection,70.3,329.7
4440,50,2026-06-30,7.2,0.8,,99.1,192.5
4441,50,2026-07-01,6.4,1.6,Shift changeover & inspection,51.9,238.3
4442,50,2026-07-02,2.4,5.6,Tyre sidewall cut on sharp gondite boulders,30.4,105.2
4443,50,2026-07-03,3.8,4.2,Rainwater inundation at bottom pit bench (>40mm downpour),41.6,143.4
4444,50,2026-07-04,1.4,6.6,DGMS statutory electrical ground-fault trip,13.9,38.3
4445,50,2026-07-05,6.1,1.9,Shift changeover & inspection,68.8,209.8
4446,50,2026-07-06,5.9,2.1,Shift changeover & inspection,55.6,145.3
4447,50,2026-07-07,6.4,1.6,Shift changeover & inspection,63.6,174.2
4448,50,2026-07-08,7.3,0.7,,66.3,356.6
4449,50,2026-07-09,7.3,0.7,,82.6,238.2
4450,50,2026-07-10,2.0,6.0,Engine overheated (>44°C ambient summer load),18.6,67.7
4451,50,2026-07-11,2.3,5.7,Rainwater inundation at bottom pit bench (>40mm downpour),23.4,49.0
4452,50,2026-07-12,2.8,5.2,Main sump pump silt clogging from monsoon slurry,31.9,107.0
4453,50,2026-07-13,7.7,0.3,,97.0,220.3
4454,50,2026-07-14,7.4,0.6,,72.3,198.2
4455,50,2026-07-15,7.0,1.0,Shift changeover & inspection,95.6,239.8
4456,50,2026-07-16,7.8,0.2,,82.4,166.3
4457,50,2026-07-17,7.0,1.0,Shift changeover & inspection,82.8,257.4
4458,50,2026-07-18,7.5,0.5,,103.0,208.5
4459,50,2026-07-19,1.2,6.8,Engine overheated (>44°C ambient summer load),17.0,37.8
4460,50,2026-07-20,6.9,1.1,Shift changeover & inspection,57.3,292.1
4461,50,2026-07-21,3.3,4.7,Tyre sidewall cut on sharp gondite boulders,34.9,74.3
4462,50,2026-07-22,1.7,6.3,Main sump pump silt clogging from monsoon slurry,20.2,41.6
4463,50,2026-07-23,6.3,1.7,Shift changeover & inspection,85.4,304.4
4464,50,2026-07-24,3.2,4.8,Main sump pump silt clogging from monsoon slurry,29.2,154.3
4465,50,2026-07-25,6.2,1.8,Shift changeover & inspection,65.5,174.7
4466,50,2026-07-26,4.1,3.9,Tyre sidewall cut on sharp gondite boulders,46.8,124.2
4467,50,2026-07-27,2.6,5.4,Main sump pump silt clogging from monsoon slurry,38.8,103.9
4468,50,2026-07-28,6.3,1.7,Shift changeover & inspection,51.1,297.1
4469,50,2026-07-29,7.6,0.4,,98.3,232.9
4470,50,2026-07-30,7.8,0.2,,90.1,231.2
4471,50,2026-07-31,7.2,0.8,,96.6,208.8
4472,50,2026-08-01,6.2,1.8,Shift changeover & inspection,82.7,284.0
4473,50,2026-08-02,6.7,1.3,Shift changeover & inspection,75.8,316.6
4474,50,2026-08-03,3.6,4.4,Tyre sidewall cut on sharp gondite boulders,42.6,93.9
4475,50,2026-08-04,3.5,4.5,Tyre sidewall cut on sharp gondite boulders,52.4,158.2
4476,50,2026-08-05,5.8,2.2,Shift changeover & inspection,61.2,238.2
4477,50,2026-08-06,5.8,2.2,Shift changeover & inspection,69.2,218.7
4478,50,2026-08-07,6.1,1.9,Shift changeover & inspection,58.0,255.0
4479,50,2026-08-08,1.8,6.2,Tyre sidewall cut on sharp gondite boulders,19.7,74.6
4480,50,2026-08-09,2.9,5.1,Rainwater inundation at bottom pit bench (>40mm downpour),39.7,139.8
4481,50,2026-08-10,2.5,5.5,Blasting toxic fume / dust clearance standstill,34.0,78.7
4482,50,2026-08-11,5.6,2.4,Shift changeover & inspection,69.8,140.0
4483,50,2026-08-12,6.9,1.1,Shift changeover & inspection,84.4,171.3
4484,50,2026-08-13,7.3,0.7,,72.6,152.9
4485,50,2026-08-14,2.8,5.2,Rainwater inundation at bottom pit bench (>40mm downpour),40.4,127.2
4486,50,2026-08-15,0.1,7.9,Hydraulic hose burst / high pressure pump cavitation,1.0,2.4
4487,50,2026-08-16,6.2,1.8,Shift changeover & inspection,84.9,165.8
4488,50,2026-08-17,1.5,6.5,Hydraulic hose burst / high pressure pump cavitation,15.3,54.2
4489,50,2026-08-18,7.6,0.4,,62.3,258.1
4490,50,2026-08-19,6.2,1.8,Shift changeover & inspection,58.3,291.8
4491,50,2026-08-20,2.5,5.5,Rainwater inundation at bottom pit bench (>40mm downpour),34.4,60.9
4492,50,2026-08-21,6.7,1.3,Shift changeover & inspection,97.3,223.9
4493,50,2026-08-22,7.1,0.9,,104.7,317.3
4494,50,2026-08-23,4.4,3.6,Main sump pump silt clogging from monsoon slurry,50.8,198.7
4495,50,2026-08-24,4.4,3.6,Tyre sidewall cut on sharp gondite boulders,57.8,127.5
4496,50,2026-08-25,1.6,6.4,Main sump pump silt clogging from monsoon slurry,23.9,57.0
4497,50,2026-08-26,5.8,2.2,Shift changeover & inspection,61.5,263.1
4498,50,2026-08-27,4.2,3.8,Tyre sidewall cut on sharp gondite boulders,35.3,166.0
4499,50,2026-08-28,0.6,7.4,Tyre sidewall cut on sharp gondite boulders,7.5,17.0
4500,50,2026-08-29,5.6,2.4,Shift changeover & inspection,83.9,170.8
4501,51,2026-06-01,5.7,2.3,Shift changeover & inspection,60.6,210.5
4502,51,2026-06-02,5.8,2.2,Shift changeover & inspection,62.3,198.7
4503,51,2026-06-03,6.9,1.1,Shift changeover & inspection,57.4,178.1
4504,51,2026-06-04,7.5,0.5,,79.9,183.5
4505,51,2026-06-05,6.5,1.5,Shift changeover & inspection,85.3,142.1
4506,51,2026-06-06,7.3,0.7,,87.4,151.5
4507,51,2026-06-07,6.2,1.8,Shift changeover & inspection,56.4,134.0
4508,51,2026-06-08,0.5,7.5,Tyre sidewall cut on sharp gondite boulders,6.6,17.0
4509,51,2026-06-09,6.7,1.3,Shift changeover & inspection,64.4,258.6
4510,51,2026-06-10,7.1,0.9,,86.1,315.1
4511,51,2026-06-11,7.3,0.7,,68.0,169.8
4512,51,2026-06-12,5.6,2.4,Shift changeover & inspection,70.5,249.0
4513,51,2026-06-13,7.8,0.2,,109.2,345.5
4514,51,2026-06-14,7.0,1.0,Shift changeover & inspection,68.0,227.4
4515,51,2026-06-15,6.2,1.8,Shift changeover & inspection,50.4,145.7
4516,51,2026-06-16,6.0,2.0,Shift changeover & inspection,65.8,142.6
4517,51,2026-06-17,7.4,0.6,,104.5,205.0
4518,51,2026-06-18,5.8,2.2,Shift changeover & inspection,80.2,158.2
4519,51,2026-06-19,7.1,0.9,,60.7,144.1
4520,51,2026-06-20,7.4,0.6,,75.7,273.7
4521,51,2026-06-21,6.5,1.5,Shift changeover & inspection,87.6,211.2
4522,51,2026-06-22,6.7,1.3,Shift changeover & inspection,57.6,190.9
4523,51,2026-06-23,7.1,0.9,,98.9,338.2
4524,51,2026-06-24,3.0,5.0,Main sump pump silt clogging from monsoon slurry,38.5,128.0
4525,51,2026-06-25,0.9,7.1,Engine overheated (>44°C ambient summer load),10.2,27.0
4526,51,2026-06-26,6.4,1.6,Shift changeover & inspection,54.1,251.5
4527,51,2026-06-27,7.5,0.5,,94.5,343.7
4528,51,2026-06-28,6.9,1.1,Shift changeover & inspection,72.1,183.9
4529,51,2026-06-29,6.6,1.4,Shift changeover & inspection,71.8,328.3
4530,51,2026-06-30,6.7,1.3,Shift changeover & inspection,67.6,172.6
4531,51,2026-07-01,6.2,1.8,Shift changeover & inspection,50.3,198.5
4532,51,2026-07-02,7.1,0.9,,99.6,268.6
4533,51,2026-07-03,2.7,5.3,Main sump pump silt clogging from monsoon slurry,39.5,55.0
4534,51,2026-07-04,3.0,5.0,DGMS statutory electrical ground-fault trip,36.6,143.9
4535,51,2026-07-05,4.2,3.8,Rainwater inundation at bottom pit bench (>40mm downpour),46.0,197.0
4536,51,2026-07-06,0.0,8.0,DGMS statutory electrical ground-fault trip,0.0,0.0
4537,51,2026-07-07,3.1,4.9,Main sump pump silt clogging from monsoon slurry,31.3,106.7
4538,51,2026-07-08,0.5,7.5,Blasting toxic fume / dust clearance standstill,7.1,24.1
4539,51,2026-07-09,6.2,1.8,Shift changeover & inspection,76.7,243.9
4540,51,2026-07-10,1.0,7.0,Hydraulic hose burst / high pressure pump cavitation,10.6,41.8
4541,51,2026-07-11,2.3,5.7,Main sump pump silt clogging from monsoon slurry,18.6,92.9
4542,51,2026-07-12,6.6,1.4,Shift changeover & inspection,96.0,150.9
4543,51,2026-07-13,0.5,7.5,Tyre sidewall cut on sharp gondite boulders,4.2,11.6
4544,51,2026-07-14,3.1,4.9,Main sump pump silt clogging from monsoon slurry,43.7,66.4
4545,51,2026-07-15,6.1,1.9,Shift changeover & inspection,86.1,251.5
4546,51,2026-07-16,7.2,0.8,,86.9,285.6
4547,51,2026-07-17,3.5,4.5,Main sump pump silt clogging from monsoon slurry,46.1,169.9
4548,51,2026-07-18,7.3,0.7,,107.3,279.9
4549,51,2026-07-19,7.5,0.5,,101.3,242.9
4550,51,2026-07-20,7.0,1.0,Shift changeover & inspection,83.6,240.9
4551,51,2026-07-21,7.5,0.5,,85.4,163.7
4552,51,2026-07-22,6.9,1.1,Shift changeover & inspection,99.6,303.6
4553,51,2026-07-23,7.0,1.0,Shift changeover & inspection,60.8,167.6
4554,51,2026-07-24,4.1,3.9,Main sump pump silt clogging from monsoon slurry,48.6,132.0
4555,51,2026-07-25,3.6,4.4,Rainwater inundation at bottom pit bench (>40mm downpour),28.9,133.5
4556,51,2026-07-26,6.2,1.8,Shift changeover & inspection,49.8,240.9
4557,51,2026-07-27,6.4,1.6,Shift changeover & inspection,90.9,177.6
4558,51,2026-07-28,7.7,0.3,,104.7,341.0
4559,51,2026-07-29,2.9,5.1,Engine overheated (>44°C ambient summer load),31.8,141.7
4560,51,2026-07-30,7.0,1.0,Shift changeover & inspection,81.8,236.2
4561,51,2026-07-31,6.5,1.5,Shift changeover & inspection,59.5,311.5
4562,51,2026-08-01,1.5,6.5,Tyre sidewall cut on sharp gondite boulders,16.2,73.4
4563,51,2026-08-02,6.8,1.2,Shift changeover & inspection,80.3,256.5
4564,51,2026-08-03,2.5,5.5,Tyre sidewall cut on sharp gondite boulders,30.3,52.5
4565,51,2026-08-04,1.9,6.1,Tyre sidewall cut on sharp gondite boulders,28.5,62.2
4566,51,2026-08-05,2.9,5.1,Main sump pump silt clogging from monsoon slurry,34.0,70.4
4567,51,2026-08-06,7.7,0.3,,107.0,155.6
4568,51,2026-08-07,7.3,0.7,,60.8,331.8
4569,51,2026-08-08,6.2,1.8,Shift changeover & inspection,50.1,284.1
4570,51,2026-08-09,6.4,1.6,Shift changeover & inspection,59.8,206.7
4571,51,2026-08-10,2.3,5.7,Main sump pump silt clogging from monsoon slurry,22.0,77.0
4572,51,2026-08-11,7.7,0.3,,84.2,273.0
4573,51,2026-08-12,0.6,7.4,Engine overheated (>44°C ambient summer load),8.8,16.6
4574,51,2026-08-13,7.8,0.2,,86.0,385.7
4575,51,2026-08-14,6.8,1.2,Shift changeover & inspection,81.3,243.5
4576,51,2026-08-15,6.3,1.7,Shift changeover & inspection,79.6,131.9
4577,51,2026-08-16,6.0,2.0,Shift changeover & inspection,48.3,162.5
4578,51,2026-08-17,7.5,0.5,,91.2,283.7
4579,51,2026-08-18,1.8,6.2,Blasting toxic fume / dust clearance standstill,16.1,88.4
4580,51,2026-08-19,6.6,1.4,Shift changeover & inspection,85.8,138.1
4581,51,2026-08-20,7.6,0.4,,90.0,350.1
4582,51,2026-08-21,6.7,1.3,Shift changeover & inspection,62.3,288.7
4583,51,2026-08-22,1.7,6.3,Tyre sidewall cut on sharp gondite boulders,23.1,80.3
4584,51,2026-08-23,3.3,4.7,Main sump pump silt clogging from monsoon slurry,29.6,72.2
4585,51,2026-08-24,7.5,0.5,,70.4,173.7
4586,51,2026-08-25,2.4,5.6,Rainwater inundation at bottom pit bench (>40mm downpour),30.9,107.8
4587,51,2026-08-26,6.6,1.4,Shift changeover & inspection,87.1,188.4
4588,51,2026-08-27,2.4,5.6,Main sump pump silt clogging from monsoon slurry,30.3,118.6
4589,51,2026-08-28,7.5,0.5,,81.9,296.1
4590,51,2026-08-29,5.5,2.5,Shift changeover & inspection,53.4,151.5
4591,52,2026-06-01,7.1,0.9,,66.8,163.1
4592,52,2026-06-02,1.0,7.0,DGMS statutory electrical ground-fault trip,11.0,29.0
4593,52,2026-06-03,6.4,1.6,Shift changeover & inspection,54.6,312.2
4594,52,2026-06-04,6.9,1.1,Shift changeover & inspection,89.8,336.0
4595,52,2026-06-05,7.7,0.3,,72.9,360.9
4596,52,2026-06-06,5.5,2.5,Shift changeover & inspection,77.0,173.8
4597,52,2026-06-07,7.0,1.0,Shift changeover & inspection,57.6,211.6
4598,52,2026-06-08,7.3,0.7,,65.5,215.2
4599,52,2026-06-09,7.2,0.8,,66.2,194.6
4600,52,2026-06-10,7.3,0.7,,75.4,320.6
4601,52,2026-06-11,7.2,0.8,,95.9,197.6
4602,52,2026-06-12,7.8,0.2,,95.2,369.2
4603,52,2026-06-13,7.2,0.8,,93.0,332.9
4604,52,2026-06-14,6.4,1.6,Shift changeover & inspection,70.2,207.0
4605,52,2026-06-15,5.7,2.3,Shift changeover & inspection,57.2,207.9
4606,52,2026-06-16,6.1,1.9,Shift changeover & inspection,52.2,195.3
4607,52,2026-06-17,6.0,2.0,Shift changeover & inspection,68.7,140.3
4608,52,2026-06-18,7.7,0.3,,88.1,173.7
4609,52,2026-06-19,6.1,1.9,Shift changeover & inspection,79.9,198.7
4610,52,2026-06-20,1.4,6.6,Blasting toxic fume / dust clearance standstill,17.5,36.2
4611,52,2026-06-21,7.3,0.7,,102.6,267.8
4612,52,2026-06-22,7.7,0.3,,84.1,241.6
4613,52,2026-06-23,6.2,1.8,Shift changeover & inspection,81.8,138.8
4614,52,2026-06-24,7.5,0.5,,74.8,350.4
4615,52,2026-06-25,5.7,2.3,Shift changeover & inspection,51.0,149.0
4616,52,2026-06-26,5.9,2.1,Shift changeover & inspection,71.2,291.5
4617,52,2026-06-27,1.2,6.8,Main sump pump silt clogging from monsoon slurry,10.9,32.3
4618,52,2026-06-28,5.5,2.5,Shift changeover & inspection,74.8,173.7
4619,52,2026-06-29,6.7,1.3,Shift changeover & inspection,79.6,323.8
4620,52,2026-06-30,6.8,1.2,Shift changeover & inspection,86.0,325.9
4621,52,2026-07-01,7.4,0.6,,87.8,279.1
4622,52,2026-07-02,6.8,1.2,Shift changeover & inspection,87.4,249.0
4623,52,2026-07-03,0.4,7.6,Main sump pump silt clogging from monsoon slurry,5.6,10.4
4624,52,2026-07-04,5.9,2.1,Shift changeover & inspection,66.2,246.9
4625,52,2026-07-05,2.3,5.7,Blasting toxic fume / dust clearance standstill,23.8,78.5
4626,52,2026-07-06,6.3,1.7,Shift changeover & inspection,61.7,132.0
4627,52,2026-07-07,2.5,5.5,Main sump pump silt clogging from monsoon slurry,22.9,98.9
4628,52,2026-07-08,1.1,6.9,Blasting toxic fume / dust clearance standstill,16.2,48.3
4629,52,2026-07-09,2.8,5.2,Main sump pump silt clogging from monsoon slurry,36.1,121.0
4630,52,2026-07-10,7.6,0.4,,94.0,277.7
4631,52,2026-07-11,3.6,4.4,Rainwater inundation at bottom pit bench (>40mm downpour),51.2,104.9
4632,52,2026-07-12,1.7,6.3,Rainwater inundation at bottom pit bench (>40mm downpour),19.8,83.5
4633,52,2026-07-13,6.1,1.9,Shift changeover & inspection,53.6,218.3
4634,52,2026-07-14,1.6,6.4,Main sump pump silt clogging from monsoon slurry,16.8,53.2
4635,52,2026-07-15,6.8,1.2,Shift changeover & inspection,78.7,294.7
4636,52,2026-07-16,6.0,2.0,Shift changeover & inspection,74.2,166.9
4637,52,2026-07-17,3.2,4.8,Main sump pump silt clogging from monsoon slurry,25.8,143.8
4638,52,2026-07-18,4.1,3.9,Rainwater inundation at bottom pit bench (>40mm downpour),37.3,92.1
4639,52,2026-07-19,7.1,0.9,,98.3,176.0
4640,52,2026-07-20,1.6,6.4,Rainwater inundation at bottom pit bench (>40mm downpour),16.0,65.9
4641,52,2026-07-21,7.0,1.0,Shift changeover & inspection,87.2,165.9
4642,52,2026-07-22,4.4,3.6,Tyre sidewall cut on sharp gondite boulders,44.1,171.1
4643,52,2026-07-23,6.4,1.6,Shift changeover & inspection,73.3,261.6
4644,52,2026-07-24,5.9,2.1,Shift changeover & inspection,80.6,171.5
4645,52,2026-07-25,6.5,1.5,Shift changeover & inspection,65.4,306.9
4646,52,2026-07-26,6.2,1.8,Shift changeover & inspection,75.3,308.0
4647,52,2026-07-27,7.0,1.0,Shift changeover & inspection,57.4,155.5
4648,52,2026-07-28,5.9,2.1,Shift changeover & inspection,56.4,225.4
4649,52,2026-07-29,4.3,3.7,Tyre sidewall cut on sharp gondite boulders,44.4,144.8
4650,52,2026-07-30,1.6,6.4,Rainwater inundation at bottom pit bench (>40mm downpour),17.7,49.1
4651,52,2026-07-31,7.8,0.2,,115.8,163.5
4652,52,2026-08-01,6.5,1.5,Shift changeover & inspection,83.3,170.3
4653,52,2026-08-02,3.2,4.8,Hydraulic hose burst / high pressure pump cavitation,26.8,99.6
4654,52,2026-08-03,6.5,1.5,Shift changeover & inspection,61.1,166.5
4655,52,2026-08-04,2.7,5.3,Rainwater inundation at bottom pit bench (>40mm downpour),28.9,134.9
4656,52,2026-08-05,3.8,4.2,Tyre sidewall cut on sharp gondite boulders,37.6,88.5
4657,52,2026-08-06,6.0,2.0,Shift changeover & inspection,48.8,150.5
4658,52,2026-08-07,5.6,2.4,Shift changeover & inspection,66.6,195.6
4659,52,2026-08-08,7.4,0.6,,86.7,256.3
4660,52,2026-08-09,3.3,4.7,Rainwater inundation at bottom pit bench (>40mm downpour),44.5,94.8
4661,52,2026-08-10,4.4,3.6,Main sump pump silt clogging from monsoon slurry,50.6,136.9
4662,52,2026-08-11,7.3,0.7,,80.2,351.7
4663,52,2026-08-12,4.2,3.8,Rainwater inundation at bottom pit bench (>40mm downpour),38.1,112.5
4664,52,2026-08-13,3.4,4.6,Rainwater inundation at bottom pit bench (>40mm downpour),35.7,122.1
4665,52,2026-08-14,7.8,0.2,,111.1,321.6
4666,52,2026-08-15,7.7,0.3,,82.8,253.0
4667,52,2026-08-16,6.2,1.8,Shift changeover & inspection,78.8,161.1
4668,52,2026-08-17,7.5,0.5,,79.2,181.1
4669,52,2026-08-18,4.3,3.7,Rainwater inundation at bottom pit bench (>40mm downpour),48.5,204.6
4670,52,2026-08-19,7.3,0.7,,99.1,310.3
4671,52,2026-08-20,1.6,6.4,Rainwater inundation at bottom pit bench (>40mm downpour),15.1,68.0
4672,52,2026-08-21,7.3,0.7,,96.9,362.2
4673,52,2026-08-22,4.4,3.6,Rainwater inundation at bottom pit bench (>40mm downpour),52.5,149.9
4674,52,2026-08-23,7.6,0.4,,73.9,369.1
4675,52,2026-08-24,5.7,2.3,Shift changeover & inspection,69.6,272.8
4676,52,2026-08-25,7.5,0.5,,82.4,327.7
4677,52,2026-08-26,6.2,1.8,Shift changeover & inspection,86.2,246.7
4678,52,2026-08-27,5.9,2.1,Shift changeover & inspection,79.7,263.6
4679,52,2026-08-28,6.0,2.0,Shift changeover & inspection,71.5,151.4
4680,52,2026-08-29,2.6,5.4,Tyre sidewall cut on sharp gondite boulders,33.0,122.4
4681,53,2026-06-01,7.7,0.3,,184.1,160.9
4682,53,2026-06-02,7.4,0.6,,292.0,209.5
4683,53,2026-06-03,7.6,0.4,,291.3,164.6
4684,53,2026-06-04,6.9,1.1,Shift changeover & inspection,293.8,336.9
4685,53,2026-06-05,7.1,0.9,,241.8,312.2
4686,53,2026-06-06,6.6,1.4,Shift changeover & inspection,223.2,310.0
4687,53,2026-06-07,7.0,1.0,Shift changeover & inspection,158.9,145.3
4688,53,2026-06-08,5.9,2.1,Shift changeover & inspection,245.0,196.2
4689,53,2026-06-09,6.9,1.1,Shift changeover & inspection,298.1,290.6
4690,53,2026-06-10,6.6,1.4,Shift changeover & inspection,204.1,180.8
4691,53,2026-06-11,0.1,7.9,Tyre sidewall cut on sharp gondite boulders,2.4,4.1
4692,53,2026-06-12,6.3,1.7,Shift changeover & inspection,263.6,285.3
4693,53,2026-06-13,6.3,1.7,Shift changeover & inspection,156.0,209.7
4694,53,2026-06-14,5.5,2.5,Shift changeover & inspection,233.8,226.0
4695,53,2026-06-15,7.1,0.9,,189.4,303.6
4696,53,2026-06-16,6.5,1.5,Shift changeover & inspection,243.5,236.4
4697,53,2026-06-17,7.2,0.8,,176.5,359.4
4698,53,2026-06-18,6.9,1.1,Shift changeover & inspection,260.0,279.7
4699,53,2026-06-19,6.5,1.5,Shift changeover & inspection,187.5,209.4
4700,53,2026-06-20,7.2,0.8,,253.5,241.2
4701,53,2026-06-21,6.1,1.9,Shift changeover & inspection,177.1,192.7
4702,53,2026-06-22,7.1,0.9,,239.7,162.8
4703,53,2026-06-23,5.7,2.3,Shift changeover & inspection,237.8,224.3
4704,53,2026-06-24,6.6,1.4,Shift changeover & inspection,211.1,153.7
4705,53,2026-06-25,6.9,1.1,Shift changeover & inspection,198.6,193.9
4706,53,2026-06-26,6.8,1.2,Shift changeover & inspection,180.8,244.2
4707,53,2026-06-27,6.7,1.3,Shift changeover & inspection,295.9,217.0
4708,53,2026-06-28,5.9,2.1,Shift changeover & inspection,182.8,214.8
4709,53,2026-06-29,6.4,1.6,Shift changeover & inspection,192.5,195.3
4710,53,2026-06-30,6.0,2.0,Shift changeover & inspection,154.6,234.0
4711,53,2026-07-01,7.4,0.6,,184.6,341.5
4712,53,2026-07-02,7.6,0.4,,215.9,195.7
4713,53,2026-07-03,7.7,0.3,,274.5,378.5
4714,53,2026-07-04,3.6,4.4,Tyre sidewall cut on sharp gondite boulders,111.2,137.2
4715,53,2026-07-05,2.4,5.6,Main sump pump silt clogging from monsoon slurry,90.3,105.6
4716,53,2026-07-06,7.8,0.2,,206.4,157.0
4717,53,2026-07-07,4.2,3.8,Tyre sidewall cut on sharp gondite boulders,174.3,178.2
4718,53,2026-07-08,5.7,2.3,Shift changeover & inspection,141.0,270.6
4719,53,2026-07-09,6.5,1.5,Shift changeover & inspection,263.8,317.6
4720,53,2026-07-10,2.4,5.6,Main sump pump silt clogging from monsoon slurry,99.4,93.3
4721,53,2026-07-11,6.4,1.6,Shift changeover & inspection,212.8,152.2
4722,53,2026-07-12,5.7,2.3,Shift changeover & inspection,153.5,270.2
4723,53,2026-07-13,6.9,1.1,Shift changeover & inspection,236.1,237.7
4724,53,2026-07-14,5.9,2.1,Shift changeover & inspection,167.0,264.3
4725,53,2026-07-15,7.7,0.3,,311.6,254.3
4726,53,2026-07-16,6.0,2.0,Shift changeover & inspection,232.2,263.3
4727,53,2026-07-17,0.4,7.6,Rainwater inundation at bottom pit bench (>40mm downpour),10.6,17.9
4728,53,2026-07-18,4.3,3.7,Main sump pump silt clogging from monsoon slurry,157.5,171.8
4729,53,2026-07-19,6.6,1.4,Shift changeover & inspection,232.6,298.8
4730,53,2026-07-20,7.7,0.3,,340.1,331.4
4731,53,2026-07-21,7.5,0.5,,253.6,173.9
4732,53,2026-07-22,7.5,0.5,,309.5,326.6
4733,53,2026-07-23,4.0,4.0,Rainwater inundation at bottom pit bench (>40mm downpour),135.2,148.2
4734,53,2026-07-24,3.8,4.2,Rainwater inundation at bottom pit bench (>40mm downpour),93.9,117.5
4735,53,2026-07-25,5.9,2.1,Shift changeover & inspection,253.4,190.1
4736,53,2026-07-26,2.5,5.5,Rainwater inundation at bottom pit bench (>40mm downpour),105.3,112.5
4737,53,2026-07-27,7.6,0.4,,190.2,374.2
4738,53,2026-07-28,4.3,3.7,Main sump pump silt clogging from monsoon slurry,99.3,115.0
4739,53,2026-07-29,6.0,2.0,Shift changeover & inspection,143.2,226.1
4740,53,2026-07-30,7.0,1.0,Shift changeover & inspection,288.3,211.3
4741,53,2026-07-31,3.4,4.6,Blasting toxic fume / dust clearance standstill,147.1,137.9
4742,53,2026-08-01,6.7,1.3,Shift changeover & inspection,178.6,221.6
4743,53,2026-08-02,7.2,0.8,,173.1,152.0
4744,53,2026-08-03,2.8,5.2,Main sump pump silt clogging from monsoon slurry,70.7,73.1
4745,53,2026-08-04,6.8,1.2,Shift changeover & inspection,286.8,305.6
4746,53,2026-08-05,7.2,0.8,,281.3,312.4
4747,53,2026-08-06,7.0,1.0,Shift changeover & inspection,267.0,254.1
4748,53,2026-08-07,6.3,1.7,Shift changeover & inspection,218.2,252.5
4749,53,2026-08-08,6.1,1.9,Shift changeover & inspection,207.0,209.1
4750,53,2026-08-09,7.2,0.8,,287.5,334.2
4751,53,2026-08-10,3.7,4.3,Rainwater inundation at bottom pit bench (>40mm downpour),124.4,145.0
4752,53,2026-08-11,7.7,0.3,,275.2,289.7
4753,53,2026-08-12,6.3,1.7,Shift changeover & inspection,268.3,191.0
4754,53,2026-08-13,7.6,0.4,,226.2,237.2
4755,53,2026-08-14,6.7,1.3,Shift changeover & inspection,247.2,236.6
4756,53,2026-08-15,4.2,3.8,Tyre sidewall cut on sharp gondite boulders,120.3,102.1
4757,53,2026-08-16,5.6,2.4,Shift changeover & inspection,208.8,252.8
4758,53,2026-08-17,5.6,2.4,Shift changeover & inspection,192.1,151.5
4759,53,2026-08-18,7.3,0.7,,273.2,219.5
4760,53,2026-08-19,3.8,4.2,Tyre sidewall cut on sharp gondite boulders,131.9,143.0
4761,53,2026-08-20,6.7,1.3,Shift changeover & inspection,183.9,333.3
4762,53,2026-08-21,6.9,1.1,Shift changeover & inspection,257.9,322.7
4763,53,2026-08-22,2.7,5.3,Rainwater inundation at bottom pit bench (>40mm downpour),69.7,95.3
4764,53,2026-08-23,2.0,6.0,Rainwater inundation at bottom pit bench (>40mm downpour),56.0,87.1
4765,53,2026-08-24,7.8,0.2,,248.9,184.2
4766,53,2026-08-25,6.1,1.9,Shift changeover & inspection,134.8,224.3
4767,53,2026-08-26,1.6,6.4,Tyre sidewall cut on sharp gondite boulders,41.3,33.3
4768,53,2026-08-27,7.2,0.8,,172.1,240.1
4769,53,2026-08-28,3.2,4.8,Blasting toxic fume / dust clearance standstill,115.1,158.5
4770,53,2026-08-29,7.7,0.3,,275.9,299.8
4771,54,2026-06-01,6.3,1.7,Shift changeover & inspection,75.1,193.8
4772,54,2026-06-02,5.6,2.4,Shift changeover & inspection,74.8,243.2
4773,54,2026-06-03,0.3,7.7,Engine overheated (>44°C ambient summer load),3.1,7.2
4774,54,2026-06-04,6.1,1.9,Shift changeover & inspection,71.5,221.3
4775,54,2026-06-05,7.1,0.9,,95.7,280.2
4776,54,2026-06-06,7.4,0.6,,83.9,234.0
4777,54,2026-06-07,5.6,2.4,Shift changeover & inspection,81.6,252.2
4778,54,2026-06-08,6.7,1.3,Shift changeover & inspection,78.1,325.0
4779,54,2026-06-09,5.6,2.4,Shift changeover & inspection,45.6,223.7
4780,54,2026-06-10,0.7,7.3,Main sump pump silt clogging from monsoon slurry,9.1,32.2
4781,54,2026-06-11,6.3,1.7,Shift changeover & inspection,70.5,193.9
4782,54,2026-06-12,7.2,0.8,,94.3,189.9
4783,54,2026-06-13,6.6,1.4,Shift changeover & inspection,86.0,246.8
4784,54,2026-06-14,5.6,2.4,Shift changeover & inspection,50.2,199.5
4785,54,2026-06-15,6.4,1.6,Shift changeover & inspection,82.4,307.3
4786,54,2026-06-16,5.8,2.2,Shift changeover & inspection,86.8,121.6
4787,54,2026-06-17,7.1,0.9,,70.5,297.0
4788,54,2026-06-18,6.9,1.1,Shift changeover & inspection,92.4,270.5
4789,54,2026-06-19,7.7,0.3,,75.9,215.5
4790,54,2026-06-20,6.2,1.8,Shift changeover & inspection,88.8,200.8
4791,54,2026-06-21,5.8,2.2,Shift changeover & inspection,80.4,259.7
4792,54,2026-06-22,7.3,0.7,,66.1,172.0
4793,54,2026-06-23,7.1,0.9,,74.0,253.2
4794,54,2026-06-24,6.6,1.4,Shift changeover & inspection,57.2,157.2
4795,54,2026-06-25,7.5,0.5,,60.0,299.6
4796,54,2026-06-26,7.6,0.4,,95.1,364.0
4797,54,2026-06-27,7.3,0.7,,62.7,319.1
4798,54,2026-06-28,6.6,1.4,Shift changeover & inspection,94.7,250.5
4799,54,2026-06-29,7.4,0.6,,72.9,333.2
4800,54,2026-06-30,5.9,2.1,Shift changeover & inspection,87.0,208.8
4801,54,2026-07-01,2.5,5.5,Tyre sidewall cut on sharp gondite boulders,28.1,84.1
4802,54,2026-07-02,1.9,6.1,Main sump pump silt clogging from monsoon slurry,26.4,38.9
4803,54,2026-07-03,7.1,0.9,,83.0,299.4
4804,54,2026-07-04,2.2,5.8,Rainwater inundation at bottom pit bench (>40mm downpour),29.1,87.9
4805,54,2026-07-05,7.0,1.0,Shift changeover & inspection,64.4,296.2
4806,54,2026-07-06,7.1,0.9,,103.0,177.2
4807,54,2026-07-07,6.0,2.0,Shift changeover & inspection,59.9,264.3
4808,54,2026-07-08,2.1,5.9,Main sump pump silt clogging from monsoon slurry,17.9,80.9
4809,54,2026-07-09,7.5,0.5,,63.7,345.6
4810,54,2026-07-10,6.8,1.2,Shift changeover & inspection,65.0,266.1
4811,54,2026-07-11,2.3,5.7,Tyre sidewall cut on sharp gondite boulders,29.6,93.9
4812,54,2026-07-12,5.9,2.1,Shift changeover & inspection,67.5,207.5
4813,54,2026-07-13,5.9,2.1,Shift changeover & inspection,74.1,230.3
4814,54,2026-07-14,6.2,1.8,Shift changeover & inspection,83.9,165.9
4815,54,2026-07-15,2.6,5.4,Hydraulic hose burst / high pressure pump cavitation,36.0,83.5
4816,54,2026-07-16,7.6,0.4,,92.0,369.9
4817,54,2026-07-17,3.4,4.6,Tyre sidewall cut on sharp gondite boulders,33.0,83.7
4818,54,2026-07-18,7.7,0.3,,76.2,182.9
4819,54,2026-07-19,6.9,1.1,Shift changeover & inspection,79.6,183.5
4820,54,2026-07-20,2.0,6.0,Main sump pump silt clogging from monsoon slurry,19.3,43.8
4821,54,2026-07-21,6.5,1.5,Shift changeover & inspection,65.4,245.1
4822,54,2026-07-22,4.4,3.6,Main sump pump silt clogging from monsoon slurry,44.9,193.2
4823,54,2026-07-23,7.0,1.0,Shift changeover & inspection,72.8,277.5
4824,54,2026-07-24,1.1,6.9,Rainwater inundation at bottom pit bench (>40mm downpour),13.8,23.6
4825,54,2026-07-25,6.4,1.6,Shift changeover & inspection,53.6,291.2
4826,54,2026-07-26,6.3,1.7,Shift changeover & inspection,87.2,217.4
4827,54,2026-07-27,0.7,7.3,Blasting toxic fume / dust clearance standstill,9.2,18.7
4828,54,2026-07-28,7.3,0.7,,108.4,291.2
4829,54,2026-07-29,7.7,0.3,,90.5,155.2
4830,54,2026-07-30,7.7,0.3,,84.0,250.7
4831,54,2026-07-31,5.9,2.1,Shift changeover & inspection,55.2,215.5
4832,54,2026-08-01,6.4,1.6,Shift changeover & inspection,93.9,144.6
4833,54,2026-08-02,0.7,7.3,DGMS statutory electrical ground-fault trip,6.2,19.9
4834,54,2026-08-03,7.6,0.4,,95.5,375.0
4835,54,2026-08-04,1.4,6.6,Tyre sidewall cut on sharp gondite boulders,17.3,29.7
4836,54,2026-08-05,7.0,1.0,Shift changeover & inspection,96.4,166.5
4837,54,2026-08-06,2.4,5.6,Main sump pump silt clogging from monsoon slurry,26.4,99.4
4838,54,2026-08-07,6.1,1.9,Shift changeover & inspection,82.8,235.5
4839,54,2026-08-08,3.1,4.9,Tyre sidewall cut on sharp gondite boulders,33.2,135.3
4840,54,2026-08-09,2.1,5.9,Tyre sidewall cut on sharp gondite boulders,31.3,74.3
4841,54,2026-08-10,4.0,4.0,Main sump pump silt clogging from monsoon slurry,47.3,94.6
4842,54,2026-08-11,7.7,0.3,,67.2,283.7
4843,54,2026-08-12,6.1,1.9,Shift changeover & inspection,86.6,274.3
4844,54,2026-08-13,7.2,0.8,,99.0,257.4
4845,54,2026-08-14,6.9,1.1,Shift changeover & inspection,94.0,273.2
4846,54,2026-08-15,1.9,6.1,Engine overheated (>44°C ambient summer load),25.5,73.7
4847,54,2026-08-16,3.2,4.8,Tyre sidewall cut on sharp gondite boulders,27.5,154.3
4848,54,2026-08-17,6.9,1.1,Shift changeover & inspection,98.8,179.8
4849,54,2026-08-18,4.5,3.5,Tyre sidewall cut on sharp gondite boulders,53.0,207.0
4850,54,2026-08-19,4.4,3.6,Tyre sidewall cut on sharp gondite boulders,62.6,134.5
4851,54,2026-08-20,4.1,3.9,Main sump pump silt clogging from monsoon slurry,46.6,165.7
4852,54,2026-08-21,7.0,1.0,Shift changeover & inspection,58.5,321.5
4853,54,2026-08-22,7.6,0.4,,64.8,306.2
4854,54,2026-08-23,2.6,5.4,Rainwater inundation at bottom pit bench (>40mm downpour),37.1,88.9
4855,54,2026-08-24,6.9,1.1,Shift changeover & inspection,71.5,325.6
4856,54,2026-08-25,7.0,1.0,Shift changeover & inspection,73.4,232.2
4857,54,2026-08-26,5.7,2.3,Shift changeover & inspection,72.5,211.4
4858,54,2026-08-27,6.1,1.9,Shift changeover & inspection,88.6,197.9
4859,54,2026-08-28,6.5,1.5,Shift changeover & inspection,56.5,264.9
4860,54,2026-08-29,0.4,7.6,Blasting toxic fume / dust clearance standstill,3.9,16.6
4861,55,2026-06-01,5.8,2.2,Shift changeover & inspection,86.1,249.9
4862,55,2026-06-02,5.8,2.2,Shift changeover & inspection,80.5,282.2
4863,55,2026-06-03,6.3,1.7,Shift changeover & inspection,65.4,180.5
4864,55,2026-06-04,6.6,1.4,Shift changeover & inspection,72.7,184.3
4865,55,2026-06-05,6.7,1.3,Shift changeover & inspection,97.2,185.3
4866,55,2026-06-06,6.3,1.7,Shift changeover & inspection,72.2,166.8
4867,55,2026-06-07,6.4,1.6,Shift changeover & inspection,81.8,318.3
4868,55,2026-06-08,6.9,1.1,Shift changeover & inspection,68.5,217.3
4869,55,2026-06-09,1.3,6.7,Rainwater inundation at bottom pit bench (>40mm downpour),17.2,44.4
4870,55,2026-06-10,5.8,2.2,Shift changeover & inspection,55.8,204.2
4871,55,2026-06-11,6.9,1.1,Shift changeover & inspection,71.3,208.6
4872,55,2026-06-12,6.4,1.6,Shift changeover & inspection,90.2,280.5
4873,55,2026-06-13,7.1,0.9,,91.6,309.9
4874,55,2026-06-14,6.1,1.9,Shift changeover & inspection,89.6,240.2
4875,55,2026-06-15,6.2,1.8,Shift changeover & inspection,76.2,160.9
4876,55,2026-06-16,2.6,5.4,Tyre sidewall cut on sharp gondite boulders,38.2,93.5
4877,55,2026-06-17,7.7,0.3,,115.4,356.7
4878,55,2026-06-18,6.9,1.1,Shift changeover & inspection,87.9,269.1
4879,55,2026-06-19,6.6,1.4,Shift changeover & inspection,81.8,256.2
4880,55,2026-06-20,6.8,1.2,Shift changeover & inspection,60.6,248.3
4881,55,2026-06-21,6.2,1.8,Shift changeover & inspection,86.6,151.5
4882,55,2026-06-22,7.8,0.2,,109.3,291.0
4883,55,2026-06-23,0.8,7.2,DGMS statutory electrical ground-fault trip,10.1,31.3
4884,55,2026-06-24,6.4,1.6,Shift changeover & inspection,54.9,167.1
4885,55,2026-06-25,7.7,0.3,,101.8,239.7
4886,55,2026-06-26,6.5,1.5,Shift changeover & inspection,76.6,312.7
4887,55,2026-06-27,5.6,2.4,Shift changeover & inspection,73.8,126.9
4888,55,2026-06-28,6.1,1.9,Shift changeover & inspection,82.4,302.7
4889,55,2026-06-29,6.8,1.2,Shift changeover & inspection,89.7,336.0
4890,55,2026-06-30,6.1,1.9,Shift changeover & inspection,72.3,272.4
4891,55,2026-07-01,7.3,0.7,,62.9,321.4
4892,55,2026-07-02,7.4,0.6,,108.2,184.6
4893,55,2026-07-03,4.0,4.0,Tyre sidewall cut on sharp gondite boulders,36.5,90.7
4894,55,2026-07-04,6.1,1.9,Shift changeover & inspection,74.9,215.0
4895,55,2026-07-05,2.9,5.1,Tyre sidewall cut on sharp gondite boulders,25.7,66.4
4896,55,2026-07-06,5.7,2.3,Shift changeover & inspection,64.2,241.2
4897,55,2026-07-07,1.6,6.4,Main sump pump silt clogging from monsoon slurry,13.0,60.8
4898,55,2026-07-08,5.8,2.2,Shift changeover & inspection,74.3,283.2
4899,55,2026-07-09,6.4,1.6,Shift changeover & inspection,73.2,132.1
4900,55,2026-07-10,7.5,0.5,,106.1,240.8
4901,55,2026-07-11,7.1,0.9,,69.3,165.2
4902,55,2026-07-12,6.0,2.0,Shift changeover & inspection,85.3,233.5
4903,55,2026-07-13,6.3,1.7,Shift changeover & inspection,67.8,284.1
4904,55,2026-07-14,6.4,1.6,Shift changeover & inspection,82.3,317.1
4905,55,2026-07-15,7.6,0.4,,91.2,285.1
4906,55,2026-07-16,6.9,1.1,Shift changeover & inspection,92.5,283.4
4907,55,2026-07-17,0.7,7.3,Rainwater inundation at bottom pit bench (>40mm downpour),9.9,18.0
4908,55,2026-07-18,7.2,0.8,,81.8,164.7
4909,55,2026-07-19,6.3,1.7,Shift changeover & inspection,93.8,212.0
4910,55,2026-07-20,1.9,6.1,Rainwater inundation at bottom pit bench (>40mm downpour),17.7,51.0
4911,55,2026-07-21,6.8,1.2,Shift changeover & inspection,92.6,282.0
4912,55,2026-07-22,1.9,6.1,Tyre sidewall cut on sharp gondite boulders,18.0,77.6
4913,55,2026-07-23,3.5,4.5,Main sump pump silt clogging from monsoon slurry,43.4,170.8
4914,55,2026-07-24,6.7,1.3,Shift changeover & inspection,69.2,203.6
4915,55,2026-07-25,6.8,1.2,Shift changeover & inspection,66.8,231.5
4916,55,2026-07-26,7.0,1.0,Shift changeover & inspection,90.6,303.2
4917,55,2026-07-27,4.2,3.8,Rainwater inundation at bottom pit bench (>40mm downpour),51.5,124.4
4918,55,2026-07-28,7.1,0.9,,89.3,221.2
4919,55,2026-07-29,2.0,6.0,Tyre sidewall cut on sharp gondite boulders,23.8,51.0
4920,55,2026-07-30,5.8,2.2,Shift changeover & inspection,64.9,138.6
4921,55,2026-07-31,6.8,1.2,Shift changeover & inspection,82.4,276.3
4922,55,2026-08-01,7.5,0.5,,93.9,159.8
4923,55,2026-08-02,3.8,4.2,Tyre sidewall cut on sharp gondite boulders,38.1,124.6
4924,55,2026-08-03,7.6,0.4,,83.0,357.7
4925,55,2026-08-04,7.0,1.0,Shift changeover & inspection,94.0,234.1
4926,55,2026-08-05,3.1,4.9,Tyre sidewall cut on sharp gondite boulders,44.4,114.1
4927,55,2026-08-06,3.6,4.4,Main sump pump silt clogging from monsoon slurry,42.6,127.9
4928,55,2026-08-07,7.6,0.4,,68.8,252.1
4929,55,2026-08-08,2.8,5.2,Tyre sidewall cut on sharp gondite boulders,28.5,76.9
4930,55,2026-08-09,5.6,2.4,Shift changeover & inspection,77.9,173.1
4931,55,2026-08-10,6.0,2.0,Shift changeover & inspection,75.1,290.2
4932,55,2026-08-11,0.6,7.4,Tyre sidewall cut on sharp gondite boulders,5.1,19.0
4933,55,2026-08-12,5.5,2.5,Shift changeover & inspection,78.6,125.7
4934,55,2026-08-13,1.7,6.3,Tyre sidewall cut on sharp gondite boulders,22.2,70.8
4935,55,2026-08-14,6.0,2.0,Shift changeover & inspection,49.5,234.4
4936,55,2026-08-15,2.7,5.3,Rainwater inundation at bottom pit bench (>40mm downpour),33.9,118.8
4937,55,2026-08-16,6.1,1.9,Shift changeover & inspection,83.3,158.8
4938,55,2026-08-17,4.0,4.0,Rainwater inundation at bottom pit bench (>40mm downpour),49.3,81.7
4939,55,2026-08-18,7.7,0.3,,99.9,184.1
4940,55,2026-08-19,5.5,2.5,Shift changeover & inspection,79.9,265.9
4941,55,2026-08-20,6.6,1.4,Shift changeover & inspection,81.7,184.3
4942,55,2026-08-21,4.3,3.7,Rainwater inundation at bottom pit bench (>40mm downpour),61.5,193.3
4943,55,2026-08-22,5.9,2.1,Shift changeover & inspection,57.7,280.3
4944,55,2026-08-23,3.2,4.8,Tyre sidewall cut on sharp gondite boulders,34.3,108.4
4945,55,2026-08-24,5.8,2.2,Shift changeover & inspection,61.1,203.9
4946,55,2026-08-25,4.2,3.8,Rainwater inundation at bottom pit bench (>40mm downpour),47.4,184.6
4947,55,2026-08-26,4.0,4.0,Main sump pump silt clogging from monsoon slurry,32.2,151.1
4948,55,2026-08-27,6.0,2.0,Shift changeover & inspection,89.6,221.7
4949,55,2026-08-28,2.0,6.0,Main sump pump silt clogging from monsoon slurry,26.0,57.9
4950,55,2026-08-29,3.5,4.5,Rainwater inundation at bottom pit bench (>40mm downpour),48.6,73.3
4951,56,2026-06-01,5.5,2.5,Shift changeover & inspection,171.1,254.9
4952,56,2026-06-02,1.5,6.5,DGMS statutory electrical ground-fault trip,42.8,66.5
4953,56,2026-06-03,5.8,2.2,Shift changeover & inspection,230.3,260.3
4954,56,2026-06-04,0.1,7.9,Rainwater inundation at bottom pit bench (>40mm downpour),3.6,2.4
4955,56,2026-06-05,0.8,7.2,Main sump pump silt clogging from monsoon slurry,33.5,31.6
4956,56,2026-06-06,7.5,0.5,,220.0,245.4
4957,56,2026-06-07,7.0,1.0,Shift changeover & inspection,228.2,184.6
4958,56,2026-06-08,7.2,0.8,,280.1,258.1
4959,56,2026-06-09,7.3,0.7,,226.5,217.2
4960,56,2026-06-10,5.7,2.3,Shift changeover & inspection,151.5,114.4
4961,56,2026-06-11,7.3,0.7,,194.7,248.5
4962,56,2026-06-12,2.9,5.1,Shaft winder cage guide rope alignment check,66.5,123.1
4963,56,2026-06-13,5.8,2.2,Shift changeover & inspection,191.7,266.7
4964,56,2026-06-14,5.8,2.2,Shift changeover & inspection,139.4,133.1
4965,56,2026-06-15,6.4,1.6,Shift changeover & inspection,218.6,286.8
4966,56,2026-06-16,6.7,1.3,Shift changeover & inspection,294.4,156.5
4967,56,2026-06-17,5.9,2.1,Shift changeover & inspection,148.7,187.3
4968,56,2026-06-18,6.6,1.4,Shift changeover & inspection,264.8,298.7
4969,56,2026-06-19,6.1,1.9,Shift changeover & inspection,239.3,154.7
4970,56,2026-06-20,6.0,2.0,Shift changeover & inspection,269.9,127.2
4971,56,2026-06-21,2.0,6.0,Hydraulic hose burst / high pressure pump cavitation,69.4,96.3
4972,56,2026-06-22,7.2,0.8,,271.5,163.3
4973,56,2026-06-23,7.7,0.3,,300.5,241.0
4974,56,2026-06-24,7.3,0.7,,180.0,209.6
4975,56,2026-06-25,5.9,2.1,Shift changeover & inspection,260.8,143.1
4976,56,2026-06-26,5.7,2.3,Shift changeover & inspection,215.9,146.0
4977,56,2026-06-27,6.2,1.8,Shift changeover & inspection,263.0,270.0
4978,56,2026-06-28,3.4,4.6,Rainwater inundation at bottom pit bench (>40mm downpour),143.8,111.5
4979,56,2026-06-29,7.5,0.5,,179.0,295.2
4980,56,2026-06-30,2.4,5.6,Blasting toxic fume / dust clearance standstill,79.7,95.2
4981,56,2026-07-01,5.5,2.5,Shift changeover & inspection,144.0,192.5
4982,56,2026-07-02,6.5,1.5,Shift changeover & inspection,281.3,198.7
4983,56,2026-07-03,2.8,5.2,Blasting toxic fume / dust clearance standstill,65.9,105.7
4984,56,2026-07-04,5.7,2.3,Shift changeover & inspection,145.7,157.4
4985,56,2026-07-05,0.7,7.3,Rainwater inundation at bottom pit bench (>40mm downpour),27.0,22.7
4986,56,2026-07-06,7.4,0.6,,274.6,358.2
4987,56,2026-07-07,2.1,5.9,Main sump pump silt clogging from monsoon slurry,62.3,62.4
4988,56,2026-07-08,3.0,5.0,Tyre sidewall cut on sharp gondite boulders,91.1,64.5
4989,56,2026-07-09,6.6,1.4,Shift changeover & inspection,242.3,161.2
4990,56,2026-07-10,6.8,1.2,Shift changeover & inspection,237.6,306.4
4991,56,2026-07-11,5.9,2.1,Shift changeover & inspection,131.2,267.5
4992,56,2026-07-12,6.5,1.5,Shift changeover & inspection,217.3,234.3
4993,56,2026-07-13,6.6,1.4,Shift changeover & inspection,291.6,269.4
4994,56,2026-07-14,7.6,0.4,,240.6,227.7
4995,56,2026-07-15,5.5,2.5,Shift changeover & inspection,215.5,171.4
4996,56,2026-07-16,6.1,1.9,Shift changeover & inspection,190.1,133.0
4997,56,2026-07-17,3.0,5.0,Rainwater inundation at bottom pit bench (>40mm downpour),82.7,84.8
4998,56,2026-07-18,7.6,0.4,,294.9,153.6
4999,56,2026-07-19,3.2,4.8,Main sump pump silt clogging from monsoon slurry,105.8,70.5
5000,56,2026-07-20,6.6,1.4,Shift changeover & inspection,154.7,221.7
5001,56,2026-07-21,2.9,5.1,Hydraulic hose burst / high pressure pump cavitation,81.3,63.8
5002,56,2026-07-22,2.7,5.3,Rainwater inundation at bottom pit bench (>40mm downpour),87.9,98.4
5003,56,2026-07-23,7.2,0.8,,320.4,351.8
5004,56,2026-07-24,7.8,0.2,,291.3,232.0
5005,56,2026-07-25,0.1,7.9,Engine overheated (>44°C ambient summer load),2.6,4.6
5006,56,2026-07-26,7.2,0.8,,290.9,186.2
5007,56,2026-07-27,5.5,2.5,Shift changeover & inspection,211.3,268.1
5008,56,2026-07-28,3.6,4.4,Main sump pump silt clogging from monsoon slurry,161.7,124.1
5009,56,2026-07-29,2.0,6.0,DGMS statutory electrical ground-fault trip,50.0,92.8
5010,56,2026-07-30,1.7,6.3,Main sump pump silt clogging from monsoon slurry,72.0,59.6
5011,56,2026-07-31,7.0,1.0,Shift changeover & inspection,214.3,255.4
5012,56,2026-08-01,6.0,2.0,Shift changeover & inspection,242.8,244.4
5013,56,2026-08-02,6.6,1.4,Shift changeover & inspection,208.3,303.7
5014,56,2026-08-03,4.1,3.9,Rainwater inundation at bottom pit bench (>40mm downpour),150.4,131.6
5015,56,2026-08-04,0.6,7.4,DGMS statutory electrical ground-fault trip,22.9,16.0
5016,56,2026-08-05,6.4,1.6,Shift changeover & inspection,211.1,302.2
5017,56,2026-08-06,7.2,0.8,,195.6,171.2
5018,56,2026-08-07,2.6,5.4,Main sump pump silt clogging from monsoon slurry,115.3,75.1
5019,56,2026-08-08,6.2,1.8,Shift changeover & inspection,257.5,216.0
5020,56,2026-08-09,5.8,2.2,Shift changeover & inspection,169.6,196.3
5021,56,2026-08-10,6.0,2.0,Shift changeover & inspection,238.9,126.2
5022,56,2026-08-11,7.0,1.0,Shift changeover & inspection,172.1,323.8
5023,56,2026-08-12,7.2,0.8,,169.9,193.5
5024,56,2026-08-13,3.4,4.6,Main sump pump silt clogging from monsoon slurry,140.9,159.6
5025,56,2026-08-14,1.7,6.3,Tyre sidewall cut on sharp gondite boulders,71.0,70.8
5026,56,2026-08-15,7.3,0.7,,306.1,173.1
5027,56,2026-08-16,6.1,1.9,Shift changeover & inspection,252.4,166.4
5028,56,2026-08-17,2.8,5.2,Blasting toxic fume / dust clearance standstill,98.9,91.9
5029,56,2026-08-18,6.5,1.5,Shift changeover & inspection,148.4,149.8
5030,56,2026-08-19,6.0,2.0,Shift changeover & inspection,230.7,163.8
5031,56,2026-08-20,6.6,1.4,Shift changeover & inspection,192.1,162.5
5032,56,2026-08-21,2.2,5.8,Rainwater inundation at bottom pit bench (>40mm downpour),96.1,60.4
5033,56,2026-08-22,2.0,6.0,Tyre sidewall cut on sharp gondite boulders,69.3,70.8
5034,56,2026-08-23,2.0,6.0,Main sump pump silt clogging from monsoon slurry,73.0,61.0
5035,56,2026-08-24,2.5,5.5,Main sump pump silt clogging from monsoon slurry,86.9,62.4
5036,56,2026-08-25,6.2,1.8,Shift changeover & inspection,225.6,205.4
5037,56,2026-08-26,2.6,5.4,Tyre sidewall cut on sharp gondite boulders,76.8,71.2
5038,56,2026-08-27,6.3,1.7,Shift changeover & inspection,266.9,187.0
5039,56,2026-08-28,3.8,4.2,Tyre sidewall cut on sharp gondite boulders,143.4,169.1
5040,56,2026-08-29,3.1,4.9,DGMS statutory electrical ground-fault trip,89.3,86.7
5041,57,2026-06-01,5.9,2.1,Shift changeover & inspection,60.9,260.1
5042,57,2026-06-02,5.6,2.4,Shift changeover & inspection,65.7,130.0
5043,57,2026-06-03,0.2,7.8,Shaft winder cage guide rope alignment check,2.7,9.2
5044,57,2026-06-04,7.8,0.2,,100.4,253.0
5045,57,2026-06-05,7.1,0.9,,83.7,318.5
5046,57,2026-06-06,6.1,1.9,Shift changeover & inspection,83.7,289.7
5047,57,2026-06-07,6.1,1.9,Shift changeover & inspection,80.4,279.4
5048,57,2026-06-08,6.1,1.9,Shift changeover & inspection,88.6,254.0
5049,57,2026-06-09,6.7,1.3,Shift changeover & inspection,94.9,291.0
5050,57,2026-06-10,7.3,0.7,,73.3,222.7
5051,57,2026-06-11,6.4,1.6,Shift changeover & inspection,74.0,143.8
5052,57,2026-06-12,5.9,2.1,Shift changeover & inspection,58.7,230.7
5053,57,2026-06-13,6.0,2.0,Shift changeover & inspection,86.1,143.6
5054,57,2026-06-14,6.5,1.5,Shift changeover & inspection,60.9,215.3
5055,57,2026-06-15,6.3,1.7,Shift changeover & inspection,81.9,138.9
5056,57,2026-06-16,5.6,2.4,Shift changeover & inspection,47.0,151.4
5057,57,2026-06-17,7.1,0.9,,84.0,323.0
5058,57,2026-06-18,5.9,2.1,Shift changeover & inspection,54.6,231.7
5059,57,2026-06-19,5.9,2.1,Shift changeover & inspection,70.6,281.6
5060,57,2026-06-20,7.7,0.3,,89.2,342.1
5061,57,2026-06-21,7.6,0.4,,78.0,368.7
5062,57,2026-06-22,7.1,0.9,,99.7,236.6
5063,57,2026-06-23,5.9,2.1,Shift changeover & inspection,86.2,225.8
5064,57,2026-06-24,2.5,5.5,Blasting toxic fume / dust clearance standstill,31.1,99.4
5065,57,2026-06-25,6.7,1.3,Shift changeover & inspection,77.0,141.5
5066,57,2026-06-26,7.4,0.6,,62.8,264.3
5067,57,2026-06-27,6.2,1.8,Shift changeover & inspection,80.3,256.1
5068,57,2026-06-28,6.6,1.4,Shift changeover & inspection,85.1,203.6
5069,57,2026-06-29,6.3,1.7,Shift changeover & inspection,76.4,205.6
5070,57,2026-06-30,0.7,7.3,Blasting toxic fume / dust clearance standstill,7.9,15.2
5071,57,2026-07-01,3.0,5.0,Tyre sidewall cut on sharp gondite boulders,36.8,116.9
5072,57,2026-07-02,7.7,0.3,,107.8,340.0
5073,57,2026-07-03,6.8,1.2,Shift changeover & inspection,55.9,153.7
5074,57,2026-07-04,3.5,4.5,Tyre sidewall cut on sharp gondite boulders,43.9,108.0
5075,57,2026-07-05,6.3,1.7,Shift changeover & inspection,56.5,300.4
5076,57,2026-07-06,6.1,1.9,Shift changeover & inspection,78.9,220.3
5077,57,2026-07-07,1.6,6.4,Rainwater inundation at bottom pit bench (>40mm downpour),14.8,53.9
5078,57,2026-07-08,2.9,5.1,Tyre sidewall cut on sharp gondite boulders,38.2,70.2
5079,57,2026-07-09,6.8,1.2,Shift changeover & inspection,59.7,172.8
5080,57,2026-07-10,7.4,0.6,,76.1,276.5
5081,57,2026-07-11,5.8,2.2,Shift changeover & inspection,72.3,273.1
5082,57,2026-07-12,4.3,3.7,Tyre sidewall cut on sharp gondite boulders,57.3,87.0
5083,57,2026-07-13,3.1,4.9,Tyre sidewall cut on sharp gondite boulders,32.3,80.5
5084,57,2026-07-14,6.6,1.4,Shift changeover & inspection,95.2,287.2
5085,57,2026-07-15,7.3,0.7,,104.7,348.7
5086,57,2026-07-16,1.7,6.3,Rainwater inundation at bottom pit bench (>40mm downpour),19.9,56.7
5087,57,2026-07-17,7.7,0.3,,106.7,322.2
5088,57,2026-07-18,7.3,0.7,,78.7,275.8
5089,57,2026-07-19,6.1,1.9,Shift changeover & inspection,67.9,233.7
5090,57,2026-07-20,7.3,0.7,,97.8,146.0
5091,57,2026-07-21,7.7,0.3,,112.3,210.7
5092,57,2026-07-22,3.3,4.7,Main sump pump silt clogging from monsoon slurry,29.0,143.2
5093,57,2026-07-23,6.0,2.0,Shift changeover & inspection,48.4,184.5
5094,57,2026-07-24,5.7,2.3,Shift changeover & inspection,55.8,149.9
5095,57,2026-07-25,7.5,0.5,,75.2,340.5
5096,57,2026-07-26,2.6,5.4,Rainwater inundation at bottom pit bench (>40mm downpour),23.5,121.2
5097,57,2026-07-27,7.4,0.6,,77.0,330.4
5098,57,2026-07-28,5.8,2.2,Shift changeover & inspection,67.2,127.0
5099,57,2026-07-29,0.3,7.7,Main sump pump silt clogging from monsoon slurry,3.8,11.3
5100,57,2026-07-30,0.3,7.7,Rainwater inundation at bottom pit bench (>40mm downpour),3.0,13.7
5101,57,2026-07-31,6.9,1.1,Shift changeover & inspection,70.9,246.1
5102,57,2026-08-01,5.5,2.5,Shift changeover & inspection,64.0,201.6
5103,57,2026-08-02,7.1,0.9,,104.9,297.7
5104,57,2026-08-03,7.3,0.7,,99.8,201.5
5105,57,2026-08-04,7.8,0.2,,64.6,171.7
5106,57,2026-08-05,5.6,2.4,Shift changeover & inspection,57.8,259.7
5107,57,2026-08-06,6.1,1.9,Shift changeover & inspection,67.0,284.8
5108,57,2026-08-07,3.2,4.8,Rainwater inundation at bottom pit bench (>40mm downpour),38.9,145.4
5109,57,2026-08-08,5.9,2.1,Shift changeover & inspection,87.1,285.0
5110,57,2026-08-09,1.5,6.5,Tyre sidewall cut on sharp gondite boulders,16.1,46.4
5111,57,2026-08-10,2.0,6.0,Tyre sidewall cut on sharp gondite boulders,21.1,68.3
5112,57,2026-08-11,6.4,1.6,Shift changeover & inspection,95.3,279.4
5113,57,2026-08-12,6.2,1.8,Shift changeover & inspection,50.0,224.7
5114,57,2026-08-13,3.5,4.5,Main sump pump silt clogging from monsoon slurry,49.6,103.0
5115,57,2026-08-14,6.0,2.0,Shift changeover & inspection,79.7,176.9
5116,57,2026-08-15,7.4,0.6,,99.0,180.9
5117,57,2026-08-16,2.5,5.5,DGMS statutory electrical ground-fault trip,29.6,118.4
5118,57,2026-08-17,6.0,2.0,Shift changeover & inspection,52.8,168.2
5119,57,2026-08-18,7.7,0.3,,92.7,186.8
5120,57,2026-08-19,6.9,1.1,Shift changeover & inspection,79.1,150.8
5121,57,2026-08-20,3.3,4.7,Tyre sidewall cut on sharp gondite boulders,32.8,108.7
5122,57,2026-08-21,6.9,1.1,Shift changeover & inspection,99.4,292.6
5123,57,2026-08-22,6.3,1.7,Shift changeover & inspection,61.6,231.4
5124,57,2026-08-23,6.5,1.5,Shift changeover & inspection,85.4,193.3
5125,57,2026-08-24,5.8,2.2,Shift changeover & inspection,49.2,288.1
5126,57,2026-08-25,6.4,1.6,Shift changeover & inspection,62.4,304.1
5127,57,2026-08-26,5.5,2.5,Shift changeover & inspection,65.1,262.4
5128,57,2026-08-27,7.7,0.3,,68.3,247.0
5129,57,2026-08-28,4.1,3.9,Main sump pump silt clogging from monsoon slurry,34.6,198.5
5130,57,2026-08-29,7.6,0.4,,106.8,315.7
5131,58,2026-06-01,3.1,4.9,Engine overheated (>44°C ambient summer load),42.8,129.5
5132,58,2026-06-02,0.2,7.8,Rainwater inundation at bottom pit bench (>40mm downpour),2.0,7.7
5133,58,2026-06-03,6.7,1.3,Shift changeover & inspection,74.3,226.7
5134,58,2026-06-04,7.7,0.3,,93.6,299.7
5135,58,2026-06-05,6.0,2.0,Shift changeover & inspection,51.7,149.9
5136,58,2026-06-06,7.1,0.9,,75.7,259.5
5137,58,2026-06-07,6.9,1.1,Shift changeover & inspection,88.1,220.0
5138,58,2026-06-08,5.8,2.2,Shift changeover & inspection,83.5,128.6
5139,58,2026-06-09,5.7,2.3,Shift changeover & inspection,47.8,268.4
5140,58,2026-06-10,6.6,1.4,Shift changeover & inspection,77.5,195.5
5141,58,2026-06-11,7.1,0.9,,95.4,192.8
5142,58,2026-06-12,7.4,0.6,,68.6,150.8
5143,58,2026-06-13,7.2,0.8,,65.3,187.5
5144,58,2026-06-14,5.8,2.2,Shift changeover & inspection,64.8,134.3
5145,58,2026-06-15,6.4,1.6,Shift changeover & inspection,73.1,218.1
5146,58,2026-06-16,6.7,1.3,Shift changeover & inspection,79.5,195.8
5147,58,2026-06-17,7.5,0.5,,84.8,305.0
5148,58,2026-06-18,6.7,1.3,Shift changeover & inspection,83.8,276.0
5149,58,2026-06-19,6.0,2.0,Shift changeover & inspection,50.7,148.1
5150,58,2026-06-20,6.3,1.7,Shift changeover & inspection,90.0,288.2
5151,58,2026-06-21,0.1,7.9,Main sump pump silt clogging from monsoon slurry,1.0,2.3
5152,58,2026-06-22,6.2,1.8,Shift changeover & inspection,74.2,128.1
5153,58,2026-06-23,7.0,1.0,Shift changeover & inspection,93.6,158.4
5154,58,2026-06-24,7.7,0.3,,66.0,215.7
5155,58,2026-06-25,7.6,0.4,,98.0,178.3
5156,58,2026-06-26,7.1,0.9,,103.3,245.1
5157,58,2026-06-27,3.2,4.8,Engine overheated (>44°C ambient summer load),29.2,69.9
5158,58,2026-06-28,7.4,0.6,,109.2,245.4
5159,58,2026-06-29,1.1,6.9,Rainwater inundation at bottom pit bench (>40mm downpour),13.6,24.0
5160,58,2026-06-30,5.7,2.3,Shift changeover & inspection,66.0,245.2
5161,58,2026-07-01,3.6,4.4,Tyre sidewall cut on sharp gondite boulders,32.4,102.2
5162,58,2026-07-02,5.9,2.1,Shift changeover & inspection,61.5,240.8
5163,58,2026-07-03,6.7,1.3,Shift changeover & inspection,62.8,302.6
5164,58,2026-07-04,1.9,6.1,Main sump pump silt clogging from monsoon slurry,27.9,93.1
5165,58,2026-07-05,3.5,4.5,Main sump pump silt clogging from monsoon slurry,38.8,105.0
5166,58,2026-07-06,1.5,6.5,Rainwater inundation at bottom pit bench (>40mm downpour),20.6,58.9
5167,58,2026-07-07,7.3,0.7,,72.0,268.0
5168,58,2026-07-08,5.6,2.4,Shift changeover & inspection,73.8,151.6
5169,58,2026-07-09,7.5,0.5,,81.8,284.4
5170,58,2026-07-10,7.1,0.9,,91.1,257.8
5171,58,2026-07-11,2.9,5.1,Rainwater inundation at bottom pit bench (>40mm downpour),40.3,69.8
5172,58,2026-07-12,7.6,0.4,,96.6,175.5
5173,58,2026-07-13,2.6,5.4,Rainwater inundation at bottom pit bench (>40mm downpour),35.1,79.1
5174,58,2026-07-14,6.5,1.5,Shift changeover & inspection,72.6,172.7
5175,58,2026-07-15,2.5,5.5,Rainwater inundation at bottom pit bench (>40mm downpour),24.5,105.8
5176,58,2026-07-16,7.0,1.0,Shift changeover & inspection,99.2,318.8
5177,58,2026-07-17,7.4,0.6,,104.2,175.7
5178,58,2026-07-18,3.8,4.2,Tyre sidewall cut on sharp gondite boulders,38.7,125.1
5179,58,2026-07-19,0.1,7.9,Tyre sidewall cut on sharp gondite boulders,1.4,2.8
5180,58,2026-07-20,7.7,0.3,,115.1,314.1
5181,58,2026-07-21,7.2,0.8,,63.4,218.7
5182,58,2026-07-22,6.7,1.3,Shift changeover & inspection,63.5,170.0
5183,58,2026-07-23,5.9,2.1,Shift changeover & inspection,69.3,281.6
5184,58,2026-07-24,5.8,2.2,Shift changeover & inspection,64.5,158.9
5185,58,2026-07-25,6.9,1.1,Shift changeover & inspection,92.6,145.2
5186,58,2026-07-26,1.8,6.2,Engine overheated (>44°C ambient summer load),19.8,42.5
5187,58,2026-07-27,6.6,1.4,Shift changeover & inspection,57.4,180.5
5188,58,2026-07-28,7.2,0.8,,92.4,198.1
5189,58,2026-07-29,5.6,2.4,Shift changeover & inspection,50.2,276.1
5190,58,2026-07-30,6.3,1.7,Shift changeover & inspection,80.8,176.3
5191,58,2026-07-31,6.7,1.3,Shift changeover & inspection,88.8,243.0
5192,58,2026-08-01,6.0,2.0,Shift changeover & inspection,67.9,222.9
5193,58,2026-08-02,3.0,5.0,Shaft winder cage guide rope alignment check,44.2,116.4
5194,58,2026-08-03,4.2,3.8,Rainwater inundation at bottom pit bench (>40mm downpour),39.0,100.3
5195,58,2026-08-04,4.4,3.6,Rainwater inundation at bottom pit bench (>40mm downpour),43.0,158.6
5196,58,2026-08-05,5.5,2.5,Shift changeover & inspection,48.9,234.1
5197,58,2026-08-06,3.9,4.1,Tyre sidewall cut on sharp gondite boulders,36.7,189.8
5198,58,2026-08-07,7.7,0.3,,84.8,330.7
5199,58,2026-08-08,6.6,1.4,Shift changeover & inspection,79.0,308.3
5200,58,2026-08-09,6.3,1.7,Shift changeover & inspection,61.0,187.6
5201,58,2026-08-10,6.6,1.4,Shift changeover & inspection,88.6,257.1
5202,58,2026-08-11,3.3,4.7,Main sump pump silt clogging from monsoon slurry,30.1,89.2
5203,58,2026-08-12,2.8,5.2,Rainwater inundation at bottom pit bench (>40mm downpour),25.8,137.4
5204,58,2026-08-13,5.9,2.1,Shift changeover & inspection,53.6,173.0
5205,58,2026-08-14,3.7,4.3,Rainwater inundation at bottom pit bench (>40mm downpour),35.0,184.8
5206,58,2026-08-15,3.7,4.3,Tyre sidewall cut on sharp gondite boulders,50.3,121.1
5207,58,2026-08-16,6.4,1.6,Shift changeover & inspection,94.2,292.6
5208,58,2026-08-17,1.9,6.1,Rainwater inundation at bottom pit bench (>40mm downpour),18.2,57.1
5209,58,2026-08-18,1.7,6.3,Tyre sidewall cut on sharp gondite boulders,20.6,41.6
5210,58,2026-08-19,6.6,1.4,Shift changeover & inspection,92.0,287.3
5211,58,2026-08-20,2.9,5.1,Tyre sidewall cut on sharp gondite boulders,33.0,74.1
5212,58,2026-08-21,7.4,0.6,,98.3,336.8
5213,58,2026-08-22,4.2,3.8,Tyre sidewall cut on sharp gondite boulders,41.6,153.7
5214,58,2026-08-23,2.1,5.9,Rainwater inundation at bottom pit bench (>40mm downpour),26.5,90.2
5215,58,2026-08-24,6.1,1.9,Shift changeover & inspection,63.0,249.1
5216,58,2026-08-25,6.5,1.5,Shift changeover & inspection,95.1,226.6
5217,58,2026-08-26,1.7,6.3,Blasting toxic fume / dust clearance standstill,24.1,68.7
5218,58,2026-08-27,7.8,0.2,,103.1,290.5
5219,58,2026-08-28,3.9,4.1,Tyre sidewall cut on sharp gondite boulders,41.6,161.4
5220,58,2026-08-29,7.4,0.6,,108.8,291.6
5221,59,2026-06-01,7.4,0.6,,238.5,352.4
5222,59,2026-06-02,6.1,1.9,Shift changeover & inspection,213.1,152.4
5223,59,2026-06-03,5.6,2.4,Shift changeover & inspection,241.0,245.7
5224,59,2026-06-04,3.0,5.0,Blasting toxic fume / dust clearance standstill,115.2,61.8
5225,59,2026-06-05,7.8,0.2,,244.2,166.5
5226,59,2026-06-06,6.4,1.6,Shift changeover & inspection,209.4,234.5
5227,59,2026-06-07,6.5,1.5,Shift changeover & inspection,173.1,132.1
5228,59,2026-06-08,5.7,2.3,Shift changeover & inspection,237.2,243.6
5229,59,2026-06-09,7.1,0.9,,238.5,240.2
5230,59,2026-06-10,6.5,1.5,Shift changeover & inspection,195.6,177.0
5231,59,2026-06-11,7.0,1.0,Shift changeover & inspection,256.3,170.3
5232,59,2026-06-12,6.3,1.7,Shift changeover & inspection,187.3,235.2
5233,59,2026-06-13,1.8,6.2,Engine overheated (>44°C ambient summer load),64.0,63.3
5234,59,2026-06-14,6.9,1.1,Shift changeover & inspection,216.6,163.9
5235,59,2026-06-15,7.7,0.3,,273.7,228.5
5236,59,2026-06-16,5.6,2.4,Shift changeover & inspection,157.7,222.6
5237,59,2026-06-17,7.4,0.6,,275.1,220.0
5238,59,2026-06-18,1.3,6.7,Hydraulic hose burst / high pressure pump cavitation,52.2,46.0
5239,59,2026-06-19,3.5,4.5,Rainwater inundation at bottom pit bench (>40mm downpour),144.9,123.0
5240,59,2026-06-20,6.6,1.4,Shift changeover & inspection,247.7,281.6
5241,59,2026-06-21,7.7,0.3,,305.2,253.8
5242,59,2026-06-22,7.3,0.7,,160.9,189.9
5243,59,2026-06-23,1.2,6.8,Engine overheated (>44°C ambient summer load),52.5,46.1
5244,59,2026-06-24,5.8,2.2,Shift changeover & inspection,194.5,125.1
5245,59,2026-06-25,3.0,5.0,Blasting toxic fume / dust clearance standstill,79.3,107.4
5246,59,2026-06-26,5.6,2.4,Shift changeover & inspection,191.7,218.7
5247,59,2026-06-27,7.2,0.8,,311.2,228.2
5248,59,2026-06-28,2.2,5.8,Rainwater inundation at bottom pit bench (>40mm downpour),59.4,102.8
5249,59,2026-06-29,5.6,2.4,Shift changeover & inspection,150.2,119.1
5250,59,2026-06-30,7.1,0.9,,210.9,304.1
5251,59,2026-07-01,6.9,1.1,Shift changeover & inspection,282.8,274.5
5252,59,2026-07-02,4.4,3.6,Tyre sidewall cut on sharp gondite boulders,159.3,119.5
5253,59,2026-07-03,7.8,0.2,,254.4,237.6
5254,59,2026-07-04,3.6,4.4,Rainwater inundation at bottom pit bench (>40mm downpour),86.9,167.7
5255,59,2026-07-05,6.3,1.7,Shift changeover & inspection,219.5,235.6
5256,59,2026-07-06,7.2,0.8,,173.1,353.9
5257,59,2026-07-07,3.4,4.6,Tyre sidewall cut on sharp gondite boulders,138.1,71.2
5258,59,2026-07-08,6.5,1.5,Shift changeover & inspection,202.2,307.0
5259,59,2026-07-09,7.7,0.3,,297.7,314.6
5260,59,2026-07-10,6.9,1.1,Shift changeover & inspection,275.6,168.1
5261,59,2026-07-11,5.8,2.2,Shift changeover & inspection,217.7,287.8
5262,59,2026-07-12,5.5,2.5,Shift changeover & inspection,226.1,192.1
5263,59,2026-07-13,5.8,2.2,Shift changeover & inspection,237.2,167.8
5264,59,2026-07-14,5.6,2.4,Shift changeover & inspection,129.7,211.2
5265,59,2026-07-15,7.7,0.3,,311.1,352.9
5266,59,2026-07-16,5.7,2.3,Shift changeover & inspection,210.0,162.1
5267,59,2026-07-17,1.7,6.3,Main sump pump silt clogging from monsoon slurry,45.9,48.3
5268,59,2026-07-18,3.0,5.0,Main sump pump silt clogging from monsoon slurry,69.4,115.1
5269,59,2026-07-19,0.3,7.7,Tyre sidewall cut on sharp gondite boulders,8.8,12.2
5270,59,2026-07-20,6.9,1.1,Shift changeover & inspection,290.3,306.7
5271,59,2026-07-21,7.3,0.7,,284.3,209.9
5272,59,2026-07-22,4.0,4.0,Tyre sidewall cut on sharp gondite boulders,106.3,131.4
5273,59,2026-07-23,3.3,4.7,Main sump pump silt clogging from monsoon slurry,144.1,73.4
5274,59,2026-07-24,6.0,2.0,Shift changeover & inspection,172.9,141.7
5275,59,2026-07-25,5.9,2.1,Shift changeover & inspection,235.1,192.0
5276,59,2026-07-26,7.3,0.7,,230.6,190.9
5277,59,2026-07-27,7.4,0.6,,305.6,244.2
5278,59,2026-07-28,4.1,3.9,Tyre sidewall cut on sharp gondite boulders,181.9,165.8
5279,59,2026-07-29,7.4,0.6,,302.5,249.5
5280,59,2026-07-30,7.5,0.5,,248.6,239.0
5281,59,2026-07-31,3.8,4.2,Main sump pump silt clogging from monsoon slurry,164.6,163.7
5282,59,2026-08-01,6.2,1.8,Shift changeover & inspection,180.1,256.0
5283,59,2026-08-02,3.4,4.6,Main sump pump silt clogging from monsoon slurry,124.6,131.8
5284,59,2026-08-03,7.2,0.8,,169.9,359.8
5285,59,2026-08-04,2.6,5.4,Engine overheated (>44°C ambient summer load),68.1,70.7
5286,59,2026-08-05,1.9,6.1,Rainwater inundation at bottom pit bench (>40mm downpour),60.1,38.4
5287,59,2026-08-06,2.2,5.8,Main sump pump silt clogging from monsoon slurry,96.5,105.6
5288,59,2026-08-07,3.8,4.2,Tyre sidewall cut on sharp gondite boulders,167.4,176.1
5289,59,2026-08-08,6.0,2.0,Shift changeover & inspection,234.4,203.1
5290,59,2026-08-09,3.0,5.0,Tyre sidewall cut on sharp gondite boulders,129.9,73.7
5291,59,2026-08-10,3.1,4.9,Main sump pump silt clogging from monsoon slurry,133.6,126.4
5292,59,2026-08-11,7.6,0.4,,330.3,371.8
5293,59,2026-08-12,6.9,1.1,Shift changeover & inspection,216.7,212.7
5294,59,2026-08-13,5.7,2.3,Shift changeover & inspection,232.7,203.4
5295,59,2026-08-14,7.2,0.8,,287.1,259.2
5296,59,2026-08-15,7.0,1.0,Shift changeover & inspection,236.3,334.6
5297,59,2026-08-16,5.5,2.5,Shift changeover & inspection,158.9,273.4
5298,59,2026-08-17,5.6,2.4,Shift changeover & inspection,187.2,270.8
5299,59,2026-08-18,3.5,4.5,Main sump pump silt clogging from monsoon slurry,150.7,89.7
5300,59,2026-08-19,3.6,4.4,Tyre sidewall cut on sharp gondite boulders,97.8,129.5
5301,59,2026-08-20,7.3,0.7,,328.5,308.7
5302,59,2026-08-21,4.3,3.7,Rainwater inundation at bottom pit bench (>40mm downpour),116.9,145.1
5303,59,2026-08-22,2.2,5.8,Hydraulic hose burst / high pressure pump cavitation,63.0,109.7
5304,59,2026-08-23,4.0,4.0,Main sump pump silt clogging from monsoon slurry,153.4,144.3
5305,59,2026-08-24,3.0,5.0,Rainwater inundation at bottom pit bench (>40mm downpour),107.4,135.8
5306,59,2026-08-25,6.4,1.6,Shift changeover & inspection,275.3,154.8
5307,59,2026-08-26,7.0,1.0,Shift changeover & inspection,252.5,309.3
5308,59,2026-08-27,6.6,1.4,Shift changeover & inspection,227.1,177.0
5309,59,2026-08-28,7.0,1.0,Shift changeover & inspection,260.3,346.8
5310,59,2026-08-29,3.3,4.7,Main sump pump silt clogging from monsoon slurry,113.0,94.6
5311,60,2026-06-01,6.3,1.7,Shift changeover & inspection,89.3,290.6
5312,60,2026-06-02,7.8,0.2,,110.3,385.3
5313,60,2026-06-03,5.5,2.5,Shift changeover & inspection,69.8,225.0
5314,60,2026-06-04,6.6,1.4,Shift changeover & inspection,78.7,141.6
5315,60,2026-06-05,5.7,2.3,Shift changeover & inspection,47.2,189.0
5316,60,2026-06-06,0.9,7.1,Hydraulic hose burst / high pressure pump cavitation,7.3,20.6
5317,60,2026-06-07,2.1,5.9,Blasting toxic fume / dust clearance standstill,31.4,46.8
5318,60,2026-06-08,7.2,0.8,,86.5,186.5
5319,60,2026-06-09,1.4,6.6,Tyre sidewall cut on sharp gondite boulders,13.7,33.5
5320,60,2026-06-10,5.8,2.2,Shift changeover & inspection,57.6,276.3
5321,60,2026-06-11,6.9,1.1,Shift changeover & inspection,80.5,298.6
5322,60,2026-06-12,1.5,6.5,DGMS statutory electrical ground-fault trip,14.2,54.6
5323,60,2026-06-13,0.6,7.4,Shaft winder cage guide rope alignment check,6.7,29.3
5324,60,2026-06-14,7.6,0.4,,101.2,176.4
5325,60,2026-06-15,6.3,1.7,Shift changeover & inspection,70.1,227.4
5326,60,2026-06-16,7.6,0.4,,109.2,236.6
5327,60,2026-06-17,5.8,2.2,Shift changeover & inspection,77.5,272.6
5328,60,2026-06-18,6.9,1.1,Shift changeover & inspection,61.1,158.4
5329,60,2026-06-19,6.1,1.9,Shift changeover & inspection,83.2,296.7
5330,60,2026-06-20,6.5,1.5,Shift changeover & inspection,81.9,224.8
5331,60,2026-06-21,6.2,1.8,Shift changeover & inspection,85.7,214.8
5332,60,2026-06-22,7.4,0.6,,59.7,232.3
5333,60,2026-06-23,0.8,7.2,Blasting toxic fume / dust clearance standstill,10.2,21.9
5334,60,2026-06-24,7.7,0.3,,90.6,208.5
5335,60,2026-06-25,5.7,2.3,Shift changeover & inspection,50.5,171.1
5336,60,2026-06-26,5.9,2.1,Shift changeover & inspection,84.5,288.0
5337,60,2026-06-27,7.5,0.5,,82.0,170.2
5338,60,2026-06-28,5.7,2.3,Shift changeover & inspection,54.3,171.3
5339,60,2026-06-29,7.3,0.7,,102.2,221.4
5340,60,2026-06-30,6.1,1.9,Shift changeover & inspection,52.5,185.5
5341,60,2026-07-01,4.1,3.9,Rainwater inundation at bottom pit bench (>40mm downpour),41.0,111.8
5342,60,2026-07-02,1.9,6.1,DGMS statutory electrical ground-fault trip,21.8,65.3
5343,60,2026-07-03,7.4,0.6,,70.9,344.4
5344,60,2026-07-04,6.8,1.2,Shift changeover & inspection,65.6,152.8
5345,60,2026-07-05,3.2,4.8,Rainwater inundation at bottom pit bench (>40mm downpour),47.3,148.3
5346,60,2026-07-06,7.0,1.0,Shift changeover & inspection,70.4,208.3
5347,60,2026-07-07,6.6,1.4,Shift changeover & inspection,94.7,322.1
5348,60,2026-07-08,3.0,5.0,Main sump pump silt clogging from monsoon slurry,28.5,82.8
5349,60,2026-07-09,2.2,5.8,Tyre sidewall cut on sharp gondite boulders,23.9,54.0
5350,60,2026-07-10,5.8,2.2,Shift changeover & inspection,83.6,145.5
5351,60,2026-07-11,2.2,5.8,Engine overheated (>44°C ambient summer load),18.2,88.0
5352,60,2026-07-12,6.6,1.4,Shift changeover & inspection,55.6,243.9
5353,60,2026-07-13,7.4,0.6,,72.8,175.6
5354,60,2026-07-14,5.7,2.3,Shift changeover & inspection,78.5,226.9
5355,60,2026-07-15,6.3,1.7,Shift changeover & inspection,66.1,241.8
5356,60,2026-07-16,6.4,1.6,Shift changeover & inspection,91.6,261.2
5357,60,2026-07-17,7.4,0.6,,80.0,204.0
5358,60,2026-07-18,3.1,4.9,Tyre sidewall cut on sharp gondite boulders,37.2,129.6
5359,60,2026-07-19,3.3,4.7,Rainwater inundation at bottom pit bench (>40mm downpour),30.0,74.3
5360,60,2026-07-20,4.3,3.7,Tyre sidewall cut on sharp gondite boulders,51.5,175.9
5361,60,2026-07-21,3.0,5.0,Rainwater inundation at bottom pit bench (>40mm downpour),35.6,129.1
5362,60,2026-07-22,4.4,3.6,Rainwater inundation at bottom pit bench (>40mm downpour),62.3,110.1
5363,60,2026-07-23,1.0,7.0,Tyre sidewall cut on sharp gondite boulders,9.6,44.0
5364,60,2026-07-24,3.5,4.5,Tyre sidewall cut on sharp gondite boulders,36.2,164.7
5365,60,2026-07-25,5.8,2.2,Shift changeover & inspection,64.0,198.6
5366,60,2026-07-26,7.8,0.2,,83.5,244.6
5367,60,2026-07-27,6.1,1.9,Shift changeover & inspection,89.1,138.2
5368,60,2026-07-28,3.5,4.5,Main sump pump silt clogging from monsoon slurry,39.3,133.7
5369,60,2026-07-29,7.0,1.0,Shift changeover & inspection,77.2,156.2
5370,60,2026-07-30,7.4,0.6,,98.3,342.4
5371,60,2026-07-31,6.3,1.7,Shift changeover & inspection,73.4,147.4
5372,60,2026-08-01,2.3,5.7,Rainwater inundation at bottom pit bench (>40mm downpour),29.5,78.7
5373,60,2026-08-02,2.9,5.1,Tyre sidewall cut on sharp gondite boulders,39.1,85.3
5374,60,2026-08-03,6.8,1.2,Shift changeover & inspection,71.3,314.2
5375,60,2026-08-04,5.8,2.2,Shift changeover & inspection,65.1,167.1
5376,60,2026-08-05,1.0,7.0,Blasting toxic fume / dust clearance standstill,10.3,22.7
5377,60,2026-08-06,7.5,0.5,,83.2,253.0
5378,60,2026-08-07,1.7,6.3,Rainwater inundation at bottom pit bench (>40mm downpour),22.7,66.8
5379,60,2026-08-08,5.5,2.5,Shift changeover & inspection,44.2,243.7
5380,60,2026-08-09,3.2,4.8,Tyre sidewall cut on sharp gondite boulders,43.1,122.9
5381,60,2026-08-10,6.7,1.3,Shift changeover & inspection,80.8,175.8
5382,60,2026-08-11,7.5,0.5,,69.0,372.6
5383,60,2026-08-12,6.8,1.2,Shift changeover & inspection,79.3,237.3
5384,60,2026-08-13,1.9,6.1,Main sump pump silt clogging from monsoon slurry,17.1,74.1
5385,60,2026-08-14,6.4,1.6,Shift changeover & inspection,87.0,278.4
5386,60,2026-08-15,7.3,0.7,,92.0,229.6
5387,60,2026-08-16,6.8,1.2,Shift changeover & inspection,78.5,290.6
5388,60,2026-08-17,6.0,2.0,Shift changeover & inspection,72.7,141.2
5389,60,2026-08-18,7.1,0.9,,63.2,350.0
5390,60,2026-08-19,7.2,0.8,,82.0,342.3
5391,60,2026-08-20,7.6,0.4,,101.2,252.4
5392,60,2026-08-21,2.2,5.8,Rainwater inundation at bottom pit bench (>40mm downpour),18.3,80.5
5393,60,2026-08-22,3.3,4.7,Main sump pump silt clogging from monsoon slurry,36.4,138.2
5394,60,2026-08-23,3.7,4.3,Main sump pump silt clogging from monsoon slurry,48.1,157.9
5395,60,2026-08-24,3.9,4.1,Main sump pump silt clogging from monsoon slurry,57.7,122.6
5396,60,2026-08-25,7.7,0.3,,112.1,311.9
5397,60,2026-08-26,6.5,1.5,Shift changeover & inspection,52.4,204.3
5398,60,2026-08-27,6.3,1.7,Shift changeover & inspection,58.6,239.4
5399,60,2026-08-28,6.8,1.2,Shift changeover & inspection,89.2,186.3
5400,60,2026-08-29,7.2,0.8,,107.0,324.8
5401,61,2026-06-01,0.1,7.9,Hydraulic hose burst / high pressure pump cavitation,1.3,3.5
5402,61,2026-06-02,6.0,2.0,Shift changeover & inspection,86.2,221.1
5403,61,2026-06-03,7.1,0.9,,75.6,316.6
5404,61,2026-06-04,5.7,2.3,Shift changeover & inspection,79.5,142.5
5405,61,2026-06-05,6.2,1.8,Shift changeover & inspection,65.3,160.3
5406,61,2026-06-06,6.8,1.2,Shift changeover & inspection,55.6,167.1
5407,61,2026-06-07,5.7,2.3,Shift changeover & inspection,56.7,257.9
5408,61,2026-06-08,6.3,1.7,Shift changeover & inspection,90.3,306.2
5409,61,2026-06-09,7.3,0.7,,96.0,244.2
5410,61,2026-06-10,7.3,0.7,,69.7,210.0
5411,61,2026-06-11,7.5,0.5,,81.5,244.2
5412,61,2026-06-12,7.5,0.5,,103.3,297.6
5413,61,2026-06-13,0.9,7.1,Main sump pump silt clogging from monsoon slurry,11.6,22.8
5414,61,2026-06-14,6.5,1.5,Shift changeover & inspection,53.8,203.9
5415,61,2026-06-15,5.7,2.3,Shift changeover & inspection,51.9,197.1
5416,61,2026-06-16,6.5,1.5,Shift changeover & inspection,72.7,214.4
5417,61,2026-06-17,7.4,0.6,,98.3,156.5
5418,61,2026-06-18,6.4,1.6,Shift changeover & inspection,68.2,236.4
5419,61,2026-06-19,6.4,1.6,Shift changeover & inspection,73.2,239.7
5420,61,2026-06-20,5.6,2.4,Shift changeover & inspection,54.8,255.2
5421,61,2026-06-21,6.5,1.5,Shift changeover & inspection,58.9,156.0
5422,61,2026-06-22,7.7,0.3,,94.8,248.0
5423,61,2026-06-23,7.0,1.0,Shift changeover & inspection,63.2,225.2
5424,61,2026-06-24,7.5,0.5,,99.1,329.0
5425,61,2026-06-25,3.1,4.9,Main sump pump silt clogging from monsoon slurry,36.6,62.3
5426,61,2026-06-26,5.7,2.3,Shift changeover & inspection,70.8,226.5
5427,61,2026-06-27,5.8,2.2,Shift changeover & inspection,60.6,259.2
5428,61,2026-06-28,6.8,1.2,Shift changeover & inspection,80.6,168.0
5429,61,2026-06-29,0.8,7.2,Rainwater inundation at bottom pit bench (>40mm downpour),11.3,38.1
5430,61,2026-06-30,5.8,2.2,Shift changeover & inspection,49.7,156.7
5431,61,2026-07-01,6.5,1.5,Shift changeover & inspection,60.2,290.4
5432,61,2026-07-02,0.8,7.2,Rainwater inundation at bottom pit bench (>40mm downpour),11.8,29.5
5433,61,2026-07-03,3.8,4.2,Rainwater inundation at bottom pit bench (>40mm downpour),30.8,175.5
5434,61,2026-07-04,6.3,1.7,Shift changeover & inspection,88.5,290.0
5435,61,2026-07-05,1.0,7.0,DGMS statutory electrical ground-fault trip,13.8,34.2
5436,61,2026-07-06,7.6,0.4,,81.0,251.6
5437,61,2026-07-07,6.3,1.7,Shift changeover & inspection,91.8,193.9
5438,61,2026-07-08,6.9,1.1,Shift changeover & inspection,85.0,310.8
5439,61,2026-07-09,7.2,0.8,,75.1,160.7
5440,61,2026-07-10,6.0,2.0,Shift changeover & inspection,69.9,246.9
5441,61,2026-07-11,3.6,4.4,Rainwater inundation at bottom pit bench (>40mm downpour),46.6,156.9
5442,61,2026-07-12,6.0,2.0,Shift changeover & inspection,81.5,232.9
5443,61,2026-07-13,6.3,1.7,Shift changeover & inspection,57.0,155.7
5444,61,2026-07-14,7.0,1.0,Shift changeover & inspection,68.7,158.7
5445,61,2026-07-15,1.4,6.6,Tyre sidewall cut on sharp gondite boulders,18.6,48.5
5446,61,2026-07-16,3.2,4.8,Main sump pump silt clogging from monsoon slurry,46.8,72.2
5447,61,2026-07-17,6.0,2.0,Shift changeover & inspection,75.6,281.1
5448,61,2026-07-18,4.4,3.6,Tyre sidewall cut on sharp gondite boulders,53.9,153.0
5449,61,2026-07-19,7.7,0.3,,107.4,359.6
5450,61,2026-07-20,6.5,1.5,Shift changeover & inspection,80.9,282.9
5451,61,2026-07-21,5.7,2.3,Shift changeover & inspection,55.8,163.0
5452,61,2026-07-22,6.7,1.3,Shift changeover & inspection,88.1,271.0
5453,61,2026-07-23,6.4,1.6,Shift changeover & inspection,52.9,201.0
5454,61,2026-07-24,7.6,0.4,,84.5,154.6
5455,61,2026-07-25,7.3,0.7,,102.2,344.9
5456,61,2026-07-26,6.3,1.7,Shift changeover & inspection,91.0,201.0
5457,61,2026-07-27,7.0,1.0,Shift changeover & inspection,81.9,313.4
5458,61,2026-07-28,5.6,2.4,Shift changeover & inspection,45.1,232.8
5459,61,2026-07-29,6.8,1.2,Shift changeover & inspection,88.1,146.2
5460,61,2026-07-30,7.2,0.8,,100.9,274.0
5461,61,2026-07-31,7.6,0.4,,87.2,342.9
5462,61,2026-08-01,6.5,1.5,Shift changeover & inspection,97.0,239.2
5463,61,2026-08-02,6.9,1.1,Shift changeover & inspection,75.4,147.8
5464,61,2026-08-03,6.7,1.3,Shift changeover & inspection,90.7,294.6
5465,61,2026-08-04,3.1,4.9,Rainwater inundation at bottom pit bench (>40mm downpour),26.2,63.8
5466,61,2026-08-05,6.4,1.6,Shift changeover & inspection,65.6,269.2
5467,61,2026-08-06,7.6,0.4,,83.3,160.2
5468,61,2026-08-07,6.8,1.2,Shift changeover & inspection,67.0,282.6
5469,61,2026-08-08,3.6,4.4,Tyre sidewall cut on sharp gondite boulders,53.1,99.7
5470,61,2026-08-09,6.2,1.8,Shift changeover & inspection,87.5,208.8
5471,61,2026-08-10,6.7,1.3,Shift changeover & inspection,69.6,202.7
5472,61,2026-08-11,6.1,1.9,Shift changeover & inspection,57.3,157.8
5473,61,2026-08-12,6.8,1.2,Shift changeover & inspection,63.3,312.3
5474,61,2026-08-13,5.8,2.2,Shift changeover & inspection,81.9,212.5
5475,61,2026-08-14,7.7,0.3,,108.5,192.8
5476,61,2026-08-15,7.2,0.8,,99.9,304.1
5477,61,2026-08-16,2.8,5.2,Shaft winder cage guide rope alignment check,23.8,56.5
5478,61,2026-08-17,1.7,6.3,Tyre sidewall cut on sharp gondite boulders,16.4,47.5
5479,61,2026-08-18,4.3,3.7,Main sump pump silt clogging from monsoon slurry,54.3,167.1
5480,61,2026-08-19,4.3,3.7,Tyre sidewall cut on sharp gondite boulders,40.9,148.6
5481,61,2026-08-20,6.9,1.1,Shift changeover & inspection,55.5,324.7
5482,61,2026-08-21,6.8,1.2,Shift changeover & inspection,79.8,332.5
5483,61,2026-08-22,6.3,1.7,Shift changeover & inspection,74.2,184.6
5484,61,2026-08-23,6.1,1.9,Shift changeover & inspection,84.4,234.0
5485,61,2026-08-24,2.8,5.2,Tyre sidewall cut on sharp gondite boulders,31.6,105.5
5486,61,2026-08-25,4.1,3.9,Main sump pump silt clogging from monsoon slurry,37.0,109.0
5487,61,2026-08-26,2.4,5.6,Main sump pump silt clogging from monsoon slurry,28.9,110.7
5488,61,2026-08-27,6.3,1.7,Shift changeover & inspection,78.8,264.5
5489,61,2026-08-28,7.1,0.9,,70.1,267.0
5490,61,2026-08-29,5.6,2.4,Shift changeover & inspection,68.3,264.8
5491,62,2026-06-01,5.9,2.1,Shift changeover & inspection,62.7,148.4
5492,62,2026-06-02,7.7,0.3,,85.8,315.6
5493,62,2026-06-03,5.7,2.3,Shift changeover & inspection,58.2,279.7
5494,62,2026-06-04,6.7,1.3,Shift changeover & inspection,80.3,233.8
5495,62,2026-06-05,7.4,0.6,,83.9,341.0
5496,62,2026-06-06,5.8,2.2,Shift changeover & inspection,66.9,277.8
5497,62,2026-06-07,6.0,2.0,Shift changeover & inspection,87.9,133.5
5498,62,2026-06-08,1.1,6.9,Rainwater inundation at bottom pit bench (>40mm downpour),15.5,44.9
5499,62,2026-06-09,6.9,1.1,Shift changeover & inspection,77.8,218.8
5500,62,2026-06-10,6.1,1.9,Shift changeover & inspection,54.8,257.2
5501,62,2026-06-11,5.6,2.4,Shift changeover & inspection,79.9,242.6
5502,62,2026-06-12,6.9,1.1,Shift changeover & inspection,72.2,169.0
5503,62,2026-06-13,6.7,1.3,Shift changeover & inspection,64.3,283.1
5504,62,2026-06-14,6.8,1.2,Shift changeover & inspection,91.6,136.3
5505,62,2026-06-15,6.0,2.0,Shift changeover & inspection,63.4,164.9
5506,62,2026-06-16,6.8,1.2,Shift changeover & inspection,68.0,326.1
5507,62,2026-06-17,5.8,2.2,Shift changeover & inspection,58.7,284.7
5508,62,2026-06-18,6.6,1.4,Shift changeover & inspection,89.6,167.0
5509,62,2026-06-19,6.4,1.6,Shift changeover & inspection,94.6,198.1
5510,62,2026-06-20,5.5,2.5,Shift changeover & inspection,57.8,132.0
5511,62,2026-06-21,7.6,0.4,,76.7,219.3
5512,62,2026-06-22,6.2,1.8,Shift changeover & inspection,61.5,173.3
5513,62,2026-06-23,5.9,2.1,Shift changeover & inspection,56.6,169.0
5514,62,2026-06-24,6.3,1.7,Shift changeover & inspection,93.3,274.1
5515,62,2026-06-25,7.0,1.0,Shift changeover & inspection,94.7,218.6
5516,62,2026-06-26,2.8,5.2,Main sump pump silt clogging from monsoon slurry,38.8,91.7
5517,62,2026-06-27,7.3,0.7,,87.2,317.9
5518,62,2026-06-28,7.4,0.6,,69.0,320.6
5519,62,2026-06-29,7.7,0.3,,108.4,174.5
5520,62,2026-06-30,6.6,1.4,Shift changeover & inspection,83.9,255.4
5521,62,2026-07-01,6.4,1.6,Shift changeover & inspection,93.7,275.8
5522,62,2026-07-02,2.3,5.7,Main sump pump silt clogging from monsoon slurry,20.1,98.5
5523,62,2026-07-03,6.2,1.8,Shift changeover & inspection,92.9,221.8
5524,62,2026-07-04,6.6,1.4,Shift changeover & inspection,96.8,152.8
5525,62,2026-07-05,3.1,4.9,Rainwater inundation at bottom pit bench (>40mm downpour),36.9,89.6
5526,62,2026-07-06,4.0,4.0,Main sump pump silt clogging from monsoon slurry,42.3,146.9
5527,62,2026-07-07,3.2,4.8,Rainwater inundation at bottom pit bench (>40mm downpour),46.7,154.5
5528,62,2026-07-08,2.9,5.1,Tyre sidewall cut on sharp gondite boulders,29.9,74.3
5529,62,2026-07-09,6.3,1.7,Shift changeover & inspection,63.0,156.0
5530,62,2026-07-10,5.9,2.1,Shift changeover & inspection,67.4,150.7
5531,62,2026-07-11,3.4,4.6,Main sump pump silt clogging from monsoon slurry,43.6,77.3
5532,62,2026-07-12,7.0,1.0,Shift changeover & inspection,93.4,218.7
5533,62,2026-07-13,6.2,1.8,Shift changeover & inspection,64.5,195.8
5534,62,2026-07-14,4.3,3.7,Rainwater inundation at bottom pit bench (>40mm downpour),37.5,174.8
5535,62,2026-07-15,5.9,2.1,Shift changeover & inspection,51.7,218.3
5536,62,2026-07-16,1.9,6.1,Rainwater inundation at bottom pit bench (>40mm downpour),21.5,63.2
5537,62,2026-07-17,4.0,4.0,Rainwater inundation at bottom pit bench (>40mm downpour),44.1,195.3
5538,62,2026-07-18,3.4,4.6,Main sump pump silt clogging from monsoon slurry,31.4,101.9
5539,62,2026-07-19,2.4,5.6,Main sump pump silt clogging from monsoon slurry,28.1,91.8
5540,62,2026-07-20,2.3,5.7,Tyre sidewall cut on sharp gondite boulders,25.6,83.2
5541,62,2026-07-21,2.9,5.1,Main sump pump silt clogging from monsoon slurry,25.7,100.4
5542,62,2026-07-22,4.5,3.5,Main sump pump silt clogging from monsoon slurry,48.0,107.1
5543,62,2026-07-23,3.3,4.7,Main sump pump silt clogging from monsoon slurry,30.2,99.3
5544,62,2026-07-24,7.2,0.8,,90.2,221.5
5545,62,2026-07-25,2.2,5.8,Rainwater inundation at bottom pit bench (>40mm downpour),23.0,87.3
5546,62,2026-07-26,3.6,4.4,Main sump pump silt clogging from monsoon slurry,36.4,133.8
5547,62,2026-07-27,6.8,1.2,Shift changeover & inspection,82.3,260.4
5548,62,2026-07-28,6.1,1.9,Shift changeover & inspection,89.0,193.1
5549,62,2026-07-29,5.7,2.3,Shift changeover & inspection,81.1,135.0
5550,62,2026-07-30,3.2,4.8,Tyre sidewall cut on sharp gondite boulders,35.7,141.8
5551,62,2026-07-31,2.8,5.2,Rainwater inundation at bottom pit bench (>40mm downpour),24.7,61.9
5552,62,2026-08-01,2.9,5.1,Main sump pump silt clogging from monsoon slurry,27.4,80.1
5553,62,2026-08-02,6.7,1.3,Shift changeover & inspection,80.2,158.6
5554,62,2026-08-03,3.0,5.0,Tyre sidewall cut on sharp gondite boulders,44.5,68.1
5555,62,2026-08-04,6.0,2.0,Shift changeover & inspection,51.1,247.9
5556,62,2026-08-05,7.3,0.7,,87.6,194.4
5557,62,2026-08-06,6.6,1.4,Shift changeover & inspection,82.0,227.3
5558,62,2026-08-07,3.0,5.0,Rainwater inundation at bottom pit bench (>40mm downpour),24.7,144.3
5559,62,2026-08-08,7.5,0.5,,105.3,290.3
5560,62,2026-08-09,7.7,0.3,,74.1,161.3
5561,62,2026-08-10,7.1,0.9,,95.3,285.6
5562,62,2026-08-11,3.0,5.0,Main sump pump silt clogging from monsoon slurry,42.9,62.2
5563,62,2026-08-12,6.7,1.3,Shift changeover & inspection,77.1,267.7
5564,62,2026-08-13,5.6,2.4,Shift changeover & inspection,67.2,175.1
5565,62,2026-08-14,2.5,5.5,Tyre sidewall cut on sharp gondite boulders,20.4,102.7
5566,62,2026-08-15,4.0,4.0,Tyre sidewall cut on sharp gondite boulders,32.2,91.8
5567,62,2026-08-16,7.5,0.5,,91.7,280.7
5568,62,2026-08-17,6.4,1.6,Shift changeover & inspection,66.5,267.2
5569,62,2026-08-18,6.4,1.6,Shift changeover & inspection,57.6,190.9
5570,62,2026-08-19,7.5,0.5,,112.0,303.4
5571,62,2026-08-20,6.8,1.2,Shift changeover & inspection,78.5,217.0
5572,62,2026-08-21,6.1,1.9,Shift changeover & inspection,69.0,297.1
5573,62,2026-08-22,6.6,1.4,Shift changeover & inspection,91.5,290.9
5574,62,2026-08-23,6.0,2.0,Shift changeover & inspection,86.7,146.3
5575,62,2026-08-24,4.3,3.7,Rainwater inundation at bottom pit bench (>40mm downpour),44.9,194.1
5576,62,2026-08-25,6.6,1.4,Shift changeover & inspection,88.4,211.5
5577,62,2026-08-26,2.8,5.2,Tyre sidewall cut on sharp gondite boulders,24.4,123.0
5578,62,2026-08-27,6.3,1.7,Shift changeover & inspection,83.8,285.3
5579,62,2026-08-28,6.8,1.2,Shift changeover & inspection,83.7,228.4
5580,62,2026-08-29,5.9,2.1,Shift changeover & inspection,63.3,124.0
5581,63,2026-06-01,7.3,0.7,,97.6,289.5
5582,63,2026-06-02,7.4,0.6,,108.4,358.5
5583,63,2026-06-03,7.4,0.6,,101.9,277.8
5584,63,2026-06-04,7.7,0.3,,114.0,267.0
5585,63,2026-06-05,6.7,1.3,Shift changeover & inspection,75.8,327.2
5586,63,2026-06-06,7.7,0.3,,71.2,359.3
5587,63,2026-06-07,6.5,1.5,Shift changeover & inspection,84.8,284.0
5588,63,2026-06-08,6.4,1.6,Shift changeover & inspection,53.9,295.1
5589,63,2026-06-09,7.8,0.2,,89.9,226.0
5590,63,2026-06-10,7.0,1.0,Shift changeover & inspection,61.1,178.6
5591,63,2026-06-11,6.6,1.4,Shift changeover & inspection,62.8,140.2
5592,63,2026-06-12,7.8,0.2,,82.1,317.7
5593,63,2026-06-13,5.6,2.4,Shift changeover & inspection,50.0,211.1
5594,63,2026-06-14,5.6,2.4,Shift changeover & inspection,48.7,240.8
5595,63,2026-06-15,3.0,5.0,Rainwater inundation at bottom pit bench (>40mm downpour),36.8,131.3
5596,63,2026-06-16,2.1,5.9,Blasting toxic fume / dust clearance standstill,30.5,62.1
5597,63,2026-06-17,7.4,0.6,,60.9,212.9
5598,63,2026-06-18,6.8,1.2,Shift changeover & inspection,94.0,310.0
5599,63,2026-06-19,7.5,0.5,,69.2,157.6
5600,63,2026-06-20,5.5,2.5,Shift changeover & inspection,50.8,182.9
5601,63,2026-06-21,6.0,2.0,Shift changeover & inspection,71.4,192.4
5602,63,2026-06-22,7.6,0.4,,82.3,235.9
5603,63,2026-06-23,6.5,1.5,Shift changeover & inspection,58.3,155.2
5604,63,2026-06-24,1.3,6.7,Blasting toxic fume / dust clearance standstill,17.2,39.1
5605,63,2026-06-25,5.5,2.5,Shift changeover & inspection,77.4,200.8
5606,63,2026-06-26,5.7,2.3,Shift changeover & inspection,67.9,174.9
5607,63,2026-06-27,6.2,1.8,Shift changeover & inspection,90.4,188.6
5608,63,2026-06-28,3.2,4.8,Tyre sidewall cut on sharp gondite boulders,35.3,146.8
5609,63,2026-06-29,0.7,7.3,Engine overheated (>44°C ambient summer load),6.1,23.7
5610,63,2026-06-30,0.8,7.2,Blasting toxic fume / dust clearance standstill,9.3,21.8
5611,63,2026-07-01,5.6,2.4,Shift changeover & inspection,76.9,170.8
5612,63,2026-07-02,3.5,4.5,Tyre sidewall cut on sharp gondite boulders,42.4,88.3
5613,63,2026-07-03,7.5,0.5,,107.6,244.7
5614,63,2026-07-04,6.6,1.4,Shift changeover & inspection,90.6,317.2
5615,63,2026-07-05,1.9,6.1,Engine overheated (>44°C ambient summer load),20.5,44.1
5616,63,2026-07-06,1.2,6.8,Shaft winder cage guide rope alignment check,17.2,34.5
5617,63,2026-07-07,7.6,0.4,,106.9,208.0
5618,63,2026-07-08,2.0,6.0,Main sump pump silt clogging from monsoon slurry,19.9,53.1
5619,63,2026-07-09,6.7,1.3,Shift changeover & inspection,62.2,260.5
5620,63,2026-07-10,7.0,1.0,Shift changeover & inspection,68.5,162.2
5621,63,2026-07-11,5.7,2.3,Shift changeover & inspection,67.3,175.8
5622,63,2026-07-12,6.4,1.6,Shift changeover & inspection,59.1,309.1
5623,63,2026-07-13,0.7,7.3,Tyre sidewall cut on sharp gondite boulders,9.5,22.7
5624,63,2026-07-14,7.7,0.3,,64.7,197.4
5625,63,2026-07-15,7.2,0.8,,71.9,185.1
5626,63,2026-07-16,7.2,0.8,,101.6,304.1
5627,63,2026-07-17,5.6,2.4,Shift changeover & inspection,75.2,234.3
5628,63,2026-07-18,7.7,0.3,,92.5,281.2
5629,63,2026-07-19,3.0,5.0,Rainwater inundation at bottom pit bench (>40mm downpour),24.1,96.6
5630,63,2026-07-20,1.7,6.3,Tyre sidewall cut on sharp gondite boulders,16.6,44.9
5631,63,2026-07-21,3.0,5.0,Tyre sidewall cut on sharp gondite boulders,39.6,79.7
5632,63,2026-07-22,3.5,4.5,Blasting toxic fume / dust clearance standstill,46.2,168.8
5633,63,2026-07-23,6.4,1.6,Shift changeover & inspection,86.7,255.3
5634,63,2026-07-24,7.7,0.3,,87.9,252.9
5635,63,2026-07-25,5.8,2.2,Shift changeover & inspection,77.9,252.8
5636,63,2026-07-26,0.4,7.6,Engine overheated (>44°C ambient summer load),5.9,9.0
5637,63,2026-07-27,6.6,1.4,Shift changeover & inspection,69.4,179.8
5638,63,2026-07-28,1.6,6.4,Blasting toxic fume / dust clearance standstill,15.2,48.3
5639,63,2026-07-29,6.6,1.4,Shift changeover & inspection,59.2,307.4
5640,63,2026-07-30,7.5,0.5,,71.4,359.6
5641,63,2026-07-31,3.2,4.8,Main sump pump silt clogging from monsoon slurry,40.0,85.0
5642,63,2026-08-01,6.3,1.7,Shift changeover & inspection,92.8,251.6
5643,63,2026-08-02,4.1,3.9,Tyre sidewall cut on sharp gondite boulders,46.7,130.3
5644,63,2026-08-03,5.9,2.1,Shift changeover & inspection,80.5,146.4
5645,63,2026-08-04,6.7,1.3,Shift changeover & inspection,56.1,277.9
5646,63,2026-08-05,3.0,5.0,Main sump pump silt clogging from monsoon slurry,38.9,71.7
5647,63,2026-08-06,1.6,6.4,Rainwater inundation at bottom pit bench (>40mm downpour),23.8,78.8
5648,63,2026-08-07,2.9,5.1,Tyre sidewall cut on sharp gondite boulders,33.0,86.3
5649,63,2026-08-08,2.0,6.0,Tyre sidewall cut on sharp gondite boulders,29.9,83.8
5650,63,2026-08-09,6.5,1.5,Shift changeover & inspection,87.1,152.4
5651,63,2026-08-10,1.7,6.3,Rainwater inundation at bottom pit bench (>40mm downpour),20.6,62.4
5652,63,2026-08-11,6.3,1.7,Shift changeover & inspection,79.0,231.2
5653,63,2026-08-12,5.7,2.3,Shift changeover & inspection,49.7,283.9
5654,63,2026-08-13,6.3,1.7,Shift changeover & inspection,58.5,178.6
5655,63,2026-08-14,6.9,1.1,Shift changeover & inspection,80.2,166.0
5656,63,2026-08-15,6.3,1.7,Shift changeover & inspection,66.2,299.6
5657,63,2026-08-16,7.4,0.6,,90.7,333.8
5658,63,2026-08-17,3.8,4.2,Main sump pump silt clogging from monsoon slurry,54.2,184.3
5659,63,2026-08-18,2.7,5.3,Rainwater inundation at bottom pit bench (>40mm downpour),27.5,109.8
5660,63,2026-08-19,6.0,2.0,Shift changeover & inspection,55.0,256.7
5661,63,2026-08-20,6.7,1.3,Shift changeover & inspection,86.9,295.2
5662,63,2026-08-21,2.5,5.5,Main sump pump silt clogging from monsoon slurry,29.0,99.0
5663,63,2026-08-22,6.3,1.7,Shift changeover & inspection,73.8,196.2
5664,63,2026-08-23,6.8,1.2,Shift changeover & inspection,68.2,261.7
5665,63,2026-08-24,6.3,1.7,Shift changeover & inspection,77.2,180.9
5666,63,2026-08-25,6.8,1.2,Shift changeover & inspection,62.6,229.0
5667,63,2026-08-26,2.9,5.1,Tyre sidewall cut on sharp gondite boulders,32.1,65.3
5668,63,2026-08-27,7.3,0.7,,70.5,330.5
5669,63,2026-08-28,6.5,1.5,Shift changeover & inspection,76.4,248.9
5670,63,2026-08-29,7.5,0.5,,64.6,344.6
5671,64,2026-06-01,6.4,1.6,Shift changeover & inspection,83.4,221.3
5672,64,2026-06-02,0.9,7.1,Tyre sidewall cut on sharp gondite boulders,7.9,33.0
5673,64,2026-06-03,7.5,0.5,,62.3,201.9
5674,64,2026-06-04,6.1,1.9,Shift changeover & inspection,72.4,283.0
5675,64,2026-06-05,5.8,2.2,Shift changeover & inspection,66.4,249.3
5676,64,2026-06-06,2.9,5.1,DGMS statutory electrical ground-fault trip,26.1,119.2
5677,64,2026-06-07,6.9,1.1,Shift changeover & inspection,97.3,141.9
5678,64,2026-06-08,7.6,0.4,,90.6,154.3
5679,64,2026-06-09,6.7,1.3,Shift changeover & inspection,56.2,256.9
5680,64,2026-06-10,1.5,6.5,Rainwater inundation at bottom pit bench (>40mm downpour),22.2,58.3
5681,64,2026-06-11,7.5,0.5,,99.7,370.8
5682,64,2026-06-12,5.6,2.4,Shift changeover & inspection,68.7,215.0
5683,64,2026-06-13,3.1,4.9,Shaft winder cage guide rope alignment check,27.8,129.7
5684,64,2026-06-14,1.1,6.9,Main sump pump silt clogging from monsoon slurry,16.2,53.0
5685,64,2026-06-15,3.0,5.0,Tyre sidewall cut on sharp gondite boulders,29.3,147.0
5686,64,2026-06-16,5.6,2.4,Shift changeover & inspection,70.4,180.5
5687,64,2026-06-17,7.2,0.8,,78.6,302.3
5688,64,2026-06-18,7.2,0.8,,105.7,354.4
5689,64,2026-06-19,6.8,1.2,Shift changeover & inspection,58.6,216.3
5690,64,2026-06-20,6.4,1.6,Shift changeover & inspection,62.5,287.9
5691,64,2026-06-21,6.3,1.7,Shift changeover & inspection,79.1,130.7
5692,64,2026-06-22,6.4,1.6,Shift changeover & inspection,52.4,192.7
5693,64,2026-06-23,6.3,1.7,Shift changeover & inspection,84.1,295.7
5694,64,2026-06-24,7.7,0.3,,106.8,380.6
5695,64,2026-06-25,7.7,0.3,,88.2,191.4
5696,64,2026-06-26,6.9,1.1,Shift changeover & inspection,90.6,310.5
5697,64,2026-06-27,6.5,1.5,Shift changeover & inspection,78.8,215.5
5698,64,2026-06-28,7.7,0.3,,95.5,173.6
5699,64,2026-06-29,6.5,1.5,Shift changeover & inspection,75.7,177.3
5700,64,2026-06-30,7.5,0.5,,60.4,173.3
5701,64,2026-07-01,7.2,0.8,,102.4,289.3
5702,64,2026-07-02,6.0,2.0,Shift changeover & inspection,66.8,295.8
5703,64,2026-07-03,0.3,7.7,Rainwater inundation at bottom pit bench (>40mm downpour),4.0,12.2
5704,64,2026-07-04,3.6,4.4,Rainwater inundation at bottom pit bench (>40mm downpour),29.8,150.1
5705,64,2026-07-05,2.6,5.4,Tyre sidewall cut on sharp gondite boulders,25.8,82.6
5706,64,2026-07-06,2.6,5.4,Rainwater inundation at bottom pit bench (>40mm downpour),22.7,57.0
5707,64,2026-07-07,1.6,6.4,Main sump pump silt clogging from monsoon slurry,21.9,40.8
5708,64,2026-07-08,7.8,0.2,,74.7,288.3
5709,64,2026-07-09,6.1,1.9,Shift changeover & inspection,67.6,188.3
5710,64,2026-07-10,7.3,0.7,,101.0,203.4
5711,64,2026-07-11,6.7,1.3,Shift changeover & inspection,75.3,199.9
5712,64,2026-07-12,7.0,1.0,Shift changeover & inspection,99.6,203.8
5713,64,2026-07-13,6.8,1.2,Shift changeover & inspection,59.7,202.3
5714,64,2026-07-14,7.8,0.2,,73.5,300.0
5715,64,2026-07-15,7.6,0.4,,75.3,182.6
5716,64,2026-07-16,6.1,1.9,Shift changeover & inspection,70.3,189.7
5717,64,2026-07-17,7.7,0.3,,109.0,376.2
5718,64,2026-07-18,4.4,3.6,Tyre sidewall cut on sharp gondite boulders,63.6,138.2
5719,64,2026-07-19,1.7,6.3,Rainwater inundation at bottom pit bench (>40mm downpour),21.8,78.3
5720,64,2026-07-20,3.4,4.6,Tyre sidewall cut on sharp gondite boulders,33.7,118.3
5721,64,2026-07-21,5.6,2.4,Shift changeover & inspection,51.3,211.8
5722,64,2026-07-22,3.5,4.5,Tyre sidewall cut on sharp gondite boulders,43.3,149.3
5723,64,2026-07-23,5.6,2.4,Shift changeover & inspection,49.3,202.1
5724,64,2026-07-24,6.3,1.7,Shift changeover & inspection,74.3,301.4
5725,64,2026-07-25,2.2,5.8,Main sump pump silt clogging from monsoon slurry,25.8,50.7
5726,64,2026-07-26,5.6,2.4,Shift changeover & inspection,81.1,277.2
5727,64,2026-07-27,7.6,0.4,,90.6,266.0
5728,64,2026-07-28,6.6,1.4,Shift changeover & inspection,82.3,179.2
5729,64,2026-07-29,0.8,7.2,Hydraulic hose burst / high pressure pump cavitation,9.6,34.1
5730,64,2026-07-30,6.4,1.6,Shift changeover & inspection,79.3,210.4
5731,64,2026-07-31,7.3,0.7,,92.4,299.2
5732,64,2026-08-01,7.8,0.2,,72.4,265.6
5733,64,2026-08-02,4.0,4.0,Rainwater inundation at bottom pit bench (>40mm downpour),51.5,180.7
5734,64,2026-08-03,7.3,0.7,,67.0,300.8
5735,64,2026-08-04,7.2,0.8,,85.1,353.5
5736,64,2026-08-05,7.5,0.5,,71.3,214.4
5737,64,2026-08-06,6.1,1.9,Shift changeover & inspection,59.6,270.8
5738,64,2026-08-07,1.8,6.2,Rainwater inundation at bottom pit bench (>40mm downpour),17.9,45.1
5739,64,2026-08-08,6.1,1.9,Shift changeover & inspection,69.3,222.5
5740,64,2026-08-09,4.2,3.8,Main sump pump silt clogging from monsoon slurry,45.4,196.4
5741,64,2026-08-10,7.7,0.3,,89.5,311.6
5742,64,2026-08-11,3.3,4.7,Tyre sidewall cut on sharp gondite boulders,34.4,106.4
5743,64,2026-08-12,6.2,1.8,Shift changeover & inspection,77.1,125.8
5744,64,2026-08-13,7.3,0.7,,106.9,298.7
5745,64,2026-08-14,6.3,1.7,Shift changeover & inspection,72.2,240.4
5746,64,2026-08-15,4.3,3.7,Rainwater inundation at bottom pit bench (>40mm downpour),54.7,156.3
5747,64,2026-08-16,1.9,6.1,Rainwater inundation at bottom pit bench (>40mm downpour),23.4,45.2
5748,64,2026-08-17,3.9,4.1,Tyre sidewall cut on sharp gondite boulders,36.5,137.6
5749,64,2026-08-18,6.3,1.7,Shift changeover & inspection,78.8,296.4
5750,64,2026-08-19,3.1,4.9,Engine overheated (>44°C ambient summer load),25.9,77.3
5751,64,2026-08-20,7.2,0.8,,75.5,242.3
5752,64,2026-08-21,6.8,1.2,Shift changeover & inspection,62.9,287.2
5753,64,2026-08-22,5.7,2.3,Shift changeover & inspection,54.5,209.5
5754,64,2026-08-23,2.8,5.2,Main sump pump silt clogging from monsoon slurry,38.4,97.0
5755,64,2026-08-24,4.5,3.5,Main sump pump silt clogging from monsoon slurry,41.0,221.1
5756,64,2026-08-25,6.4,1.6,Shift changeover & inspection,87.2,285.6
5757,64,2026-08-26,5.9,2.1,Shift changeover & inspection,86.8,280.8
5758,64,2026-08-27,6.8,1.2,Shift changeover & inspection,83.0,214.9
5759,64,2026-08-28,6.0,2.0,Shift changeover & inspection,55.6,171.8
5760,64,2026-08-29,6.9,1.1,Shift changeover & inspection,67.7,193.9
5761,65,2026-06-01,7.3,0.7,,81.5,341.2
5762,65,2026-06-02,6.6,1.4,Shift changeover & inspection,87.3,245.3
5763,65,2026-06-03,6.7,1.3,Shift changeover & inspection,83.5,195.5
5764,65,2026-06-04,0.9,7.1,Hydraulic hose burst / high pressure pump cavitation,10.9,31.7
5765,65,2026-06-05,5.6,2.4,Shift changeover & inspection,48.0,165.6
5766,65,2026-06-06,7.2,0.8,,60.6,187.5
5767,65,2026-06-07,7.4,0.6,,92.9,299.4
5768,65,2026-06-08,7.7,0.3,,76.8,302.5
5769,65,2026-06-09,7.1,0.9,,85.1,345.0
5770,65,2026-06-10,6.2,1.8,Shift changeover & inspection,82.3,192.2
5771,65,2026-06-11,7.0,1.0,Shift changeover & inspection,63.8,161.0
5772,65,2026-06-12,2.6,5.4,DGMS statutory electrical ground-fault trip,32.1,84.7
5773,65,2026-06-13,6.4,1.6,Shift changeover & inspection,54.8,208.0
5774,65,2026-06-14,6.8,1.2,Shift changeover & inspection,92.4,150.4
5775,65,2026-06-15,6.5,1.5,Shift changeover & inspection,91.8,277.3
5776,65,2026-06-16,6.8,1.2,Shift changeover & inspection,61.8,297.1
5777,65,2026-06-17,2.9,5.1,DGMS statutory electrical ground-fault trip,41.2,95.1
5778,65,2026-06-18,7.5,0.5,,96.3,339.6
5779,65,2026-06-19,6.3,1.7,Shift changeover & inspection,64.3,295.5
5780,65,2026-06-20,5.9,2.1,Shift changeover & inspection,73.9,138.0
5781,65,2026-06-21,6.9,1.1,Shift changeover & inspection,56.5,182.4
5782,65,2026-06-22,6.0,2.0,Shift changeover & inspection,81.1,164.7
5783,65,2026-06-23,6.5,1.5,Shift changeover & inspection,54.0,255.7
5784,65,2026-06-24,6.3,1.7,Shift changeover & inspection,80.5,195.9
5785,65,2026-06-25,5.7,2.3,Shift changeover & inspection,79.1,265.9
5786,65,2026-06-26,7.0,1.0,Shift changeover & inspection,79.5,305.0
5787,65,2026-06-27,7.6,0.4,,96.6,366.0
5788,65,2026-06-28,1.5,6.5,Engine overheated (>44°C ambient summer load),19.0,67.3
5789,65,2026-06-29,6.5,1.5,Shift changeover & inspection,70.0,199.6
5790,65,2026-06-30,7.1,0.9,,74.8,244.4
5791,65,2026-07-01,6.5,1.5,Shift changeover & inspection,89.8,199.1
5792,65,2026-07-02,2.9,5.1,Main sump pump silt clogging from monsoon slurry,26.0,127.9
5793,65,2026-07-03,3.0,5.0,Rainwater inundation at bottom pit bench (>40mm downpour),29.3,73.6
5794,65,2026-07-04,5.6,2.4,Shift changeover & inspection,60.3,162.9
5795,65,2026-07-05,4.4,3.6,Tyre sidewall cut on sharp gondite boulders,52.5,175.7
5796,65,2026-07-06,6.1,1.9,Shift changeover & inspection,57.5,134.0
5797,65,2026-07-07,4.1,3.9,Main sump pump silt clogging from monsoon slurry,33.4,130.4
5798,65,2026-07-08,1.9,6.1,Rainwater inundation at bottom pit bench (>40mm downpour),25.6,53.9
5799,65,2026-07-09,2.9,5.1,Main sump pump silt clogging from monsoon slurry,35.9,81.0
5800,65,2026-07-10,7.7,0.3,,106.6,251.3
5801,65,2026-07-11,3.1,4.9,Tyre sidewall cut on sharp gondite boulders,28.8,107.0
5802,65,2026-07-12,6.6,1.4,Shift changeover & inspection,86.8,254.5
5803,65,2026-07-13,5.6,2.4,Shift changeover & inspection,63.8,159.4
5804,65,2026-07-14,6.5,1.5,Shift changeover & inspection,67.1,190.0
5805,65,2026-07-15,3.2,4.8,Main sump pump silt clogging from monsoon slurry,39.9,132.2
5806,65,2026-07-16,6.9,1.1,Shift changeover & inspection,76.5,230.6
5807,65,2026-07-17,5.6,2.4,Shift changeover & inspection,64.6,173.9
5808,65,2026-07-18,2.6,5.4,Rainwater inundation at bottom pit bench (>40mm downpour),21.8,122.4
5809,65,2026-07-19,4.0,4.0,Tyre sidewall cut on sharp gondite boulders,40.1,132.3
5810,65,2026-07-20,4.0,4.0,Tyre sidewall cut on sharp gondite boulders,35.0,133.4
5811,65,2026-07-21,6.0,2.0,Shift changeover & inspection,55.7,170.6
5812,65,2026-07-22,4.2,3.8,Tyre sidewall cut on sharp gondite boulders,58.4,184.3
5813,65,2026-07-23,1.8,6.2,Tyre sidewall cut on sharp gondite boulders,25.3,38.4
5814,65,2026-07-24,1.9,6.1,Tyre sidewall cut on sharp gondite boulders,26.5,58.4
5815,65,2026-07-25,7.7,0.3,,78.5,222.3
5816,65,2026-07-26,7.3,0.7,,67.2,176.6
5817,65,2026-07-27,5.8,2.2,Shift changeover & inspection,66.2,182.6
5818,65,2026-07-28,1.8,6.2,Rainwater inundation at bottom pit bench (>40mm downpour),18.8,39.2
5819,65,2026-07-29,2.6,5.4,Tyre sidewall cut on sharp gondite boulders,32.6,62.9
5820,65,2026-07-30,3.7,4.3,Rainwater inundation at bottom pit bench (>40mm downpour),40.8,173.3
5821,65,2026-07-31,7.6,0.4,,73.4,213.0
5822,65,2026-08-01,5.7,2.3,Shift changeover & inspection,54.2,282.7
5823,65,2026-08-02,6.2,1.8,Shift changeover & inspection,62.4,161.7
5824,65,2026-08-03,7.3,0.7,,63.0,157.4
5825,65,2026-08-04,2.5,5.5,Main sump pump silt clogging from monsoon slurry,21.0,85.9
5826,65,2026-08-05,7.6,0.4,,112.0,379.5
5827,65,2026-08-06,6.0,2.0,Shift changeover & inspection,74.9,195.6
5828,65,2026-08-07,6.9,1.1,Shift changeover & inspection,74.0,163.2
5829,65,2026-08-08,2.9,5.1,Shaft winder cage guide rope alignment check,30.1,140.9
5830,65,2026-08-09,7.5,0.5,,93.3,200.9
5831,65,2026-08-10,5.9,2.1,Shift changeover & inspection,64.8,268.3
5832,65,2026-08-11,7.4,0.6,,68.6,350.7
5833,65,2026-08-12,6.1,1.9,Shift changeover & inspection,76.8,252.6
5834,65,2026-08-13,6.4,1.6,Shift changeover & inspection,72.6,196.6
5835,65,2026-08-14,6.7,1.3,Shift changeover & inspection,73.2,282.1
5836,65,2026-08-15,3.2,4.8,Tyre sidewall cut on sharp gondite boulders,42.5,124.4
5837,65,2026-08-16,2.4,5.6,Tyre sidewall cut on sharp gondite boulders,26.0,72.8
5838,65,2026-08-17,6.6,1.4,Shift changeover & inspection,68.6,176.4
5839,65,2026-08-18,7.3,0.7,,87.1,238.9
5840,65,2026-08-19,3.1,4.9,DGMS statutory electrical ground-fault trip,33.4,122.5
5841,65,2026-08-20,6.9,1.1,Shift changeover & inspection,76.4,225.7
5842,65,2026-08-21,3.3,4.7,Rainwater inundation at bottom pit bench (>40mm downpour),44.3,94.0
5843,65,2026-08-22,6.9,1.1,Shift changeover & inspection,96.7,339.5
5844,65,2026-08-23,6.6,1.4,Shift changeover & inspection,68.4,185.7
5845,65,2026-08-24,6.3,1.7,Shift changeover & inspection,52.2,277.8
5846,65,2026-08-25,7.6,0.4,,75.5,199.4
5847,65,2026-08-26,3.2,4.8,Tyre sidewall cut on sharp gondite boulders,32.9,91.1
5848,65,2026-08-27,2.9,5.1,Main sump pump silt clogging from monsoon slurry,34.0,110.1
5849,65,2026-08-28,7.7,0.3,,83.4,285.0
5850,65,2026-08-29,7.0,1.0,Shift changeover & inspection,60.9,253.3
5851,66,2026-06-01,7.1,0.9,,104.2,176.8
5852,66,2026-06-02,6.5,1.5,Shift changeover & inspection,76.6,274.8
5853,66,2026-06-03,6.3,1.7,Shift changeover & inspection,51.2,284.3
5854,66,2026-06-04,7.0,1.0,Shift changeover & inspection,71.6,222.6
5855,66,2026-06-05,7.5,0.5,,60.3,354.3
5856,66,2026-06-06,7.1,0.9,,105.5,147.4
5857,66,2026-06-07,1.0,7.0,Tyre sidewall cut on sharp gondite boulders,9.2,39.6
5858,66,2026-06-08,7.4,0.6,,63.8,197.6
5859,66,2026-06-09,5.6,2.4,Shift changeover & inspection,71.0,135.9
5860,66,2026-06-10,6.9,1.1,Shift changeover & inspection,92.0,305.2
5861,66,2026-06-11,7.2,0.8,,70.4,349.2
5862,66,2026-06-12,5.9,2.1,Shift changeover & inspection,88.4,227.9
5863,66,2026-06-13,6.6,1.4,Shift changeover & inspection,64.0,239.9
5864,66,2026-06-14,5.7,2.3,Shift changeover & inspection,61.6,152.9
5865,66,2026-06-15,6.3,1.7,Shift changeover & inspection,84.3,273.8
5866,66,2026-06-16,7.6,0.4,,94.4,266.0
5867,66,2026-06-17,5.5,2.5,Shift changeover & inspection,48.3,137.8
5868,66,2026-06-18,2.2,5.8,Rainwater inundation at bottom pit bench (>40mm downpour),26.3,51.2
5869,66,2026-06-19,6.5,1.5,Shift changeover & inspection,55.7,195.4
5870,66,2026-06-20,6.6,1.4,Shift changeover & inspection,56.6,195.4
5871,66,2026-06-21,7.5,0.5,,98.9,174.6
5872,66,2026-06-22,7.8,0.2,,71.6,322.8
5873,66,2026-06-23,5.9,2.1,Shift changeover & inspection,48.6,229.5
5874,66,2026-06-24,7.1,0.9,,101.9,315.9
5875,66,2026-06-25,6.9,1.1,Shift changeover & inspection,83.9,302.2
5876,66,2026-06-26,5.5,2.5,Shift changeover & inspection,79.9,245.4
5877,66,2026-06-27,0.5,7.5,Shaft winder cage guide rope alignment check,6.6,21.7
5878,66,2026-06-28,6.6,1.4,Shift changeover & inspection,92.4,183.5
5879,66,2026-06-29,6.4,1.6,Shift changeover & inspection,73.5,249.2
5880,66,2026-06-30,7.3,0.7,,91.6,181.9
5881,66,2026-07-01,7.7,0.3,,112.3,365.6
5882,66,2026-07-02,7.8,0.2,,84.4,373.9
5883,66,2026-07-03,6.1,1.9,Shift changeover & inspection,58.9,154.9
5884,66,2026-07-04,7.6,0.4,,90.0,311.4
5885,66,2026-07-05,5.7,2.3,Shift changeover & inspection,67.5,278.7
5886,66,2026-07-06,7.0,1.0,Shift changeover & inspection,61.7,335.3
5887,66,2026-07-07,2.5,5.5,Rainwater inundation at bottom pit bench (>40mm downpour),20.2,83.8
5888,66,2026-07-08,2.2,5.8,Tyre sidewall cut on sharp gondite boulders,27.9,61.1
5889,66,2026-07-09,7.6,0.4,,68.4,339.0
5890,66,2026-07-10,3.5,4.5,Main sump pump silt clogging from monsoon slurry,41.6,129.4
5891,66,2026-07-11,6.3,1.7,Shift changeover & inspection,78.7,184.6
5892,66,2026-07-12,3.5,4.5,Main sump pump silt clogging from monsoon slurry,28.4,99.4
5893,66,2026-07-13,0.5,7.5,DGMS statutory electrical ground-fault trip,6.0,15.5
5894,66,2026-07-14,2.0,6.0,Tyre sidewall cut on sharp gondite boulders,24.1,97.1
5895,66,2026-07-15,5.6,2.4,Shift changeover & inspection,69.9,207.0
5896,66,2026-07-16,6.3,1.7,Shift changeover & inspection,93.5,283.0
5897,66,2026-07-17,6.8,1.2,Shift changeover & inspection,63.3,321.0
5898,66,2026-07-18,6.6,1.4,Shift changeover & inspection,59.0,186.5
5899,66,2026-07-19,2.7,5.3,Engine overheated (>44°C ambient summer load),25.2,134.1
5900,66,2026-07-20,7.7,0.3,,104.1,228.1
5901,66,2026-07-21,5.5,2.5,Shift changeover & inspection,67.5,207.1
5902,66,2026-07-22,6.2,1.8,Shift changeover & inspection,90.7,214.8
5903,66,2026-07-23,5.9,2.1,Shift changeover & inspection,62.6,285.7
5904,66,2026-07-24,5.5,2.5,Shift changeover & inspection,76.2,234.6
5905,66,2026-07-25,6.5,1.5,Shift changeover & inspection,53.1,291.3
5906,66,2026-07-26,5.8,2.2,Shift changeover & inspection,55.9,241.4
5907,66,2026-07-27,7.0,1.0,Shift changeover & inspection,59.4,322.4
5908,66,2026-07-28,7.2,0.8,,97.0,167.8
5909,66,2026-07-29,1.6,6.4,Blasting toxic fume / dust clearance standstill,13.7,39.3
5910,66,2026-07-30,4.0,4.0,Tyre sidewall cut on sharp gondite boulders,51.1,194.5
5911,66,2026-07-31,6.4,1.6,Shift changeover & inspection,53.4,240.3
5912,66,2026-08-01,6.5,1.5,Shift changeover & inspection,86.9,175.5
5913,66,2026-08-02,2.0,6.0,Main sump pump silt clogging from monsoon slurry,22.1,66.1
5914,66,2026-08-03,5.8,2.2,Shift changeover & inspection,71.8,251.8
5915,66,2026-08-04,1.9,6.1,Rainwater inundation at bottom pit bench (>40mm downpour),25.2,69.6
5916,66,2026-08-05,7.5,0.5,,73.1,311.6
5917,66,2026-08-06,6.2,1.8,Shift changeover & inspection,90.0,223.3
5918,66,2026-08-07,5.7,2.3,Shift changeover & inspection,83.6,198.4
5919,66,2026-08-08,6.0,2.0,Shift changeover & inspection,86.9,206.9
5920,66,2026-08-09,7.5,0.5,,62.2,158.2
5921,66,2026-08-10,5.9,2.1,Shift changeover & inspection,59.5,254.2
5922,66,2026-08-11,7.7,0.3,,87.6,207.7
5923,66,2026-08-12,4.2,3.8,Main sump pump silt clogging from monsoon slurry,57.6,93.7
5924,66,2026-08-13,7.3,0.7,,78.1,263.0
5925,66,2026-08-14,3.7,4.3,Rainwater inundation at bottom pit bench (>40mm downpour),49.2,181.8
5926,66,2026-08-15,1.5,6.5,Tyre sidewall cut on sharp gondite boulders,21.5,41.8
5927,66,2026-08-16,4.2,3.8,Tyre sidewall cut on sharp gondite boulders,37.9,189.8
5928,66,2026-08-17,6.0,2.0,Shift changeover & inspection,70.6,234.1
5929,66,2026-08-18,5.9,2.1,Shift changeover & inspection,85.6,136.6
5930,66,2026-08-19,2.2,5.8,Rainwater inundation at bottom pit bench (>40mm downpour),19.1,95.5
5931,66,2026-08-20,6.6,1.4,Shift changeover & inspection,61.3,275.0
5932,66,2026-08-21,7.7,0.3,,98.9,324.6
5933,66,2026-08-22,0.8,7.2,Hydraulic hose burst / high pressure pump cavitation,9.9,38.1
5934,66,2026-08-23,7.3,0.7,,90.4,346.0
5935,66,2026-08-24,3.3,4.7,Rainwater inundation at bottom pit bench (>40mm downpour),30.4,81.9
5936,66,2026-08-25,6.2,1.8,Shift changeover & inspection,58.3,255.7
5937,66,2026-08-26,5.9,2.1,Shift changeover & inspection,49.7,174.3
5938,66,2026-08-27,4.2,3.8,Tyre sidewall cut on sharp gondite boulders,37.7,143.2
5939,66,2026-08-28,6.6,1.4,Shift changeover & inspection,96.9,171.7
5940,66,2026-08-29,6.2,1.8,Shift changeover & inspection,81.1,213.4
5941,67,2026-06-01,7.4,0.6,,96.7,168.0
5942,67,2026-06-02,6.5,1.5,Shift changeover & inspection,94.1,221.0
5943,67,2026-06-03,5.5,2.5,Shift changeover & inspection,50.4,208.5
5944,67,2026-06-04,6.6,1.4,Shift changeover & inspection,66.0,221.0
5945,67,2026-06-05,7.5,0.5,,103.8,228.7
5946,67,2026-06-06,7.6,0.4,,108.8,272.1
5947,67,2026-06-07,7.3,0.7,,84.5,272.0
5948,67,2026-06-08,5.7,2.3,Shift changeover & inspection,60.2,262.2
5949,67,2026-06-09,2.7,5.3,Blasting toxic fume / dust clearance standstill,38.7,91.2
5950,67,2026-06-10,1.9,6.1,Shaft winder cage guide rope alignment check,19.4,43.0
5951,67,2026-06-11,7.7,0.3,,65.1,347.5
5952,67,2026-06-12,7.2,0.8,,93.5,300.2
5953,67,2026-06-13,6.3,1.7,Shift changeover & inspection,81.2,247.2
5954,67,2026-06-14,2.3,5.7,Tyre sidewall cut on sharp gondite boulders,33.3,88.2
5955,67,2026-06-15,6.8,1.2,Shift changeover & inspection,63.1,210.2
5956,67,2026-06-16,6.9,1.1,Shift changeover & inspection,78.0,292.7
5957,67,2026-06-17,7.8,0.2,,91.3,312.2
5958,67,2026-06-18,2.7,5.3,Tyre sidewall cut on sharp gondite boulders,32.7,87.2
5959,67,2026-06-19,6.0,2.0,Shift changeover & inspection,59.1,296.1
5960,67,2026-06-20,7.8,0.2,,108.3,197.6
5961,67,2026-06-21,7.8,0.2,,110.6,220.1
5962,67,2026-06-22,7.0,1.0,Shift changeover & inspection,56.0,236.2
5963,67,2026-06-23,5.7,2.3,Shift changeover & inspection,48.5,254.1
5964,67,2026-06-24,5.9,2.1,Shift changeover & inspection,71.4,275.9
5965,67,2026-06-25,7.6,0.4,,84.9,282.9
5966,67,2026-06-26,6.4,1.6,Shift changeover & inspection,56.8,245.2
5967,67,2026-06-27,6.1,1.9,Shift changeover & inspection,51.8,161.7
5968,67,2026-06-28,7.7,0.3,,73.1,231.0
5969,67,2026-06-29,7.2,0.8,,81.6,252.8
5970,67,2026-06-30,7.3,0.7,,83.6,337.4
5971,67,2026-07-01,7.5,0.5,,82.0,175.4
5972,67,2026-07-02,3.6,4.4,Main sump pump silt clogging from monsoon slurry,36.6,159.8
5973,67,2026-07-03,1.5,6.5,Tyre sidewall cut on sharp gondite boulders,16.3,31.6
5974,67,2026-07-04,1.8,6.2,Main sump pump silt clogging from monsoon slurry,24.5,49.0
5975,67,2026-07-05,6.4,1.6,Shift changeover & inspection,88.3,144.7
5976,67,2026-07-06,3.8,4.2,Main sump pump silt clogging from monsoon slurry,32.8,127.4
5977,67,2026-07-07,7.2,0.8,,90.1,358.1
5978,67,2026-07-08,2.2,5.8,Rainwater inundation at bottom pit bench (>40mm downpour),24.7,48.7
5979,67,2026-07-09,6.4,1.6,Shift changeover & inspection,51.3,129.2
5980,67,2026-07-10,2.5,5.5,Rainwater inundation at bottom pit bench (>40mm downpour),23.9,53.3
5981,67,2026-07-11,6.3,1.7,Shift changeover & inspection,65.9,235.5
5982,67,2026-07-12,2.2,5.8,Tyre sidewall cut on sharp gondite boulders,19.6,86.6
5983,67,2026-07-13,1.2,6.8,Hydraulic hose burst / high pressure pump cavitation,10.6,46.8
5984,67,2026-07-14,1.7,6.3,Tyre sidewall cut on sharp gondite boulders,21.8,55.3
5985,67,2026-07-15,2.4,5.6,Tyre sidewall cut on sharp gondite boulders,31.5,68.2
5986,67,2026-07-16,6.8,1.2,Shift changeover & inspection,77.8,188.7
5987,67,2026-07-17,5.5,2.5,Shift changeover & inspection,54.7,227.8
5988,67,2026-07-18,1.9,6.1,Tyre sidewall cut on sharp gondite boulders,17.5,69.2
5989,67,2026-07-19,6.5,1.5,Shift changeover & inspection,75.1,202.1
5990,67,2026-07-20,2.2,5.8,Shaft winder cage guide rope alignment check,21.7,59.1
5991,67,2026-07-21,7.7,0.3,,65.8,321.7
5992,67,2026-07-22,5.7,2.3,Shift changeover & inspection,66.3,124.9
5993,67,2026-07-23,6.1,1.9,Shift changeover & inspection,57.2,179.1
5994,67,2026-07-24,7.6,0.4,,101.0,182.1
5995,67,2026-07-25,2.4,5.6,Main sump pump silt clogging from monsoon slurry,32.2,114.5
5996,67,2026-07-26,2.0,6.0,Rainwater inundation at bottom pit bench (>40mm downpour),25.6,42.1
5997,67,2026-07-27,7.7,0.3,,109.0,348.3
5998,67,2026-07-28,2.4,5.6,DGMS statutory electrical ground-fault trip,33.1,79.7
5999,67,2026-07-29,6.5,1.5,Shift changeover & inspection,91.4,130.5
6000,67,2026-07-30,6.1,1.9,Shift changeover & inspection,60.2,183.6
6001,67,2026-07-31,1.8,6.2,Blasting toxic fume / dust clearance standstill,20.4,42.8
6002,67,2026-08-01,1.7,6.3,Shaft winder cage guide rope alignment check,22.3,81.4
6003,67,2026-08-02,7.0,1.0,Shift changeover & inspection,57.9,272.3
6004,67,2026-08-03,2.8,5.2,DGMS statutory electrical ground-fault trip,31.8,110.8
6005,67,2026-08-04,5.9,2.1,Shift changeover & inspection,51.7,210.2
6006,67,2026-08-05,7.3,0.7,,65.1,251.7
6007,67,2026-08-06,3.6,4.4,Tyre sidewall cut on sharp gondite boulders,28.9,93.8
6008,67,2026-08-07,6.4,1.6,Shift changeover & inspection,77.1,157.0
6009,67,2026-08-08,3.7,4.3,Main sump pump silt clogging from monsoon slurry,45.1,90.1
6010,67,2026-08-09,7.3,0.7,,101.8,157.2
6011,67,2026-08-10,5.6,2.4,Shift changeover & inspection,58.4,254.0
6012,67,2026-08-11,3.7,4.3,Rainwater inundation at bottom pit bench (>40mm downpour),49.3,98.2
6013,67,2026-08-12,2.8,5.2,Main sump pump silt clogging from monsoon slurry,36.3,66.7
6014,67,2026-08-13,3.7,4.3,Main sump pump silt clogging from monsoon slurry,40.7,95.8
6015,67,2026-08-14,6.7,1.3,Shift changeover & inspection,70.0,276.8
6016,67,2026-08-15,3.6,4.4,Rainwater inundation at bottom pit bench (>40mm downpour),43.5,123.4
6017,67,2026-08-16,3.9,4.1,Tyre sidewall cut on sharp gondite boulders,35.6,176.4
6018,67,2026-08-17,3.5,4.5,Tyre sidewall cut on sharp gondite boulders,42.3,81.4
6019,67,2026-08-18,6.8,1.2,Shift changeover & inspection,65.2,211.9
6020,67,2026-08-19,7.5,0.5,,77.4,312.2
6021,67,2026-08-20,6.3,1.7,Shift changeover & inspection,60.7,227.7
6022,67,2026-08-21,6.1,1.9,Shift changeover & inspection,60.3,284.8
6023,67,2026-08-22,5.7,2.3,Shift changeover & inspection,48.7,227.1
6024,67,2026-08-23,5.6,2.4,Shift changeover & inspection,71.4,139.7
6025,67,2026-08-24,6.9,1.1,Shift changeover & inspection,99.2,183.1
6026,67,2026-08-25,5.6,2.4,Shift changeover & inspection,52.4,131.0
6027,67,2026-08-26,6.4,1.6,Shift changeover & inspection,94.1,297.9
6028,67,2026-08-27,6.1,1.9,Shift changeover & inspection,50.3,171.1
6029,67,2026-08-28,6.8,1.2,Shift changeover & inspection,66.3,336.1
6030,67,2026-08-29,7.6,0.4,,104.8,177.9
6031,68,2026-06-01,7.0,1.0,Shift changeover & inspection,276.9,346.6
6032,68,2026-06-02,2.2,5.8,Main sump pump silt clogging from monsoon slurry,71.7,208.1
6033,68,2026-06-03,7.1,0.9,,288.4,608.0
6034,68,2026-06-04,1.3,6.7,Main sump pump silt clogging from monsoon slurry,53.1,120.6
6035,68,2026-06-05,7.5,0.5,,211.1,634.0
6036,68,2026-06-06,6.2,1.8,Shift changeover & inspection,191.9,372.1
6037,68,2026-06-07,6.9,1.1,Shift changeover & inspection,301.9,525.4
6038,68,2026-06-08,6.7,1.3,Shift changeover & inspection,217.8,357.4
6039,68,2026-06-09,7.5,0.5,,196.0,383.8
6040,68,2026-06-10,7.6,0.4,,190.3,461.5
6041,68,2026-06-11,5.8,2.2,Shift changeover & inspection,166.9,455.1
6042,68,2026-06-12,7.5,0.5,,187.6,543.4
6043,68,2026-06-13,6.7,1.3,Shift changeover & inspection,227.2,532.5
6044,68,2026-06-14,0.3,7.7,Hydraulic hose burst / high pressure pump cavitation,10.2,16.1
6045,68,2026-06-15,7.3,0.7,,300.7,550.8
6046,68,2026-06-16,5.5,2.5,Shift changeover & inspection,215.3,493.2
6047,68,2026-06-17,6.1,1.9,Shift changeover & inspection,180.0,284.2
6048,68,2026-06-18,6.4,1.6,Shift changeover & inspection,163.2,431.5
6049,68,2026-06-19,6.9,1.1,Shift changeover & inspection,304.8,501.9
6050,68,2026-06-20,7.1,0.9,,183.3,645.2
6051,68,2026-06-21,7.2,0.8,,280.7,549.5
6052,68,2026-06-22,6.9,1.1,Shift changeover & inspection,267.8,640.8
6053,68,2026-06-23,6.7,1.3,Shift changeover & inspection,265.2,493.3
6054,68,2026-06-24,7.4,0.6,,203.4,441.5
6055,68,2026-06-25,1.3,6.7,DGMS statutory electrical ground-fault trip,45.6,69.6
6056,68,2026-06-26,6.5,1.5,Shift changeover & inspection,152.5,590.5
6057,68,2026-06-27,7.2,0.8,,222.3,640.4
6058,68,2026-06-28,7.2,0.8,,262.1,504.4
6059,68,2026-06-29,7.2,0.8,,158.8,422.1
6060,68,2026-06-30,3.2,4.8,Hydraulic hose burst / high pressure pump cavitation,137.2,282.9
6061,68,2026-07-01,3.2,4.8,Shaft winder cage guide rope alignment check,73.5,163.5
6062,68,2026-07-02,2.9,5.1,Tyre sidewall cut on sharp gondite boulders,89.9,256.0
6063,68,2026-07-03,5.6,2.4,Shift changeover & inspection,178.0,513.2
6064,68,2026-07-04,7.1,0.9,,306.1,505.3
6065,68,2026-07-05,2.9,5.1,Blasting toxic fume / dust clearance standstill,85.6,211.3
6066,68,2026-07-06,2.5,5.5,Hydraulic hose burst / high pressure pump cavitation,75.1,214.6
6067,68,2026-07-07,7.0,1.0,Shift changeover & inspection,197.3,431.1
6068,68,2026-07-08,4.2,3.8,Main sump pump silt clogging from monsoon slurry,120.7,194.0
6069,68,2026-07-09,2.1,5.9,Rainwater inundation at bottom pit bench (>40mm downpour),94.1,168.2
6070,68,2026-07-10,7.1,0.9,,261.2,584.4
6071,68,2026-07-11,3.2,4.8,Shaft winder cage guide rope alignment check,126.4,239.9
6072,68,2026-07-12,7.0,1.0,Shift changeover & inspection,220.4,664.0
6073,68,2026-07-13,6.5,1.5,Shift changeover & inspection,220.1,540.4
6074,68,2026-07-14,3.4,4.6,Main sump pump silt clogging from monsoon slurry,130.7,283.1
6075,68,2026-07-15,1.5,6.5,Blasting toxic fume / dust clearance standstill,58.8,73.6
6076,68,2026-07-16,6.1,1.9,Shift changeover & inspection,160.7,540.0
6077,68,2026-07-17,1.7,6.3,Main sump pump silt clogging from monsoon slurry,53.9,145.9
6078,68,2026-07-18,6.6,1.4,Shift changeover & inspection,161.0,427.2
6079,68,2026-07-19,4.5,3.5,Rainwater inundation at bottom pit bench (>40mm downpour),120.0,205.3
6080,68,2026-07-20,2.6,5.4,Tyre sidewall cut on sharp gondite boulders,95.2,200.5
6081,68,2026-07-21,6.1,1.9,Shift changeover & inspection,271.9,450.6
6082,68,2026-07-22,7.2,0.8,,276.4,416.7
6083,68,2026-07-23,6.2,1.8,Shift changeover & inspection,223.9,285.2
6084,68,2026-07-24,2.3,5.7,Tyre sidewall cut on sharp gondite boulders,103.0,117.9
6085,68,2026-07-25,2.2,5.8,Main sump pump silt clogging from monsoon slurry,64.4,156.2
6086,68,2026-07-26,4.4,3.6,Main sump pump silt clogging from monsoon slurry,116.1,279.0
6087,68,2026-07-27,4.1,3.9,Rainwater inundation at bottom pit bench (>40mm downpour),164.4,241.0
6088,68,2026-07-28,6.0,2.0,Shift changeover & inspection,222.7,403.7
6089,68,2026-07-29,1.9,6.1,Blasting toxic fume / dust clearance standstill,82.7,165.6
6090,68,2026-07-30,7.3,0.7,,193.6,483.1
6091,68,2026-07-31,5.6,2.4,Shift changeover & inspection,184.6,503.4
6092,68,2026-08-01,7.5,0.5,,193.2,653.1
6093,68,2026-08-02,6.5,1.5,Shift changeover & inspection,277.9,376.1
6094,68,2026-08-03,7.6,0.4,,296.1,642.1
6095,68,2026-08-04,5.7,2.3,Shift changeover & inspection,157.0,335.0
6096,68,2026-08-05,2.4,5.6,Main sump pump silt clogging from monsoon slurry,97.3,177.6
6097,68,2026-08-06,6.3,1.7,Shift changeover & inspection,271.1,495.8
6098,68,2026-08-07,1.7,6.3,Hydraulic hose burst / high pressure pump cavitation,43.4,79.9
6099,68,2026-08-08,6.2,1.8,Shift changeover & inspection,161.9,291.6
6100,68,2026-08-09,2.7,5.3,Tyre sidewall cut on sharp gondite boulders,119.5,233.6
6101,68,2026-08-10,6.5,1.5,Shift changeover & inspection,225.0,474.5
6102,68,2026-08-11,3.2,4.8,Tyre sidewall cut on sharp gondite boulders,115.3,264.5
6103,68,2026-08-12,3.0,5.0,Hydraulic hose burst / high pressure pump cavitation,122.5,211.9
6104,68,2026-08-13,7.0,1.0,Shift changeover & inspection,187.5,341.1
6105,68,2026-08-14,7.7,0.3,,308.3,695.9
6106,68,2026-08-15,1.7,6.3,Main sump pump silt clogging from monsoon slurry,64.0,91.6
6107,68,2026-08-16,3.3,4.7,Main sump pump silt clogging from monsoon slurry,104.2,183.4
6108,68,2026-08-17,6.0,2.0,Shift changeover & inspection,263.6,324.9
6109,68,2026-08-18,6.7,1.3,Shift changeover & inspection,283.7,502.7
6110,68,2026-08-19,6.0,2.0,Shift changeover & inspection,138.0,551.2
6111,68,2026-08-20,1.7,6.3,Tyre sidewall cut on sharp gondite boulders,51.4,142.9
6112,68,2026-08-21,7.2,0.8,,247.0,422.5
6113,68,2026-08-22,3.6,4.4,Main sump pump silt clogging from monsoon slurry,121.5,163.3
6114,68,2026-08-23,4.2,3.8,Rainwater inundation at bottom pit bench (>40mm downpour),179.4,390.6
6115,68,2026-08-24,2.5,5.5,Tyre sidewall cut on sharp gondite boulders,99.8,231.5
6116,68,2026-08-25,6.8,1.2,Shift changeover & inspection,280.0,396.2
6117,68,2026-08-26,6.3,1.7,Shift changeover & inspection,207.4,522.1
6118,68,2026-08-27,6.1,1.9,Shift changeover & inspection,172.4,461.3
6119,68,2026-08-28,6.8,1.2,Shift changeover & inspection,196.2,488.9
6120,68,2026-08-29,2.6,5.4,Engine overheated (>44°C ambient summer load),98.9,246.4
6121,69,2026-06-01,5.8,2.2,Shift changeover & inspection,84.5,156.0
6122,69,2026-06-02,7.4,0.6,,110.7,279.7
6123,69,2026-06-03,5.5,2.5,Shift changeover & inspection,49.1,183.5
6124,69,2026-06-04,7.5,0.5,,83.4,341.1
6125,69,2026-06-05,7.1,0.9,,58.6,299.1
6126,69,2026-06-06,7.1,0.9,,93.6,333.4
6127,69,2026-06-07,5.7,2.3,Shift changeover & inspection,49.2,121.1
6128,69,2026-06-08,7.2,0.8,,102.5,358.7
6129,69,2026-06-09,6.7,1.3,Shift changeover & inspection,100.4,193.3
6130,69,2026-06-10,5.9,2.1,Shift changeover & inspection,68.4,222.0
6131,69,2026-06-11,6.7,1.3,Shift changeover & inspection,62.5,236.5
6132,69,2026-06-12,5.9,2.1,Shift changeover & inspection,73.4,289.2
6133,69,2026-06-13,6.3,1.7,Shift changeover & inspection,61.2,129.0
6134,69,2026-06-14,6.9,1.1,Shift changeover & inspection,56.2,277.6
6135,69,2026-06-15,5.6,2.4,Shift changeover & inspection,65.6,122.1
6136,69,2026-06-16,7.7,0.3,,102.6,335.6
6137,69,2026-06-17,6.1,1.9,Shift changeover & inspection,89.4,180.1
6138,69,2026-06-18,7.0,1.0,Shift changeover & inspection,81.9,167.7
6139,69,2026-06-19,6.0,2.0,Shift changeover & inspection,57.0,175.2
6140,69,2026-06-20,6.0,2.0,Shift changeover & inspection,62.6,241.6
6141,69,2026-06-21,6.4,1.6,Shift changeover & inspection,92.1,130.7
6142,69,2026-06-22,6.2,1.8,Shift changeover & inspection,89.9,280.7
6143,69,2026-06-23,6.2,1.8,Shift changeover & inspection,76.5,255.1
6144,69,2026-06-24,6.7,1.3,Shift changeover & inspection,86.3,198.0
6145,69,2026-06-25,5.5,2.5,Shift changeover & inspection,50.3,113.2
6146,69,2026-06-26,6.8,1.2,Shift changeover & inspection,62.5,329.0
6147,69,2026-06-27,5.9,2.1,Shift changeover & inspection,67.6,273.7
6148,69,2026-06-28,7.3,0.7,,100.0,201.0
6149,69,2026-06-29,7.0,1.0,Shift changeover & inspection,89.2,197.2
6150,69,2026-06-30,7.1,0.9,,88.0,313.8
6151,69,2026-07-01,2.9,5.1,Rainwater inundation at bottom pit bench (>40mm downpour),36.4,143.3
6152,69,2026-07-02,5.8,2.2,Shift changeover & inspection,72.4,132.4
6153,69,2026-07-03,3.9,4.1,Rainwater inundation at bottom pit bench (>40mm downpour),49.5,147.6
6154,69,2026-07-04,6.3,1.7,Shift changeover & inspection,71.3,296.6
6155,69,2026-07-05,4.4,3.6,Tyre sidewall cut on sharp gondite boulders,62.3,122.3
6156,69,2026-07-06,6.9,1.1,Shift changeover & inspection,60.9,201.9
6157,69,2026-07-07,2.3,5.7,Tyre sidewall cut on sharp gondite boulders,20.0,52.4
6158,69,2026-07-08,2.2,5.8,Tyre sidewall cut on sharp gondite boulders,18.5,72.5
6159,69,2026-07-09,0.8,7.2,Engine overheated (>44°C ambient summer load),7.6,27.4
6160,69,2026-07-10,6.8,1.2,Shift changeover & inspection,68.3,266.5
6161,69,2026-07-11,2.8,5.2,DGMS statutory electrical ground-fault trip,33.0,97.1
6162,69,2026-07-12,6.0,2.0,Shift changeover & inspection,84.1,168.2
6163,69,2026-07-13,6.4,1.6,Shift changeover & inspection,85.0,148.6
6164,69,2026-07-14,2.8,5.2,Tyre sidewall cut on sharp gondite boulders,39.2,109.8
6165,69,2026-07-15,1.6,6.4,Hydraulic hose burst / high pressure pump cavitation,16.0,65.6
6166,69,2026-07-16,7.4,0.6,,65.2,311.7
6167,69,2026-07-17,3.3,4.7,Main sump pump silt clogging from monsoon slurry,32.2,71.0
6168,69,2026-07-18,7.5,0.5,,68.7,239.1
6169,69,2026-07-19,6.0,2.0,Shift changeover & inspection,62.2,203.1
6170,69,2026-07-20,6.2,1.8,Shift changeover & inspection,87.2,165.3
6171,69,2026-07-21,6.0,2.0,Shift changeover & inspection,58.8,227.8
6172,69,2026-07-22,3.4,4.6,Blasting toxic fume / dust clearance standstill,46.3,137.5
6173,69,2026-07-23,4.2,3.8,Tyre sidewall cut on sharp gondite boulders,55.2,163.1
6174,69,2026-07-24,7.0,1.0,Shift changeover & inspection,70.2,243.0
6175,69,2026-07-25,1.7,6.3,Tyre sidewall cut on sharp gondite boulders,15.6,63.2
6176,69,2026-07-26,3.9,4.1,Main sump pump silt clogging from monsoon slurry,51.5,150.2
6177,69,2026-07-27,3.9,4.1,Tyre sidewall cut on sharp gondite boulders,54.4,137.3
6178,69,2026-07-28,2.7,5.3,Tyre sidewall cut on sharp gondite boulders,22.2,87.3
6179,69,2026-07-29,2.8,5.2,Main sump pump silt clogging from monsoon slurry,23.6,78.9
6180,69,2026-07-30,7.4,0.6,,81.5,292.8
6181,69,2026-07-31,2.3,5.7,Tyre sidewall cut on sharp gondite boulders,32.6,67.8
6182,69,2026-08-01,7.3,0.7,,58.7,310.8
6183,69,2026-08-02,2.0,6.0,Tyre sidewall cut on sharp gondite boulders,23.7,41.3
6184,69,2026-08-03,7.5,0.5,,102.8,361.5
6185,69,2026-08-04,5.9,2.1,Shift changeover & inspection,73.7,241.4
6186,69,2026-08-05,2.1,5.9,Main sump pump silt clogging from monsoon slurry,22.7,99.7
6187,69,2026-08-06,3.7,4.3,Rainwater inundation at bottom pit bench (>40mm downpour),29.9,136.4
6188,69,2026-08-07,6.0,2.0,Shift changeover & inspection,61.9,222.3
6189,69,2026-08-08,6.9,1.1,Shift changeover & inspection,96.2,151.1
6190,69,2026-08-09,4.1,3.9,Tyre sidewall cut on sharp gondite boulders,54.7,145.1
6191,69,2026-08-10,2.6,5.4,Rainwater inundation at bottom pit bench (>40mm downpour),35.2,127.8
6192,69,2026-08-11,7.7,0.3,,96.1,227.8
6193,69,2026-08-12,4.2,3.8,Main sump pump silt clogging from monsoon slurry,59.0,205.2
6194,69,2026-08-13,6.7,1.3,Shift changeover & inspection,84.6,322.5
6195,69,2026-08-14,5.9,2.1,Shift changeover & inspection,61.4,198.4
6196,69,2026-08-15,6.9,1.1,Shift changeover & inspection,94.5,242.2
6197,69,2026-08-16,7.5,0.5,,105.7,331.6
6198,69,2026-08-17,2.4,5.6,Tyre sidewall cut on sharp gondite boulders,30.3,65.7
6199,69,2026-08-18,3.6,4.4,Rainwater inundation at bottom pit bench (>40mm downpour),44.8,111.2
6200,69,2026-08-19,6.4,1.6,Shift changeover & inspection,60.9,174.0
6201,69,2026-08-20,7.4,0.6,,71.9,366.1
6202,69,2026-08-21,6.0,2.0,Shift changeover & inspection,68.4,134.2
6203,69,2026-08-22,2.7,5.3,Main sump pump silt clogging from monsoon slurry,33.9,58.1
6204,69,2026-08-23,2.1,5.9,Hydraulic hose burst / high pressure pump cavitation,27.9,53.5
6205,69,2026-08-24,6.6,1.4,Shift changeover & inspection,61.6,177.2
6206,69,2026-08-25,3.6,4.4,Rainwater inundation at bottom pit bench (>40mm downpour),30.0,125.2
6207,69,2026-08-26,3.5,4.5,Tyre sidewall cut on sharp gondite boulders,31.8,112.8
6208,69,2026-08-27,7.3,0.7,,68.3,332.7
6209,69,2026-08-28,7.2,0.8,,103.5,337.9
6210,69,2026-08-29,6.3,1.7,Shift changeover & inspection,78.9,293.1
6211,70,2026-06-01,7.6,0.4,,91.1,215.8
6212,70,2026-06-02,5.5,2.5,Shift changeover & inspection,67.7,171.0
6213,70,2026-06-03,6.4,1.6,Shift changeover & inspection,75.3,228.6
6214,70,2026-06-04,5.8,2.2,Shift changeover & inspection,56.2,176.9
6215,70,2026-06-05,7.1,0.9,,90.5,354.3
6216,70,2026-06-06,6.0,2.0,Shift changeover & inspection,64.5,286.0
6217,70,2026-06-07,7.0,1.0,Shift changeover & inspection,59.5,289.8
6218,70,2026-06-08,7.6,0.4,,93.0,250.6
6219,70,2026-06-09,0.6,7.4,Tyre sidewall cut on sharp gondite boulders,6.6,17.6
6220,70,2026-06-10,6.8,1.2,Shift changeover & inspection,70.6,245.6
6221,70,2026-06-11,6.2,1.8,Shift changeover & inspection,63.9,189.7
6222,70,2026-06-12,5.6,2.4,Shift changeover & inspection,70.5,122.7
6223,70,2026-06-13,6.6,1.4,Shift changeover & inspection,72.0,269.9
6224,70,2026-06-14,7.6,0.4,,87.6,307.4
6225,70,2026-06-15,6.4,1.6,Shift changeover & inspection,54.8,239.9
6226,70,2026-06-16,6.0,2.0,Shift changeover & inspection,53.0,123.8
6227,70,2026-06-17,6.5,1.5,Shift changeover & inspection,71.0,256.4
6228,70,2026-06-18,7.6,0.4,,109.3,252.2
6229,70,2026-06-19,7.4,0.6,,100.1,178.7
6230,70,2026-06-20,6.3,1.7,Shift changeover & inspection,79.9,307.5
6231,70,2026-06-21,7.8,0.2,,98.6,334.8
6232,70,2026-06-22,0.7,7.3,Tyre sidewall cut on sharp gondite boulders,9.7,26.9
6233,70,2026-06-23,6.1,1.9,Shift changeover & inspection,86.8,257.0
6234,70,2026-06-24,7.6,0.4,,107.1,302.2
6235,70,2026-06-25,5.7,2.3,Shift changeover & inspection,77.1,222.3
6236,70,2026-06-26,6.0,2.0,Shift changeover & inspection,60.4,161.9
6237,70,2026-06-27,6.4,1.6,Shift changeover & inspection,84.5,215.4
6238,70,2026-06-28,2.2,5.8,Tyre sidewall cut on sharp gondite boulders,24.1,63.2
6239,70,2026-06-29,7.4,0.6,,102.3,354.3
6240,70,2026-06-30,7.5,0.5,,96.9,176.7
6241,70,2026-07-01,2.5,5.5,Main sump pump silt clogging from monsoon slurry,24.2,55.6
6242,70,2026-07-02,2.8,5.2,Rainwater inundation at bottom pit bench (>40mm downpour),39.5,104.2
6243,70,2026-07-03,2.5,5.5,Rainwater inundation at bottom pit bench (>40mm downpour),21.8,109.1
6244,70,2026-07-04,1.0,7.0,Engine overheated (>44°C ambient summer load),8.1,40.3
6245,70,2026-07-05,5.6,2.4,Shift changeover & inspection,46.0,163.3
6246,70,2026-07-06,7.6,0.4,,66.5,221.1
6247,70,2026-07-07,6.0,2.0,Shift changeover & inspection,72.9,241.2
6248,70,2026-07-08,7.3,0.7,,59.2,326.7
6249,70,2026-07-09,7.5,0.5,,70.0,191.6
6250,70,2026-07-10,6.3,1.7,Shift changeover & inspection,83.0,218.0
6251,70,2026-07-11,3.7,4.3,Main sump pump silt clogging from monsoon slurry,44.8,137.3
6252,70,2026-07-12,0.2,7.8,Rainwater inundation at bottom pit bench (>40mm downpour),2.9,9.5
6253,70,2026-07-13,6.8,1.2,Shift changeover & inspection,100.5,264.5
6254,70,2026-07-14,6.8,1.2,Shift changeover & inspection,78.5,333.7
6255,70,2026-07-15,5.8,2.2,Shift changeover & inspection,81.1,211.2
6256,70,2026-07-16,6.9,1.1,Shift changeover & inspection,84.8,141.0
6257,70,2026-07-17,6.2,1.8,Shift changeover & inspection,84.1,197.0
6258,70,2026-07-18,4.2,3.8,Main sump pump silt clogging from monsoon slurry,61.6,151.1
6259,70,2026-07-19,5.8,2.2,Shift changeover & inspection,67.0,181.6
6260,70,2026-07-20,6.4,1.6,Shift changeover & inspection,70.6,169.6
6261,70,2026-07-21,6.7,1.3,Shift changeover & inspection,66.2,227.7
6262,70,2026-07-22,3.9,4.1,Tyre sidewall cut on sharp gondite boulders,53.4,190.3
6263,70,2026-07-23,7.2,0.8,,87.6,244.6
6264,70,2026-07-24,1.9,6.1,Main sump pump silt clogging from monsoon slurry,15.5,82.3
6265,70,2026-07-25,0.8,7.2,Blasting toxic fume / dust clearance standstill,9.3,16.7
6266,70,2026-07-26,6.1,1.9,Shift changeover & inspection,73.9,198.2
6267,70,2026-07-27,6.3,1.7,Shift changeover & inspection,89.1,226.4
6268,70,2026-07-28,7.5,0.5,,94.5,304.5
6269,70,2026-07-29,6.8,1.2,Shift changeover & inspection,61.6,258.4
6270,70,2026-07-30,7.7,0.3,,78.7,255.6
6271,70,2026-07-31,6.1,1.9,Shift changeover & inspection,73.3,246.7
6272,70,2026-08-01,1.8,6.2,Rainwater inundation at bottom pit bench (>40mm downpour),21.8,85.7
6273,70,2026-08-02,6.6,1.4,Shift changeover & inspection,64.2,142.2
6274,70,2026-08-03,5.6,2.4,Shift changeover & inspection,51.5,181.7
6275,70,2026-08-04,7.7,0.3,,70.7,224.6
6276,70,2026-08-05,2.8,5.2,Rainwater inundation at bottom pit bench (>40mm downpour),40.8,86.7
6277,70,2026-08-06,2.0,6.0,Main sump pump silt clogging from monsoon slurry,23.8,65.3
6278,70,2026-08-07,6.5,1.5,Shift changeover & inspection,57.2,189.2
6279,70,2026-08-08,7.3,0.7,,61.8,364.4
6280,70,2026-08-09,6.7,1.3,Shift changeover & inspection,70.5,210.1
6281,70,2026-08-10,7.6,0.4,,105.9,214.5
6282,70,2026-08-11,3.9,4.1,Tyre sidewall cut on sharp gondite boulders,45.1,150.7
6283,70,2026-08-12,5.6,2.4,Shift changeover & inspection,72.8,247.8
6284,70,2026-08-13,5.7,2.3,Shift changeover & inspection,74.4,233.2
6285,70,2026-08-14,4.0,4.0,Main sump pump silt clogging from monsoon slurry,55.6,97.0
6286,70,2026-08-15,3.0,5.0,Tyre sidewall cut on sharp gondite boulders,41.2,95.3
6287,70,2026-08-16,6.9,1.1,Shift changeover & inspection,56.5,247.0
6288,70,2026-08-17,3.5,4.5,Tyre sidewall cut on sharp gondite boulders,28.8,130.2
6289,70,2026-08-18,2.2,5.8,Main sump pump silt clogging from monsoon slurry,28.9,89.0
6290,70,2026-08-19,2.6,5.4,Main sump pump silt clogging from monsoon slurry,24.0,121.4
6291,70,2026-08-20,4.4,3.6,Main sump pump silt clogging from monsoon slurry,59.2,188.5
6292,70,2026-08-21,6.0,2.0,Shift changeover & inspection,65.1,205.4
6293,70,2026-08-22,2.0,6.0,DGMS statutory electrical ground-fault trip,28.0,43.4
6294,70,2026-08-23,5.6,2.4,Shift changeover & inspection,78.7,242.2
6295,70,2026-08-24,6.3,1.7,Shift changeover & inspection,57.0,285.4
6296,70,2026-08-25,5.6,2.4,Shift changeover & inspection,57.5,189.8
6297,70,2026-08-26,7.6,0.4,,75.0,235.5
6298,70,2026-08-27,5.8,2.2,Shift changeover & inspection,67.4,212.1
6299,70,2026-08-28,2.4,5.6,Main sump pump silt clogging from monsoon slurry,30.1,97.4
6300,70,2026-08-29,7.8,0.2,,80.8,376.5
6301,71,2026-06-01,7.8,0.2,,69.2,262.0
6302,71,2026-06-02,6.5,1.5,Shift changeover & inspection,58.8,233.0
6303,71,2026-06-03,5.9,2.1,Shift changeover & inspection,65.7,186.9
6304,71,2026-06-04,7.4,0.6,,92.3,264.5
6305,71,2026-06-05,7.5,0.5,,101.8,338.8
6306,71,2026-06-06,6.7,1.3,Shift changeover & inspection,61.2,192.5
6307,71,2026-06-07,5.9,2.1,Shift changeover & inspection,85.6,278.7
6308,71,2026-06-08,7.2,0.8,,64.4,285.8
6309,71,2026-06-09,6.7,1.3,Shift changeover & inspection,99.3,286.9
6310,71,2026-06-10,6.7,1.3,Shift changeover & inspection,97.4,192.5
6311,71,2026-06-11,7.5,0.5,,107.6,152.9
6312,71,2026-06-12,5.8,2.2,Shift changeover & inspection,76.7,211.9
6313,71,2026-06-13,6.8,1.2,Shift changeover & inspection,67.8,150.9
6314,71,2026-06-14,7.1,0.9,,84.9,230.0
6315,71,2026-06-15,6.9,1.1,Shift changeover & inspection,68.8,250.9
6316,71,2026-06-16,6.6,1.4,Shift changeover & inspection,83.8,250.7
6317,71,2026-06-17,6.8,1.2,Shift changeover & inspection,69.7,212.2
6318,71,2026-06-18,7.4,0.6,,92.9,341.0
6319,71,2026-06-19,6.1,1.9,Shift changeover & inspection,50.7,138.9
6320,71,2026-06-20,6.0,2.0,Shift changeover & inspection,70.2,145.1
6321,71,2026-06-21,7.7,0.3,,91.7,374.3
6322,71,2026-06-22,6.6,1.4,Shift changeover & inspection,63.2,248.4
6323,71,2026-06-23,6.8,1.2,Shift changeover & inspection,76.4,228.0
6324,71,2026-06-24,5.6,2.4,Shift changeover & inspection,73.4,198.5
6325,71,2026-06-25,5.8,2.2,Shift changeover & inspection,79.6,263.0
6326,71,2026-06-26,5.5,2.5,Shift changeover & inspection,48.4,257.0
6327,71,2026-06-27,7.5,0.5,,86.9,192.4
6328,71,2026-06-28,7.4,0.6,,101.2,225.4
6329,71,2026-06-29,7.6,0.4,,109.7,265.3
6330,71,2026-06-30,6.2,1.8,Shift changeover & inspection,84.3,187.1
6331,71,2026-07-01,5.7,2.3,Shift changeover & inspection,75.4,184.5
6332,71,2026-07-02,7.5,0.5,,61.4,272.4
6333,71,2026-07-03,2.1,5.9,Rainwater inundation at bottom pit bench (>40mm downpour),29.2,65.8
6334,71,2026-07-04,7.8,0.2,,83.5,331.7
6335,71,2026-07-05,2.6,5.4,Main sump pump silt clogging from monsoon slurry,34.8,67.9
6336,71,2026-07-06,6.8,1.2,Shift changeover & inspection,76.9,143.5
6337,71,2026-07-07,7.6,0.4,,81.3,365.7
6338,71,2026-07-08,6.7,1.3,Shift changeover & inspection,70.8,162.3
6339,71,2026-07-09,4.1,3.9,Tyre sidewall cut on sharp gondite boulders,33.4,97.6
6340,71,2026-07-10,2.3,5.7,Rainwater inundation at bottom pit bench (>40mm downpour),19.4,51.2
6341,71,2026-07-11,6.8,1.2,Shift changeover & inspection,66.5,271.9
6342,71,2026-07-12,4.0,4.0,Rainwater inundation at bottom pit bench (>40mm downpour),52.7,93.7
6343,71,2026-07-13,7.4,0.6,,109.1,325.7
6344,71,2026-07-14,2.9,5.1,Rainwater inundation at bottom pit bench (>40mm downpour),24.8,104.1
6345,71,2026-07-15,2.7,5.3,Tyre sidewall cut on sharp gondite boulders,36.2,95.7
6346,71,2026-07-16,2.0,6.0,Main sump pump silt clogging from monsoon slurry,21.4,52.8
6347,71,2026-07-17,7.5,0.5,,100.9,321.3
6348,71,2026-07-18,4.4,3.6,Rainwater inundation at bottom pit bench (>40mm downpour),43.1,113.0
6349,71,2026-07-19,6.1,1.9,Shift changeover & inspection,56.5,175.8
6350,71,2026-07-20,5.6,2.4,Shift changeover & inspection,56.8,187.7
6351,71,2026-07-21,2.8,5.2,Rainwater inundation at bottom pit bench (>40mm downpour),35.5,90.4
6352,71,2026-07-22,7.4,0.6,,95.3,255.7
6353,71,2026-07-23,1.8,6.2,Engine overheated (>44°C ambient summer load),16.2,88.3
6354,71,2026-07-24,7.3,0.7,,99.0,361.9
6355,71,2026-07-25,6.9,1.1,Shift changeover & inspection,69.2,325.0
6356,71,2026-07-26,6.9,1.1,Shift changeover & inspection,78.5,342.1
6357,71,2026-07-27,2.5,5.5,Tyre sidewall cut on sharp gondite boulders,25.0,54.8
6358,71,2026-07-28,2.1,5.9,Rainwater inundation at bottom pit bench (>40mm downpour),21.4,47.6
6359,71,2026-07-29,4.2,3.8,Main sump pump silt clogging from monsoon slurry,61.9,178.3
6360,71,2026-07-30,6.8,1.2,Shift changeover & inspection,65.6,177.7
6361,71,2026-07-31,3.7,4.3,Rainwater inundation at bottom pit bench (>40mm downpour),33.1,179.6
6362,71,2026-08-01,6.3,1.7,Shift changeover & inspection,51.7,192.4
6363,71,2026-08-02,3.4,4.6,Main sump pump silt clogging from monsoon slurry,33.4,116.8
6364,71,2026-08-03,7.8,0.2,,65.0,311.0
6365,71,2026-08-04,6.5,1.5,Shift changeover & inspection,72.0,207.2
6366,71,2026-08-05,2.9,5.1,Main sump pump silt clogging from monsoon slurry,32.0,111.5
6367,71,2026-08-06,5.9,2.1,Shift changeover & inspection,83.3,150.5
6368,71,2026-08-07,3.9,4.1,Tyre sidewall cut on sharp gondite boulders,41.3,92.6
6369,71,2026-08-08,5.8,2.2,Shift changeover & inspection,75.3,214.0
6370,71,2026-08-09,6.2,1.8,Shift changeover & inspection,77.1,129.3
6371,71,2026-08-10,6.7,1.3,Shift changeover & inspection,59.0,180.1
6372,71,2026-08-11,7.7,0.3,,104.2,207.9
6373,71,2026-08-12,6.9,1.1,Shift changeover & inspection,90.9,272.1
6374,71,2026-08-13,7.6,0.4,,92.8,195.3
6375,71,2026-08-14,7.3,0.7,,80.1,252.3
6376,71,2026-08-15,1.6,6.4,Tyre sidewall cut on sharp gondite boulders,15.3,42.3
6377,71,2026-08-16,1.8,6.2,Rainwater inundation at bottom pit bench (>40mm downpour),24.4,38.5
6378,71,2026-08-17,1.9,6.1,Tyre sidewall cut on sharp gondite boulders,25.0,57.0
6379,71,2026-08-18,5.9,2.1,Shift changeover & inspection,75.6,251.4
6380,71,2026-08-19,6.6,1.4,Shift changeover & inspection,75.8,282.8
6381,71,2026-08-20,1.8,6.2,Tyre sidewall cut on sharp gondite boulders,16.2,80.8
6382,71,2026-08-21,6.3,1.7,Shift changeover & inspection,77.1,236.4
6383,71,2026-08-22,0.7,7.3,Rainwater inundation at bottom pit bench (>40mm downpour),9.8,34.7
6384,71,2026-08-23,1.9,6.1,Main sump pump silt clogging from monsoon slurry,26.7,57.8
6385,71,2026-08-24,1.2,6.8,DGMS statutory electrical ground-fault trip,17.4,28.4
6386,71,2026-08-25,7.3,0.7,,72.8,324.6
6387,71,2026-08-26,6.3,1.7,Shift changeover & inspection,92.0,226.3
6388,71,2026-08-27,7.7,0.3,,99.0,165.8
6389,71,2026-08-28,5.7,2.3,Shift changeover & inspection,50.1,182.7
6390,71,2026-08-29,1.5,6.5,Tyre sidewall cut on sharp gondite boulders,13.2,44.8
6391,72,2026-06-01,6.2,1.8,Shift changeover & inspection,55.4,248.5
6392,72,2026-06-02,6.6,1.4,Shift changeover & inspection,86.0,282.3
6393,72,2026-06-03,6.8,1.2,Shift changeover & inspection,56.0,145.1
6394,72,2026-06-04,6.2,1.8,Shift changeover & inspection,69.4,191.9
6395,72,2026-06-05,7.4,0.6,,62.0,235.3
6396,72,2026-06-06,6.1,1.9,Shift changeover & inspection,82.0,149.6
6397,72,2026-06-07,1.5,6.5,Main sump pump silt clogging from monsoon slurry,14.3,54.0
6398,72,2026-06-08,5.6,2.4,Shift changeover & inspection,79.2,114.0
6399,72,2026-06-09,7.3,0.7,,61.5,361.4
6400,72,2026-06-10,6.1,1.9,Shift changeover & inspection,80.8,222.5
6401,72,2026-06-11,5.6,2.4,Shift changeover & inspection,80.6,150.8
6402,72,2026-06-12,6.7,1.3,Shift changeover & inspection,68.1,137.6
6403,72,2026-06-13,7.3,0.7,,80.0,171.7
6404,72,2026-06-14,6.4,1.6,Shift changeover & inspection,82.3,281.8
6405,72,2026-06-15,2.7,5.3,Blasting toxic fume / dust clearance standstill,29.8,100.0
6406,72,2026-06-16,5.9,2.1,Shift changeover & inspection,57.5,182.5
6407,72,2026-06-17,7.5,0.5,,66.4,185.0
6408,72,2026-06-18,6.6,1.4,Shift changeover & inspection,53.1,321.0
6409,72,2026-06-19,7.0,1.0,Shift changeover & inspection,67.0,211.2
6410,72,2026-06-20,7.0,1.0,Shift changeover & inspection,92.0,184.3
6411,72,2026-06-21,5.9,2.1,Shift changeover & inspection,78.7,124.9
6412,72,2026-06-22,6.9,1.1,Shift changeover & inspection,62.8,274.5
6413,72,2026-06-23,6.8,1.2,Shift changeover & inspection,97.0,232.2
6414,72,2026-06-24,7.2,0.8,,58.3,169.9
6415,72,2026-06-25,6.0,2.0,Shift changeover & inspection,68.8,258.5
6416,72,2026-06-26,6.9,1.1,Shift changeover & inspection,62.3,319.0
6417,72,2026-06-27,3.4,4.6,Engine overheated (>44°C ambient summer load),49.6,158.6
6418,72,2026-06-28,1.2,6.8,Tyre sidewall cut on sharp gondite boulders,10.9,33.9
6419,72,2026-06-29,6.9,1.1,Shift changeover & inspection,67.1,155.1
6420,72,2026-06-30,5.8,2.2,Shift changeover & inspection,62.8,160.8
6421,72,2026-07-01,6.3,1.7,Shift changeover & inspection,50.9,214.1
6422,72,2026-07-02,6.6,1.4,Shift changeover & inspection,75.8,275.7
6423,72,2026-07-03,6.6,1.4,Shift changeover & inspection,60.7,198.4
6424,72,2026-07-04,5.9,2.1,Shift changeover & inspection,85.8,225.1
6425,72,2026-07-05,3.2,4.8,Tyre sidewall cut on sharp gondite boulders,47.1,142.6
6426,72,2026-07-06,3.8,4.2,Main sump pump silt clogging from monsoon slurry,30.6,125.4
6427,72,2026-07-07,6.6,1.4,Shift changeover & inspection,97.3,323.0
6428,72,2026-07-08,7.2,0.8,,92.4,197.4
6429,72,2026-07-09,4.1,3.9,Main sump pump silt clogging from monsoon slurry,48.4,96.2
6430,72,2026-07-10,7.7,0.3,,91.9,329.3
6431,72,2026-07-11,7.6,0.4,,96.2,205.1
6432,72,2026-07-12,6.2,1.8,Shift changeover & inspection,59.5,259.0
6433,72,2026-07-13,5.5,2.5,Shift changeover & inspection,63.1,171.3
6434,72,2026-07-14,3.7,4.3,Rainwater inundation at bottom pit bench (>40mm downpour),46.8,163.6
6435,72,2026-07-15,6.7,1.3,Shift changeover & inspection,76.2,213.6
6436,72,2026-07-16,5.6,2.4,Shift changeover & inspection,67.9,236.8
6437,72,2026-07-17,6.5,1.5,Shift changeover & inspection,71.3,154.7
6438,72,2026-07-18,7.5,0.5,,84.6,260.3
6439,72,2026-07-19,3.9,4.1,Main sump pump silt clogging from monsoon slurry,49.2,156.2
6440,72,2026-07-20,6.5,1.5,Shift changeover & inspection,78.4,150.9
6441,72,2026-07-21,1.6,6.4,Main sump pump silt clogging from monsoon slurry,16.8,59.9
6442,72,2026-07-22,5.7,2.3,Shift changeover & inspection,83.2,146.2
6443,72,2026-07-23,6.4,1.6,Shift changeover & inspection,91.0,133.1
6444,72,2026-07-24,5.7,2.3,Shift changeover & inspection,66.2,254.6
6445,72,2026-07-25,3.6,4.4,Main sump pump silt clogging from monsoon slurry,36.1,154.3
6446,72,2026-07-26,7.2,0.8,,64.5,285.7
6447,72,2026-07-27,7.4,0.6,,88.0,288.2
6448,72,2026-07-28,6.3,1.7,Shift changeover & inspection,63.7,177.7
6449,72,2026-07-29,4.1,3.9,Main sump pump silt clogging from monsoon slurry,49.9,101.7
6450,72,2026-07-30,7.2,0.8,,72.2,287.3
6451,72,2026-07-31,6.5,1.5,Shift changeover & inspection,70.2,176.3
6452,72,2026-08-01,6.3,1.7,Shift changeover & inspection,73.4,284.4
6453,72,2026-08-02,7.7,0.3,,77.5,305.0
6454,72,2026-08-03,7.2,0.8,,100.6,191.4
6455,72,2026-08-04,6.1,1.9,Shift changeover & inspection,89.6,206.9
6456,72,2026-08-05,6.2,1.8,Shift changeover & inspection,91.6,245.5
6457,72,2026-08-06,6.8,1.2,Shift changeover & inspection,59.6,201.7
6458,72,2026-08-07,5.7,2.3,Shift changeover & inspection,58.3,167.2
6459,72,2026-08-08,2.2,5.8,Rainwater inundation at bottom pit bench (>40mm downpour),20.5,81.8
6460,72,2026-08-09,5.8,2.2,Shift changeover & inspection,46.5,171.5
6461,72,2026-08-10,6.7,1.3,Shift changeover & inspection,70.5,195.4
6462,72,2026-08-11,7.7,0.3,,72.7,354.9
6463,72,2026-08-12,6.5,1.5,Shift changeover & inspection,83.7,317.3
6464,72,2026-08-13,1.8,6.2,Main sump pump silt clogging from monsoon slurry,18.1,54.4
6465,72,2026-08-14,1.5,6.5,Shaft winder cage guide rope alignment check,21.0,50.8
6466,72,2026-08-15,2.4,5.6,Main sump pump silt clogging from monsoon slurry,22.8,105.5
6467,72,2026-08-16,7.1,0.9,,61.6,299.5
6468,72,2026-08-17,7.4,0.6,,108.3,235.5
6469,72,2026-08-18,7.8,0.2,,70.2,217.6
6470,72,2026-08-19,5.7,2.3,Shift changeover & inspection,51.4,251.7
6471,72,2026-08-20,6.2,1.8,Shift changeover & inspection,76.5,142.0
6472,72,2026-08-21,7.3,0.7,,63.1,166.2
6473,72,2026-08-22,5.7,2.3,Shift changeover & inspection,49.2,279.1
6474,72,2026-08-23,7.5,0.5,,100.6,327.6
6475,72,2026-08-24,2.7,5.3,Main sump pump silt clogging from monsoon slurry,21.8,123.2
6476,72,2026-08-25,3.2,4.8,Rainwater inundation at bottom pit bench (>40mm downpour),30.0,128.1
6477,72,2026-08-26,5.9,2.1,Shift changeover & inspection,68.4,221.8
6478,72,2026-08-27,1.6,6.4,Main sump pump silt clogging from monsoon slurry,23.6,59.1
6479,72,2026-08-28,5.5,2.5,Shift changeover & inspection,80.2,257.1
6480,72,2026-08-29,1.8,6.2,Main sump pump silt clogging from monsoon slurry,24.8,77.0
6481,73,2026-06-01,6.3,1.7,Shift changeover & inspection,83.1,200.8
6482,73,2026-06-02,7.8,0.2,,66.3,168.6
6483,73,2026-06-03,2.7,5.3,Shaft winder cage guide rope alignment check,30.2,77.6
6484,73,2026-06-04,6.5,1.5,Shift changeover & inspection,88.4,262.0
6485,73,2026-06-05,6.4,1.6,Shift changeover & inspection,63.6,277.5
6486,73,2026-06-06,6.7,1.3,Shift changeover & inspection,88.6,325.3
6487,73,2026-06-07,7.3,0.7,,60.1,157.1
6488,73,2026-06-08,7.7,0.3,,65.3,220.8
6489,73,2026-06-09,5.5,2.5,Shift changeover & inspection,79.7,266.8
6490,73,2026-06-10,7.2,0.8,,103.4,249.3
6491,73,2026-06-11,7.3,0.7,,63.0,240.5
6492,73,2026-06-12,6.9,1.1,Shift changeover & inspection,88.0,161.0
6493,73,2026-06-13,6.5,1.5,Shift changeover & inspection,75.8,184.6
6494,73,2026-06-14,7.7,0.3,,90.9,207.0
6495,73,2026-06-15,7.6,0.4,,95.7,349.8
6496,73,2026-06-16,5.7,2.3,Shift changeover & inspection,82.4,164.7
6497,73,2026-06-17,7.1,0.9,,105.6,329.7
6498,73,2026-06-18,6.3,1.7,Shift changeover & inspection,57.2,176.7
6499,73,2026-06-19,7.3,0.7,,87.3,205.7
6500,73,2026-06-20,7.4,0.6,,97.2,356.7
6501,73,2026-06-21,7.3,0.7,,106.6,214.0
6502,73,2026-06-22,7.4,0.6,,89.0,150.2
6503,73,2026-06-23,7.8,0.2,,72.5,384.6
6504,73,2026-06-24,6.2,1.8,Shift changeover & inspection,86.1,269.4
6505,73,2026-06-25,0.6,7.4,Engine overheated (>44°C ambient summer load),5.8,29.6
6506,73,2026-06-26,5.7,2.3,Shift changeover & inspection,53.1,267.1
6507,73,2026-06-27,5.8,2.2,Shift changeover & inspection,85.0,191.6
6508,73,2026-06-28,1.6,6.4,Rainwater inundation at bottom pit bench (>40mm downpour),13.4,68.4
6509,73,2026-06-29,2.1,5.9,Shaft winder cage guide rope alignment check,22.2,94.2
6510,73,2026-06-30,6.3,1.7,Shift changeover & inspection,81.8,271.1
6511,73,2026-07-01,7.7,0.3,,97.7,348.7
6512,73,2026-07-02,6.6,1.4,Shift changeover & inspection,62.9,200.7
6513,73,2026-07-03,2.5,5.5,Hydraulic hose burst / high pressure pump cavitation,28.9,55.7
6514,73,2026-07-04,7.6,0.4,,67.1,282.5
6515,73,2026-07-05,7.3,0.7,,92.4,338.6
6516,73,2026-07-06,6.8,1.2,Shift changeover & inspection,76.5,330.6
6517,73,2026-07-07,5.8,2.2,Shift changeover & inspection,64.7,257.2
6518,73,2026-07-08,3.0,5.0,Main sump pump silt clogging from monsoon slurry,29.3,134.9
6519,73,2026-07-09,2.1,5.9,Tyre sidewall cut on sharp gondite boulders,31.0,63.7
6520,73,2026-07-10,2.2,5.8,Main sump pump silt clogging from monsoon slurry,18.5,80.7
6521,73,2026-07-11,2.7,5.3,Rainwater inundation at bottom pit bench (>40mm downpour),28.9,54.9
6522,73,2026-07-12,7.4,0.6,,92.3,186.1
6523,73,2026-07-13,1.9,6.1,DGMS statutory electrical ground-fault trip,16.3,57.7
6524,73,2026-07-14,7.4,0.6,,93.5,272.0
6525,73,2026-07-15,7.3,0.7,,104.2,335.9
6526,73,2026-07-16,5.6,2.4,Shift changeover & inspection,49.6,153.4
6527,73,2026-07-17,5.9,2.1,Shift changeover & inspection,49.0,193.9
6528,73,2026-07-18,3.8,4.2,Tyre sidewall cut on sharp gondite boulders,56.3,142.3
6529,73,2026-07-19,7.4,0.6,,110.0,223.4
6530,73,2026-07-20,7.5,0.5,,83.7,347.8
6531,73,2026-07-21,5.7,2.3,Shift changeover & inspection,82.7,263.9
6532,73,2026-07-22,7.1,0.9,,59.1,243.4
6533,73,2026-07-23,7.3,0.7,,97.0,157.9
6534,73,2026-07-24,2.8,5.2,Rainwater inundation at bottom pit bench (>40mm downpour),25.0,64.2
6535,73,2026-07-25,1.8,6.2,Shaft winder cage guide rope alignment check,17.0,53.9
6536,73,2026-07-26,7.4,0.6,,104.1,191.0
6537,73,2026-07-27,6.5,1.5,Shift changeover & inspection,79.2,227.7
6538,73,2026-07-28,7.0,1.0,Shift changeover & inspection,96.3,202.8
6539,73,2026-07-29,2.2,5.8,Tyre sidewall cut on sharp gondite boulders,32.0,46.0
6540,73,2026-07-30,3.5,4.5,Tyre sidewall cut on sharp gondite boulders,34.0,168.3
6541,73,2026-07-31,3.0,5.0,Rainwater inundation at bottom pit bench (>40mm downpour),35.0,83.7
6542,73,2026-08-01,5.8,2.2,Shift changeover & inspection,70.2,183.5
6543,73,2026-08-02,6.9,1.1,Shift changeover & inspection,68.5,305.7
6544,73,2026-08-03,5.9,2.1,Shift changeover & inspection,72.7,191.7
6545,73,2026-08-04,6.2,1.8,Shift changeover & inspection,89.3,134.9
6546,73,2026-08-05,1.9,6.1,Main sump pump silt clogging from monsoon slurry,16.2,47.7
6547,73,2026-08-06,6.2,1.8,Shift changeover & inspection,60.0,144.8
6548,73,2026-08-07,7.3,0.7,,74.8,280.2
6549,73,2026-08-08,7.6,0.4,,62.6,277.0
6550,73,2026-08-09,6.4,1.6,Shift changeover & inspection,54.4,224.8
6551,73,2026-08-10,3.3,4.7,Main sump pump silt clogging from monsoon slurry,49.5,153.1
6552,73,2026-08-11,6.0,2.0,Shift changeover & inspection,84.9,164.0
6553,73,2026-08-12,6.1,1.9,Shift changeover & inspection,72.4,165.3
6554,73,2026-08-13,6.1,1.9,Shift changeover & inspection,51.4,283.1
6555,73,2026-08-14,6.6,1.4,Shift changeover & inspection,81.7,135.6
6556,73,2026-08-15,7.3,0.7,,104.0,185.3
6557,73,2026-08-16,6.2,1.8,Shift changeover & inspection,79.2,223.0
6558,73,2026-08-17,4.2,3.8,Tyre sidewall cut on sharp gondite boulders,62.3,198.2
6559,73,2026-08-18,7.5,0.5,,88.6,298.2
6560,73,2026-08-19,1.8,6.2,Hydraulic hose burst / high pressure pump cavitation,22.4,54.9
6561,73,2026-08-20,2.7,5.3,DGMS statutory electrical ground-fault trip,34.7,85.2
6562,73,2026-08-21,6.9,1.1,Shift changeover & inspection,57.7,182.6
6563,73,2026-08-22,6.6,1.4,Shift changeover & inspection,53.4,300.9
6564,73,2026-08-23,2.3,5.7,Main sump pump silt clogging from monsoon slurry,32.6,93.8
6565,73,2026-08-24,3.4,4.6,Rainwater inundation at bottom pit bench (>40mm downpour),36.8,165.0
6566,73,2026-08-25,3.3,4.7,Rainwater inundation at bottom pit bench (>40mm downpour),38.6,74.4
6567,73,2026-08-26,7.6,0.4,,106.1,223.7
6568,73,2026-08-27,7.1,0.9,,57.0,197.7
6569,73,2026-08-28,7.5,0.5,,78.4,304.2
6570,73,2026-08-29,3.8,4.2,Tyre sidewall cut on sharp gondite boulders,51.6,124.4
6571,74,2026-06-01,5.6,2.4,Shift changeover & inspection,81.7,276.6
6572,74,2026-06-02,7.5,0.5,,99.0,167.4
6573,74,2026-06-03,6.5,1.5,Shift changeover & inspection,59.6,283.8
6574,74,2026-06-04,6.0,2.0,Shift changeover & inspection,52.5,248.2
6575,74,2026-06-05,6.6,1.4,Shift changeover & inspection,53.0,137.2
6576,74,2026-06-06,6.6,1.4,Shift changeover & inspection,95.7,204.9
6577,74,2026-06-07,7.0,1.0,Shift changeover & inspection,90.9,263.6
6578,74,2026-06-08,6.1,1.9,Shift changeover & inspection,69.3,271.9
6579,74,2026-06-09,2.9,5.1,DGMS statutory electrical ground-fault trip,27.0,73.1
6580,74,2026-06-10,6.5,1.5,Shift changeover & inspection,88.8,276.5
6581,74,2026-06-11,7.5,0.5,,84.5,285.0
6582,74,2026-06-12,3.1,4.9,Hydraulic hose burst / high pressure pump cavitation,33.7,93.1
6583,74,2026-06-13,5.6,2.4,Shift changeover & inspection,50.9,178.6
6584,74,2026-06-14,1.3,6.7,Blasting toxic fume / dust clearance standstill,13.9,60.3
6585,74,2026-06-15,5.7,2.3,Shift changeover & inspection,78.5,213.0
6586,74,2026-06-16,6.2,1.8,Shift changeover & inspection,83.9,261.9
6587,74,2026-06-17,1.6,6.4,Rainwater inundation at bottom pit bench (>40mm downpour),20.9,37.7
6588,74,2026-06-18,7.0,1.0,Shift changeover & inspection,81.1,187.2
6589,74,2026-06-19,7.1,0.9,,57.0,289.5
6590,74,2026-06-20,5.9,2.1,Shift changeover & inspection,80.4,264.3
6591,74,2026-06-21,6.0,2.0,Shift changeover & inspection,49.2,135.3
6592,74,2026-06-22,7.5,0.5,,74.9,225.9
6593,74,2026-06-23,2.6,5.4,Engine overheated (>44°C ambient summer load),28.5,115.2
6594,74,2026-06-24,7.2,0.8,,84.8,161.5
6595,74,2026-06-25,5.7,2.3,Shift changeover & inspection,82.9,241.7
6596,74,2026-06-26,6.9,1.1,Shift changeover & inspection,89.1,341.8
6597,74,2026-06-27,7.3,0.7,,61.8,321.8
6598,74,2026-06-28,7.5,0.5,,99.3,346.4
6599,74,2026-06-29,7.5,0.5,,80.1,193.1
6600,74,2026-06-30,6.8,1.2,Shift changeover & inspection,76.9,317.5
6601,74,2026-07-01,7.7,0.3,,96.7,309.4
6602,74,2026-07-02,0.2,7.8,DGMS statutory electrical ground-fault trip,2.5,5.7
6603,74,2026-07-03,6.2,1.8,Shift changeover & inspection,58.6,131.4
6604,74,2026-07-04,3.7,4.3,Main sump pump silt clogging from monsoon slurry,48.7,80.5
6605,74,2026-07-05,3.3,4.7,Rainwater inundation at bottom pit bench (>40mm downpour),27.7,124.6
6606,74,2026-07-06,5.9,2.1,Shift changeover & inspection,70.4,294.3
6607,74,2026-07-07,6.6,1.4,Shift changeover & inspection,88.5,268.3
6608,74,2026-07-08,6.6,1.4,Shift changeover & inspection,85.8,191.6
6609,74,2026-07-09,7.0,1.0,Shift changeover & inspection,93.2,236.8
6610,74,2026-07-10,7.5,0.5,,81.0,209.6
6611,74,2026-07-11,7.5,0.5,,108.5,168.7
6612,74,2026-07-12,6.1,1.9,Shift changeover & inspection,49.4,152.7
6613,74,2026-07-13,6.1,1.9,Shift changeover & inspection,91.0,133.4
6614,74,2026-07-14,7.3,0.7,,62.1,168.8
6615,74,2026-07-15,7.1,0.9,,95.9,297.3
6616,74,2026-07-16,0.4,7.6,Blasting toxic fume / dust clearance standstill,4.2,16.8
6617,74,2026-07-17,1.7,6.3,Tyre sidewall cut on sharp gondite boulders,23.5,42.8
6618,74,2026-07-18,4.4,3.6,Main sump pump silt clogging from monsoon slurry,57.5,94.5
6619,74,2026-07-19,6.3,1.7,Shift changeover & inspection,81.9,279.3
6620,74,2026-07-20,1.9,6.1,Rainwater inundation at bottom pit bench (>40mm downpour),17.5,65.2
6621,74,2026-07-21,3.6,4.4,Main sump pump silt clogging from monsoon slurry,45.6,166.6
6622,74,2026-07-22,6.5,1.5,Shift changeover & inspection,56.2,221.5
6623,74,2026-07-23,3.3,4.7,Hydraulic hose burst / high pressure pump cavitation,29.7,107.0
6624,74,2026-07-24,5.6,2.4,Shift changeover & inspection,50.7,233.3
6625,74,2026-07-25,5.6,2.4,Shift changeover & inspection,62.1,272.7
6626,74,2026-07-26,6.9,1.1,Shift changeover & inspection,76.9,320.8
6627,74,2026-07-27,2.2,5.8,Rainwater inundation at bottom pit bench (>40mm downpour),23.9,103.7
6628,74,2026-07-28,7.3,0.7,,107.3,330.0
6629,74,2026-07-29,7.0,1.0,Shift changeover & inspection,57.4,153.9
6630,74,2026-07-30,2.1,5.9,Main sump pump silt clogging from monsoon slurry,21.1,80.7
6631,74,2026-07-31,7.7,0.3,,64.8,283.2
6632,74,2026-08-01,3.3,4.7,Tyre sidewall cut on sharp gondite boulders,31.3,153.4
6633,74,2026-08-02,4.3,3.7,Main sump pump silt clogging from monsoon slurry,54.6,125.5
6634,74,2026-08-03,2.8,5.2,Main sump pump silt clogging from monsoon slurry,30.4,111.8
6635,74,2026-08-04,6.6,1.4,Shift changeover & inspection,62.3,314.7
6636,74,2026-08-05,2.5,5.5,Rainwater inundation at bottom pit bench (>40mm downpour),36.0,81.4
6637,74,2026-08-06,6.1,1.9,Shift changeover & inspection,63.2,192.3
6638,74,2026-08-07,7.4,0.6,,61.8,223.8
6639,74,2026-08-08,3.2,4.8,Rainwater inundation at bottom pit bench (>40mm downpour),29.6,79.2
6640,74,2026-08-09,7.5,0.5,,106.1,304.6
6641,74,2026-08-10,7.6,0.4,,102.2,321.0
6642,74,2026-08-11,1.5,6.5,Tyre sidewall cut on sharp gondite boulders,22.4,72.5
6643,74,2026-08-12,1.6,6.4,Main sump pump silt clogging from monsoon slurry,21.7,67.3
6644,74,2026-08-13,5.8,2.2,Shift changeover & inspection,47.4,232.3
6645,74,2026-08-14,6.4,1.6,Shift changeover & inspection,70.4,174.0
6646,74,2026-08-15,1.8,6.2,Main sump pump silt clogging from monsoon slurry,14.8,72.6
6647,74,2026-08-16,5.6,2.4,Shift changeover & inspection,60.4,134.1
6648,74,2026-08-17,6.9,1.1,Shift changeover & inspection,63.8,155.7
6649,74,2026-08-18,3.7,4.3,Rainwater inundation at bottom pit bench (>40mm downpour),31.7,171.9
6650,74,2026-08-19,7.4,0.6,,86.1,176.6
6651,74,2026-08-20,3.1,4.9,Rainwater inundation at bottom pit bench (>40mm downpour),42.1,102.3
6652,74,2026-08-21,6.0,2.0,Shift changeover & inspection,76.1,230.3
6653,74,2026-08-22,3.3,4.7,Rainwater inundation at bottom pit bench (>40mm downpour),29.0,73.3
6654,74,2026-08-23,6.2,1.8,Shift changeover & inspection,71.9,239.3
6655,74,2026-08-24,2.0,6.0,DGMS statutory electrical ground-fault trip,28.7,55.9
6656,74,2026-08-25,2.6,5.4,Tyre sidewall cut on sharp gondite boulders,34.9,114.9
6657,74,2026-08-26,3.0,5.0,Main sump pump silt clogging from monsoon slurry,41.6,137.0
6658,74,2026-08-27,3.9,4.1,Main sump pump silt clogging from monsoon slurry,54.5,124.5
6659,74,2026-08-28,6.4,1.6,Shift changeover & inspection,67.3,130.6
6660,74,2026-08-29,2.4,5.6,Tyre sidewall cut on sharp gondite boulders,24.4,54.9
6661,75,2026-06-01,6.5,1.5,Shift changeover & inspection,52.6,183.4
6662,75,2026-06-02,6.5,1.5,Shift changeover & inspection,86.2,184.4
6663,75,2026-06-03,5.8,2.2,Shift changeover & inspection,69.3,129.2
6664,75,2026-06-04,6.0,2.0,Shift changeover & inspection,53.2,166.9
6665,75,2026-06-05,7.3,0.7,,70.7,218.8
6666,75,2026-06-06,0.9,7.1,Hydraulic hose burst / high pressure pump cavitation,10.2,20.6
6667,75,2026-06-07,7.4,0.6,,71.0,215.4
6668,75,2026-06-08,6.7,1.3,Shift changeover & inspection,57.1,236.9
6669,75,2026-06-09,7.6,0.4,,105.1,186.1
6670,75,2026-06-10,5.6,2.4,Shift changeover & inspection,65.3,171.4
6671,75,2026-06-11,7.0,1.0,Shift changeover & inspection,63.4,333.6
6672,75,2026-06-12,7.8,0.2,,114.6,316.4
6673,75,2026-06-13,6.2,1.8,Shift changeover & inspection,87.2,172.2
6674,75,2026-06-14,7.6,0.4,,89.9,216.7
6675,75,2026-06-15,5.8,2.2,Shift changeover & inspection,71.6,248.7
6676,75,2026-06-16,7.3,0.7,,59.3,169.7
6677,75,2026-06-17,7.2,0.8,,98.3,318.0
6678,75,2026-06-18,5.8,2.2,Shift changeover & inspection,68.8,172.4
6679,75,2026-06-19,6.0,2.0,Shift changeover & inspection,53.4,298.5
6680,75,2026-06-20,7.8,0.2,,102.6,352.5
6681,75,2026-06-21,6.5,1.5,Shift changeover & inspection,81.1,237.6
6682,75,2026-06-22,7.7,0.3,,111.3,197.9
6683,75,2026-06-23,7.3,0.7,,70.6,356.2
6684,75,2026-06-24,6.9,1.1,Shift changeover & inspection,87.3,174.3
6685,75,2026-06-25,6.6,1.4,Shift changeover & inspection,79.5,174.0
6686,75,2026-06-26,5.6,2.4,Shift changeover & inspection,55.9,206.0
6687,75,2026-06-27,5.7,2.3,Shift changeover & inspection,64.7,159.3
6688,75,2026-06-28,7.5,0.5,,99.5,289.6
6689,75,2026-06-29,7.7,0.3,,91.2,256.0
6690,75,2026-06-30,7.1,0.9,,92.4,300.2
6691,75,2026-07-01,7.7,0.3,,69.4,313.1
6692,75,2026-07-02,3.3,4.7,Rainwater inundation at bottom pit bench (>40mm downpour),27.5,150.0
6693,75,2026-07-03,6.0,2.0,Shift changeover & inspection,54.4,158.1
6694,75,2026-07-04,3.2,4.8,Rainwater inundation at bottom pit bench (>40mm downpour),36.7,93.5
6695,75,2026-07-05,6.1,1.9,Shift changeover & inspection,90.5,243.2
6696,75,2026-07-06,6.8,1.2,Shift changeover & inspection,73.2,220.8
6697,75,2026-07-07,4.3,3.7,Rainwater inundation at bottom pit bench (>40mm downpour),51.6,212.8
6698,75,2026-07-08,1.6,6.4,Engine overheated (>44°C ambient summer load),18.1,65.3
6699,75,2026-07-09,7.4,0.6,,73.4,246.3
6700,75,2026-07-10,7.2,0.8,,101.8,338.4
6701,75,2026-07-11,6.4,1.6,Shift changeover & inspection,91.4,237.1
6702,75,2026-07-12,7.1,0.9,,97.9,251.2
6703,75,2026-07-13,6.0,2.0,Shift changeover & inspection,68.7,148.0
6704,75,2026-07-14,6.9,1.1,Shift changeover & inspection,86.5,242.9
6705,75,2026-07-15,6.2,1.8,Shift changeover & inspection,78.7,235.3
6706,75,2026-07-16,7.3,0.7,,65.1,232.5
6707,75,2026-07-17,7.6,0.4,,92.6,229.4
6708,75,2026-07-18,3.8,4.2,Main sump pump silt clogging from monsoon slurry,37.8,155.4
6709,75,2026-07-19,7.3,0.7,,96.2,331.0
6710,75,2026-07-20,3.1,4.9,Main sump pump silt clogging from monsoon slurry,26.0,64.8
6711,75,2026-07-21,2.2,5.8,Rainwater inundation at bottom pit bench (>40mm downpour),30.9,107.3
6712,75,2026-07-22,2.0,6.0,Rainwater inundation at bottom pit bench (>40mm downpour),21.6,89.9
6713,75,2026-07-23,2.8,5.2,Rainwater inundation at bottom pit bench (>40mm downpour),39.8,79.0
6714,75,2026-07-24,5.8,2.2,Shift changeover & inspection,79.5,210.6
6715,75,2026-07-25,2.5,5.5,Rainwater inundation at bottom pit bench (>40mm downpour),24.5,107.0
6716,75,2026-07-26,7.3,0.7,,83.2,246.3
6717,75,2026-07-27,5.8,2.2,Shift changeover & inspection,83.8,123.8
6718,75,2026-07-28,6.7,1.3,Shift changeover & inspection,74.7,208.7
6719,75,2026-07-29,3.0,5.0,Tyre sidewall cut on sharp gondite boulders,36.7,72.0
6720,75,2026-07-30,2.9,5.1,Tyre sidewall cut on sharp gondite boulders,36.9,140.7
6721,75,2026-07-31,6.8,1.2,Shift changeover & inspection,96.4,187.3
6722,75,2026-08-01,0.6,7.4,Tyre sidewall cut on sharp gondite boulders,8.7,29.4
6723,75,2026-08-02,7.6,0.4,,86.6,207.2
6724,75,2026-08-03,1.8,6.2,Tyre sidewall cut on sharp gondite boulders,22.9,75.4
6725,75,2026-08-04,2.6,5.4,Rainwater inundation at bottom pit bench (>40mm downpour),34.3,69.2
6726,75,2026-08-05,5.5,2.5,Shift changeover & inspection,81.1,232.9
6727,75,2026-08-06,3.4,4.6,Blasting toxic fume / dust clearance standstill,32.2,98.2
6728,75,2026-08-07,2.7,5.3,Rainwater inundation at bottom pit bench (>40mm downpour),30.3,111.7
6729,75,2026-08-08,1.9,6.1,Main sump pump silt clogging from monsoon slurry,27.1,49.0
6730,75,2026-08-09,2.5,5.5,Tyre sidewall cut on sharp gondite boulders,23.9,116.9
6731,75,2026-08-10,7.7,0.3,,87.8,272.8
6732,75,2026-08-11,6.1,1.9,Shift changeover & inspection,87.5,298.7
6733,75,2026-08-12,6.1,1.9,Shift changeover & inspection,54.6,202.3
6734,75,2026-08-13,5.7,2.3,Shift changeover & inspection,68.0,200.4
6735,75,2026-08-14,4.2,3.8,Main sump pump silt clogging from monsoon slurry,39.5,118.7
6736,75,2026-08-15,3.1,4.9,Rainwater inundation at bottom pit bench (>40mm downpour),44.4,80.1
6737,75,2026-08-16,7.4,0.6,,77.3,235.0
6738,75,2026-08-17,2.4,5.6,Rainwater inundation at bottom pit bench (>40mm downpour),28.5,70.8
6739,75,2026-08-18,5.9,2.1,Shift changeover & inspection,81.8,120.6
6740,75,2026-08-19,6.4,1.6,Shift changeover & inspection,74.0,206.8
6741,75,2026-08-20,6.1,1.9,Shift changeover & inspection,65.8,124.1
6742,75,2026-08-21,3.2,4.8,Main sump pump silt clogging from monsoon slurry,31.1,93.7
6743,75,2026-08-22,1.6,6.4,Main sump pump silt clogging from monsoon slurry,19.9,68.1
6744,75,2026-08-23,2.1,5.9,Shaft winder cage guide rope alignment check,25.6,98.3
6745,75,2026-08-24,6.0,2.0,Shift changeover & inspection,52.2,235.8
6746,75,2026-08-25,7.3,0.7,,82.3,182.5
6747,75,2026-08-26,2.3,5.7,Tyre sidewall cut on sharp gondite boulders,31.7,52.0
6748,75,2026-08-27,6.5,1.5,Shift changeover & inspection,70.1,194.6
6749,75,2026-08-28,6.9,1.1,Shift changeover & inspection,61.2,155.1
6750,75,2026-08-29,7.3,0.7,,102.6,197.5
6751,76,2026-06-01,6.9,1.1,Shift changeover & inspection,71.6,228.8
6752,76,2026-06-02,6.2,1.8,Shift changeover & inspection,65.3,266.6
6753,76,2026-06-03,5.7,2.3,Shift changeover & inspection,59.6,156.1
6754,76,2026-06-04,7.7,0.3,,95.7,247.3
6755,76,2026-06-05,6.5,1.5,Shift changeover & inspection,87.9,194.6
6756,76,2026-06-06,2.4,5.6,Rainwater inundation at bottom pit bench (>40mm downpour),26.4,54.8
6757,76,2026-06-07,3.2,4.8,Main sump pump silt clogging from monsoon slurry,46.6,103.9
6758,76,2026-06-08,6.2,1.8,Shift changeover & inspection,63.5,284.3
6759,76,2026-06-09,6.3,1.7,Shift changeover & inspection,83.8,267.5
6760,76,2026-06-10,6.7,1.3,Shift changeover & inspection,76.5,215.9
6761,76,2026-06-11,5.9,2.1,Shift changeover & inspection,80.6,153.9
6762,76,2026-06-12,7.2,0.8,,91.1,195.7
6763,76,2026-06-13,6.6,1.4,Shift changeover & inspection,85.6,225.0
6764,76,2026-06-14,5.7,2.3,Shift changeover & inspection,65.9,140.2
6765,76,2026-06-15,5.5,2.5,Shift changeover & inspection,72.7,110.5
6766,76,2026-06-16,7.4,0.6,,90.5,320.7
6767,76,2026-06-17,5.9,2.1,Shift changeover & inspection,55.7,245.0
6768,76,2026-06-18,7.3,0.7,,69.0,265.1
6769,76,2026-06-19,6.3,1.7,Shift changeover & inspection,65.0,151.7
6770,76,2026-06-20,2.3,5.7,Rainwater inundation at bottom pit bench (>40mm downpour),27.3,108.9
6771,76,2026-06-21,6.7,1.3,Shift changeover & inspection,56.9,249.5
6772,76,2026-06-22,5.7,2.3,Shift changeover & inspection,77.6,182.3
6773,76,2026-06-23,5.6,2.4,Shift changeover & inspection,45.3,167.6
6774,76,2026-06-24,2.4,5.6,Main sump pump silt clogging from monsoon slurry,29.7,80.6
6775,76,2026-06-25,6.4,1.6,Shift changeover & inspection,52.5,217.1
6776,76,2026-06-26,6.0,2.0,Shift changeover & inspection,70.2,156.8
6777,76,2026-06-27,6.6,1.4,Shift changeover & inspection,72.1,255.2
6778,76,2026-06-28,5.8,2.2,Shift changeover & inspection,82.1,132.3
6779,76,2026-06-29,6.1,1.9,Shift changeover & inspection,65.1,252.2
6780,76,2026-06-30,6.1,1.9,Shift changeover & inspection,81.8,150.2
6781,76,2026-07-01,2.0,6.0,Tyre sidewall cut on sharp gondite boulders,21.9,93.6
6782,76,2026-07-02,6.5,1.5,Shift changeover & inspection,63.6,238.8
6783,76,2026-07-03,1.8,6.2,Main sump pump silt clogging from monsoon slurry,20.6,89.5
6784,76,2026-07-04,5.7,2.3,Shift changeover & inspection,62.1,198.9
6785,76,2026-07-05,7.2,0.8,,76.1,164.8
6786,76,2026-07-06,6.5,1.5,Shift changeover & inspection,70.6,195.2
6787,76,2026-07-07,1.9,6.1,Rainwater inundation at bottom pit bench (>40mm downpour),20.2,90.5
6788,76,2026-07-08,6.1,1.9,Shift changeover & inspection,61.8,267.5
6789,76,2026-07-09,1.9,6.1,Tyre sidewall cut on sharp gondite boulders,25.5,70.2
6790,76,2026-07-10,5.5,2.5,Shift changeover & inspection,66.0,193.2
6791,76,2026-07-11,6.7,1.3,Shift changeover & inspection,62.8,171.2
6792,76,2026-07-12,7.3,0.7,,108.2,165.1
6793,76,2026-07-13,5.9,2.1,Shift changeover & inspection,84.2,156.4
6794,76,2026-07-14,4.4,3.6,Tyre sidewall cut on sharp gondite boulders,51.5,147.0
6795,76,2026-07-15,6.6,1.4,Shift changeover & inspection,58.5,176.6
6796,76,2026-07-16,2.2,5.8,Rainwater inundation at bottom pit bench (>40mm downpour),21.6,60.1
6797,76,2026-07-17,7.6,0.4,,113.4,300.2
6798,76,2026-07-18,4.1,3.9,Rainwater inundation at bottom pit bench (>40mm downpour),48.0,144.8
6799,76,2026-07-19,6.1,1.9,Shift changeover & inspection,50.0,175.1
6800,76,2026-07-20,6.7,1.3,Shift changeover & inspection,98.0,215.3
6801,76,2026-07-21,6.0,2.0,Shift changeover & inspection,68.0,193.8
6802,76,2026-07-22,7.1,0.9,,69.0,328.1
6803,76,2026-07-23,7.3,0.7,,108.7,321.5
6804,76,2026-07-24,3.0,5.0,Tyre sidewall cut on sharp gondite boulders,24.2,97.4
6805,76,2026-07-25,6.0,2.0,Shift changeover & inspection,56.7,268.6
6806,76,2026-07-26,6.5,1.5,Shift changeover & inspection,92.7,135.9
6807,76,2026-07-27,6.3,1.7,Shift changeover & inspection,62.2,140.5
6808,76,2026-07-28,6.9,1.1,Shift changeover & inspection,76.2,162.7
6809,76,2026-07-29,6.9,1.1,Shift changeover & inspection,56.1,274.9
6810,76,2026-07-30,5.7,2.3,Shift changeover & inspection,81.2,156.6
6811,76,2026-07-31,3.2,4.8,Tyre sidewall cut on sharp gondite boulders,40.9,79.4
6812,76,2026-08-01,7.0,1.0,Shift changeover & inspection,64.4,171.2
6813,76,2026-08-02,5.9,2.1,Shift changeover & inspection,63.8,196.2
6814,76,2026-08-03,6.7,1.3,Shift changeover & inspection,75.7,175.7
6815,76,2026-08-04,2.9,5.1,Tyre sidewall cut on sharp gondite boulders,37.5,102.2
6816,76,2026-08-05,0.8,7.2,Blasting toxic fume / dust clearance standstill,9.4,30.9
6817,76,2026-08-06,4.0,4.0,Main sump pump silt clogging from monsoon slurry,49.2,146.2
6818,76,2026-08-07,4.2,3.8,Main sump pump silt clogging from monsoon slurry,36.9,196.6
6819,76,2026-08-08,6.8,1.2,Shift changeover & inspection,69.3,253.9
6820,76,2026-08-09,6.8,1.2,Shift changeover & inspection,94.4,143.3
6821,76,2026-08-10,1.9,6.1,Shaft winder cage guide rope alignment check,21.2,46.8
6822,76,2026-08-11,7.0,1.0,Shift changeover & inspection,68.3,169.0
6823,76,2026-08-12,6.3,1.7,Shift changeover & inspection,93.7,191.4
6824,76,2026-08-13,7.6,0.4,,62.2,379.4
6825,76,2026-08-14,3.9,4.1,Tyre sidewall cut on sharp gondite boulders,51.5,170.0
6826,76,2026-08-15,7.3,0.7,,58.9,275.2
6827,76,2026-08-16,5.7,2.3,Shift changeover & inspection,49.0,272.9
6828,76,2026-08-17,7.7,0.3,,68.9,216.0
6829,76,2026-08-18,4.2,3.8,Main sump pump silt clogging from monsoon slurry,35.5,92.1
6830,76,2026-08-19,7.0,1.0,Shift changeover & inspection,99.1,330.6
6831,76,2026-08-20,1.7,6.3,Rainwater inundation at bottom pit bench (>40mm downpour),19.3,76.0
6832,76,2026-08-21,6.7,1.3,Shift changeover & inspection,74.5,190.2
6833,76,2026-08-22,5.7,2.3,Shift changeover & inspection,66.6,155.8
6834,76,2026-08-23,3.6,4.4,Main sump pump silt clogging from monsoon slurry,50.4,93.4
6835,76,2026-08-24,4.3,3.7,Rainwater inundation at bottom pit bench (>40mm downpour),35.6,191.6
6836,76,2026-08-25,7.1,0.9,,92.0,235.1
6837,76,2026-08-26,7.1,0.9,,59.9,305.5
6838,76,2026-08-27,6.3,1.7,Shift changeover & inspection,84.9,265.4
6839,76,2026-08-28,7.3,0.7,,99.9,195.8
6840,76,2026-08-29,6.2,1.8,Shift changeover & inspection,66.8,247.1
6841,77,2026-06-01,6.4,1.6,Shift changeover & inspection,91.4,156.2
6842,77,2026-06-02,6.5,1.5,Shift changeover & inspection,95.0,194.2
6843,77,2026-06-03,0.2,7.8,Shaft winder cage guide rope alignment check,2.3,9.2
6844,77,2026-06-04,1.7,6.3,Engine overheated (>44°C ambient summer load),24.1,79.0
6845,77,2026-06-05,6.7,1.3,Shift changeover & inspection,59.8,272.9
6846,77,2026-06-06,7.0,1.0,Shift changeover & inspection,101.5,198.2
6847,77,2026-06-07,6.2,1.8,Shift changeover & inspection,88.2,173.9
6848,77,2026-06-08,7.6,0.4,,82.3,269.9
6849,77,2026-06-09,7.0,1.0,Shift changeover & inspection,76.2,163.9
6850,77,2026-06-10,7.2,0.8,,82.0,288.9
6851,77,2026-06-11,1.1,6.9,Tyre sidewall cut on sharp gondite boulders,11.3,28.0
6852,77,2026-06-12,2.6,5.4,Tyre sidewall cut on sharp gondite boulders,35.2,69.7
6853,77,2026-06-13,6.9,1.1,Shift changeover & inspection,94.8,264.0
6854,77,2026-06-14,7.5,0.5,,80.2,286.6
6855,77,2026-06-15,5.6,2.4,Shift changeover & inspection,54.4,122.8
6856,77,2026-06-16,5.5,2.5,Shift changeover & inspection,68.5,141.1
6857,77,2026-06-17,6.3,1.7,Shift changeover & inspection,77.3,219.1
6858,77,2026-06-18,6.1,1.9,Shift changeover & inspection,75.6,302.3
6859,77,2026-06-19,7.1,0.9,,84.9,162.4
6860,77,2026-06-20,6.2,1.8,Shift changeover & inspection,78.7,272.4
6861,77,2026-06-21,7.7,0.3,,78.1,222.0
6862,77,2026-06-22,6.1,1.9,Shift changeover & inspection,57.9,245.5
6863,77,2026-06-23,7.5,0.5,,82.0,241.3
6864,77,2026-06-24,6.0,2.0,Shift changeover & inspection,78.0,259.9
6865,77,2026-06-25,7.3,0.7,,93.5,214.8
6866,77,2026-06-26,7.6,0.4,,101.1,278.6
6867,77,2026-06-27,0.7,7.3,Tyre sidewall cut on sharp gondite boulders,6.8,18.2
6868,77,2026-06-28,6.8,1.2,Shift changeover & inspection,63.4,138.3
6869,77,2026-06-29,5.6,2.4,Shift changeover & inspection,59.8,176.6
6870,77,2026-06-30,6.2,1.8,Shift changeover & inspection,84.3,297.9
6871,77,2026-07-01,2.1,5.9,Rainwater inundation at bottom pit bench (>40mm downpour),24.7,42.0
6872,77,2026-07-02,5.9,2.1,Shift changeover & inspection,61.9,199.9
6873,77,2026-07-03,5.7,2.3,Shift changeover & inspection,63.6,242.9
6874,77,2026-07-04,4.0,4.0,Main sump pump silt clogging from monsoon slurry,58.4,138.8
6875,77,2026-07-05,7.3,0.7,,88.8,238.1
6876,77,2026-07-06,1.4,6.6,DGMS statutory electrical ground-fault trip,13.3,39.6
6877,77,2026-07-07,2.8,5.2,Tyre sidewall cut on sharp gondite boulders,35.6,116.1
6878,77,2026-07-08,0.2,7.8,Tyre sidewall cut on sharp gondite boulders,2.9,7.0
6879,77,2026-07-09,4.0,4.0,Rainwater inundation at bottom pit bench (>40mm downpour),58.6,152.6
6880,77,2026-07-10,7.7,0.3,,69.6,256.8
6881,77,2026-07-11,1.2,6.8,Shaft winder cage guide rope alignment check,16.1,50.6
6882,77,2026-07-12,3.7,4.3,Rainwater inundation at bottom pit bench (>40mm downpour),37.2,101.1
6883,77,2026-07-13,6.4,1.6,Shift changeover & inspection,57.3,166.5
6884,77,2026-07-14,7.7,0.3,,82.2,276.5
6885,77,2026-07-15,4.5,3.5,Rainwater inundation at bottom pit bench (>40mm downpour),60.3,222.6
6886,77,2026-07-16,2.9,5.1,DGMS statutory electrical ground-fault trip,42.0,121.5
6887,77,2026-07-17,6.5,1.5,Shift changeover & inspection,74.8,314.3
6888,77,2026-07-18,2.9,5.1,Tyre sidewall cut on sharp gondite boulders,38.1,99.4
6889,77,2026-07-19,6.6,1.4,Shift changeover & inspection,66.0,303.5
6890,77,2026-07-20,5.8,2.2,Shift changeover & inspection,76.6,213.3
6891,77,2026-07-21,6.7,1.3,Shift changeover & inspection,87.0,167.9
6892,77,2026-07-22,7.2,0.8,,72.3,170.9
6893,77,2026-07-23,3.9,4.1,Rainwater inundation at bottom pit bench (>40mm downpour),42.1,133.9
6894,77,2026-07-24,7.6,0.4,,88.5,269.9
6895,77,2026-07-25,6.9,1.1,Shift changeover & inspection,73.4,263.2
6896,77,2026-07-26,7.0,1.0,Shift changeover & inspection,92.6,182.0
6897,77,2026-07-27,7.6,0.4,,83.2,224.3
6898,77,2026-07-28,6.7,1.3,Shift changeover & inspection,58.1,144.5
6899,77,2026-07-29,6.5,1.5,Shift changeover & inspection,67.5,213.6
6900,77,2026-07-30,6.4,1.6,Shift changeover & inspection,53.5,206.6
6901,77,2026-07-31,6.4,1.6,Shift changeover & inspection,65.4,167.7
6902,77,2026-08-01,0.7,7.3,Shaft winder cage guide rope alignment check,6.5,26.8
6903,77,2026-08-02,1.5,6.5,Tyre sidewall cut on sharp gondite boulders,14.7,48.9
6904,77,2026-08-03,6.1,1.9,Shift changeover & inspection,62.3,267.3
6905,77,2026-08-04,3.0,5.0,Tyre sidewall cut on sharp gondite boulders,39.9,101.8
6906,77,2026-08-05,2.2,5.8,Tyre sidewall cut on sharp gondite boulders,26.4,81.8
6907,77,2026-08-06,6.0,2.0,Shift changeover & inspection,56.0,140.8
6908,77,2026-08-07,7.6,0.4,,65.3,193.1
6909,77,2026-08-08,2.6,5.4,Rainwater inundation at bottom pit bench (>40mm downpour),22.7,97.4
6910,77,2026-08-09,6.6,1.4,Shift changeover & inspection,56.6,184.8
6911,77,2026-08-10,4.2,3.8,Main sump pump silt clogging from monsoon slurry,56.4,104.5
6912,77,2026-08-11,4.0,4.0,Main sump pump silt clogging from monsoon slurry,32.5,172.0
6913,77,2026-08-12,4.1,3.9,Main sump pump silt clogging from monsoon slurry,52.8,149.5
6914,77,2026-08-13,6.5,1.5,Shift changeover & inspection,70.0,272.9
6915,77,2026-08-14,6.0,2.0,Shift changeover & inspection,75.0,246.9
6916,77,2026-08-15,3.3,4.7,Rainwater inundation at bottom pit bench (>40mm downpour),32.9,142.2
6917,77,2026-08-16,2.7,5.3,Rainwater inundation at bottom pit bench (>40mm downpour),37.6,83.7
6918,77,2026-08-17,3.1,4.9,Main sump pump silt clogging from monsoon slurry,44.1,135.7
6919,77,2026-08-18,3.5,4.5,Tyre sidewall cut on sharp gondite boulders,30.9,102.6
6920,77,2026-08-19,3.5,4.5,Rainwater inundation at bottom pit bench (>40mm downpour),29.1,97.6
6921,77,2026-08-20,6.2,1.8,Shift changeover & inspection,65.5,256.7
6922,77,2026-08-21,2.5,5.5,DGMS statutory electrical ground-fault trip,23.8,108.1
6923,77,2026-08-22,7.5,0.5,,81.8,197.9
6924,77,2026-08-23,5.8,2.2,Shift changeover & inspection,74.2,181.5
6925,77,2026-08-24,6.2,1.8,Shift changeover & inspection,70.1,246.4
6926,77,2026-08-25,7.2,0.8,,72.6,214.2
6927,77,2026-08-26,7.5,0.5,,107.6,172.8
6928,77,2026-08-27,7.6,0.4,,92.4,204.5
6929,77,2026-08-28,1.6,6.4,Rainwater inundation at bottom pit bench (>40mm downpour),20.0,53.9
6930,77,2026-08-29,7.1,0.9,,66.6,351.7
6931,78,2026-06-01,6.6,1.4,Shift changeover & inspection,73.1,323.1
6932,78,2026-06-02,5.6,2.4,Shift changeover & inspection,54.4,218.9
6933,78,2026-06-03,6.1,1.9,Shift changeover & inspection,91.5,250.1
6934,78,2026-06-04,6.5,1.5,Shift changeover & inspection,62.2,195.1
6935,78,2026-06-05,6.0,2.0,Shift changeover & inspection,58.2,241.8
6936,78,2026-06-06,1.7,6.3,Hydraulic hose burst / high pressure pump cavitation,13.7,59.8
6937,78,2026-06-07,6.5,1.5,Shift changeover & inspection,54.0,164.5
6938,78,2026-06-08,7.6,0.4,,72.6,284.8
6939,78,2026-06-09,6.5,1.5,Shift changeover & inspection,59.2,228.2
6940,78,2026-06-10,6.0,2.0,Shift changeover & inspection,64.1,275.4
6941,78,2026-06-11,7.5,0.5,,72.1,340.8
6942,78,2026-06-12,6.4,1.6,Shift changeover & inspection,90.0,262.9
6943,78,2026-06-13,7.7,0.3,,97.4,171.7
6944,78,2026-06-14,6.5,1.5,Shift changeover & inspection,66.4,157.1
6945,78,2026-06-15,6.2,1.8,Shift changeover & inspection,49.7,128.4
6946,78,2026-06-16,1.7,6.3,Hydraulic hose burst / high pressure pump cavitation,21.0,81.0
6947,78,2026-06-17,5.7,2.3,Shift changeover & inspection,83.7,210.3
6948,78,2026-06-18,7.7,0.3,,78.8,305.0
6949,78,2026-06-19,7.2,0.8,,98.8,147.2
6950,78,2026-06-20,7.3,0.7,,80.5,275.3
6951,78,2026-06-21,2.4,5.6,DGMS statutory electrical ground-fault trip,21.6,72.0
6952,78,2026-06-22,1.4,6.6,DGMS statutory electrical ground-fault trip,17.0,39.7
6953,78,2026-06-23,0.5,7.5,Hydraulic hose burst / high pressure pump cavitation,5.6,16.7
6954,78,2026-06-24,6.4,1.6,Shift changeover & inspection,62.2,171.2
6955,78,2026-06-25,7.0,1.0,Shift changeover & inspection,61.2,206.8
6956,78,2026-06-26,5.9,2.1,Shift changeover & inspection,80.0,215.5
6957,78,2026-06-27,5.8,2.2,Shift changeover & inspection,66.4,220.3
6958,78,2026-06-28,6.8,1.2,Shift changeover & inspection,86.5,331.4
6959,78,2026-06-29,7.2,0.8,,102.7,224.9
6960,78,2026-06-30,6.7,1.3,Shift changeover & inspection,61.0,280.8
6961,78,2026-07-01,6.1,1.9,Shift changeover & inspection,85.5,128.9
6962,78,2026-07-02,5.7,2.3,Shift changeover & inspection,52.4,270.9
6963,78,2026-07-03,2.1,5.9,Rainwater inundation at bottom pit bench (>40mm downpour),19.5,82.3
6964,78,2026-07-04,6.8,1.2,Shift changeover & inspection,95.1,313.7
6965,78,2026-07-05,0.1,7.9,Tyre sidewall cut on sharp gondite boulders,0.9,3.2
6966,78,2026-07-06,7.4,0.6,,108.3,204.9
6967,78,2026-07-07,2.3,5.7,Blasting toxic fume / dust clearance standstill,28.5,70.8
6968,78,2026-07-08,1.8,6.2,Tyre sidewall cut on sharp gondite boulders,22.7,71.0
6969,78,2026-07-09,6.9,1.1,Shift changeover & inspection,95.1,262.6
6970,78,2026-07-10,6.3,1.7,Shift changeover & inspection,72.6,251.5
6971,78,2026-07-11,7.1,0.9,,68.1,160.0
6972,78,2026-07-12,7.0,1.0,Shift changeover & inspection,100.6,146.1
6973,78,2026-07-13,6.6,1.4,Shift changeover & inspection,98.6,219.0
6974,78,2026-07-14,4.4,3.6,Main sump pump silt clogging from monsoon slurry,49.2,96.6
6975,78,2026-07-15,7.7,0.3,,86.2,204.4
6976,78,2026-07-16,7.0,1.0,Shift changeover & inspection,67.7,330.1
6977,78,2026-07-17,6.5,1.5,Shift changeover & inspection,96.8,269.0
6978,78,2026-07-18,5.7,2.3,Shift changeover & inspection,83.9,251.0
6979,78,2026-07-19,6.6,1.4,Shift changeover & inspection,80.4,258.5
6980,78,2026-07-20,6.0,2.0,Shift changeover & inspection,82.6,284.2
6981,78,2026-07-21,4.4,3.6,Main sump pump silt clogging from monsoon slurry,40.2,212.1
6982,78,2026-07-22,1.8,6.2,Engine overheated (>44°C ambient summer load),25.7,85.1
6983,78,2026-07-23,0.9,7.1,Engine overheated (>44°C ambient summer load),8.4,34.3
6984,78,2026-07-24,5.8,2.2,Shift changeover & inspection,73.8,173.4
6985,78,2026-07-25,2.9,5.1,Tyre sidewall cut on sharp gondite boulders,38.6,114.4
6986,78,2026-07-26,3.9,4.1,Main sump pump silt clogging from monsoon slurry,35.9,144.9
6987,78,2026-07-27,6.3,1.7,Shift changeover & inspection,69.4,204.1
6988,78,2026-07-28,7.4,0.6,,109.9,167.7
6989,78,2026-07-29,4.5,3.5,Main sump pump silt clogging from monsoon slurry,61.4,203.1
6990,78,2026-07-30,2.6,5.4,Tyre sidewall cut on sharp gondite boulders,28.1,86.1
6991,78,2026-07-31,6.7,1.3,Shift changeover & inspection,87.3,232.8
6992,78,2026-08-01,5.5,2.5,Shift changeover & inspection,48.8,233.1
6993,78,2026-08-02,6.5,1.5,Shift changeover & inspection,94.9,252.8
6994,78,2026-08-03,0.5,7.5,Blasting toxic fume / dust clearance standstill,4.7,23.4
6995,78,2026-08-04,5.5,2.5,Shift changeover & inspection,68.9,158.3
6996,78,2026-08-05,6.6,1.4,Shift changeover & inspection,76.5,288.8
6997,78,2026-08-06,1.2,6.8,Tyre sidewall cut on sharp gondite boulders,15.1,56.5
6998,78,2026-08-07,0.4,7.6,Rainwater inundation at bottom pit bench (>40mm downpour),4.8,14.7
6999,78,2026-08-08,6.0,2.0,Shift changeover & inspection,72.8,136.3
7000,78,2026-08-09,5.7,2.3,Shift changeover & inspection,47.3,208.0
7001,78,2026-08-10,6.4,1.6,Shift changeover & inspection,78.3,262.4
7002,78,2026-08-11,5.5,2.5,Shift changeover & inspection,76.5,191.1
7003,78,2026-08-12,6.9,1.1,Shift changeover & inspection,64.5,159.7
7004,78,2026-08-13,7.1,0.9,,71.5,308.6
7005,78,2026-08-14,5.6,2.4,Shift changeover & inspection,64.2,159.7
7006,78,2026-08-15,2.2,5.8,Rainwater inundation at bottom pit bench (>40mm downpour),32.1,108.8
7007,78,2026-08-16,2.2,5.8,Main sump pump silt clogging from monsoon slurry,27.8,50.0
7008,78,2026-08-17,2.4,5.6,Tyre sidewall cut on sharp gondite boulders,19.8,106.9
7009,78,2026-08-18,2.8,5.2,Main sump pump silt clogging from monsoon slurry,26.5,85.4
7010,78,2026-08-19,3.8,4.2,Tyre sidewall cut on sharp gondite boulders,46.1,108.3
7011,78,2026-08-20,6.1,1.9,Shift changeover & inspection,89.7,150.2
7012,78,2026-08-21,2.3,5.7,Main sump pump silt clogging from monsoon slurry,26.2,70.9
7013,78,2026-08-22,5.7,2.3,Shift changeover & inspection,85.2,255.7
7014,78,2026-08-23,1.5,6.5,Engine overheated (>44°C ambient summer load),19.7,65.3
7015,78,2026-08-24,5.8,2.2,Shift changeover & inspection,49.3,280.6
7016,78,2026-08-25,3.5,4.5,Rainwater inundation at bottom pit bench (>40mm downpour),33.0,124.5
7017,78,2026-08-26,6.4,1.6,Shift changeover & inspection,79.5,240.6
7018,78,2026-08-27,6.4,1.6,Shift changeover & inspection,68.7,237.0
7019,78,2026-08-28,1.5,6.5,Tyre sidewall cut on sharp gondite boulders,19.0,32.3
7020,78,2026-08-29,2.2,5.8,Rainwater inundation at bottom pit bench (>40mm downpour),31.7,100.3
7021,79,2026-06-01,6.6,1.4,Shift changeover & inspection,64.8,248.2
7022,79,2026-06-02,7.5,0.5,,104.6,336.8
7023,79,2026-06-03,5.6,2.4,Shift changeover & inspection,49.7,208.9
7024,79,2026-06-04,6.5,1.5,Shift changeover & inspection,70.2,186.7
7025,79,2026-06-05,6.3,1.7,Shift changeover & inspection,92.4,248.1
7026,79,2026-06-06,5.8,2.2,Shift changeover & inspection,79.2,143.5
7027,79,2026-06-07,1.3,6.7,DGMS statutory electrical ground-fault trip,18.2,57.8
7028,79,2026-06-08,7.3,0.7,,62.4,340.7
7029,79,2026-06-09,7.1,0.9,,74.8,202.5
7030,79,2026-06-10,6.9,1.1,Shift changeover & inspection,82.9,282.9
7031,79,2026-06-11,6.3,1.7,Shift changeover & inspection,63.7,184.1
7032,79,2026-06-12,6.7,1.3,Shift changeover & inspection,99.5,326.7
7033,79,2026-06-13,7.7,0.3,,82.4,187.7
7034,79,2026-06-14,2.6,5.4,Engine overheated (>44°C ambient summer load),24.6,77.9
7035,79,2026-06-15,6.5,1.5,Shift changeover & inspection,63.4,164.8
7036,79,2026-06-16,1.3,6.7,Shaft winder cage guide rope alignment check,11.7,38.6
7037,79,2026-06-17,6.2,1.8,Shift changeover & inspection,79.7,284.0
7038,79,2026-06-18,5.8,2.2,Shift changeover & inspection,80.9,130.3
7039,79,2026-06-19,6.7,1.3,Shift changeover & inspection,100.3,142.0
7040,79,2026-06-20,7.2,0.8,,64.8,216.0
7041,79,2026-06-21,6.6,1.4,Shift changeover & inspection,78.0,254.2
7042,79,2026-06-22,7.0,1.0,Shift changeover & inspection,61.8,255.0
7043,79,2026-06-23,7.0,1.0,Shift changeover & inspection,72.3,348.8
7044,79,2026-06-24,6.4,1.6,Shift changeover & inspection,82.4,266.3
7045,79,2026-06-25,7.4,0.6,,69.8,314.9
7046,79,2026-06-26,5.5,2.5,Shift changeover & inspection,48.3,213.8
7047,79,2026-06-27,5.8,2.2,Shift changeover & inspection,67.8,170.5
7048,79,2026-06-28,7.1,0.9,,98.7,177.7
7049,79,2026-06-29,5.6,2.4,Shift changeover & inspection,62.5,250.8
7050,79,2026-06-30,7.0,1.0,Shift changeover & inspection,76.6,212.2
7051,79,2026-07-01,3.0,5.0,Rainwater inundation at bottom pit bench (>40mm downpour),43.6,123.5
7052,79,2026-07-02,6.3,1.7,Shift changeover & inspection,78.7,140.7
7053,79,2026-07-03,2.2,5.8,Rainwater inundation at bottom pit bench (>40mm downpour),31.9,71.0
7054,79,2026-07-04,6.8,1.2,Shift changeover & inspection,56.9,269.6
7055,79,2026-07-05,7.6,0.4,,106.4,343.0
7056,79,2026-07-06,5.7,2.3,Shift changeover & inspection,51.1,261.1
7057,79,2026-07-07,6.4,1.6,Shift changeover & inspection,59.8,256.9
7058,79,2026-07-08,6.1,1.9,Shift changeover & inspection,77.9,213.9
7059,79,2026-07-09,4.2,3.8,Rainwater inundation at bottom pit bench (>40mm downpour),59.5,141.4
7060,79,2026-07-10,2.0,6.0,Tyre sidewall cut on sharp gondite boulders,17.6,50.5
7061,79,2026-07-11,0.5,7.5,Tyre sidewall cut on sharp gondite boulders,4.0,22.0
7062,79,2026-07-12,2.7,5.3,Rainwater inundation at bottom pit bench (>40mm downpour),27.6,120.3
7063,79,2026-07-13,5.7,2.3,Shift changeover & inspection,47.8,256.5
7064,79,2026-07-14,6.7,1.3,Shift changeover & inspection,65.2,171.4
7065,79,2026-07-15,5.7,2.3,Shift changeover & inspection,83.5,207.2
7066,79,2026-07-16,7.0,1.0,Shift changeover & inspection,78.9,328.1
7067,79,2026-07-17,7.2,0.8,,60.0,273.9
7068,79,2026-07-18,2.7,5.3,Tyre sidewall cut on sharp gondite boulders,23.7,58.9
7069,79,2026-07-19,6.3,1.7,Shift changeover & inspection,56.8,245.0
7070,79,2026-07-20,0.0,8.0,Blasting toxic fume / dust clearance standstill,0.0,0.0
7071,79,2026-07-21,7.7,0.3,,81.8,262.3
7072,79,2026-07-22,7.0,1.0,Shift changeover & inspection,63.9,340.8
7073,79,2026-07-23,5.6,2.4,Shift changeover & inspection,58.1,223.6
7074,79,2026-07-24,3.9,4.1,Rainwater inundation at bottom pit bench (>40mm downpour),34.1,181.2
7075,79,2026-07-25,7.6,0.4,,80.4,199.4
7076,79,2026-07-26,7.2,0.8,,86.6,241.4
7077,79,2026-07-27,7.1,0.9,,82.0,243.0
7078,79,2026-07-28,6.0,2.0,Shift changeover & inspection,84.8,126.7
7079,79,2026-07-29,2.1,5.9,Tyre sidewall cut on sharp gondite boulders,28.6,99.5
7080,79,2026-07-30,6.5,1.5,Shift changeover & inspection,79.6,214.8
7081,79,2026-07-31,6.8,1.2,Shift changeover & inspection,65.6,234.5
7082,79,2026-08-01,1.6,6.4,Main sump pump silt clogging from monsoon slurry,17.4,58.5
7083,79,2026-08-02,2.9,5.1,Main sump pump silt clogging from monsoon slurry,36.8,71.2
7084,79,2026-08-03,1.8,6.2,Tyre sidewall cut on sharp gondite boulders,23.5,82.8
7085,79,2026-08-04,2.0,6.0,Main sump pump silt clogging from monsoon slurry,17.2,44.0
7086,79,2026-08-05,7.5,0.5,,75.4,184.5
7087,79,2026-08-06,3.6,4.4,Tyre sidewall cut on sharp gondite boulders,51.7,119.0
7088,79,2026-08-07,4.3,3.7,Tyre sidewall cut on sharp gondite boulders,51.7,168.0
7089,79,2026-08-08,0.9,7.1,Hydraulic hose burst / high pressure pump cavitation,12.3,39.5
7090,79,2026-08-09,5.7,2.3,Shift changeover & inspection,52.8,249.9
7091,79,2026-08-10,5.5,2.5,Shift changeover & inspection,59.6,255.3
7092,79,2026-08-11,7.7,0.3,,91.4,180.6
7093,79,2026-08-12,5.7,2.3,Shift changeover & inspection,83.4,239.2
7094,79,2026-08-13,3.1,4.9,Main sump pump silt clogging from monsoon slurry,38.8,145.4
7095,79,2026-08-14,6.3,1.7,Shift changeover & inspection,72.0,293.8
7096,79,2026-08-15,3.4,4.6,Main sump pump silt clogging from monsoon slurry,30.5,153.1
7097,79,2026-08-16,6.2,1.8,Shift changeover & inspection,57.1,182.1
7098,79,2026-08-17,6.3,1.7,Shift changeover & inspection,87.7,160.6
7099,79,2026-08-18,6.7,1.3,Shift changeover & inspection,67.7,246.6
7100,79,2026-08-19,0.8,7.2,Hydraulic hose burst / high pressure pump cavitation,8.9,38.9
7101,79,2026-08-20,6.2,1.8,Shift changeover & inspection,61.4,175.6
7102,79,2026-08-21,5.9,2.1,Shift changeover & inspection,47.8,264.2
7103,79,2026-08-22,5.7,2.3,Shift changeover & inspection,50.2,166.8
7104,79,2026-08-23,1.2,6.8,Shaft winder cage guide rope alignment check,12.9,26.4
7105,79,2026-08-24,7.3,0.7,,90.4,341.8
7106,79,2026-08-25,6.6,1.4,Shift changeover & inspection,80.2,154.2
7107,79,2026-08-26,6.5,1.5,Shift changeover & inspection,56.8,135.6
7108,79,2026-08-27,6.4,1.6,Shift changeover & inspection,71.5,276.9
7109,79,2026-08-28,3.8,4.2,Tyre sidewall cut on sharp gondite boulders,30.6,96.3
7110,79,2026-08-29,3.4,4.6,Blasting toxic fume / dust clearance standstill,37.9,137.5
7111,80,2026-06-01,3.5,4.5,DGMS statutory electrical ground-fault trip,45.1,107.9
7112,80,2026-06-02,7.3,0.7,,103.6,324.3
7113,80,2026-06-03,6.5,1.5,Shift changeover & inspection,65.9,285.0
7114,80,2026-06-04,0.4,7.6,Blasting toxic fume / dust clearance standstill,5.9,16.0
7115,80,2026-06-05,6.6,1.4,Shift changeover & inspection,87.3,202.2
7116,80,2026-06-06,6.9,1.1,Shift changeover & inspection,75.9,232.3
7117,80,2026-06-07,0.9,7.1,Engine overheated (>44°C ambient summer load),7.6,19.5
7118,80,2026-06-08,7.4,0.6,,88.2,323.1
7119,80,2026-06-09,5.8,2.2,Shift changeover & inspection,76.4,162.8
7120,80,2026-06-10,7.2,0.8,,76.9,317.7
7121,80,2026-06-11,0.4,7.6,Rainwater inundation at bottom pit bench (>40mm downpour),4.5,11.1
7122,80,2026-06-12,5.6,2.4,Shift changeover & inspection,76.8,175.9
7123,80,2026-06-13,5.6,2.4,Shift changeover & inspection,57.2,215.9
7124,80,2026-06-14,7.7,0.3,,106.0,319.3
7125,80,2026-06-15,7.3,0.7,,96.4,351.9
7126,80,2026-06-16,1.9,6.1,Rainwater inundation at bottom pit bench (>40mm downpour),15.7,57.9
7127,80,2026-06-17,5.9,2.1,Shift changeover & inspection,53.1,241.7
7128,80,2026-06-18,7.4,0.6,,80.1,363.1
7129,80,2026-06-19,6.0,2.0,Shift changeover & inspection,69.2,235.3
7130,80,2026-06-20,6.3,1.7,Shift changeover & inspection,53.4,304.2
7131,80,2026-06-21,6.7,1.3,Shift changeover & inspection,87.1,291.3
7132,80,2026-06-22,6.3,1.7,Shift changeover & inspection,55.2,153.8
7133,80,2026-06-23,5.8,2.2,Shift changeover & inspection,49.7,155.5
7134,80,2026-06-24,5.6,2.4,Shift changeover & inspection,81.6,249.4
7135,80,2026-06-25,7.8,0.2,,68.9,300.7
7136,80,2026-06-26,5.7,2.3,Shift changeover & inspection,48.5,176.5
7137,80,2026-06-27,6.6,1.4,Shift changeover & inspection,98.1,315.6
7138,80,2026-06-28,7.7,0.3,,68.6,269.3
7139,80,2026-06-29,7.6,0.4,,108.4,169.9
7140,80,2026-06-30,6.4,1.6,Shift changeover & inspection,84.1,265.6
7141,80,2026-07-01,1.6,6.4,Rainwater inundation at bottom pit bench (>40mm downpour),14.2,63.7
7142,80,2026-07-02,6.9,1.1,Shift changeover & inspection,58.7,311.9
7143,80,2026-07-03,6.6,1.4,Shift changeover & inspection,81.8,262.7
7144,80,2026-07-04,4.2,3.8,Tyre sidewall cut on sharp gondite boulders,57.9,182.4
7145,80,2026-07-05,7.4,0.6,,105.1,365.6
7146,80,2026-07-06,6.9,1.1,Shift changeover & inspection,65.7,253.0
7147,80,2026-07-07,7.1,0.9,,62.8,168.1
7148,80,2026-07-08,6.8,1.2,Shift changeover & inspection,57.7,257.8
7149,80,2026-07-09,6.7,1.3,Shift changeover & inspection,77.4,189.1
7150,80,2026-07-10,6.4,1.6,Shift changeover & inspection,68.5,206.5
7151,80,2026-07-11,6.4,1.6,Shift changeover & inspection,58.6,173.5
7152,80,2026-07-12,7.2,0.8,,80.6,246.5
7153,80,2026-07-13,2.0,6.0,Tyre sidewall cut on sharp gondite boulders,20.1,86.9
7154,80,2026-07-14,4.1,3.9,Rainwater inundation at bottom pit bench (>40mm downpour),61.2,145.4
7155,80,2026-07-15,5.6,2.4,Shift changeover & inspection,50.0,208.5
7156,80,2026-07-16,6.9,1.1,Shift changeover & inspection,91.7,218.7
7157,80,2026-07-17,7.3,0.7,,69.0,301.5
7158,80,2026-07-18,6.4,1.6,Shift changeover & inspection,63.4,231.1
7159,80,2026-07-19,2.0,6.0,Main sump pump silt clogging from monsoon slurry,17.4,83.8
7160,80,2026-07-20,3.0,5.0,Hydraulic hose burst / high pressure pump cavitation,24.1,90.1
7161,80,2026-07-21,6.1,1.9,Shift changeover & inspection,71.4,298.3
7162,80,2026-07-22,6.2,1.8,Shift changeover & inspection,65.2,205.0
7163,80,2026-07-23,6.3,1.7,Shift changeover & inspection,69.8,166.4
7164,80,2026-07-24,6.5,1.5,Shift changeover & inspection,80.7,317.6
7165,80,2026-07-25,2.2,5.8,Main sump pump silt clogging from monsoon slurry,23.8,82.0
7166,80,2026-07-26,1.0,7.0,Main sump pump silt clogging from monsoon slurry,10.1,22.5
7167,80,2026-07-27,6.3,1.7,Shift changeover & inspection,92.0,168.4
7168,80,2026-07-28,2.7,5.3,Main sump pump silt clogging from monsoon slurry,31.2,111.5
7169,80,2026-07-29,5.6,2.4,Shift changeover & inspection,82.2,117.4
7170,80,2026-07-30,4.1,3.9,Main sump pump silt clogging from monsoon slurry,53.7,196.7
7171,80,2026-07-31,6.2,1.8,Shift changeover & inspection,51.8,191.7
7172,80,2026-08-01,7.2,0.8,,96.5,169.2
7173,80,2026-08-02,7.7,0.3,,111.8,326.6
7174,80,2026-08-03,6.3,1.7,Shift changeover & inspection,63.5,287.2
7175,80,2026-08-04,6.6,1.4,Shift changeover & inspection,70.3,194.0
7176,80,2026-08-05,3.6,4.4,Rainwater inundation at bottom pit bench (>40mm downpour),52.0,102.2
7177,80,2026-08-06,7.8,0.2,,78.7,271.7
7178,80,2026-08-07,6.1,1.9,Shift changeover & inspection,61.1,131.0
7179,80,2026-08-08,5.6,2.4,Shift changeover & inspection,64.9,218.6
7180,80,2026-08-09,5.8,2.2,Shift changeover & inspection,52.4,270.2
7181,80,2026-08-10,7.1,0.9,,78.3,186.2
7182,80,2026-08-11,6.8,1.2,Shift changeover & inspection,57.5,198.7
7183,80,2026-08-12,5.8,2.2,Shift changeover & inspection,69.9,279.5
7184,80,2026-08-13,7.0,1.0,Shift changeover & inspection,99.6,295.8
7185,80,2026-08-14,7.4,0.6,,80.5,330.7
7186,80,2026-08-15,5.9,2.1,Shift changeover & inspection,82.3,187.5
7187,80,2026-08-16,6.0,2.0,Shift changeover & inspection,65.8,215.9
7188,80,2026-08-17,5.9,2.1,Shift changeover & inspection,83.3,252.7
7189,80,2026-08-18,6.9,1.1,Shift changeover & inspection,88.6,191.6
7190,80,2026-08-19,5.9,2.1,Shift changeover & inspection,47.6,136.6
7191,80,2026-08-20,3.2,4.8,Main sump pump silt clogging from monsoon slurry,44.0,134.6
7192,80,2026-08-21,7.0,1.0,Shift changeover & inspection,61.7,301.1
7193,80,2026-08-22,5.7,2.3,Shift changeover & inspection,84.9,158.9
7194,80,2026-08-23,3.6,4.4,Main sump pump silt clogging from monsoon slurry,53.9,137.1
7195,80,2026-08-24,3.2,4.8,Main sump pump silt clogging from monsoon slurry,39.7,134.2
7196,80,2026-08-25,6.1,1.9,Shift changeover & inspection,87.8,185.3
7197,80,2026-08-26,2.2,5.8,Tyre sidewall cut on sharp gondite boulders,22.7,100.4
7198,80,2026-08-27,6.1,1.9,Shift changeover & inspection,64.9,225.8
7199,80,2026-08-28,3.4,4.6,Main sump pump silt clogging from monsoon slurry,32.9,114.5
7200,80,2026-08-29,4.4,3.6,Rainwater inundation at bottom pit bench (>40mm downpour),57.7,193.0
7201,81,2026-06-01,7.3,0.7,,84.2,363.1
7202,81,2026-06-02,6.3,1.7,Shift changeover & inspection,78.8,302.1
7203,81,2026-06-03,7.6,0.4,,82.1,309.1
7204,81,2026-06-04,5.8,2.2,Shift changeover & inspection,86.6,161.6
7205,81,2026-06-05,5.6,2.4,Shift changeover & inspection,74.3,270.0
7206,81,2026-06-06,7.2,0.8,,83.7,180.7
7207,81,2026-06-07,7.0,1.0,Shift changeover & inspection,88.0,334.1
7208,81,2026-06-08,6.3,1.7,Shift changeover & inspection,92.9,286.2
7209,81,2026-06-09,6.0,2.0,Shift changeover & inspection,53.1,216.0
7210,81,2026-06-10,7.6,0.4,,90.6,161.1
7211,81,2026-06-11,7.0,1.0,Shift changeover & inspection,104.3,150.6
7212,81,2026-06-12,6.4,1.6,Shift changeover & inspection,68.0,227.7
7213,81,2026-06-13,0.2,7.8,Rainwater inundation at bottom pit bench (>40mm downpour),2.7,5.1
7214,81,2026-06-14,7.0,1.0,Shift changeover & inspection,72.3,327.7
7215,81,2026-06-15,7.3,0.7,,80.7,242.2
7216,81,2026-06-16,6.5,1.5,Shift changeover & inspection,54.9,169.8
7217,81,2026-06-17,2.2,5.8,Shaft winder cage guide rope alignment check,31.9,70.5
7218,81,2026-06-18,7.0,1.0,Shift changeover & inspection,86.9,334.2
7219,81,2026-06-19,7.6,0.4,,76.4,320.7
7220,81,2026-06-20,7.8,0.2,,71.4,336.4
7221,81,2026-06-21,6.1,1.9,Shift changeover & inspection,79.9,238.9
7222,81,2026-06-22,6.3,1.7,Shift changeover & inspection,86.9,139.8
7223,81,2026-06-23,1.0,7.0,Shaft winder cage guide rope alignment check,11.4,36.7
7224,81,2026-06-24,5.6,2.4,Shift changeover & inspection,84.0,245.4
7225,81,2026-06-25,6.3,1.7,Shift changeover & inspection,51.1,246.9
7226,81,2026-06-26,5.9,2.1,Shift changeover & inspection,55.1,163.3
7227,81,2026-06-27,2.1,5.9,DGMS statutory electrical ground-fault trip,26.5,99.7
7228,81,2026-06-28,6.8,1.2,Shift changeover & inspection,84.7,325.7
7229,81,2026-06-29,7.2,0.8,,58.0,190.4
7230,81,2026-06-30,5.9,2.1,Shift changeover & inspection,74.2,183.3
7231,81,2026-07-01,7.7,0.3,,100.1,268.4
7232,81,2026-07-02,7.2,0.8,,105.6,193.1
7233,81,2026-07-03,7.0,1.0,Shift changeover & inspection,61.7,161.1
7234,81,2026-07-04,7.2,0.8,,98.5,180.8
7235,81,2026-07-05,6.4,1.6,Shift changeover & inspection,81.5,213.0
7236,81,2026-07-06,0.0,8.0,Shaft winder cage guide rope alignment check,0.0,0.0
7237,81,2026-07-07,3.8,4.2,Tyre sidewall cut on sharp gondite boulders,35.5,153.3
7238,81,2026-07-08,7.3,0.7,,78.4,152.9
7239,81,2026-07-09,4.4,3.6,Tyre sidewall cut on sharp gondite boulders,45.4,213.3
7240,81,2026-07-10,2.1,5.9,Rainwater inundation at bottom pit bench (>40mm downpour),29.6,97.1
7241,81,2026-07-11,6.8,1.2,Shift changeover & inspection,71.4,330.3
7242,81,2026-07-12,7.7,0.3,,77.0,261.6
7243,81,2026-07-13,7.6,0.4,,111.9,183.5
7244,81,2026-07-14,6.1,1.9,Shift changeover & inspection,83.7,185.4
7245,81,2026-07-15,3.1,4.9,Rainwater inundation at bottom pit bench (>40mm downpour),45.8,64.5
7246,81,2026-07-16,7.5,0.5,,107.0,154.2
7247,81,2026-07-17,7.5,0.5,,87.2,312.7
7248,81,2026-07-18,6.8,1.2,Shift changeover & inspection,96.6,315.6
7249,81,2026-07-19,4.0,4.0,Rainwater inundation at bottom pit bench (>40mm downpour),44.1,171.7
7250,81,2026-07-20,7.7,0.3,,110.5,289.5
7251,81,2026-07-21,7.1,0.9,,62.2,291.4
7252,81,2026-07-22,6.5,1.5,Shift changeover & inspection,91.7,246.5
7253,81,2026-07-23,3.3,4.7,Main sump pump silt clogging from monsoon slurry,29.9,66.8
7254,81,2026-07-24,2.5,5.5,Tyre sidewall cut on sharp gondite boulders,26.0,110.1
7255,81,2026-07-25,7.8,0.2,,78.5,313.7
7256,81,2026-07-26,6.1,1.9,Shift changeover & inspection,65.1,268.8
7257,81,2026-07-27,7.8,0.2,,89.7,276.1
7258,81,2026-07-28,5.8,2.2,Shift changeover & inspection,74.0,165.1
7259,81,2026-07-29,5.5,2.5,Shift changeover & inspection,61.8,189.1
7260,81,2026-07-30,6.0,2.0,Shift changeover & inspection,48.5,221.9
7261,81,2026-07-31,2.4,5.6,Main sump pump silt clogging from monsoon slurry,22.0,54.8
7262,81,2026-08-01,2.0,6.0,Tyre sidewall cut on sharp gondite boulders,20.4,47.5
7263,81,2026-08-02,5.5,2.5,Shift changeover & inspection,60.9,243.3
7264,81,2026-08-03,5.9,2.1,Shift changeover & inspection,73.3,273.5
7265,81,2026-08-04,5.7,2.3,Shift changeover & inspection,61.3,238.1
7266,81,2026-08-05,4.1,3.9,Main sump pump silt clogging from monsoon slurry,60.2,84.4
7267,81,2026-08-06,3.1,4.9,Rainwater inundation at bottom pit bench (>40mm downpour),41.7,124.8
7268,81,2026-08-07,6.2,1.8,Shift changeover & inspection,81.5,303.1
7269,81,2026-08-08,1.9,6.1,Rainwater inundation at bottom pit bench (>40mm downpour),21.9,46.8
7270,81,2026-08-09,7.4,0.6,,100.9,191.9
7271,81,2026-08-10,7.6,0.4,,89.0,331.4
7272,81,2026-08-11,6.0,2.0,Shift changeover & inspection,60.0,146.9
7273,81,2026-08-12,7.2,0.8,,61.7,175.7
7274,81,2026-08-13,7.3,0.7,,88.2,211.8
7275,81,2026-08-14,6.3,1.7,Shift changeover & inspection,81.5,249.0
7276,81,2026-08-15,6.9,1.1,Shift changeover & inspection,61.6,291.4
7277,81,2026-08-16,6.4,1.6,Shift changeover & inspection,61.7,284.1
7278,81,2026-08-17,7.7,0.3,,78.7,370.2
7279,81,2026-08-18,7.0,1.0,Shift changeover & inspection,84.3,198.5
7280,81,2026-08-19,6.8,1.2,Shift changeover & inspection,75.5,142.1
7281,81,2026-08-20,6.8,1.2,Shift changeover & inspection,79.8,220.0
7282,81,2026-08-21,6.6,1.4,Shift changeover & inspection,78.2,204.8
7283,81,2026-08-22,5.8,2.2,Shift changeover & inspection,46.4,256.0
7284,81,2026-08-23,1.6,6.4,Main sump pump silt clogging from monsoon slurry,19.9,49.8
7285,81,2026-08-24,7.3,0.7,,96.4,317.4
7286,81,2026-08-25,2.0,6.0,Rainwater inundation at bottom pit bench (>40mm downpour),18.4,74.4
7287,81,2026-08-26,7.3,0.7,,85.2,340.5
7288,81,2026-08-27,5.9,2.1,Shift changeover & inspection,56.7,143.3
7289,81,2026-08-28,7.0,1.0,Shift changeover & inspection,100.8,151.8
7290,81,2026-08-29,6.8,1.2,Shift changeover & inspection,92.7,291.9
7291,82,2026-06-01,7.1,0.9,,95.4,230.4
7292,82,2026-06-02,7.4,0.6,,66.2,348.8
7293,82,2026-06-03,5.9,2.1,Shift changeover & inspection,49.5,186.3
7294,82,2026-06-04,6.1,1.9,Shift changeover & inspection,81.9,210.2
7295,82,2026-06-05,6.1,1.9,Shift changeover & inspection,56.6,226.5
7296,82,2026-06-06,2.6,5.4,Main sump pump silt clogging from monsoon slurry,32.8,55.1
7297,82,2026-06-07,7.6,0.4,,69.7,261.4
7298,82,2026-06-08,1.8,6.2,Rainwater inundation at bottom pit bench (>40mm downpour),15.9,48.6
7299,82,2026-06-09,6.1,1.9,Shift changeover & inspection,73.5,170.0
7300,82,2026-06-10,5.6,2.4,Shift changeover & inspection,49.7,202.6
7301,82,2026-06-11,6.1,1.9,Shift changeover & inspection,61.2,282.0
7302,82,2026-06-12,6.8,1.2,Shift changeover & inspection,69.3,265.7
7303,82,2026-06-13,1.4,6.6,Rainwater inundation at bottom pit bench (>40mm downpour),16.9,66.1
7304,82,2026-06-14,6.9,1.1,Shift changeover & inspection,69.4,212.3
7305,82,2026-06-15,5.8,2.2,Shift changeover & inspection,51.3,119.8
7306,82,2026-06-16,1.7,6.3,Tyre sidewall cut on sharp gondite boulders,21.1,61.6
7307,82,2026-06-17,7.1,0.9,,80.4,160.9
7308,82,2026-06-18,6.5,1.5,Shift changeover & inspection,88.9,173.7
7309,82,2026-06-19,6.1,1.9,Shift changeover & inspection,85.5,187.1
7310,82,2026-06-20,7.8,0.2,,95.6,277.1
7311,82,2026-06-21,6.6,1.4,Shift changeover & inspection,67.3,202.3
7312,82,2026-06-22,7.3,0.7,,92.6,205.4
7313,82,2026-06-23,6.6,1.4,Shift changeover & inspection,87.9,291.3
7314,82,2026-06-24,1.9,6.1,Main sump pump silt clogging from monsoon slurry,16.0,51.0
7315,82,2026-06-25,7.7,0.3,,85.0,336.1
7316,82,2026-06-26,6.8,1.2,Shift changeover & inspection,65.3,160.9
7317,82,2026-06-27,7.4,0.6,,84.1,331.5
7318,82,2026-06-28,5.7,2.3,Shift changeover & inspection,65.3,168.0
7319,82,2026-06-29,6.2,1.8,Shift changeover & inspection,59.1,176.8
7320,82,2026-06-30,7.3,0.7,,109.2,289.7
7321,82,2026-07-01,7.2,0.8,,100.9,222.4
7322,82,2026-07-02,5.8,2.2,Shift changeover & inspection,65.7,133.8
7323,82,2026-07-03,5.6,2.4,Shift changeover & inspection,59.4,152.0
7324,82,2026-07-04,2.8,5.2,Engine overheated (>44°C ambient summer load),32.9,133.0
7325,82,2026-07-05,6.3,1.7,Shift changeover & inspection,77.2,227.9
7326,82,2026-07-06,6.2,1.8,Shift changeover & inspection,90.3,300.7
7327,82,2026-07-07,3.8,4.2,Tyre sidewall cut on sharp gondite boulders,50.7,149.6
7328,82,2026-07-08,1.6,6.4,Rainwater inundation at bottom pit bench (>40mm downpour),18.5,34.5
7329,82,2026-07-09,6.6,1.4,Shift changeover & inspection,83.1,249.9
7330,82,2026-07-10,4.2,3.8,Tyre sidewall cut on sharp gondite boulders,41.3,206.2
7331,82,2026-07-11,5.9,2.1,Shift changeover & inspection,70.1,119.3
7332,82,2026-07-12,3.3,4.7,Rainwater inundation at bottom pit bench (>40mm downpour),48.1,120.0
7333,82,2026-07-13,4.0,4.0,Tyre sidewall cut on sharp gondite boulders,59.0,190.3
7334,82,2026-07-14,6.1,1.9,Shift changeover & inspection,87.7,304.6
7335,82,2026-07-15,7.6,0.4,,106.5,263.4
7336,82,2026-07-16,3.0,5.0,Rainwater inundation at bottom pit bench (>40mm downpour),34.8,97.8
7337,82,2026-07-17,2.0,6.0,Rainwater inundation at bottom pit bench (>40mm downpour),28.9,71.1
7338,82,2026-07-18,6.8,1.2,Shift changeover & inspection,87.0,226.2
7339,82,2026-07-19,5.6,2.4,Shift changeover & inspection,54.1,263.3
7340,82,2026-07-20,7.7,0.3,,93.4,282.5
7341,82,2026-07-21,2.5,5.5,Main sump pump silt clogging from monsoon slurry,27.1,61.2
7342,82,2026-07-22,5.6,2.4,Shift changeover & inspection,52.5,235.2
7343,82,2026-07-23,6.0,2.0,Shift changeover & inspection,84.9,247.6
7344,82,2026-07-24,6.8,1.2,Shift changeover & inspection,56.6,330.6
7345,82,2026-07-25,3.7,4.3,Rainwater inundation at bottom pit bench (>40mm downpour),38.9,156.9
7346,82,2026-07-26,2.0,6.0,Tyre sidewall cut on sharp gondite boulders,17.1,77.2
7347,82,2026-07-27,6.1,1.9,Shift changeover & inspection,85.2,141.2
7348,82,2026-07-28,2.3,5.7,Rainwater inundation at bottom pit bench (>40mm downpour),19.6,91.2
7349,82,2026-07-29,6.2,1.8,Shift changeover & inspection,91.9,262.3
7350,82,2026-07-30,7.6,0.4,,101.1,340.4
7351,82,2026-07-31,7.1,0.9,,68.1,224.0
7352,82,2026-08-01,6.3,1.7,Shift changeover & inspection,63.0,194.8
7353,82,2026-08-02,6.5,1.5,Shift changeover & inspection,89.4,313.7
7354,82,2026-08-03,3.9,4.1,Main sump pump silt clogging from monsoon slurry,55.2,78.6
7355,82,2026-08-04,6.1,1.9,Shift changeover & inspection,78.1,134.0
7356,82,2026-08-05,6.8,1.2,Shift changeover & inspection,73.6,198.6
7357,82,2026-08-06,5.5,2.5,Shift changeover & inspection,71.7,171.9
7358,82,2026-08-07,7.0,1.0,Shift changeover & inspection,56.9,285.2
7359,82,2026-08-08,7.5,0.5,,94.8,347.7
7360,82,2026-08-09,7.4,0.6,,102.9,243.9
7361,82,2026-08-10,6.1,1.9,Shift changeover & inspection,79.6,230.6
7362,82,2026-08-11,2.8,5.2,Main sump pump silt clogging from monsoon slurry,31.4,139.0
7363,82,2026-08-12,3.4,4.6,Tyre sidewall cut on sharp gondite boulders,40.5,133.6
7364,82,2026-08-13,3.1,4.9,Tyre sidewall cut on sharp gondite boulders,24.9,126.8
7365,82,2026-08-14,6.0,2.0,Shift changeover & inspection,87.9,254.8
7366,82,2026-08-15,6.0,2.0,Shift changeover & inspection,72.2,190.7
7367,82,2026-08-16,6.8,1.2,Shift changeover & inspection,60.3,255.2
7368,82,2026-08-17,2.2,5.8,Main sump pump silt clogging from monsoon slurry,25.3,101.9
7369,82,2026-08-18,4.0,4.0,Main sump pump silt clogging from monsoon slurry,49.6,155.2
7370,82,2026-08-19,3.5,4.5,Engine overheated (>44°C ambient summer load),28.5,124.0
7371,82,2026-08-20,6.7,1.3,Shift changeover & inspection,94.9,234.9
7372,82,2026-08-21,7.5,0.5,,87.8,319.1
7373,82,2026-08-22,2.4,5.6,Tyre sidewall cut on sharp gondite boulders,25.9,65.2
7374,82,2026-08-23,7.0,1.0,Shift changeover & inspection,93.0,155.9
7375,82,2026-08-24,6.5,1.5,Shift changeover & inspection,81.4,149.8
7376,82,2026-08-25,7.6,0.4,,68.8,367.3
7377,82,2026-08-26,7.8,0.2,,96.4,198.3
7378,82,2026-08-27,0.9,7.1,Main sump pump silt clogging from monsoon slurry,8.2,41.2
7379,82,2026-08-28,4.2,3.8,Main sump pump silt clogging from monsoon slurry,43.0,100.2
7380,82,2026-08-29,2.5,5.5,Rainwater inundation at bottom pit bench (>40mm downpour),29.1,71.4
7381,83,2026-06-01,6.3,1.7,Shift changeover & inspection,89.9,271.2
7382,83,2026-06-02,5.8,2.2,Shift changeover & inspection,73.8,223.1
7383,83,2026-06-03,6.1,1.9,Shift changeover & inspection,53.7,223.5
7384,83,2026-06-04,6.8,1.2,Shift changeover & inspection,71.0,301.1
7385,83,2026-06-05,6.2,1.8,Shift changeover & inspection,50.4,191.6
7386,83,2026-06-06,6.4,1.6,Shift changeover & inspection,57.9,188.1
7387,83,2026-06-07,5.6,2.4,Shift changeover & inspection,64.0,142.0
7388,83,2026-06-08,6.7,1.3,Shift changeover & inspection,64.5,193.4
7389,83,2026-06-09,7.6,0.4,,91.3,315.7
7390,83,2026-06-10,5.5,2.5,Shift changeover & inspection,56.2,176.1
7391,83,2026-06-11,6.2,1.8,Shift changeover & inspection,78.1,206.3
7392,83,2026-06-12,1.4,6.6,Shaft winder cage guide rope alignment check,18.4,48.4
7393,83,2026-06-13,5.8,2.2,Shift changeover & inspection,86.9,222.7
7394,83,2026-06-14,6.2,1.8,Shift changeover & inspection,56.6,220.2
7395,83,2026-06-15,5.8,2.2,Shift changeover & inspection,82.2,266.4
7396,83,2026-06-16,7.0,1.0,Shift changeover & inspection,82.3,336.8
7397,83,2026-06-17,6.6,1.4,Shift changeover & inspection,70.6,170.3
7398,83,2026-06-18,6.5,1.5,Shift changeover & inspection,81.9,237.6
7399,83,2026-06-19,6.1,1.9,Shift changeover & inspection,51.0,277.9
7400,83,2026-06-20,6.5,1.5,Shift changeover & inspection,96.6,265.0
7401,83,2026-06-21,5.8,2.2,Shift changeover & inspection,62.6,273.3
7402,83,2026-06-22,7.4,0.6,,94.8,179.8
7403,83,2026-06-23,7.6,0.4,,77.4,287.9
7404,83,2026-06-24,7.4,0.6,,65.7,302.1
7405,83,2026-06-25,7.1,0.9,,104.6,249.1
7406,83,2026-06-26,6.2,1.8,Shift changeover & inspection,61.3,276.7
7407,83,2026-06-27,7.5,0.5,,81.1,227.6
7408,83,2026-06-28,6.6,1.4,Shift changeover & inspection,74.4,324.1
7409,83,2026-06-29,2.7,5.3,Main sump pump silt clogging from monsoon slurry,33.8,125.1
7410,83,2026-06-30,3.0,5.0,Tyre sidewall cut on sharp gondite boulders,27.8,123.7
7411,83,2026-07-01,7.0,1.0,Shift changeover & inspection,100.3,193.0
7412,83,2026-07-02,2.8,5.2,Main sump pump silt clogging from monsoon slurry,31.7,116.3
7413,83,2026-07-03,2.4,5.6,Rainwater inundation at bottom pit bench (>40mm downpour),30.8,111.1
7414,83,2026-07-04,5.6,2.4,Shift changeover & inspection,51.5,229.4
7415,83,2026-07-05,3.4,4.6,Tyre sidewall cut on sharp gondite boulders,39.1,140.9
7416,83,2026-07-06,2.8,5.2,Tyre sidewall cut on sharp gondite boulders,39.2,139.4
7417,83,2026-07-07,7.1,0.9,,95.6,280.1
7418,83,2026-07-08,2.3,5.7,Tyre sidewall cut on sharp gondite boulders,25.7,106.0
7419,83,2026-07-09,3.6,4.4,Rainwater inundation at bottom pit bench (>40mm downpour),30.4,143.4
7420,83,2026-07-10,3.9,4.1,Tyre sidewall cut on sharp gondite boulders,36.0,165.2
7421,83,2026-07-11,1.9,6.1,Tyre sidewall cut on sharp gondite boulders,27.3,77.6
7422,83,2026-07-12,7.1,0.9,,66.2,328.5
7423,83,2026-07-13,7.2,0.8,,104.3,336.6
7424,83,2026-07-14,1.0,7.0,Blasting toxic fume / dust clearance standstill,13.4,25.5
7425,83,2026-07-15,2.4,5.6,Tyre sidewall cut on sharp gondite boulders,31.7,78.9
7426,83,2026-07-16,1.6,6.4,Main sump pump silt clogging from monsoon slurry,19.7,77.5
7427,83,2026-07-17,7.4,0.6,,77.9,315.7
7428,83,2026-07-18,3.8,4.2,Main sump pump silt clogging from monsoon slurry,41.4,161.9
7429,83,2026-07-19,7.3,0.7,,104.5,221.2
7430,83,2026-07-20,6.0,2.0,Shift changeover & inspection,77.0,219.5
7431,83,2026-07-21,6.0,2.0,Shift changeover & inspection,56.7,274.9
7432,83,2026-07-22,6.6,1.4,Shift changeover & inspection,98.7,278.4
7433,83,2026-07-23,3.8,4.2,Tyre sidewall cut on sharp gondite boulders,41.0,186.0
7434,83,2026-07-24,5.9,2.1,Shift changeover & inspection,60.2,236.9
7435,83,2026-07-25,7.7,0.3,,71.0,270.5
7436,83,2026-07-26,6.2,1.8,Shift changeover & inspection,62.8,236.0
7437,83,2026-07-27,7.6,0.4,,91.2,374.4
7438,83,2026-07-28,5.7,2.3,Shift changeover & inspection,53.9,124.9
7439,83,2026-07-29,3.5,4.5,Tyre sidewall cut on sharp gondite boulders,36.9,161.4
7440,83,2026-07-30,6.6,1.4,Shift changeover & inspection,68.6,202.9
7441,83,2026-07-31,6.4,1.6,Shift changeover & inspection,76.9,252.5
7442,83,2026-08-01,3.8,4.2,Rainwater inundation at bottom pit bench (>40mm downpour),41.8,159.0
7443,83,2026-08-02,5.6,2.4,Shift changeover & inspection,66.3,233.1
7444,83,2026-08-03,2.6,5.4,Main sump pump silt clogging from monsoon slurry,32.5,58.4
7445,83,2026-08-04,6.8,1.2,Shift changeover & inspection,77.1,289.7
7446,83,2026-08-05,1.7,6.3,Tyre sidewall cut on sharp gondite boulders,24.1,76.4
7447,83,2026-08-06,3.5,4.5,Shaft winder cage guide rope alignment check,29.5,111.8
7448,83,2026-08-07,7.1,0.9,,97.5,192.6
7449,83,2026-08-08,6.9,1.1,Shift changeover & inspection,88.1,227.2
7450,83,2026-08-09,3.1,4.9,Rainwater inundation at bottom pit bench (>40mm downpour),25.1,98.6
7451,83,2026-08-10,6.7,1.3,Shift changeover & inspection,54.1,279.0
7452,83,2026-08-11,3.4,4.6,Engine overheated (>44°C ambient summer load),42.6,115.6
7453,83,2026-08-12,3.3,4.7,Rainwater inundation at bottom pit bench (>40mm downpour),29.2,129.7
7454,83,2026-08-13,5.6,2.4,Shift changeover & inspection,46.4,209.8
7455,83,2026-08-14,5.6,2.4,Shift changeover & inspection,61.4,273.3
7456,83,2026-08-15,6.4,1.6,Shift changeover & inspection,89.7,245.3
7457,83,2026-08-16,0.0,8.0,Rainwater inundation at bottom pit bench (>40mm downpour),0.0,0.0
7458,83,2026-08-17,4.4,3.6,Tyre sidewall cut on sharp gondite boulders,61.5,148.9
7459,83,2026-08-18,7.3,0.7,,81.4,260.4
7460,83,2026-08-19,0.4,7.6,DGMS statutory electrical ground-fault trip,5.6,17.2
7461,83,2026-08-20,2.4,5.6,Rainwater inundation at bottom pit bench (>40mm downpour),20.8,62.5
7462,83,2026-08-21,3.4,4.6,Tyre sidewall cut on sharp gondite boulders,39.9,87.9
7463,83,2026-08-22,6.6,1.4,Shift changeover & inspection,56.8,274.0
7464,83,2026-08-23,5.8,2.2,Shift changeover & inspection,76.9,271.1
7465,83,2026-08-24,7.6,0.4,,105.4,226.4
7466,83,2026-08-25,1.6,6.4,Tyre sidewall cut on sharp gondite boulders,18.0,45.3
7467,83,2026-08-26,5.9,2.1,Shift changeover & inspection,73.1,199.7
7468,83,2026-08-27,3.4,4.6,Hydraulic hose burst / high pressure pump cavitation,35.3,152.2
7469,83,2026-08-28,7.4,0.6,,93.4,352.6
7470,83,2026-08-29,6.2,1.8,Shift changeover & inspection,75.3,213.0
7471,84,2026-06-01,6.9,1.1,Shift changeover & inspection,296.4,207.7
7472,84,2026-06-02,2.0,6.0,Tyre sidewall cut on sharp gondite boulders,57.2,70.9
7473,84,2026-06-03,5.5,2.5,Shift changeover & inspection,173.1,166.1
7474,84,2026-06-04,5.9,2.1,Shift changeover & inspection,243.6,277.7
7475,84,2026-06-05,6.4,1.6,Shift changeover & inspection,253.3,240.1
7476,84,2026-06-06,6.4,1.6,Shift changeover & inspection,259.0,280.2
7477,84,2026-06-07,6.5,1.5,Shift changeover & inspection,212.6,153.8
7478,84,2026-06-08,5.6,2.4,Shift changeover & inspection,171.6,138.9
7479,84,2026-06-09,6.7,1.3,Shift changeover & inspection,283.2,166.3
7480,84,2026-06-10,7.3,0.7,,309.9,313.1
7481,84,2026-06-11,7.1,0.9,,163.8,337.8
7482,84,2026-06-12,7.2,0.8,,208.3,303.2
7483,84,2026-06-13,7.0,1.0,Shift changeover & inspection,293.3,331.0
7484,84,2026-06-14,5.6,2.4,Shift changeover & inspection,143.1,263.4
7485,84,2026-06-15,6.0,2.0,Shift changeover & inspection,186.3,281.7
7486,84,2026-06-16,7.4,0.6,,215.6,285.0
7487,84,2026-06-17,7.2,0.8,,198.0,340.6
7488,84,2026-06-18,6.5,1.5,Shift changeover & inspection,259.7,154.0
7489,84,2026-06-19,6.8,1.2,Shift changeover & inspection,218.2,306.6
7490,84,2026-06-20,7.4,0.6,,194.3,245.4
7491,84,2026-06-21,7.6,0.4,,228.8,277.7
7492,84,2026-06-22,5.6,2.4,Shift changeover & inspection,177.8,180.5
7493,84,2026-06-23,5.8,2.2,Shift changeover & inspection,147.2,119.5
7494,84,2026-06-24,7.4,0.6,,278.8,368.1
7495,84,2026-06-25,7.4,0.6,,304.2,237.3
7496,84,2026-06-26,6.2,1.8,Shift changeover & inspection,224.1,291.2
7497,84,2026-06-27,7.3,0.7,,317.7,325.6
7498,84,2026-06-28,6.9,1.1,Shift changeover & inspection,282.5,149.5
7499,84,2026-06-29,6.3,1.7,Shift changeover & inspection,140.2,135.0
7500,84,2026-06-30,5.6,2.4,Shift changeover & inspection,166.8,131.8
7501,84,2026-07-01,6.3,1.7,Shift changeover & inspection,263.5,212.8
7502,84,2026-07-02,6.2,1.8,Shift changeover & inspection,257.4,294.6
7503,84,2026-07-03,4.1,3.9,Rainwater inundation at bottom pit bench (>40mm downpour),120.6,204.3
7504,84,2026-07-04,1.5,6.5,Rainwater inundation at bottom pit bench (>40mm downpour),41.8,64.7
7505,84,2026-07-05,5.6,2.4,Shift changeover & inspection,208.5,275.7
7506,84,2026-07-06,2.9,5.1,Main sump pump silt clogging from monsoon slurry,78.0,91.7
7507,84,2026-07-07,7.6,0.4,,199.0,184.1
7508,84,2026-07-08,6.4,1.6,Shift changeover & inspection,143.5,157.9
7509,84,2026-07-09,2.3,5.7,Rainwater inundation at bottom pit bench (>40mm downpour),83.7,93.6
7510,84,2026-07-10,7.4,0.6,,169.0,251.2
7511,84,2026-07-11,7.2,0.8,,301.4,241.5
7512,84,2026-07-12,1.8,6.2,Rainwater inundation at bottom pit bench (>40mm downpour),73.4,58.9
7513,84,2026-07-13,4.4,3.6,Tyre sidewall cut on sharp gondite boulders,176.5,160.8
7514,84,2026-07-14,1.8,6.2,Tyre sidewall cut on sharp gondite boulders,73.7,80.0
7515,84,2026-07-15,1.9,6.1,Rainwater inundation at bottom pit bench (>40mm downpour),61.2,65.8
7516,84,2026-07-16,6.2,1.8,Shift changeover & inspection,170.1,126.0
7517,84,2026-07-17,4.1,3.9,Rainwater inundation at bottom pit bench (>40mm downpour),161.8,95.4
7518,84,2026-07-18,6.7,1.3,Shift changeover & inspection,282.9,224.2
7519,84,2026-07-19,5.9,2.1,Shift changeover & inspection,199.8,204.4
7520,84,2026-07-20,3.0,5.0,Rainwater inundation at bottom pit bench (>40mm downpour),121.7,68.6
7521,84,2026-07-21,7.2,0.8,,205.2,204.1
7522,84,2026-07-22,5.6,2.4,Shift changeover & inspection,246.1,211.2
7523,84,2026-07-23,1.0,7.0,Shaft winder cage guide rope alignment check,41.5,28.5
7524,84,2026-07-24,3.3,4.7,Tyre sidewall cut on sharp gondite boulders,87.7,143.3
7525,84,2026-07-25,6.4,1.6,Shift changeover & inspection,149.9,214.5
7526,84,2026-07-26,5.9,2.1,Shift changeover & inspection,203.9,276.9
7527,84,2026-07-27,3.7,4.3,Main sump pump silt clogging from monsoon slurry,158.4,172.6
7528,84,2026-07-28,7.6,0.4,,234.6,274.7
7529,84,2026-07-29,6.0,2.0,Shift changeover & inspection,253.1,128.4
7530,84,2026-07-30,6.4,1.6,Shift changeover & inspection,203.1,191.6
7531,84,2026-07-31,7.1,0.9,,259.3,310.0
7532,84,2026-08-01,7.7,0.3,,210.0,312.6
7533,84,2026-08-02,6.2,1.8,Shift changeover & inspection,217.1,124.9
7534,84,2026-08-03,7.7,0.3,,264.3,238.5
7535,84,2026-08-04,5.7,2.3,Shift changeover & inspection,225.4,123.8
7536,84,2026-08-05,7.4,0.6,,243.3,274.0
7537,84,2026-08-06,7.2,0.8,,201.5,343.5
7538,84,2026-08-07,1.9,6.1,Main sump pump silt clogging from monsoon slurry,72.1,51.9
7539,84,2026-08-08,6.9,1.1,Shift changeover & inspection,164.8,222.3
7540,84,2026-08-09,6.6,1.4,Shift changeover & inspection,282.0,188.1
7541,84,2026-08-10,3.2,4.8,Main sump pump silt clogging from monsoon slurry,99.5,101.0
7542,84,2026-08-11,7.3,0.7,,245.0,341.3
7543,84,2026-08-12,6.5,1.5,Shift changeover & inspection,198.0,290.0
7544,84,2026-08-13,1.9,6.1,DGMS statutory electrical ground-fault trip,80.5,38.9
7545,84,2026-08-14,7.1,0.9,,276.1,260.3
7546,84,2026-08-15,5.7,2.3,Shift changeover & inspection,243.2,271.9
7547,84,2026-08-16,3.1,4.9,Main sump pump silt clogging from monsoon slurry,84.3,136.0
7548,84,2026-08-17,4.3,3.7,Rainwater inundation at bottom pit bench (>40mm downpour),187.3,180.4
7549,84,2026-08-18,6.7,1.3,Shift changeover & inspection,164.0,204.4
7550,84,2026-08-19,1.8,6.2,Main sump pump silt clogging from monsoon slurry,39.9,83.7
7551,84,2026-08-20,0.3,7.7,DGMS statutory electrical ground-fault trip,9.1,9.3
7552,84,2026-08-21,7.0,1.0,Shift changeover & inspection,215.7,220.6
7553,84,2026-08-22,1.6,6.4,Rainwater inundation at bottom pit bench (>40mm downpour),37.1,65.7
7554,84,2026-08-23,6.2,1.8,Shift changeover & inspection,204.6,227.2
7555,84,2026-08-24,5.5,2.5,Shift changeover & inspection,224.9,189.4
7556,84,2026-08-25,3.6,4.4,Tyre sidewall cut on sharp gondite boulders,115.4,93.6
7557,84,2026-08-26,7.3,0.7,,289.0,180.6
7558,84,2026-08-27,7.5,0.5,,260.0,327.8
7559,84,2026-08-28,7.7,0.3,,288.7,360.4
7560,84,2026-08-29,2.9,5.1,Main sump pump silt clogging from monsoon slurry,121.4,64.5
7561,85,2026-06-01,0.5,7.5,DGMS statutory electrical ground-fault trip,15.1,13.3
7562,85,2026-06-02,6.6,1.4,Shift changeover & inspection,234.8,176.0
7563,85,2026-06-03,6.9,1.1,Shift changeover & inspection,197.0,184.2
7564,85,2026-06-04,7.3,0.7,,281.3,322.2
7565,85,2026-06-05,1.6,6.4,DGMS statutory electrical ground-fault trip,37.5,46.4
7566,85,2026-06-06,7.0,1.0,Shift changeover & inspection,283.1,257.1
7567,85,2026-06-07,6.0,2.0,Shift changeover & inspection,184.5,188.2
7568,85,2026-06-08,5.5,2.5,Shift changeover & inspection,195.0,244.4
7569,85,2026-06-09,7.7,0.3,,321.3,287.1
7570,85,2026-06-10,6.8,1.2,Shift changeover & inspection,251.8,205.8
7571,85,2026-06-11,5.8,2.2,Shift changeover & inspection,158.0,168.5
7572,85,2026-06-12,5.6,2.4,Shift changeover & inspection,243.7,189.8
7573,85,2026-06-13,7.7,0.3,,260.7,351.2
7574,85,2026-06-14,7.1,0.9,,177.8,248.9
7575,85,2026-06-15,7.5,0.5,,196.4,303.5
7576,85,2026-06-16,6.8,1.2,Shift changeover & inspection,210.4,313.0
7577,85,2026-06-17,6.2,1.8,Shift changeover & inspection,256.8,172.1
7578,85,2026-06-18,6.0,2.0,Shift changeover & inspection,185.3,197.0
7579,85,2026-06-19,7.3,0.7,,297.9,303.9
7580,85,2026-06-20,7.3,0.7,,228.2,234.8
7581,85,2026-06-21,6.6,1.4,Shift changeover & inspection,236.5,187.7
7582,85,2026-06-22,7.7,0.3,,230.5,340.3
7583,85,2026-06-23,7.2,0.8,,264.3,321.5
7584,85,2026-06-24,7.5,0.5,,169.4,221.9
7585,85,2026-06-25,0.1,7.9,Tyre sidewall cut on sharp gondite boulders,3.2,2.9
7586,85,2026-06-26,2.2,5.8,Rainwater inundation at bottom pit bench (>40mm downpour),56.0,45.5
7587,85,2026-06-27,1.1,6.9,Engine overheated (>44°C ambient summer load),25.4,53.7
7588,85,2026-06-28,7.5,0.5,,282.3,190.7
7589,85,2026-06-29,7.6,0.4,,243.8,255.1
7590,85,2026-06-30,6.3,1.7,Shift changeover & inspection,225.5,140.8
7591,85,2026-07-01,7.4,0.6,,298.9,222.1
7592,85,2026-07-02,3.5,4.5,Rainwater inundation at bottom pit bench (>40mm downpour),127.8,99.5
7593,85,2026-07-03,4.0,4.0,Rainwater inundation at bottom pit bench (>40mm downpour),95.9,123.1
7594,85,2026-07-04,1.9,6.1,Hydraulic hose burst / high pressure pump cavitation,63.7,59.8
7595,85,2026-07-05,6.7,1.3,Shift changeover & inspection,301.3,285.5
7596,85,2026-07-06,6.0,2.0,Shift changeover & inspection,163.9,141.9
7597,85,2026-07-07,4.0,4.0,Main sump pump silt clogging from monsoon slurry,136.9,116.2
7598,85,2026-07-08,6.2,1.8,Shift changeover & inspection,274.0,250.0
7599,85,2026-07-09,7.6,0.4,,174.3,227.1
7600,85,2026-07-10,1.0,7.0,Hydraulic hose burst / high pressure pump cavitation,40.9,34.0
7601,85,2026-07-11,6.4,1.6,Shift changeover & inspection,223.7,183.9
7602,85,2026-07-12,7.1,0.9,,248.3,294.1
7603,85,2026-07-13,7.0,1.0,Shift changeover & inspection,189.3,248.3
7604,85,2026-07-14,6.3,1.7,Shift changeover & inspection,237.6,309.5
7605,85,2026-07-15,7.6,0.4,,266.6,254.6
7606,85,2026-07-16,1.6,6.4,Main sump pump silt clogging from monsoon slurry,64.8,64.2
7607,85,2026-07-17,6.4,1.6,Shift changeover & inspection,243.3,276.0
7608,85,2026-07-18,7.0,1.0,Shift changeover & inspection,173.9,238.1
7609,85,2026-07-19,5.9,2.1,Shift changeover & inspection,216.6,295.0
7610,85,2026-07-20,5.6,2.4,Shift changeover & inspection,238.7,198.7
7611,85,2026-07-21,7.1,0.9,,205.5,172.5
7612,85,2026-07-22,3.3,4.7,Rainwater inundation at bottom pit bench (>40mm downpour),74.6,160.1
7613,85,2026-07-23,7.5,0.5,,262.2,323.9
7614,85,2026-07-24,4.2,3.8,Rainwater inundation at bottom pit bench (>40mm downpour),170.4,162.6
7615,85,2026-07-25,2.4,5.6,Tyre sidewall cut on sharp gondite boulders,61.9,115.5
7616,85,2026-07-26,5.8,2.2,Shift changeover & inspection,183.1,157.9
7617,85,2026-07-27,2.3,5.7,Rainwater inundation at bottom pit bench (>40mm downpour),99.7,56.2
7618,85,2026-07-28,6.2,1.8,Shift changeover & inspection,209.1,281.3
7619,85,2026-07-29,4.3,3.7,Main sump pump silt clogging from monsoon slurry,162.0,210.7
7620,85,2026-07-30,4.3,3.7,Tyre sidewall cut on sharp gondite boulders,95.0,127.7
7621,85,2026-07-31,5.6,2.4,Shift changeover & inspection,218.1,114.1
7622,85,2026-08-01,7.3,0.7,,323.7,297.8
7623,85,2026-08-02,2.4,5.6,Hydraulic hose burst / high pressure pump cavitation,92.9,93.3
7624,85,2026-08-03,6.1,1.9,Shift changeover & inspection,148.2,277.4
7625,85,2026-08-04,3.5,4.5,Rainwater inundation at bottom pit bench (>40mm downpour),120.5,132.8
7626,85,2026-08-05,4.4,3.6,Tyre sidewall cut on sharp gondite boulders,131.6,180.3
7627,85,2026-08-06,7.5,0.5,,290.3,268.9
7628,85,2026-08-07,5.6,2.4,Shift changeover & inspection,132.5,169.4
7629,85,2026-08-08,2.1,5.9,Blasting toxic fume / dust clearance standstill,58.9,83.6
7630,85,2026-08-09,2.9,5.1,Tyre sidewall cut on sharp gondite boulders,69.4,121.1
7631,85,2026-08-10,6.7,1.3,Shift changeover & inspection,194.2,246.9
7632,85,2026-08-11,6.1,1.9,Shift changeover & inspection,164.6,224.4
7633,85,2026-08-12,0.3,7.7,Rainwater inundation at bottom pit bench (>40mm downpour),11.1,12.3
7634,85,2026-08-13,6.0,2.0,Shift changeover & inspection,165.7,199.9
7635,85,2026-08-14,5.8,2.2,Shift changeover & inspection,129.1,147.7
7636,85,2026-08-15,3.4,4.6,Main sump pump silt clogging from monsoon slurry,132.0,166.1
7637,85,2026-08-16,6.7,1.3,Shift changeover & inspection,277.6,168.2
7638,85,2026-08-17,5.7,2.3,Shift changeover & inspection,211.8,140.4
7639,85,2026-08-18,7.2,0.8,,262.8,268.8
7640,85,2026-08-19,6.5,1.5,Shift changeover & inspection,244.2,252.7
7641,85,2026-08-20,5.9,2.1,Shift changeover & inspection,240.6,246.5
7642,85,2026-08-21,6.6,1.4,Shift changeover & inspection,151.1,283.9
7643,85,2026-08-22,6.8,1.2,Shift changeover & inspection,296.1,334.9
7644,85,2026-08-23,6.7,1.3,Shift changeover & inspection,165.2,329.5
7645,85,2026-08-24,7.2,0.8,,254.2,270.1
7646,85,2026-08-25,7.7,0.3,,198.6,225.0
7647,85,2026-08-26,7.3,0.7,,204.5,248.0
7648,85,2026-08-27,0.3,7.7,Hydraulic hose burst / high pressure pump cavitation,10.1,10.7
7649,85,2026-08-28,7.6,0.4,,237.9,174.3
7650,85,2026-08-29,6.1,1.9,Shift changeover & inspection,174.8,245.8
7651,86,2026-06-01,6.6,1.4,Shift changeover & inspection,97.9,241.2
7652,86,2026-06-02,7.5,0.5,,90.4,319.4
7653,86,2026-06-03,6.1,1.9,Shift changeover & inspection,49.2,300.4
7654,86,2026-06-04,5.8,2.2,Shift changeover & inspection,65.7,196.5
7655,86,2026-06-05,7.4,0.6,,94.7,284.6
7656,86,2026-06-06,5.5,2.5,Shift changeover & inspection,59.5,233.0
7657,86,2026-06-07,5.7,2.3,Shift changeover & inspection,80.9,246.3
7658,86,2026-06-08,5.8,2.2,Shift changeover & inspection,51.0,142.4
7659,86,2026-06-09,1.2,6.8,Shaft winder cage guide rope alignment check,12.1,34.0
7660,86,2026-06-10,7.6,0.4,,72.8,321.9
7661,86,2026-06-11,6.9,1.1,Shift changeover & inspection,86.3,238.1
7662,86,2026-06-12,6.9,1.1,Shift changeover & inspection,94.8,173.7
7663,86,2026-06-13,6.3,1.7,Shift changeover & inspection,68.3,310.6
7664,86,2026-06-14,5.7,2.3,Shift changeover & inspection,58.7,259.1
7665,86,2026-06-15,5.8,2.2,Shift changeover & inspection,72.9,221.2
7666,86,2026-06-16,7.4,0.6,,80.2,218.5
7667,86,2026-06-17,5.8,2.2,Shift changeover & inspection,51.5,169.2
7668,86,2026-06-18,6.9,1.1,Shift changeover & inspection,78.5,142.9
7669,86,2026-06-19,6.3,1.7,Shift changeover & inspection,80.5,307.0
7670,86,2026-06-20,2.6,5.4,Tyre sidewall cut on sharp gondite boulders,30.7,80.2
7671,86,2026-06-21,6.3,1.7,Shift changeover & inspection,64.1,210.9
7672,86,2026-06-22,6.6,1.4,Shift changeover & inspection,60.6,150.5
7673,86,2026-06-23,5.9,2.1,Shift changeover & inspection,54.7,195.8
7674,86,2026-06-24,5.9,2.1,Shift changeover & inspection,85.8,263.7
7675,86,2026-06-25,7.5,0.5,,67.7,158.4
7676,86,2026-06-26,6.0,2.0,Shift changeover & inspection,81.3,121.0
7677,86,2026-06-27,7.7,0.3,,104.5,219.2
7678,86,2026-06-28,6.4,1.6,Shift changeover & inspection,53.1,132.3
7679,86,2026-06-29,7.3,0.7,,75.2,274.9
7680,86,2026-06-30,5.7,2.3,Shift changeover & inspection,49.1,120.6
7681,86,2026-07-01,3.9,4.1,Main sump pump silt clogging from monsoon slurry,39.8,102.4
7682,86,2026-07-02,6.3,1.7,Shift changeover & inspection,84.3,233.4
7683,86,2026-07-03,7.6,0.4,,103.8,199.3
7684,86,2026-07-04,3.6,4.4,Tyre sidewall cut on sharp gondite boulders,39.1,100.7
7685,86,2026-07-05,3.4,4.6,Tyre sidewall cut on sharp gondite boulders,46.0,85.8
7686,86,2026-07-06,3.7,4.3,Main sump pump silt clogging from monsoon slurry,35.5,123.9
7687,86,2026-07-07,1.8,6.2,Main sump pump silt clogging from monsoon slurry,17.2,51.2
7688,86,2026-07-08,6.8,1.2,Shift changeover & inspection,82.6,160.8
7689,86,2026-07-09,6.6,1.4,Shift changeover & inspection,54.1,195.2
7690,86,2026-07-10,2.7,5.3,Engine overheated (>44°C ambient summer load),31.5,111.5
7691,86,2026-07-11,6.1,1.9,Shift changeover & inspection,91.3,287.1
7692,86,2026-07-12,5.6,2.4,Shift changeover & inspection,54.4,241.5
7693,86,2026-07-13,7.5,0.5,,62.0,192.4
7694,86,2026-07-14,5.8,2.2,Shift changeover & inspection,71.8,204.6
7695,86,2026-07-15,5.7,2.3,Shift changeover & inspection,76.9,234.6
7696,86,2026-07-16,2.7,5.3,Rainwater inundation at bottom pit bench (>40mm downpour),34.6,70.4
7697,86,2026-07-17,6.0,2.0,Shift changeover & inspection,51.0,153.0
7698,86,2026-07-18,3.1,4.9,Main sump pump silt clogging from monsoon slurry,38.3,122.4
7699,86,2026-07-19,7.4,0.6,,86.0,236.5
7700,86,2026-07-20,6.1,1.9,Shift changeover & inspection,74.3,232.7
7701,86,2026-07-21,6.8,1.2,Shift changeover & inspection,62.2,186.8
7702,86,2026-07-22,7.7,0.3,,112.2,159.6
7703,86,2026-07-23,6.1,1.9,Shift changeover & inspection,89.5,163.2
7704,86,2026-07-24,7.1,0.9,,70.1,266.0
7705,86,2026-07-25,6.9,1.1,Shift changeover & inspection,94.6,181.3
7706,86,2026-07-26,4.2,3.8,Tyre sidewall cut on sharp gondite boulders,56.1,154.3
7707,86,2026-07-27,7.4,0.6,,92.6,342.0
7708,86,2026-07-28,3.5,4.5,Rainwater inundation at bottom pit bench (>40mm downpour),38.3,101.7
7709,86,2026-07-29,5.8,2.2,Shift changeover & inspection,80.5,275.4
7710,86,2026-07-30,6.6,1.4,Shift changeover & inspection,61.9,264.1
7711,86,2026-07-31,7.6,0.4,,95.3,353.8
7712,86,2026-08-01,7.6,0.4,,90.0,341.9
7713,86,2026-08-02,6.4,1.6,Shift changeover & inspection,66.1,245.4
7714,86,2026-08-03,2.0,6.0,Main sump pump silt clogging from monsoon slurry,19.9,50.8
7715,86,2026-08-04,4.1,3.9,Rainwater inundation at bottom pit bench (>40mm downpour),37.5,89.9
7716,86,2026-08-05,7.1,0.9,,73.6,348.1
7717,86,2026-08-06,3.5,4.5,Main sump pump silt clogging from monsoon slurry,37.7,160.2
7718,86,2026-08-07,2.1,5.9,Engine overheated (>44°C ambient summer load),19.8,92.1
7719,86,2026-08-08,3.3,4.7,Blasting toxic fume / dust clearance standstill,35.3,153.7
7720,86,2026-08-09,2.1,5.9,Main sump pump silt clogging from monsoon slurry,28.3,50.5
7721,86,2026-08-10,4.4,3.6,Main sump pump silt clogging from monsoon slurry,55.5,205.5
7722,86,2026-08-11,5.6,2.4,Shift changeover & inspection,64.4,221.2
7723,86,2026-08-12,7.2,0.8,,84.2,152.4
7724,86,2026-08-13,6.2,1.8,Shift changeover & inspection,81.6,183.3
7725,86,2026-08-14,6.7,1.3,Shift changeover & inspection,94.2,253.3
7726,86,2026-08-15,5.9,2.1,Shift changeover & inspection,53.9,171.7
7727,86,2026-08-16,3.5,4.5,Main sump pump silt clogging from monsoon slurry,51.5,79.3
7728,86,2026-08-17,1.3,6.7,Blasting toxic fume / dust clearance standstill,14.2,36.8
7729,86,2026-08-18,2.9,5.1,Rainwater inundation at bottom pit bench (>40mm downpour),26.2,58.3
7730,86,2026-08-19,4.0,4.0,Main sump pump silt clogging from monsoon slurry,58.9,141.9
7731,86,2026-08-20,6.3,1.7,Shift changeover & inspection,57.1,189.4
7732,86,2026-08-21,6.9,1.1,Shift changeover & inspection,80.3,277.4
7733,86,2026-08-22,6.8,1.2,Shift changeover & inspection,82.7,178.9
7734,86,2026-08-23,6.5,1.5,Shift changeover & inspection,53.4,297.1
7735,86,2026-08-24,7.2,0.8,,105.9,276.9
7736,86,2026-08-25,7.6,0.4,,92.0,234.0
7737,86,2026-08-26,6.4,1.6,Shift changeover & inspection,90.4,318.1
7738,86,2026-08-27,2.5,5.5,Rainwater inundation at bottom pit bench (>40mm downpour),23.2,107.2
7739,86,2026-08-28,3.9,4.1,Tyre sidewall cut on sharp gondite boulders,58.2,148.9
7740,86,2026-08-29,1.5,6.5,Main sump pump silt clogging from monsoon slurry,19.4,61.1
7741,87,2026-06-01,6.7,1.3,Shift changeover & inspection,62.5,236.0
7742,87,2026-06-02,7.4,0.6,,72.8,182.1
7743,87,2026-06-03,7.5,0.5,,89.1,256.7
7744,87,2026-06-04,5.8,2.2,Shift changeover & inspection,86.8,177.1
7745,87,2026-06-05,6.7,1.3,Shift changeover & inspection,100.4,144.1
7746,87,2026-06-06,7.4,0.6,,91.3,285.4
7747,87,2026-06-07,1.6,6.4,DGMS statutory electrical ground-fault trip,23.1,38.7
7748,87,2026-06-08,7.0,1.0,Shift changeover & inspection,92.7,245.0
7749,87,2026-06-09,6.5,1.5,Shift changeover & inspection,65.6,230.8
7750,87,2026-06-10,7.6,0.4,,105.5,272.0
7751,87,2026-06-11,6.3,1.7,Shift changeover & inspection,87.7,162.4
7752,87,2026-06-12,5.7,2.3,Shift changeover & inspection,55.0,128.1
7753,87,2026-06-13,6.7,1.3,Shift changeover & inspection,76.7,141.7
7754,87,2026-06-14,6.6,1.4,Shift changeover & inspection,61.5,307.0
7755,87,2026-06-15,7.3,0.7,,90.9,350.1
7756,87,2026-06-16,6.8,1.2,Shift changeover & inspection,101.9,254.2
7757,87,2026-06-17,2.4,5.6,Shaft winder cage guide rope alignment check,23.2,59.1
7758,87,2026-06-18,6.1,1.9,Shift changeover & inspection,60.6,249.1
7759,87,2026-06-19,0.5,7.5,Main sump pump silt clogging from monsoon slurry,6.7,20.0
7760,87,2026-06-20,2.6,5.4,Hydraulic hose burst / high pressure pump cavitation,38.0,65.6
7761,87,2026-06-21,6.1,1.9,Shift changeover & inspection,78.2,270.6
7762,87,2026-06-22,7.1,0.9,,58.4,237.5
7763,87,2026-06-23,6.0,2.0,Shift changeover & inspection,82.2,127.9
7764,87,2026-06-24,7.3,0.7,,78.1,267.7
7765,87,2026-06-25,7.7,0.3,,113.8,259.8
7766,87,2026-06-26,5.8,2.2,Shift changeover & inspection,65.0,215.7
7767,87,2026-06-27,0.1,7.9,Hydraulic hose burst / high pressure pump cavitation,1.1,4.9
7768,87,2026-06-28,7.0,1.0,Shift changeover & inspection,95.2,240.0
7769,87,2026-06-29,6.5,1.5,Shift changeover & inspection,71.4,222.0
7770,87,2026-06-30,5.6,2.4,Shift changeover & inspection,51.5,199.8
7771,87,2026-07-01,0.6,7.4,Tyre sidewall cut on sharp gondite boulders,6.5,29.4
7772,87,2026-07-02,5.6,2.4,Shift changeover & inspection,75.9,220.9
7773,87,2026-07-03,7.3,0.7,,101.6,157.5
7774,87,2026-07-04,7.4,0.6,,78.0,269.3
7775,87,2026-07-05,6.1,1.9,Shift changeover & inspection,68.0,270.3
7776,87,2026-07-06,5.7,2.3,Shift changeover & inspection,69.1,262.2
7777,87,2026-07-07,3.3,4.7,Rainwater inundation at bottom pit bench (>40mm downpour),49.5,144.0
7778,87,2026-07-08,5.8,2.2,Shift changeover & inspection,52.7,206.3
7779,87,2026-07-09,4.3,3.7,Tyre sidewall cut on sharp gondite boulders,40.9,194.5
7780,87,2026-07-10,7.4,0.6,,73.1,237.8
7781,87,2026-07-11,7.4,0.6,,65.4,179.8
7782,87,2026-07-12,6.3,1.7,Shift changeover & inspection,64.9,277.2
7783,87,2026-07-13,2.8,5.2,Engine overheated (>44°C ambient summer load),42.0,94.3
7784,87,2026-07-14,5.7,2.3,Shift changeover & inspection,53.7,123.6
7785,87,2026-07-15,5.6,2.4,Shift changeover & inspection,83.1,210.3
7786,87,2026-07-16,7.0,1.0,Shift changeover & inspection,86.5,154.4
7787,87,2026-07-17,5.8,2.2,Shift changeover & inspection,50.5,173.9
7788,87,2026-07-18,6.6,1.4,Shift changeover & inspection,54.9,167.5
7789,87,2026-07-19,6.8,1.2,Shift changeover & inspection,100.2,233.0
7790,87,2026-07-20,7.0,1.0,Shift changeover & inspection,70.1,285.9
7791,87,2026-07-21,1.7,6.3,Rainwater inundation at bottom pit bench (>40mm downpour),22.5,68.4
7792,87,2026-07-22,6.1,1.9,Shift changeover & inspection,52.5,166.8
7793,87,2026-07-23,6.5,1.5,Shift changeover & inspection,95.5,220.6
7794,87,2026-07-24,2.1,5.9,Main sump pump silt clogging from monsoon slurry,27.3,102.9
7795,87,2026-07-25,7.5,0.5,,82.3,228.2
7796,87,2026-07-26,6.6,1.4,Shift changeover & inspection,80.0,276.6
7797,87,2026-07-27,2.8,5.2,Tyre sidewall cut on sharp gondite boulders,40.1,77.6
7798,87,2026-07-28,5.9,2.1,Shift changeover & inspection,57.6,244.3
7799,87,2026-07-29,7.4,0.6,,100.0,336.0
7800,87,2026-07-30,3.5,4.5,Main sump pump silt clogging from monsoon slurry,48.0,170.1
7801,87,2026-07-31,2.6,5.4,Main sump pump silt clogging from monsoon slurry,25.6,74.2
7802,87,2026-08-01,7.6,0.4,,104.7,208.4
7803,87,2026-08-02,5.6,2.4,Shift changeover & inspection,63.6,199.6
7804,87,2026-08-03,0.7,7.3,Rainwater inundation at bottom pit bench (>40mm downpour),8.1,33.2
7805,87,2026-08-04,7.1,0.9,,76.0,164.5
7806,87,2026-08-05,3.6,4.4,Main sump pump silt clogging from monsoon slurry,47.0,92.0
7807,87,2026-08-06,7.3,0.7,,98.5,353.2
7808,87,2026-08-07,3.0,5.0,Rainwater inundation at bottom pit bench (>40mm downpour),43.3,75.6
7809,87,2026-08-08,6.6,1.4,Shift changeover & inspection,63.1,174.5
7810,87,2026-08-09,7.0,1.0,Shift changeover & inspection,56.3,210.8
7811,87,2026-08-10,3.1,4.9,Tyre sidewall cut on sharp gondite boulders,42.4,133.1
7812,87,2026-08-11,6.6,1.4,Shift changeover & inspection,65.8,184.6
7813,87,2026-08-12,5.7,2.3,Shift changeover & inspection,70.5,131.7
7814,87,2026-08-13,5.6,2.4,Shift changeover & inspection,70.1,152.4
7815,87,2026-08-14,1.7,6.3,Main sump pump silt clogging from monsoon slurry,17.0,81.9
7816,87,2026-08-15,6.9,1.1,Shift changeover & inspection,80.9,315.9
7817,87,2026-08-16,6.8,1.2,Shift changeover & inspection,75.1,156.2
7818,87,2026-08-17,3.8,4.2,Main sump pump silt clogging from monsoon slurry,34.8,175.2
7819,87,2026-08-18,6.4,1.6,Shift changeover & inspection,70.6,237.7
7820,87,2026-08-19,5.9,2.1,Shift changeover & inspection,61.2,244.9
7821,87,2026-08-20,5.6,2.4,Shift changeover & inspection,48.4,174.1
7822,87,2026-08-21,5.5,2.5,Shift changeover & inspection,50.9,260.8
7823,87,2026-08-22,6.4,1.6,Shift changeover & inspection,74.2,171.9
7824,87,2026-08-23,3.0,5.0,Main sump pump silt clogging from monsoon slurry,43.5,97.8
7825,87,2026-08-24,5.7,2.3,Shift changeover & inspection,62.2,116.8
7826,87,2026-08-25,1.3,6.7,Rainwater inundation at bottom pit bench (>40mm downpour),18.3,47.0
7827,87,2026-08-26,2.9,5.1,Main sump pump silt clogging from monsoon slurry,41.8,65.8
7828,87,2026-08-27,6.2,1.8,Shift changeover & inspection,85.0,263.0
7829,87,2026-08-28,5.6,2.4,Shift changeover & inspection,67.2,115.6
7830,87,2026-08-29,7.4,0.6,,73.9,160.5
7831,88,2026-06-01,6.6,1.4,Shift changeover & inspection,96.5,177.6
7832,88,2026-06-02,7.3,0.7,,94.4,349.3
7833,88,2026-06-03,7.3,0.7,,74.4,238.7
7834,88,2026-06-04,7.0,1.0,Shift changeover & inspection,84.7,184.3
7835,88,2026-06-05,7.5,0.5,,101.3,370.8
7836,88,2026-06-06,6.9,1.1,Shift changeover & inspection,56.0,179.5
7837,88,2026-06-07,7.4,0.6,,89.5,286.6
7838,88,2026-06-08,6.9,1.1,Shift changeover & inspection,97.9,215.6
7839,88,2026-06-09,7.0,1.0,Shift changeover & inspection,83.4,279.8
7840,88,2026-06-10,0.5,7.5,Main sump pump silt clogging from monsoon slurry,4.9,22.0
7841,88,2026-06-11,5.8,2.2,Shift changeover & inspection,81.6,269.6
7842,88,2026-06-12,1.9,6.1,Rainwater inundation at bottom pit bench (>40mm downpour),15.5,45.5
7843,88,2026-06-13,6.0,2.0,Shift changeover & inspection,88.9,164.2
7844,88,2026-06-14,7.4,0.6,,109.5,291.9
7845,88,2026-06-15,7.8,0.2,,93.6,222.3
7846,88,2026-06-16,7.3,0.7,,75.2,177.2
7847,88,2026-06-17,6.2,1.8,Shift changeover & inspection,79.0,232.9
7848,88,2026-06-18,7.4,0.6,,86.2,355.2
7849,88,2026-06-19,7.1,0.9,,66.7,285.8
7850,88,2026-06-20,1.4,6.6,Rainwater inundation at bottom pit bench (>40mm downpour),14.9,34.0
7851,88,2026-06-21,6.0,2.0,Shift changeover & inspection,52.1,212.1
7852,88,2026-06-22,6.0,2.0,Shift changeover & inspection,56.0,192.3
7853,88,2026-06-23,6.3,1.7,Shift changeover & inspection,78.3,209.3
7854,88,2026-06-24,7.6,0.4,,113.0,175.2
7855,88,2026-06-25,6.3,1.7,Shift changeover & inspection,88.2,266.4
7856,88,2026-06-26,6.5,1.5,Shift changeover & inspection,87.5,202.6
7857,88,2026-06-27,5.8,2.2,Shift changeover & inspection,48.1,199.0
7858,88,2026-06-28,7.8,0.2,,94.1,308.0
7859,88,2026-06-29,3.4,4.6,Shaft winder cage guide rope alignment check,30.9,145.3
7860,88,2026-06-30,7.6,0.4,,75.9,246.2
7861,88,2026-07-01,6.4,1.6,Shift changeover & inspection,78.0,147.3
7862,88,2026-07-02,6.8,1.2,Shift changeover & inspection,70.3,241.6
7863,88,2026-07-03,0.9,7.1,DGMS statutory electrical ground-fault trip,7.3,22.5
7864,88,2026-07-04,6.3,1.7,Shift changeover & inspection,83.7,244.9
7865,88,2026-07-05,6.7,1.3,Shift changeover & inspection,99.7,158.4
7866,88,2026-07-06,7.4,0.6,,77.5,338.8
7867,88,2026-07-07,7.4,0.6,,109.7,237.1
7868,88,2026-07-08,6.4,1.6,Shift changeover & inspection,94.7,174.1
7869,88,2026-07-09,7.1,0.9,,68.6,215.9
7870,88,2026-07-10,6.2,1.8,Shift changeover & inspection,84.8,239.3
7871,88,2026-07-11,7.0,1.0,Shift changeover & inspection,82.2,181.7
7872,88,2026-07-12,3.2,4.8,Main sump pump silt clogging from monsoon slurry,43.6,90.1
7873,88,2026-07-13,5.9,2.1,Shift changeover & inspection,60.1,252.0
7874,88,2026-07-14,4.5,3.5,Tyre sidewall cut on sharp gondite boulders,50.3,196.6
7875,88,2026-07-15,7.0,1.0,Shift changeover & inspection,88.3,248.4
7876,88,2026-07-16,7.7,0.3,,62.3,309.4
7877,88,2026-07-17,5.8,2.2,Shift changeover & inspection,53.9,280.4
7878,88,2026-07-18,3.2,4.8,Tyre sidewall cut on sharp gondite boulders,30.3,147.5
7879,88,2026-07-19,3.6,4.4,Tyre sidewall cut on sharp gondite boulders,53.8,107.0
7880,88,2026-07-20,5.9,2.1,Shift changeover & inspection,69.1,230.1
7881,88,2026-07-21,1.8,6.2,Rainwater inundation at bottom pit bench (>40mm downpour),18.2,56.6
7882,88,2026-07-22,4.0,4.0,Rainwater inundation at bottom pit bench (>40mm downpour),38.3,80.1
7883,88,2026-07-23,7.7,0.3,,98.0,160.2
7884,88,2026-07-24,2.8,5.2,Tyre sidewall cut on sharp gondite boulders,31.3,138.7
7885,88,2026-07-25,7.1,0.9,,105.9,223.8
7886,88,2026-07-26,5.9,2.1,Shift changeover & inspection,88.2,254.2
7887,88,2026-07-27,6.6,1.4,Shift changeover & inspection,98.6,303.3
7888,88,2026-07-28,6.5,1.5,Shift changeover & inspection,85.6,285.7
7889,88,2026-07-29,5.7,2.3,Shift changeover & inspection,53.9,249.7
7890,88,2026-07-30,6.0,2.0,Shift changeover & inspection,80.9,130.0
7891,88,2026-07-31,6.9,1.1,Shift changeover & inspection,64.2,301.6
7892,88,2026-08-01,7.2,0.8,,61.0,257.6
7893,88,2026-08-02,4.4,3.6,Main sump pump silt clogging from monsoon slurry,39.1,172.4
7894,88,2026-08-03,5.6,2.4,Shift changeover & inspection,53.5,192.7
7895,88,2026-08-04,7.0,1.0,Shift changeover & inspection,102.1,221.4
7896,88,2026-08-05,1.9,6.1,Tyre sidewall cut on sharp gondite boulders,22.2,44.1
7897,88,2026-08-06,7.0,1.0,Shift changeover & inspection,84.1,292.0
7898,88,2026-08-07,3.1,4.9,Tyre sidewall cut on sharp gondite boulders,29.4,92.7
7899,88,2026-08-08,3.5,4.5,Rainwater inundation at bottom pit bench (>40mm downpour),35.2,105.2
7900,88,2026-08-09,6.7,1.3,Shift changeover & inspection,71.1,149.6
7901,88,2026-08-10,2.0,6.0,Rainwater inundation at bottom pit bench (>40mm downpour),22.5,72.9
7902,88,2026-08-11,1.5,6.5,Blasting toxic fume / dust clearance standstill,13.2,40.7
7903,88,2026-08-12,6.2,1.8,Shift changeover & inspection,54.6,133.0
7904,88,2026-08-13,4.1,3.9,Rainwater inundation at bottom pit bench (>40mm downpour),48.0,196.5
7905,88,2026-08-14,6.4,1.6,Shift changeover & inspection,54.3,318.5
7906,88,2026-08-15,3.0,5.0,Hydraulic hose burst / high pressure pump cavitation,32.2,112.2
7907,88,2026-08-16,7.4,0.6,,62.5,344.6
7908,88,2026-08-17,4.3,3.7,Main sump pump silt clogging from monsoon slurry,36.2,178.6
7909,88,2026-08-18,7.7,0.3,,100.8,224.0
7910,88,2026-08-19,6.7,1.3,Shift changeover & inspection,87.9,312.2
7911,88,2026-08-20,3.2,4.8,Rainwater inundation at bottom pit bench (>40mm downpour),32.3,116.5
7912,88,2026-08-21,3.1,4.9,DGMS statutory electrical ground-fault trip,36.1,130.0
7913,88,2026-08-22,1.8,6.2,Rainwater inundation at bottom pit bench (>40mm downpour),18.6,73.0
7914,88,2026-08-23,6.2,1.8,Shift changeover & inspection,49.9,152.1
7915,88,2026-08-24,6.3,1.7,Shift changeover & inspection,70.5,273.1
7916,88,2026-08-25,1.5,6.5,Rainwater inundation at bottom pit bench (>40mm downpour),21.6,63.8
7917,88,2026-08-26,7.0,1.0,Shift changeover & inspection,57.8,216.9
7918,88,2026-08-27,0.7,7.3,Tyre sidewall cut on sharp gondite boulders,6.4,34.7
7919,88,2026-08-28,7.1,0.9,,67.1,242.9
7920,88,2026-08-29,7.1,0.9,,96.4,331.4
7921,89,2026-06-01,2.6,5.4,Blasting toxic fume / dust clearance standstill,34.0,52.6
7922,89,2026-06-02,5.8,2.2,Shift changeover & inspection,61.6,271.7
7923,89,2026-06-03,7.4,0.6,,102.7,303.9
7924,89,2026-06-04,6.6,1.4,Shift changeover & inspection,58.0,158.3
7925,89,2026-06-05,7.5,0.5,,89.0,216.8
7926,89,2026-06-06,6.1,1.9,Shift changeover & inspection,86.6,191.8
7927,89,2026-06-07,7.3,0.7,,60.6,351.3
7928,89,2026-06-08,6.9,1.1,Shift changeover & inspection,89.9,310.8
7929,89,2026-06-09,6.3,1.7,Shift changeover & inspection,58.9,180.0
7930,89,2026-06-10,6.4,1.6,Shift changeover & inspection,88.2,171.4
7931,89,2026-06-11,5.9,2.1,Shift changeover & inspection,53.1,202.5
7932,89,2026-06-12,6.9,1.1,Shift changeover & inspection,67.7,246.7
7933,89,2026-06-13,6.0,2.0,Shift changeover & inspection,57.1,192.4
7934,89,2026-06-14,3.3,4.7,Hydraulic hose burst / high pressure pump cavitation,44.8,68.0
7935,89,2026-06-15,6.9,1.1,Shift changeover & inspection,83.1,180.5
7936,89,2026-06-16,7.0,1.0,Shift changeover & inspection,89.1,276.6
7937,89,2026-06-17,7.2,0.8,,81.0,348.7
7938,89,2026-06-18,7.5,0.5,,66.6,300.6
7939,89,2026-06-19,6.0,2.0,Shift changeover & inspection,57.4,223.0
7940,89,2026-06-20,6.0,2.0,Shift changeover & inspection,52.4,162.4
7941,89,2026-06-21,7.2,0.8,,70.6,332.9
7942,89,2026-06-22,3.3,4.7,DGMS statutory electrical ground-fault trip,27.7,92.1
7943,89,2026-06-23,5.6,2.4,Shift changeover & inspection,76.1,223.4
7944,89,2026-06-24,6.0,2.0,Shift changeover & inspection,79.6,125.4
7945,89,2026-06-25,7.4,0.6,,59.4,297.1
7946,89,2026-06-26,6.6,1.4,Shift changeover & inspection,83.3,217.8
7947,89,2026-06-27,5.6,2.4,Shift changeover & inspection,56.1,163.4
7948,89,2026-06-28,7.7,0.3,,102.8,193.9
7949,89,2026-06-29,7.2,0.8,,67.3,274.1
7950,89,2026-06-30,1.2,6.8,DGMS statutory electrical ground-fault trip,11.7,42.6
7951,89,2026-07-01,2.0,6.0,Tyre sidewall cut on sharp gondite boulders,28.1,75.6
7952,89,2026-07-02,4.1,3.9,Main sump pump silt clogging from monsoon slurry,51.0,98.0
7953,89,2026-07-03,2.0,6.0,Main sump pump silt clogging from monsoon slurry,18.4,64.2
7954,89,2026-07-04,1.7,6.3,Main sump pump silt clogging from monsoon slurry,18.3,55.3
7955,89,2026-07-05,6.5,1.5,Shift changeover & inspection,81.4,177.2
7956,89,2026-07-06,0.3,7.7,DGMS statutory electrical ground-fault trip,4.4,9.2
7957,89,2026-07-07,1.5,6.5,Engine overheated (>44°C ambient summer load),19.1,53.9
7958,89,2026-07-08,6.3,1.7,Shift changeover & inspection,80.0,147.8
7959,89,2026-07-09,2.8,5.2,Tyre sidewall cut on sharp gondite boulders,33.7,134.1
7960,89,2026-07-10,7.4,0.6,,61.5,183.0
7961,89,2026-07-11,4.2,3.8,Tyre sidewall cut on sharp gondite boulders,60.7,197.7
7962,89,2026-07-12,4.0,4.0,Tyre sidewall cut on sharp gondite boulders,54.6,185.0
7963,89,2026-07-13,6.2,1.8,Shift changeover & inspection,58.2,259.8
7964,89,2026-07-14,4.5,3.5,Rainwater inundation at bottom pit bench (>40mm downpour),49.7,140.9
7965,89,2026-07-15,4.0,4.0,Rainwater inundation at bottom pit bench (>40mm downpour),35.1,111.7
7966,89,2026-07-16,3.3,4.7,Main sump pump silt clogging from monsoon slurry,48.3,101.4
7967,89,2026-07-17,1.3,6.7,Main sump pump silt clogging from monsoon slurry,15.5,50.1
7968,89,2026-07-18,6.6,1.4,Shift changeover & inspection,58.8,271.2
7969,89,2026-07-19,7.3,0.7,,86.4,275.0
7970,89,2026-07-20,2.9,5.1,Rainwater inundation at bottom pit bench (>40mm downpour),41.5,127.4
7971,89,2026-07-21,2.4,5.6,Tyre sidewall cut on sharp gondite boulders,24.7,57.6
7972,89,2026-07-22,2.6,5.4,Tyre sidewall cut on sharp gondite boulders,31.5,83.4
7973,89,2026-07-23,7.5,0.5,,81.4,252.9
7974,89,2026-07-24,7.1,0.9,,73.6,153.7
7975,89,2026-07-25,2.5,5.5,Tyre sidewall cut on sharp gondite boulders,28.0,72.4
7976,89,2026-07-26,0.5,7.5,Engine overheated (>44°C ambient summer load),4.1,13.0
7977,89,2026-07-27,5.6,2.4,Shift changeover & inspection,83.2,278.2
7978,89,2026-07-28,3.9,4.1,Rainwater inundation at bottom pit bench (>40mm downpour),41.1,83.1
7979,89,2026-07-29,6.8,1.2,Shift changeover & inspection,62.2,202.4
7980,89,2026-07-30,3.7,4.3,Rainwater inundation at bottom pit bench (>40mm downpour),46.5,104.1
7981,89,2026-07-31,2.8,5.2,Shaft winder cage guide rope alignment check,25.4,79.0
7982,89,2026-08-01,3.9,4.1,Tyre sidewall cut on sharp gondite boulders,52.7,142.2
7983,89,2026-08-02,7.3,0.7,,92.9,315.4
7984,89,2026-08-03,6.8,1.2,Shift changeover & inspection,96.5,264.7
7985,89,2026-08-04,7.5,0.5,,99.8,210.2
7986,89,2026-08-05,3.4,4.6,Rainwater inundation at bottom pit bench (>40mm downpour),41.5,117.3
7987,89,2026-08-06,7.1,0.9,,68.8,317.6
7988,89,2026-08-07,7.6,0.4,,84.0,295.9
7989,89,2026-08-08,2.9,5.1,Main sump pump silt clogging from monsoon slurry,34.3,62.4
7990,89,2026-08-09,6.8,1.2,Shift changeover & inspection,63.8,335.4
7991,89,2026-08-10,5.5,2.5,Shift changeover & inspection,60.6,175.4
7992,89,2026-08-11,7.5,0.5,,74.5,199.9
7993,89,2026-08-12,4.2,3.8,Tyre sidewall cut on sharp gondite boulders,54.1,186.2
7994,89,2026-08-13,2.7,5.3,Rainwater inundation at bottom pit bench (>40mm downpour),39.8,100.5
7995,89,2026-08-14,1.9,6.1,Rainwater inundation at bottom pit bench (>40mm downpour),23.4,92.3
7996,89,2026-08-15,7.5,0.5,,91.3,273.4
7997,89,2026-08-16,7.5,0.5,,79.1,187.3
7998,89,2026-08-17,7.2,0.8,,81.5,329.1
7999,89,2026-08-18,7.5,0.5,,100.5,280.3
8000,89,2026-08-19,6.9,1.1,Shift changeover & inspection,59.3,156.1
8001,89,2026-08-20,4.0,4.0,Tyre sidewall cut on sharp gondite boulders,44.8,188.2
8002,89,2026-08-21,1.6,6.4,DGMS statutory electrical ground-fault trip,20.5,40.6
8003,89,2026-08-22,5.5,2.5,Shift changeover & inspection,62.0,115.3
8004,89,2026-08-23,2.6,5.4,Main sump pump silt clogging from monsoon slurry,27.1,107.1
8005,89,2026-08-24,2.4,5.6,Tyre sidewall cut on sharp gondite boulders,19.9,91.3
8006,89,2026-08-25,6.3,1.7,Shift changeover & inspection,78.0,209.1
8007,89,2026-08-26,3.5,4.5,Tyre sidewall cut on sharp gondite boulders,40.5,110.1
8008,89,2026-08-27,1.9,6.1,Rainwater inundation at bottom pit bench (>40mm downpour),16.9,72.4
8009,89,2026-08-28,3.8,4.2,Tyre sidewall cut on sharp gondite boulders,36.1,90.9
8010,89,2026-08-29,1.9,6.1,Rainwater inundation at bottom pit bench (>40mm downpour),19.1,42.4
8011,90,2026-06-01,6.9,1.1,Shift changeover & inspection,58.3,205.0
8012,90,2026-06-02,5.9,2.1,Shift changeover & inspection,56.1,224.9
8013,90,2026-06-03,6.3,1.7,Shift changeover & inspection,89.9,201.6
8014,90,2026-06-04,6.4,1.6,Shift changeover & inspection,84.1,310.2
8015,90,2026-06-05,5.9,2.1,Shift changeover & inspection,80.3,177.2
8016,90,2026-06-06,6.6,1.4,Shift changeover & inspection,88.0,187.1
8017,90,2026-06-07,6.9,1.1,Shift changeover & inspection,72.6,285.0
8018,90,2026-06-08,7.7,0.3,,98.6,250.0
8019,90,2026-06-09,7.0,1.0,Shift changeover & inspection,94.0,220.1
8020,90,2026-06-10,7.4,0.6,,78.4,324.8
8021,90,2026-06-11,5.7,2.3,Shift changeover & inspection,84.9,169.3
8022,90,2026-06-12,5.9,2.1,Shift changeover & inspection,83.4,199.4
8023,90,2026-06-13,6.9,1.1,Shift changeover & inspection,88.7,267.2
8024,90,2026-06-14,6.4,1.6,Shift changeover & inspection,62.7,283.6
8025,90,2026-06-15,7.2,0.8,,85.7,207.2
8026,90,2026-06-16,7.3,0.7,,90.8,189.2
8027,90,2026-06-17,6.4,1.6,Shift changeover & inspection,91.1,318.7
8028,90,2026-06-18,6.6,1.4,Shift changeover & inspection,92.5,285.0
8029,90,2026-06-19,5.5,2.5,Shift changeover & inspection,62.4,196.6
8030,90,2026-06-20,6.8,1.2,Shift changeover & inspection,64.3,297.0
8031,90,2026-06-21,5.8,2.2,Shift changeover & inspection,63.4,169.9
8032,90,2026-06-22,5.8,2.2,Shift changeover & inspection,72.4,172.4
8033,90,2026-06-23,5.7,2.3,Shift changeover & inspection,71.8,159.2
8034,90,2026-06-24,7.4,0.6,,61.9,359.7
8035,90,2026-06-25,1.9,6.1,Blasting toxic fume / dust clearance standstill,25.8,63.1
8036,90,2026-06-26,5.5,2.5,Shift changeover & inspection,82.1,170.8
8037,90,2026-06-27,2.4,5.6,Hydraulic hose burst / high pressure pump cavitation,20.9,48.1
8038,90,2026-06-28,0.9,7.1,Hydraulic hose burst / high pressure pump cavitation,8.9,25.0
8039,90,2026-06-29,6.6,1.4,Shift changeover & inspection,96.3,272.5
8040,90,2026-06-30,5.8,2.2,Shift changeover & inspection,84.5,166.8
8041,90,2026-07-01,5.5,2.5,Shift changeover & inspection,63.0,133.4
8042,90,2026-07-02,2.2,5.8,Rainwater inundation at bottom pit bench (>40mm downpour),18.2,81.6
8043,90,2026-07-03,7.0,1.0,Shift changeover & inspection,59.1,307.6
8044,90,2026-07-04,7.4,0.6,,62.8,274.0
8045,90,2026-07-05,3.3,4.7,Hydraulic hose burst / high pressure pump cavitation,35.7,67.3
8046,90,2026-07-06,5.9,2.1,Shift changeover & inspection,62.2,293.9
8047,90,2026-07-07,5.6,2.4,Shift changeover & inspection,65.1,245.2
8048,90,2026-07-08,4.2,3.8,Main sump pump silt clogging from monsoon slurry,52.8,161.6
8049,90,2026-07-09,7.3,0.7,,68.6,285.3
8050,90,2026-07-10,5.7,2.3,Shift changeover & inspection,47.0,256.1
8051,90,2026-07-11,7.2,0.8,,65.7,155.2
8052,90,2026-07-12,1.9,6.1,Main sump pump silt clogging from monsoon slurry,16.7,91.3
8053,90,2026-07-13,6.9,1.1,Shift changeover & inspection,60.3,221.9
8054,90,2026-07-14,3.0,5.0,Rainwater inundation at bottom pit bench (>40mm downpour),40.0,140.9
8055,90,2026-07-15,7.1,0.9,,86.6,272.4
8056,90,2026-07-16,6.3,1.7,Shift changeover & inspection,55.0,302.7
8057,90,2026-07-17,6.1,1.9,Shift changeover & inspection,90.2,240.6
8058,90,2026-07-18,7.7,0.3,,86.4,255.0
8059,90,2026-07-19,7.1,0.9,,90.0,295.2
8060,90,2026-07-20,7.4,0.6,,79.2,231.9
8061,90,2026-07-21,7.6,0.4,,106.9,240.0
8062,90,2026-07-22,7.8,0.2,,106.1,275.9
8063,90,2026-07-23,7.4,0.6,,61.6,333.6
8064,90,2026-07-24,5.6,2.4,Shift changeover & inspection,80.5,241.3
8065,90,2026-07-25,5.6,2.4,Shift changeover & inspection,80.0,272.2
8066,90,2026-07-26,6.9,1.1,Shift changeover & inspection,97.5,161.9
8067,90,2026-07-27,5.9,2.1,Shift changeover & inspection,74.6,245.5
8068,90,2026-07-28,1.8,6.2,Main sump pump silt clogging from monsoon slurry,19.9,72.9
8069,90,2026-07-29,2.0,6.0,Rainwater inundation at bottom pit bench (>40mm downpour),18.9,99.4
8070,90,2026-07-30,3.2,4.8,Blasting toxic fume / dust clearance standstill,47.2,116.0
8071,90,2026-07-31,5.6,2.4,Shift changeover & inspection,74.8,245.4
8072,90,2026-08-01,3.6,4.4,Rainwater inundation at bottom pit bench (>40mm downpour),30.7,161.5
8073,90,2026-08-02,6.8,1.2,Shift changeover & inspection,85.5,159.9
8074,90,2026-08-03,4.5,3.5,Main sump pump silt clogging from monsoon slurry,57.4,197.5
8075,90,2026-08-04,7.6,0.4,,103.2,345.6
8076,90,2026-08-05,2.6,5.4,Tyre sidewall cut on sharp gondite boulders,30.9,55.4
8077,90,2026-08-06,6.6,1.4,Shift changeover & inspection,56.8,162.7
8078,90,2026-08-07,2.3,5.7,Shaft winder cage guide rope alignment check,22.3,54.7
8079,90,2026-08-08,1.7,6.3,Rainwater inundation at bottom pit bench (>40mm downpour),20.9,35.6
8080,90,2026-08-09,3.8,4.2,Main sump pump silt clogging from monsoon slurry,41.0,106.4
8081,90,2026-08-10,7.1,0.9,,105.0,344.6
8082,90,2026-08-11,7.6,0.4,,100.7,314.8
8083,90,2026-08-12,7.0,1.0,Shift changeover & inspection,74.4,278.2
8084,90,2026-08-13,1.9,6.1,Tyre sidewall cut on sharp gondite boulders,18.2,43.9
8085,90,2026-08-14,6.1,1.9,Shift changeover & inspection,64.4,251.5
8086,90,2026-08-15,2.1,5.9,Main sump pump silt clogging from monsoon slurry,26.4,45.5
8087,90,2026-08-16,7.5,0.5,,63.3,156.2
8088,90,2026-08-17,2.3,5.7,Main sump pump silt clogging from monsoon slurry,20.0,109.0
8089,90,2026-08-18,7.1,0.9,,97.4,204.2
8090,90,2026-08-19,5.6,2.4,Shift changeover & inspection,79.7,251.3
8091,90,2026-08-20,7.1,0.9,,66.6,273.7
8092,90,2026-08-21,3.8,4.2,Rainwater inundation at bottom pit bench (>40mm downpour),50.7,158.1
8093,90,2026-08-22,5.8,2.2,Shift changeover & inspection,65.0,206.9
8094,90,2026-08-23,6.1,1.9,Shift changeover & inspection,80.5,193.7
8095,90,2026-08-24,7.4,0.6,,106.3,282.5
8096,90,2026-08-25,1.8,6.2,Main sump pump silt clogging from monsoon slurry,21.5,71.7
8097,90,2026-08-26,1.6,6.4,Main sump pump silt clogging from monsoon slurry,22.9,49.3
8098,90,2026-08-27,6.6,1.4,Shift changeover & inspection,81.1,242.0
8099,90,2026-08-28,6.5,1.5,Shift changeover & inspection,64.9,249.3
8100,90,2026-08-29,5.7,2.3,Shift changeover & inspection,60.2,123.5
8101,91,2026-06-01,1.1,6.9,DGMS statutory electrical ground-fault trip,9.4,40.6
8102,91,2026-06-02,7.8,0.2,,108.8,305.6
8103,91,2026-06-03,6.3,1.7,Shift changeover & inspection,69.4,197.5
8104,91,2026-06-04,6.5,1.5,Shift changeover & inspection,60.0,192.9
8105,91,2026-06-05,6.8,1.2,Shift changeover & inspection,65.9,205.6
8106,91,2026-06-06,6.8,1.2,Shift changeover & inspection,79.6,180.0
8107,91,2026-06-07,2.9,5.1,DGMS statutory electrical ground-fault trip,32.9,58.2
8108,91,2026-06-08,7.0,1.0,Shift changeover & inspection,100.6,195.3
8109,91,2026-06-09,6.3,1.7,Shift changeover & inspection,56.5,201.3
8110,91,2026-06-10,6.8,1.2,Shift changeover & inspection,66.7,168.3
8111,91,2026-06-11,7.4,0.6,,100.3,168.1
8112,91,2026-06-12,6.0,2.0,Shift changeover & inspection,57.3,159.5
8113,91,2026-06-13,6.4,1.6,Shift changeover & inspection,76.7,257.6
8114,91,2026-06-14,7.0,1.0,Shift changeover & inspection,76.8,257.6
8115,91,2026-06-15,5.8,2.2,Shift changeover & inspection,57.6,117.3
8116,91,2026-06-16,6.2,1.8,Shift changeover & inspection,63.3,237.9
8117,91,2026-06-17,5.5,2.5,Shift changeover & inspection,47.5,258.9
8118,91,2026-06-18,7.1,0.9,,67.0,155.7
8119,91,2026-06-19,6.9,1.1,Shift changeover & inspection,60.4,300.3
8120,91,2026-06-20,6.8,1.2,Shift changeover & inspection,90.0,272.8
8121,91,2026-06-21,7.7,0.3,,100.3,225.7
8122,91,2026-06-22,6.2,1.8,Shift changeover & inspection,78.4,238.2
8123,91,2026-06-23,6.9,1.1,Shift changeover & inspection,58.8,202.6
8124,91,2026-06-24,6.2,1.8,Shift changeover & inspection,52.1,273.8
8125,91,2026-06-25,6.1,1.9,Shift changeover & inspection,73.4,230.9
8126,91,2026-06-26,7.5,0.5,,68.3,212.0
8127,91,2026-06-27,6.4,1.6,Shift changeover & inspection,80.4,152.7
8128,91,2026-06-28,7.3,0.7,,74.4,218.0
8129,91,2026-06-29,6.3,1.7,Shift changeover & inspection,94.1,148.2
8130,91,2026-06-30,7.4,0.6,,75.8,210.7
8131,91,2026-07-01,6.3,1.7,Shift changeover & inspection,90.9,224.5
8132,91,2026-07-02,6.1,1.9,Shift changeover & inspection,91.4,209.8
8133,91,2026-07-03,5.6,2.4,Shift changeover & inspection,51.4,264.4
8134,91,2026-07-04,6.1,1.9,Shift changeover & inspection,51.3,289.1
8135,91,2026-07-05,7.7,0.3,,68.0,194.5
8136,91,2026-07-06,4.1,3.9,Main sump pump silt clogging from monsoon slurry,40.0,175.4
8137,91,2026-07-07,6.4,1.6,Shift changeover & inspection,59.5,295.7
8138,91,2026-07-08,5.8,2.2,Shift changeover & inspection,53.9,205.7
8139,91,2026-07-09,7.7,0.3,,92.7,310.5
8140,91,2026-07-10,7.5,0.5,,98.5,185.0
8141,91,2026-07-11,6.0,2.0,Shift changeover & inspection,64.6,283.0
8142,91,2026-07-12,1.8,6.2,Rainwater inundation at bottom pit bench (>40mm downpour),19.9,78.2
8143,91,2026-07-13,7.0,1.0,Shift changeover & inspection,80.3,285.1
8144,91,2026-07-14,6.0,2.0,Shift changeover & inspection,61.3,250.9
8145,91,2026-07-15,3.1,4.9,Main sump pump silt clogging from monsoon slurry,28.6,82.5
8146,91,2026-07-16,6.8,1.2,Shift changeover & inspection,99.4,292.2
8147,91,2026-07-17,7.1,0.9,,97.9,267.4
8148,91,2026-07-18,3.5,4.5,Rainwater inundation at bottom pit bench (>40mm downpour),33.3,120.5
8149,91,2026-07-19,5.6,2.4,Shift changeover & inspection,69.6,131.8
8150,91,2026-07-20,1.6,6.4,Rainwater inundation at bottom pit bench (>40mm downpour),18.9,60.0
8151,91,2026-07-21,4.4,3.6,Main sump pump silt clogging from monsoon slurry,66.0,186.1
8152,91,2026-07-22,6.5,1.5,Shift changeover & inspection,77.3,298.4
8153,91,2026-07-23,3.1,4.9,Main sump pump silt clogging from monsoon slurry,29.2,112.4
8154,91,2026-07-24,6.5,1.5,Shift changeover & inspection,92.7,312.3
8155,91,2026-07-25,7.4,0.6,,83.8,262.8
8156,91,2026-07-26,7.2,0.8,,72.5,158.4
8157,91,2026-07-27,3.4,4.6,Tyre sidewall cut on sharp gondite boulders,46.9,138.6
8158,91,2026-07-28,6.0,2.0,Shift changeover & inspection,88.1,161.9
8159,91,2026-07-29,5.7,2.3,Shift changeover & inspection,76.3,142.6
8160,91,2026-07-30,6.2,1.8,Shift changeover & inspection,52.1,236.1
8161,91,2026-07-31,6.4,1.6,Shift changeover & inspection,53.0,269.3
8162,91,2026-08-01,6.4,1.6,Shift changeover & inspection,83.9,184.3
8163,91,2026-08-02,4.5,3.5,Tyre sidewall cut on sharp gondite boulders,60.0,153.0
8164,91,2026-08-03,1.8,6.2,Rainwater inundation at bottom pit bench (>40mm downpour),20.4,51.8
8165,91,2026-08-04,7.7,0.3,,80.9,193.6
8166,91,2026-08-05,2.3,5.7,Rainwater inundation at bottom pit bench (>40mm downpour),19.8,90.2
8167,91,2026-08-06,6.1,1.9,Shift changeover & inspection,51.7,154.7
8168,91,2026-08-07,6.0,2.0,Shift changeover & inspection,82.4,168.7
8169,91,2026-08-08,6.3,1.7,Shift changeover & inspection,73.8,262.0
8170,91,2026-08-09,3.7,4.3,Main sump pump silt clogging from monsoon slurry,47.5,167.4
8171,91,2026-08-10,3.8,4.2,Tyre sidewall cut on sharp gondite boulders,46.9,129.4
8172,91,2026-08-11,5.6,2.4,Shift changeover & inspection,83.8,200.1
8173,91,2026-08-12,5.7,2.3,Shift changeover & inspection,59.5,244.1
8174,91,2026-08-13,6.7,1.3,Shift changeover & inspection,54.9,148.1
8175,91,2026-08-14,7.6,0.4,,85.0,160.3
8176,91,2026-08-15,6.8,1.2,Shift changeover & inspection,88.9,144.0
8177,91,2026-08-16,7.0,1.0,Shift changeover & inspection,75.3,166.8
8178,91,2026-08-17,5.8,2.2,Shift changeover & inspection,56.6,165.1
8179,91,2026-08-18,7.0,1.0,Shift changeover & inspection,102.3,336.7
8180,91,2026-08-19,2.3,5.7,Tyre sidewall cut on sharp gondite boulders,29.0,97.8
8181,91,2026-08-20,4.3,3.7,Tyre sidewall cut on sharp gondite boulders,55.4,213.1
8182,91,2026-08-21,5.7,2.3,Shift changeover & inspection,65.4,250.8
8183,91,2026-08-22,6.4,1.6,Shift changeover & inspection,52.5,148.0
8184,91,2026-08-23,3.3,4.7,Tyre sidewall cut on sharp gondite boulders,37.3,99.5
8185,91,2026-08-24,6.4,1.6,Shift changeover & inspection,54.2,248.2
8186,91,2026-08-25,5.6,2.4,Shift changeover & inspection,65.8,255.8
8187,91,2026-08-26,3.6,4.4,Tyre sidewall cut on sharp gondite boulders,49.5,83.2
8188,91,2026-08-27,6.1,1.9,Shift changeover & inspection,87.1,241.4
8189,91,2026-08-28,7.5,0.5,,96.5,328.4
8190,91,2026-08-29,1.6,6.4,Main sump pump silt clogging from monsoon slurry,21.2,43.0
8191,92,2026-06-01,7.0,1.0,Shift changeover & inspection,58.5,174.3
8192,92,2026-06-02,7.8,0.2,,107.7,178.6
8193,92,2026-06-03,7.7,0.3,,73.2,184.9
8194,92,2026-06-04,1.9,6.1,Rainwater inundation at bottom pit bench (>40mm downpour),20.4,47.5
8195,92,2026-06-05,7.6,0.4,,66.2,163.4
8196,92,2026-06-06,0.3,7.7,Shaft winder cage guide rope alignment check,4.4,6.4
8197,92,2026-06-07,6.0,2.0,Shift changeover & inspection,48.9,284.1
8198,92,2026-06-08,3.3,4.7,Shaft winder cage guide rope alignment check,39.0,143.9
8199,92,2026-06-09,7.0,1.0,Shift changeover & inspection,68.5,246.4
8200,92,2026-06-10,6.2,1.8,Shift changeover & inspection,57.2,269.8
8201,92,2026-06-11,7.3,0.7,,66.4,212.1
8202,92,2026-06-12,1.4,6.6,Engine overheated (>44°C ambient summer load),13.5,48.8
8203,92,2026-06-13,6.0,2.0,Shift changeover & inspection,50.8,253.5
8204,92,2026-06-14,6.8,1.2,Shift changeover & inspection,99.1,215.5
8205,92,2026-06-15,6.2,1.8,Shift changeover & inspection,66.6,288.9
8206,92,2026-06-16,1.4,6.6,Shaft winder cage guide rope alignment check,20.6,69.2
8207,92,2026-06-17,6.5,1.5,Shift changeover & inspection,85.2,255.4
8208,92,2026-06-18,0.8,7.2,Main sump pump silt clogging from monsoon slurry,10.4,21.0
8209,92,2026-06-19,5.5,2.5,Shift changeover & inspection,67.0,270.6
8210,92,2026-06-20,6.7,1.3,Shift changeover & inspection,63.2,215.3
8211,92,2026-06-21,6.3,1.7,Shift changeover & inspection,64.1,168.2
8212,92,2026-06-22,6.8,1.2,Shift changeover & inspection,58.9,312.9
8213,92,2026-06-23,5.8,2.2,Shift changeover & inspection,58.9,185.5
8214,92,2026-06-24,2.4,5.6,Main sump pump silt clogging from monsoon slurry,19.4,51.7
8215,92,2026-06-25,5.9,2.1,Shift changeover & inspection,69.3,138.4
8216,92,2026-06-26,7.8,0.2,,78.0,280.2
8217,92,2026-06-27,6.6,1.4,Shift changeover & inspection,84.2,237.2
8218,92,2026-06-28,7.0,1.0,Shift changeover & inspection,67.1,339.6
8219,92,2026-06-29,5.9,2.1,Shift changeover & inspection,55.9,176.7
8220,92,2026-06-30,7.5,0.5,,76.6,299.5
8221,92,2026-07-01,6.6,1.4,Shift changeover & inspection,77.4,294.9
8222,92,2026-07-02,1.5,6.5,Rainwater inundation at bottom pit bench (>40mm downpour),14.9,48.8
8223,92,2026-07-03,1.8,6.2,Main sump pump silt clogging from monsoon slurry,17.3,51.5
8224,92,2026-07-04,5.7,2.3,Shift changeover & inspection,84.8,256.1
8225,92,2026-07-05,2.5,5.5,Main sump pump silt clogging from monsoon slurry,29.3,67.2
8226,92,2026-07-06,7.0,1.0,Shift changeover & inspection,72.8,273.8
8227,92,2026-07-07,7.2,0.8,,74.4,280.5
8228,92,2026-07-08,3.2,4.8,Tyre sidewall cut on sharp gondite boulders,26.1,127.7
8229,92,2026-07-09,6.0,2.0,Shift changeover & inspection,72.9,215.6
8230,92,2026-07-10,4.3,3.7,Main sump pump silt clogging from monsoon slurry,57.0,124.6
8231,92,2026-07-11,7.3,0.7,,69.2,328.8
8232,92,2026-07-12,6.9,1.1,Shift changeover & inspection,100.5,201.2
8233,92,2026-07-13,6.5,1.5,Shift changeover & inspection,59.2,286.0
8234,92,2026-07-14,7.0,1.0,Shift changeover & inspection,100.9,300.3
8235,92,2026-07-15,7.2,0.8,,107.0,145.6
8236,92,2026-07-16,6.3,1.7,Shift changeover & inspection,73.5,269.2
8237,92,2026-07-17,5.7,2.3,Shift changeover & inspection,76.9,184.6
8238,92,2026-07-18,2.8,5.2,Main sump pump silt clogging from monsoon slurry,26.0,118.3
8239,92,2026-07-19,6.0,2.0,Shift changeover & inspection,78.5,134.5
8240,92,2026-07-20,7.4,0.6,,92.7,325.2
8241,92,2026-07-21,7.7,0.3,,69.2,301.4
8242,92,2026-07-22,6.9,1.1,Shift changeover & inspection,85.8,278.4
8243,92,2026-07-23,7.3,0.7,,60.6,292.0
8244,92,2026-07-24,5.8,2.2,Shift changeover & inspection,85.7,128.8
8245,92,2026-07-25,7.2,0.8,,92.5,244.0
8246,92,2026-07-26,1.6,6.4,Hydraulic hose burst / high pressure pump cavitation,12.9,65.2
8247,92,2026-07-27,1.8,6.2,Tyre sidewall cut on sharp gondite boulders,18.9,46.4
8248,92,2026-07-28,5.6,2.4,Shift changeover & inspection,59.0,255.1
8249,92,2026-07-29,6.7,1.3,Shift changeover & inspection,70.7,284.4
8250,92,2026-07-30,2.0,6.0,Rainwater inundation at bottom pit bench (>40mm downpour),19.3,66.1
8251,92,2026-07-31,5.6,2.4,Shift changeover & inspection,62.1,224.4
8252,92,2026-08-01,7.3,0.7,,99.3,334.6
8253,92,2026-08-02,5.8,2.2,Shift changeover & inspection,84.7,273.8
8254,92,2026-08-03,6.6,1.4,Shift changeover & inspection,78.5,185.9
8255,92,2026-08-04,4.5,3.5,Rainwater inundation at bottom pit bench (>40mm downpour),58.8,204.4
8256,92,2026-08-05,6.3,1.7,Shift changeover & inspection,75.4,180.0
8257,92,2026-08-06,7.4,0.6,,94.2,330.6
8258,92,2026-08-07,7.0,1.0,Shift changeover & inspection,99.1,183.7
8259,92,2026-08-08,4.4,3.6,Rainwater inundation at bottom pit bench (>40mm downpour),50.2,166.3
8260,92,2026-08-09,5.7,2.3,Shift changeover & inspection,62.5,159.9
8261,92,2026-08-10,2.7,5.3,Rainwater inundation at bottom pit bench (>40mm downpour),23.6,57.1
8262,92,2026-08-11,5.7,2.3,Shift changeover & inspection,68.6,244.9
8263,92,2026-08-12,1.8,6.2,Main sump pump silt clogging from monsoon slurry,17.8,48.9
8264,92,2026-08-13,2.8,5.2,Main sump pump silt clogging from monsoon slurry,34.8,124.0
8265,92,2026-08-14,6.1,1.9,Shift changeover & inspection,53.6,209.5
8266,92,2026-08-15,0.7,7.3,DGMS statutory electrical ground-fault trip,8.9,34.9
8267,92,2026-08-16,7.3,0.7,,84.1,278.7
8268,92,2026-08-17,6.3,1.7,Shift changeover & inspection,72.3,268.9
8269,92,2026-08-18,2.8,5.2,Main sump pump silt clogging from monsoon slurry,26.0,137.7
8270,92,2026-08-19,6.7,1.3,Shift changeover & inspection,90.4,191.9
8271,92,2026-08-20,3.3,4.7,Rainwater inundation at bottom pit bench (>40mm downpour),32.2,152.8
8272,92,2026-08-21,7.7,0.3,,63.4,372.5
8273,92,2026-08-22,3.7,4.3,Main sump pump silt clogging from monsoon slurry,50.0,114.4
8274,92,2026-08-23,6.5,1.5,Shift changeover & inspection,92.5,209.5
8275,92,2026-08-24,5.8,2.2,Shift changeover & inspection,85.6,152.0
8276,92,2026-08-25,2.0,6.0,Main sump pump silt clogging from monsoon slurry,23.0,93.9
8277,92,2026-08-26,3.5,4.5,Tyre sidewall cut on sharp gondite boulders,42.6,74.5
8278,92,2026-08-27,6.6,1.4,Shift changeover & inspection,80.7,167.6
8279,92,2026-08-28,3.2,4.8,Tyre sidewall cut on sharp gondite boulders,41.6,148.7
8280,92,2026-08-29,2.1,5.9,Tyre sidewall cut on sharp gondite boulders,29.0,72.8
8281,93,2026-06-01,5.8,2.2,Shift changeover & inspection,53.2,251.6
8282,93,2026-06-02,6.1,1.9,Shift changeover & inspection,52.8,203.2
8283,93,2026-06-03,6.0,2.0,Shift changeover & inspection,51.6,133.1
8284,93,2026-06-04,6.8,1.2,Shift changeover & inspection,95.3,150.2
8285,93,2026-06-05,6.2,1.8,Shift changeover & inspection,81.8,211.4
8286,93,2026-06-06,6.3,1.7,Shift changeover & inspection,87.2,133.6
8287,93,2026-06-07,6.6,1.4,Shift changeover & inspection,93.0,148.7
8288,93,2026-06-08,7.2,0.8,,66.4,193.0
8289,93,2026-06-09,6.3,1.7,Shift changeover & inspection,59.7,147.8
8290,93,2026-06-10,5.8,2.2,Shift changeover & inspection,83.9,125.8
8291,93,2026-06-11,6.8,1.2,Shift changeover & inspection,89.0,256.3
8292,93,2026-06-12,6.6,1.4,Shift changeover & inspection,76.6,240.9
8293,93,2026-06-13,0.1,7.9,Tyre sidewall cut on sharp gondite boulders,1.1,3.7
8294,93,2026-06-14,1.5,6.5,DGMS statutory electrical ground-fault trip,22.0,58.5
8295,93,2026-06-15,7.2,0.8,,96.5,164.8
8296,93,2026-06-16,6.6,1.4,Shift changeover & inspection,84.3,230.2
8297,93,2026-06-17,7.3,0.7,,64.1,233.2
8298,93,2026-06-18,7.7,0.3,,99.1,349.9
8299,93,2026-06-19,2.4,5.6,Rainwater inundation at bottom pit bench (>40mm downpour),24.4,73.6
8300,93,2026-06-20,6.4,1.6,Shift changeover & inspection,58.4,161.8
8301,93,2026-06-21,6.2,1.8,Shift changeover & inspection,61.8,210.8
8302,93,2026-06-22,5.7,2.3,Shift changeover & inspection,81.8,229.7
8303,93,2026-06-23,5.7,2.3,Shift changeover & inspection,72.6,139.7
8304,93,2026-06-24,6.7,1.3,Shift changeover & inspection,69.4,277.9
8305,93,2026-06-25,5.7,2.3,Shift changeover & inspection,79.3,227.5
8306,93,2026-06-26,6.0,2.0,Shift changeover & inspection,81.4,296.6
8307,93,2026-06-27,6.3,1.7,Shift changeover & inspection,83.7,288.3
8308,93,2026-06-28,7.5,0.5,,91.1,322.2
8309,93,2026-06-29,7.6,0.4,,63.7,215.1
8310,93,2026-06-30,7.6,0.4,,110.5,305.7
8311,93,2026-07-01,7.5,0.5,,71.6,260.7
8312,93,2026-07-02,5.7,2.3,Shift changeover & inspection,83.0,257.0
8313,93,2026-07-03,5.7,2.3,Shift changeover & inspection,49.2,245.6
8314,93,2026-07-04,3.1,4.9,Rainwater inundation at bottom pit bench (>40mm downpour),45.1,147.8
8315,93,2026-07-05,6.9,1.1,Shift changeover & inspection,102.9,143.4
8316,93,2026-07-06,6.3,1.7,Shift changeover & inspection,86.6,140.4
8317,93,2026-07-07,7.5,0.5,,61.2,158.8
8318,93,2026-07-08,2.0,6.0,Main sump pump silt clogging from monsoon slurry,29.8,97.5
8319,93,2026-07-09,6.5,1.5,Shift changeover & inspection,90.5,281.4
8320,93,2026-07-10,7.7,0.3,,62.1,217.4
8321,93,2026-07-11,7.1,0.9,,70.8,338.0
8322,93,2026-07-12,6.1,1.9,Shift changeover & inspection,89.4,163.6
8323,93,2026-07-13,3.1,4.9,Rainwater inundation at bottom pit bench (>40mm downpour),28.8,102.1
8324,93,2026-07-14,3.9,4.1,Tyre sidewall cut on sharp gondite boulders,55.8,193.1
8325,93,2026-07-15,6.6,1.4,Shift changeover & inspection,61.9,227.6
8326,93,2026-07-16,7.5,0.5,,90.2,353.4
8327,93,2026-07-17,6.1,1.9,Shift changeover & inspection,76.1,270.4
8328,93,2026-07-18,4.1,3.9,Main sump pump silt clogging from monsoon slurry,54.9,144.8
8329,93,2026-07-19,7.3,0.7,,100.7,159.2
8330,93,2026-07-20,6.0,2.0,Shift changeover & inspection,88.9,184.3
8331,93,2026-07-21,6.7,1.3,Shift changeover & inspection,89.7,299.3
8332,93,2026-07-22,5.6,2.4,Shift changeover & inspection,62.7,167.2
8333,93,2026-07-23,7.4,0.6,,77.9,289.0
8334,93,2026-07-24,5.7,2.3,Shift changeover & inspection,73.1,121.9
8335,93,2026-07-25,6.0,2.0,Shift changeover & inspection,54.8,296.9
8336,93,2026-07-26,6.4,1.6,Shift changeover & inspection,81.7,206.4
8337,93,2026-07-27,7.5,0.5,,68.9,207.5
8338,93,2026-07-28,2.8,5.2,Tyre sidewall cut on sharp gondite boulders,24.4,92.2
8339,93,2026-07-29,2.8,5.2,Rainwater inundation at bottom pit bench (>40mm downpour),31.5,70.3
8340,93,2026-07-30,1.6,6.4,Tyre sidewall cut on sharp gondite boulders,16.6,44.3
8341,93,2026-07-31,4.1,3.9,Main sump pump silt clogging from monsoon slurry,45.4,173.1
8342,93,2026-08-01,2.0,6.0,Tyre sidewall cut on sharp gondite boulders,19.4,64.5
8343,93,2026-08-02,5.5,2.5,Shift changeover & inspection,44.1,146.2
8344,93,2026-08-03,5.8,2.2,Shift changeover & inspection,58.2,167.9
8345,93,2026-08-04,7.8,0.2,,116.1,250.4
8346,93,2026-08-05,7.2,0.8,,61.9,350.0
8347,93,2026-08-06,0.0,8.0,Hydraulic hose burst / high pressure pump cavitation,0.0,0.0
8348,93,2026-08-07,5.7,2.3,Shift changeover & inspection,83.5,149.9
8349,93,2026-08-08,0.9,7.1,Rainwater inundation at bottom pit bench (>40mm downpour),11.2,19.1
8350,93,2026-08-09,4.4,3.6,Main sump pump silt clogging from monsoon slurry,65.1,187.4
8351,93,2026-08-10,3.1,4.9,Tyre sidewall cut on sharp gondite boulders,43.9,114.7
8352,93,2026-08-11,0.2,7.8,Engine overheated (>44°C ambient summer load),2.8,7.0
8353,93,2026-08-12,3.8,4.2,Rainwater inundation at bottom pit bench (>40mm downpour),37.6,77.3
8354,93,2026-08-13,0.5,7.5,Engine overheated (>44°C ambient summer load),7.4,21.9
8355,93,2026-08-14,1.6,6.4,Main sump pump silt clogging from monsoon slurry,19.5,76.6
8356,93,2026-08-15,7.1,0.9,,101.0,254.5
8357,93,2026-08-16,6.7,1.3,Shift changeover & inspection,93.9,160.1
8358,93,2026-08-17,5.6,2.4,Shift changeover & inspection,58.6,178.3
8359,93,2026-08-18,7.1,0.9,,75.1,272.4
8360,93,2026-08-19,2.6,5.4,Rainwater inundation at bottom pit bench (>40mm downpour),22.1,65.0
8361,93,2026-08-20,5.9,2.1,Shift changeover & inspection,47.8,237.6
8362,93,2026-08-21,6.6,1.4,Shift changeover & inspection,86.1,132.8
8363,93,2026-08-22,6.2,1.8,Shift changeover & inspection,82.3,294.3
8364,93,2026-08-23,6.7,1.3,Shift changeover & inspection,67.1,221.1
8365,93,2026-08-24,5.6,2.4,Shift changeover & inspection,49.0,238.2
8366,93,2026-08-25,6.0,2.0,Shift changeover & inspection,82.7,234.3
8367,93,2026-08-26,3.8,4.2,Tyre sidewall cut on sharp gondite boulders,46.7,81.0
8368,93,2026-08-27,2.9,5.1,Tyre sidewall cut on sharp gondite boulders,28.1,137.4
8369,93,2026-08-28,0.4,7.6,Hydraulic hose burst / high pressure pump cavitation,5.3,11.1
8370,93,2026-08-29,1.7,6.3,Main sump pump silt clogging from monsoon slurry,23.0,41.7
8371,94,2026-06-01,2.5,5.5,DGMS statutory electrical ground-fault trip,29.2,82.2
8372,94,2026-06-02,7.0,1.0,Shift changeover & inspection,81.8,180.1
8373,94,2026-06-03,6.7,1.3,Shift changeover & inspection,87.1,228.6
8374,94,2026-06-04,6.4,1.6,Shift changeover & inspection,56.7,274.3
8375,94,2026-06-05,7.5,0.5,,87.5,322.9
8376,94,2026-06-06,1.1,6.9,Rainwater inundation at bottom pit bench (>40mm downpour),14.1,46.4
8377,94,2026-06-07,5.9,2.1,Shift changeover & inspection,48.1,276.3
8378,94,2026-06-08,6.0,2.0,Shift changeover & inspection,63.0,209.6
8379,94,2026-06-09,7.8,0.2,,87.0,310.2
8380,94,2026-06-10,6.6,1.4,Shift changeover & inspection,99.0,267.1
8381,94,2026-06-11,6.6,1.4,Shift changeover & inspection,87.7,220.2
8382,94,2026-06-12,0.3,7.7,Main sump pump silt clogging from monsoon slurry,4.2,14.7
8383,94,2026-06-13,6.1,1.9,Shift changeover & inspection,83.0,262.4
8384,94,2026-06-14,5.7,2.3,Shift changeover & inspection,69.3,263.0
8385,94,2026-06-15,7.3,0.7,,103.6,322.0
8386,94,2026-06-16,6.1,1.9,Shift changeover & inspection,83.3,130.0
8387,94,2026-06-17,5.8,2.2,Shift changeover & inspection,52.8,208.6
8388,94,2026-06-18,7.8,0.2,,83.8,199.8
8389,94,2026-06-19,6.0,2.0,Shift changeover & inspection,57.6,183.2
8390,94,2026-06-20,6.0,2.0,Shift changeover & inspection,69.9,169.6
8391,94,2026-06-21,6.0,2.0,Shift changeover & inspection,75.5,149.2
8392,94,2026-06-22,5.9,2.1,Shift changeover & inspection,61.7,234.2
8393,94,2026-06-23,6.9,1.1,Shift changeover & inspection,75.7,138.0
8394,94,2026-06-24,7.2,0.8,,104.3,177.6
8395,94,2026-06-25,7.4,0.6,,83.1,271.5
8396,94,2026-06-26,7.4,0.6,,89.8,302.7
8397,94,2026-06-27,6.3,1.7,Shift changeover & inspection,84.1,277.1
8398,94,2026-06-28,6.7,1.3,Shift changeover & inspection,95.5,235.5
8399,94,2026-06-29,7.1,0.9,,105.1,348.1
8400,94,2026-06-30,7.5,0.5,,100.1,186.4
8401,94,2026-07-01,2.7,5.3,Main sump pump silt clogging from monsoon slurry,26.3,58.9
8402,94,2026-07-02,6.9,1.1,Shift changeover & inspection,60.8,194.9
8403,94,2026-07-03,6.2,1.8,Shift changeover & inspection,70.7,308.9
8404,94,2026-07-04,5.8,2.2,Shift changeover & inspection,51.3,263.0
8405,94,2026-07-05,6.0,2.0,Shift changeover & inspection,80.9,216.0
8406,94,2026-07-06,6.0,2.0,Shift changeover & inspection,63.5,219.8
8407,94,2026-07-07,7.5,0.5,,66.5,187.8
8408,94,2026-07-08,4.0,4.0,Rainwater inundation at bottom pit bench (>40mm downpour),39.3,127.7
8409,94,2026-07-09,6.8,1.2,Shift changeover & inspection,66.3,186.5
8410,94,2026-07-10,7.5,0.5,,101.9,200.8
8411,94,2026-07-11,7.4,0.6,,99.9,265.1
8412,94,2026-07-12,6.4,1.6,Shift changeover & inspection,85.4,149.4
8413,94,2026-07-13,6.3,1.7,Shift changeover & inspection,88.5,272.9
8414,94,2026-07-14,2.4,5.6,Main sump pump silt clogging from monsoon slurry,19.9,99.8
8415,94,2026-07-15,7.5,0.5,,110.2,220.8
8416,94,2026-07-16,2.8,5.2,Rainwater inundation at bottom pit bench (>40mm downpour),38.4,121.1
8417,94,2026-07-17,5.9,2.1,Shift changeover & inspection,82.4,252.9
8418,94,2026-07-18,6.7,1.3,Shift changeover & inspection,80.4,212.1
8419,94,2026-07-19,6.4,1.6,Shift changeover & inspection,53.2,145.3
8420,94,2026-07-20,7.3,0.7,,100.1,156.8
8421,94,2026-07-21,1.8,6.2,Engine overheated (>44°C ambient summer load),17.9,68.3
8422,94,2026-07-22,7.0,1.0,Shift changeover & inspection,70.1,196.1
8423,94,2026-07-23,6.4,1.6,Shift changeover & inspection,76.3,176.0
8424,94,2026-07-24,3.7,4.3,Tyre sidewall cut on sharp gondite boulders,52.9,127.9
8425,94,2026-07-25,6.8,1.2,Shift changeover & inspection,81.1,205.6
8426,94,2026-07-26,2.6,5.4,Rainwater inundation at bottom pit bench (>40mm downpour),38.4,104.2
8427,94,2026-07-27,2.3,5.7,Rainwater inundation at bottom pit bench (>40mm downpour),31.9,64.4
8428,94,2026-07-28,1.0,7.0,DGMS statutory electrical ground-fault trip,13.6,37.8
8429,94,2026-07-29,6.9,1.1,Shift changeover & inspection,101.3,330.2
8430,94,2026-07-30,1.9,6.1,Main sump pump silt clogging from monsoon slurry,21.0,92.7
8431,94,2026-07-31,6.0,2.0,Shift changeover & inspection,88.2,189.5
8432,94,2026-08-01,3.5,4.5,Tyre sidewall cut on sharp gondite boulders,46.0,125.7
8433,94,2026-08-02,4.4,3.6,Main sump pump silt clogging from monsoon slurry,56.3,145.9
8434,94,2026-08-03,7.3,0.7,,85.1,201.6
8435,94,2026-08-04,4.1,3.9,Rainwater inundation at bottom pit bench (>40mm downpour),35.9,151.6
8436,94,2026-08-05,5.9,2.1,Shift changeover & inspection,80.0,150.0
8437,94,2026-08-06,6.3,1.7,Shift changeover & inspection,92.2,165.2
8438,94,2026-08-07,6.0,2.0,Shift changeover & inspection,48.3,135.4
8439,94,2026-08-08,2.0,6.0,Main sump pump silt clogging from monsoon slurry,23.0,89.7
8440,94,2026-08-09,7.7,0.3,,83.0,192.2
8441,94,2026-08-10,7.3,0.7,,106.3,259.4
8442,94,2026-08-11,3.2,4.8,Rainwater inundation at bottom pit bench (>40mm downpour),26.7,72.8
8443,94,2026-08-12,7.4,0.6,,90.3,250.6
8444,94,2026-08-13,7.7,0.3,,102.5,287.9
8445,94,2026-08-14,6.2,1.8,Shift changeover & inspection,53.4,305.3
8446,94,2026-08-15,7.0,1.0,Shift changeover & inspection,91.7,147.9
8447,94,2026-08-16,2.5,5.5,Main sump pump silt clogging from monsoon slurry,25.3,52.5
8448,94,2026-08-17,5.6,2.4,Shift changeover & inspection,57.3,238.5
8449,94,2026-08-18,5.6,2.4,Shift changeover & inspection,73.7,146.8
8450,94,2026-08-19,5.5,2.5,Shift changeover & inspection,58.4,159.3
8451,94,2026-08-20,3.8,4.2,Rainwater inundation at bottom pit bench (>40mm downpour),41.4,129.9
8452,94,2026-08-21,7.1,0.9,,62.7,159.9
8453,94,2026-08-22,6.6,1.4,Shift changeover & inspection,88.2,172.2
8454,94,2026-08-23,6.8,1.2,Shift changeover & inspection,65.0,249.9
8455,94,2026-08-24,3.9,4.1,Main sump pump silt clogging from monsoon slurry,49.8,156.0
8456,94,2026-08-25,6.3,1.7,Shift changeover & inspection,81.5,275.2
8457,94,2026-08-26,6.7,1.3,Shift changeover & inspection,85.1,277.9
8458,94,2026-08-27,6.1,1.9,Shift changeover & inspection,85.3,251.3
8459,94,2026-08-28,3.6,4.4,Rainwater inundation at bottom pit bench (>40mm downpour),42.0,96.0
8460,94,2026-08-29,7.5,0.5,,83.1,299.0
8461,95,2026-06-01,7.2,0.8,,98.7,321.1
8462,95,2026-06-02,6.0,2.0,Shift changeover & inspection,56.0,190.4
8463,95,2026-06-03,3.2,4.8,DGMS statutory electrical ground-fault trip,36.9,135.8
8464,95,2026-06-04,5.8,2.2,Shift changeover & inspection,67.6,253.6
8465,95,2026-06-05,5.8,2.2,Shift changeover & inspection,49.0,244.1
8466,95,2026-06-06,5.9,2.1,Shift changeover & inspection,74.6,154.4
8467,95,2026-06-07,6.1,1.9,Shift changeover & inspection,53.7,287.5
8468,95,2026-06-08,2.9,5.1,Hydraulic hose burst / high pressure pump cavitation,40.3,106.2
8469,95,2026-06-09,6.7,1.3,Shift changeover & inspection,89.3,155.3
8470,95,2026-06-10,7.2,0.8,,75.8,348.1
8471,95,2026-06-11,6.9,1.1,Shift changeover & inspection,71.0,240.9
8472,95,2026-06-12,5.9,2.1,Shift changeover & inspection,72.1,142.2
8473,95,2026-06-13,7.6,0.4,,82.6,366.7
8474,95,2026-06-14,6.8,1.2,Shift changeover & inspection,73.9,289.7
8475,95,2026-06-15,7.5,0.5,,86.9,362.2
8476,95,2026-06-16,7.0,1.0,Shift changeover & inspection,104.0,249.9
8477,95,2026-06-17,7.0,1.0,Shift changeover & inspection,97.1,318.8
8478,95,2026-06-18,7.6,0.4,,68.6,205.6
8479,95,2026-06-19,7.6,0.4,,64.7,378.4
8480,95,2026-06-20,6.4,1.6,Shift changeover & inspection,85.2,165.4
8481,95,2026-06-21,7.6,0.4,,105.4,250.8
8482,95,2026-06-22,6.2,1.8,Shift changeover & inspection,51.5,243.1
8483,95,2026-06-23,5.6,2.4,Shift changeover & inspection,82.0,234.4
8484,95,2026-06-24,5.9,2.1,Shift changeover & inspection,50.0,185.6
8485,95,2026-06-25,5.8,2.2,Shift changeover & inspection,61.2,228.7
8486,95,2026-06-26,7.4,0.6,,109.8,341.4
8487,95,2026-06-27,5.5,2.5,Shift changeover & inspection,78.1,140.2
8488,95,2026-06-28,7.7,0.3,,107.5,265.7
8489,95,2026-06-29,6.5,1.5,Shift changeover & inspection,76.1,183.5
8490,95,2026-06-30,1.7,6.3,Shaft winder cage guide rope alignment check,20.0,34.3
8491,95,2026-07-01,4.2,3.8,Tyre sidewall cut on sharp gondite boulders,36.3,186.1
8492,95,2026-07-02,2.0,6.0,Main sump pump silt clogging from monsoon slurry,23.5,65.3
8493,95,2026-07-03,6.6,1.4,Shift changeover & inspection,59.0,173.2
8494,95,2026-07-04,3.8,4.2,Rainwater inundation at bottom pit bench (>40mm downpour),31.4,183.3
8495,95,2026-07-05,5.8,2.2,Shift changeover & inspection,80.2,225.0
8496,95,2026-07-06,1.8,6.2,Tyre sidewall cut on sharp gondite boulders,23.8,84.7
8497,95,2026-07-07,3.4,4.6,Main sump pump silt clogging from monsoon slurry,48.0,72.6
8498,95,2026-07-08,3.7,4.3,Tyre sidewall cut on sharp gondite boulders,41.2,83.9
8499,95,2026-07-09,1.8,6.2,Tyre sidewall cut on sharp gondite boulders,19.7,71.1
8500,95,2026-07-10,3.1,4.9,Tyre sidewall cut on sharp gondite boulders,36.9,77.4
8501,95,2026-07-11,5.7,2.3,Shift changeover & inspection,73.3,130.8
8502,95,2026-07-12,6.9,1.1,Shift changeover & inspection,58.8,315.9
8503,95,2026-07-13,2.5,5.5,Rainwater inundation at bottom pit bench (>40mm downpour),25.5,63.7
8504,95,2026-07-14,3.5,4.5,Rainwater inundation at bottom pit bench (>40mm downpour),38.9,121.2
8505,95,2026-07-15,7.5,0.5,,93.2,191.2
8506,95,2026-07-16,3.4,4.6,Main sump pump silt clogging from monsoon slurry,41.8,93.2
8507,95,2026-07-17,7.5,0.5,,80.1,352.0
8508,95,2026-07-18,7.2,0.8,,82.9,188.4
8509,95,2026-07-19,3.6,4.4,Tyre sidewall cut on sharp gondite boulders,44.6,115.4
8510,95,2026-07-20,7.3,0.7,,86.6,239.8
8511,95,2026-07-21,5.6,2.4,Shift changeover & inspection,64.5,166.7
8512,95,2026-07-22,7.1,0.9,,86.6,311.3
8513,95,2026-07-23,2.0,6.0,Main sump pump silt clogging from monsoon slurry,17.1,91.3
8514,95,2026-07-24,6.0,2.0,Shift changeover & inspection,55.9,227.9
8515,95,2026-07-25,5.5,2.5,Shift changeover & inspection,77.6,127.9
8516,95,2026-07-26,6.5,1.5,Shift changeover & inspection,53.7,172.9
8517,95,2026-07-27,2.9,5.1,Tyre sidewall cut on sharp gondite boulders,43.4,59.2
8518,95,2026-07-28,6.7,1.3,Shift changeover & inspection,72.8,297.3
8519,95,2026-07-29,2.8,5.2,Tyre sidewall cut on sharp gondite boulders,38.3,72.7
8520,95,2026-07-30,5.7,2.3,Shift changeover & inspection,65.0,283.4
8521,95,2026-07-31,4.1,3.9,Main sump pump silt clogging from monsoon slurry,40.2,186.7
8522,95,2026-08-01,3.6,4.4,Main sump pump silt clogging from monsoon slurry,50.0,132.9
8523,95,2026-08-02,7.4,0.6,,103.5,247.9
8524,95,2026-08-03,6.0,2.0,Shift changeover & inspection,53.0,199.1
8525,95,2026-08-04,6.8,1.2,Shift changeover & inspection,88.2,302.5
8526,95,2026-08-05,2.3,5.7,Rainwater inundation at bottom pit bench (>40mm downpour),26.5,90.3
8527,95,2026-08-06,2.1,5.9,Rainwater inundation at bottom pit bench (>40mm downpour),19.5,51.3
8528,95,2026-08-07,5.7,2.3,Shift changeover & inspection,78.8,169.6
8529,95,2026-08-08,7.1,0.9,,66.7,246.6
8530,95,2026-08-09,7.2,0.8,,85.7,329.1
8531,95,2026-08-10,7.3,0.7,,99.9,358.5
8532,95,2026-08-11,6.7,1.3,Shift changeover & inspection,82.7,188.3
8533,95,2026-08-12,3.2,4.8,Blasting toxic fume / dust clearance standstill,36.0,131.6
8534,95,2026-08-13,7.2,0.8,,60.0,213.2
8535,95,2026-08-14,6.9,1.1,Shift changeover & inspection,65.5,338.6
8536,95,2026-08-15,7.7,0.3,,73.1,168.8
8537,95,2026-08-16,6.8,1.2,Shift changeover & inspection,98.8,291.1
8538,95,2026-08-17,7.7,0.3,,67.8,361.6
8539,95,2026-08-18,7.3,0.7,,66.0,276.9
8540,95,2026-08-19,3.1,4.9,Tyre sidewall cut on sharp gondite boulders,35.2,112.1
8541,95,2026-08-20,6.4,1.6,Shift changeover & inspection,78.7,317.8
8542,95,2026-08-21,3.7,4.3,Rainwater inundation at bottom pit bench (>40mm downpour),46.9,115.0
8543,95,2026-08-22,6.1,1.9,Shift changeover & inspection,65.1,192.8
8544,95,2026-08-23,2.7,5.3,Main sump pump silt clogging from monsoon slurry,31.1,68.9
8545,95,2026-08-24,5.7,2.3,Shift changeover & inspection,73.1,168.5
8546,95,2026-08-25,6.7,1.3,Shift changeover & inspection,57.2,163.5
8547,95,2026-08-26,7.0,1.0,Shift changeover & inspection,66.0,192.7
8548,95,2026-08-27,2.8,5.2,Main sump pump silt clogging from monsoon slurry,31.1,126.4
8549,95,2026-08-28,6.4,1.6,Shift changeover & inspection,64.1,243.6
8550,95,2026-08-29,2.0,6.0,Tyre sidewall cut on sharp gondite boulders,22.8,81.0
8551,96,2026-06-01,6.0,2.0,Shift changeover & inspection,48.0,157.9
8552,96,2026-06-02,7.2,0.8,,96.4,163.2
8553,96,2026-06-03,6.0,2.0,Shift changeover & inspection,61.0,161.9
8554,96,2026-06-04,6.9,1.1,Shift changeover & inspection,101.7,286.7
8555,96,2026-06-05,5.9,2.1,Shift changeover & inspection,83.7,212.3
8556,96,2026-06-06,6.2,1.8,Shift changeover & inspection,54.0,226.6
8557,96,2026-06-07,6.3,1.7,Shift changeover & inspection,74.4,277.3
8558,96,2026-06-08,2.4,5.6,Main sump pump silt clogging from monsoon slurry,24.7,106.7
8559,96,2026-06-09,6.6,1.4,Shift changeover & inspection,74.4,272.6
8560,96,2026-06-10,5.7,2.3,Shift changeover & inspection,52.3,185.1
8561,96,2026-06-11,6.0,2.0,Shift changeover & inspection,51.3,232.7
8562,96,2026-06-12,7.7,0.3,,104.8,335.7
8563,96,2026-06-13,6.6,1.4,Shift changeover & inspection,89.4,180.6
8564,96,2026-06-14,0.7,7.3,Rainwater inundation at bottom pit bench (>40mm downpour),5.7,33.8
8565,96,2026-06-15,2.5,5.5,Tyre sidewall cut on sharp gondite boulders,36.8,101.9
8566,96,2026-06-16,7.0,1.0,Shift changeover & inspection,87.0,159.5
8567,96,2026-06-17,0.9,7.1,Hydraulic hose burst / high pressure pump cavitation,13.0,37.4
8568,96,2026-06-18,5.9,2.1,Shift changeover & inspection,60.9,132.3
8569,96,2026-06-19,6.8,1.2,Shift changeover & inspection,56.5,303.7
8570,96,2026-06-20,6.3,1.7,Shift changeover & inspection,84.4,300.3
8571,96,2026-06-21,2.5,5.5,Blasting toxic fume / dust clearance standstill,35.7,64.4
8572,96,2026-06-22,7.7,0.3,,79.5,201.0
8573,96,2026-06-23,5.8,2.2,Shift changeover & inspection,83.9,265.9
8574,96,2026-06-24,7.6,0.4,,108.7,333.8
8575,96,2026-06-25,5.9,2.1,Shift changeover & inspection,80.2,214.6
8576,96,2026-06-26,5.5,2.5,Shift changeover & inspection,80.1,116.5
8577,96,2026-06-27,7.3,0.7,,58.9,230.8
8578,96,2026-06-28,6.5,1.5,Shift changeover & inspection,78.7,318.5
8579,96,2026-06-29,5.9,2.1,Shift changeover & inspection,72.7,164.7
8580,96,2026-06-30,7.1,0.9,,91.5,259.3
8581,96,2026-07-01,6.4,1.6,Shift changeover & inspection,53.6,309.4
8582,96,2026-07-02,7.5,0.5,,74.1,190.4
8583,96,2026-07-03,7.2,0.8,,76.9,171.7
8584,96,2026-07-04,6.4,1.6,Shift changeover & inspection,68.1,259.3
8585,96,2026-07-05,7.7,0.3,,71.1,252.3
8586,96,2026-07-06,5.6,2.4,Shift changeover & inspection,54.9,137.6
8587,96,2026-07-07,6.4,1.6,Shift changeover & inspection,76.3,226.3
8588,96,2026-07-08,5.6,2.4,Shift changeover & inspection,53.2,189.7
8589,96,2026-07-09,7.2,0.8,,67.2,291.8
8590,96,2026-07-10,3.9,4.1,Main sump pump silt clogging from monsoon slurry,56.0,108.6
8591,96,2026-07-11,2.3,5.7,Rainwater inundation at bottom pit bench (>40mm downpour),33.8,61.1
8592,96,2026-07-12,6.9,1.1,Shift changeover & inspection,96.5,143.7
8593,96,2026-07-13,3.4,4.6,Main sump pump silt clogging from monsoon slurry,48.3,79.1
8594,96,2026-07-14,5.8,2.2,Shift changeover & inspection,74.5,251.4
8595,96,2026-07-15,2.1,5.9,Rainwater inundation at bottom pit bench (>40mm downpour),30.3,92.4
8596,96,2026-07-16,2.1,5.9,Tyre sidewall cut on sharp gondite boulders,28.6,44.0
8597,96,2026-07-17,2.5,5.5,Rainwater inundation at bottom pit bench (>40mm downpour),25.4,96.3
8598,96,2026-07-18,5.7,2.3,Shift changeover & inspection,71.8,275.6
8599,96,2026-07-19,2.3,5.7,Main sump pump silt clogging from monsoon slurry,27.1,78.1
8600,96,2026-07-20,1.8,6.2,Engine overheated (>44°C ambient summer load),26.5,65.6
8601,96,2026-07-21,6.7,1.3,Shift changeover & inspection,54.5,255.9
8602,96,2026-07-22,7.7,0.3,,95.6,166.7
8603,96,2026-07-23,6.0,2.0,Shift changeover & inspection,53.2,155.9
8604,96,2026-07-24,6.0,2.0,Shift changeover & inspection,76.8,150.1
8605,96,2026-07-25,6.0,2.0,Shift changeover & inspection,81.2,128.2
8606,96,2026-07-26,0.1,7.9,Tyre sidewall cut on sharp gondite boulders,1.0,4.6
8607,96,2026-07-27,0.5,7.5,Engine overheated (>44°C ambient summer load),7.5,20.1
8608,96,2026-07-28,7.2,0.8,,99.0,227.3
8609,96,2026-07-29,4.3,3.7,Main sump pump silt clogging from monsoon slurry,47.8,104.7
8610,96,2026-07-30,5.7,2.3,Shift changeover & inspection,82.1,144.9
8611,96,2026-07-31,2.8,5.2,Main sump pump silt clogging from monsoon slurry,33.5,84.9
8612,96,2026-08-01,7.5,0.5,,103.8,353.2
8613,96,2026-08-02,5.6,2.4,Shift changeover & inspection,83.7,230.5
8614,96,2026-08-03,7.5,0.5,,106.8,316.9
8615,96,2026-08-04,3.0,5.0,Tyre sidewall cut on sharp gondite boulders,25.3,86.0
8616,96,2026-08-05,3.9,4.1,Tyre sidewall cut on sharp gondite boulders,47.8,133.0
8617,96,2026-08-06,7.8,0.2,,115.8,242.1
8618,96,2026-08-07,5.6,2.4,Shift changeover & inspection,71.4,228.2
8619,96,2026-08-08,6.8,1.2,Shift changeover & inspection,83.9,278.0
8620,96,2026-08-09,1.7,6.3,Rainwater inundation at bottom pit bench (>40mm downpour),14.4,56.9
8621,96,2026-08-10,6.3,1.7,Shift changeover & inspection,66.9,291.6
8622,96,2026-08-11,4.4,3.6,Main sump pump silt clogging from monsoon slurry,53.1,99.3
8623,96,2026-08-12,6.1,1.9,Shift changeover & inspection,52.6,157.3
8624,96,2026-08-13,7.5,0.5,,78.4,353.7
8625,96,2026-08-14,7.5,0.5,,112.5,302.7
8626,96,2026-08-15,3.0,5.0,Rainwater inundation at bottom pit bench (>40mm downpour),28.2,133.7
8627,96,2026-08-16,7.5,0.5,,99.6,179.3
8628,96,2026-08-17,5.6,2.4,Shift changeover & inspection,65.6,235.7
8629,96,2026-08-18,0.6,7.4,DGMS statutory electrical ground-fault trip,6.0,24.2
8630,96,2026-08-19,6.5,1.5,Shift changeover & inspection,78.9,156.6
8631,96,2026-08-20,5.7,2.3,Shift changeover & inspection,56.8,265.6
8632,96,2026-08-21,7.4,0.6,,97.9,205.5
8633,96,2026-08-22,5.8,2.2,Shift changeover & inspection,66.7,148.5
8634,96,2026-08-23,6.9,1.1,Shift changeover & inspection,68.8,187.3
8635,96,2026-08-24,6.5,1.5,Shift changeover & inspection,59.2,147.0
8636,96,2026-08-25,7.4,0.6,,81.5,205.5
8637,96,2026-08-26,6.8,1.2,Shift changeover & inspection,55.4,270.0
8638,96,2026-08-27,6.5,1.5,Shift changeover & inspection,80.2,238.5
8639,96,2026-08-28,7.2,0.8,,59.0,265.2
8640,96,2026-08-29,2.3,5.7,Tyre sidewall cut on sharp gondite boulders,32.3,64.8
8641,97,2026-06-01,0.7,7.3,Shaft winder cage guide rope alignment check,9.1,34.3
8642,97,2026-06-02,6.0,2.0,Shift changeover & inspection,64.1,140.2
8643,97,2026-06-03,5.6,2.4,Shift changeover & inspection,73.8,265.8
8644,97,2026-06-04,6.3,1.7,Shift changeover & inspection,69.0,276.8
8645,97,2026-06-05,7.6,0.4,,86.9,265.0
8646,97,2026-06-06,6.8,1.2,Shift changeover & inspection,88.2,150.4
8647,97,2026-06-07,6.2,1.8,Shift changeover & inspection,67.5,158.0
8648,97,2026-06-08,7.3,0.7,,105.3,250.8
8649,97,2026-06-09,5.9,2.1,Shift changeover & inspection,53.9,212.7
8650,97,2026-06-10,7.1,0.9,,93.5,195.3
8651,97,2026-06-11,5.8,2.2,Shift changeover & inspection,68.3,232.8
8652,97,2026-06-12,7.7,0.3,,89.4,170.5
8653,97,2026-06-13,6.8,1.2,Shift changeover & inspection,78.0,276.9
8654,97,2026-06-14,5.8,2.2,Shift changeover & inspection,77.9,128.4
8655,97,2026-06-15,7.3,0.7,,65.1,340.1
8656,97,2026-06-16,6.3,1.7,Shift changeover & inspection,50.6,225.8
8657,97,2026-06-17,6.9,1.1,Shift changeover & inspection,74.9,159.6
8658,97,2026-06-18,7.4,0.6,,110.2,165.2
8659,97,2026-06-19,7.1,0.9,,95.8,282.9
8660,97,2026-06-20,6.1,1.9,Shift changeover & inspection,73.7,284.1
8661,97,2026-06-21,7.2,0.8,,102.0,343.3
8662,97,2026-06-22,6.7,1.3,Shift changeover & inspection,63.4,137.5
8663,97,2026-06-23,0.9,7.1,Blasting toxic fume / dust clearance standstill,10.7,19.8
8664,97,2026-06-24,7.0,1.0,Shift changeover & inspection,66.1,296.4
8665,97,2026-06-25,7.7,0.3,,65.3,375.1
8666,97,2026-06-26,6.7,1.3,Shift changeover & inspection,79.4,161.1
8667,97,2026-06-27,5.8,2.2,Shift changeover & inspection,66.6,185.4
8668,97,2026-06-28,6.9,1.1,Shift changeover & inspection,66.1,145.5
8669,97,2026-06-29,7.7,0.3,,101.5,294.6
8670,97,2026-06-30,7.7,0.3,,84.5,304.2
8671,97,2026-07-01,6.2,1.8,Shift changeover & inspection,71.1,289.0
8672,97,2026-07-02,1.8,6.2,Tyre sidewall cut on sharp gondite boulders,17.6,44.0
8673,97,2026-07-03,2.2,5.8,Shaft winder cage guide rope alignment check,20.3,103.3
8674,97,2026-07-04,1.7,6.3,Tyre sidewall cut on sharp gondite boulders,19.8,58.5
8675,97,2026-07-05,1.7,6.3,Rainwater inundation at bottom pit bench (>40mm downpour),15.8,34.2
8676,97,2026-07-06,6.4,1.6,Shift changeover & inspection,85.3,301.9
8677,97,2026-07-07,5.5,2.5,Shift changeover & inspection,77.6,265.6
8678,97,2026-07-08,5.7,2.3,Shift changeover & inspection,73.4,275.9
8679,97,2026-07-09,7.4,0.6,,92.2,353.7
8680,97,2026-07-10,6.9,1.1,Shift changeover & inspection,75.2,276.6
8681,97,2026-07-11,3.6,4.4,Main sump pump silt clogging from monsoon slurry,45.5,154.3
8682,97,2026-07-12,5.9,2.1,Shift changeover & inspection,74.7,281.0
8683,97,2026-07-13,2.3,5.7,Rainwater inundation at bottom pit bench (>40mm downpour),22.8,87.1
8684,97,2026-07-14,6.5,1.5,Shift changeover & inspection,94.3,155.3
8685,97,2026-07-15,4.2,3.8,Rainwater inundation at bottom pit bench (>40mm downpour),43.5,173.6
8686,97,2026-07-16,3.7,4.3,Rainwater inundation at bottom pit bench (>40mm downpour),42.2,149.3
8687,97,2026-07-17,1.6,6.4,Main sump pump silt clogging from monsoon slurry,18.8,46.4
8688,97,2026-07-18,1.6,6.4,Tyre sidewall cut on sharp gondite boulders,16.2,41.9
8689,97,2026-07-19,7.1,0.9,,68.9,256.7
8690,97,2026-07-20,5.7,2.3,Shift changeover & inspection,71.2,218.8
8691,97,2026-07-21,5.7,2.3,Shift changeover & inspection,78.5,217.6
8692,97,2026-07-22,6.8,1.2,Shift changeover & inspection,75.1,277.2
8693,97,2026-07-23,7.8,0.2,,71.8,289.2
8694,97,2026-07-24,7.2,0.8,,96.4,290.0
8695,97,2026-07-25,1.4,6.6,Rainwater inundation at bottom pit bench (>40mm downpour),12.9,37.7
8696,97,2026-07-26,7.0,1.0,Shift changeover & inspection,88.6,147.3
8697,97,2026-07-27,2.8,5.2,Rainwater inundation at bottom pit bench (>40mm downpour),29.6,134.3
8698,97,2026-07-28,3.0,5.0,Tyre sidewall cut on sharp gondite boulders,30.4,82.0
8699,97,2026-07-29,6.0,2.0,Shift changeover & inspection,89.6,254.5
8700,97,2026-07-30,2.1,5.9,Main sump pump silt clogging from monsoon slurry,23.3,52.7
8701,97,2026-07-31,3.2,4.8,Tyre sidewall cut on sharp gondite boulders,32.0,98.1
8702,97,2026-08-01,2.4,5.6,Main sump pump silt clogging from monsoon slurry,35.7,103.8
8703,97,2026-08-02,2.2,5.8,Rainwater inundation at bottom pit bench (>40mm downpour),32.8,105.3
8704,97,2026-08-03,1.9,6.1,Tyre sidewall cut on sharp gondite boulders,25.5,45.6
8705,97,2026-08-04,7.2,0.8,,83.4,263.1
8706,97,2026-08-05,6.0,2.0,Shift changeover & inspection,82.8,163.7
8707,97,2026-08-06,3.4,4.6,Tyre sidewall cut on sharp gondite boulders,31.7,76.2
8708,97,2026-08-07,7.7,0.3,,65.3,159.3
8709,97,2026-08-08,2.9,5.1,Main sump pump silt clogging from monsoon slurry,37.3,99.9
8710,97,2026-08-09,5.8,2.2,Shift changeover & inspection,68.3,284.6
8711,97,2026-08-10,7.4,0.6,,76.7,264.8
8712,97,2026-08-11,3.2,4.8,Tyre sidewall cut on sharp gondite boulders,31.2,149.0
8713,97,2026-08-12,0.6,7.4,Hydraulic hose burst / high pressure pump cavitation,6.9,13.8
8714,97,2026-08-13,5.9,2.1,Shift changeover & inspection,85.2,260.3
8715,97,2026-08-14,2.0,6.0,Main sump pump silt clogging from monsoon slurry,17.7,40.5
8716,97,2026-08-15,2.4,5.6,Rainwater inundation at bottom pit bench (>40mm downpour),31.0,93.6
8717,97,2026-08-16,6.5,1.5,Shift changeover & inspection,56.0,324.9
8718,97,2026-08-17,6.0,2.0,Shift changeover & inspection,71.4,143.4
8719,97,2026-08-18,6.8,1.2,Shift changeover & inspection,97.9,300.3
8720,97,2026-08-19,7.0,1.0,Shift changeover & inspection,77.5,313.5
8721,97,2026-08-20,3.2,4.8,Hydraulic hose burst / high pressure pump cavitation,34.0,95.3
8722,97,2026-08-21,5.6,2.4,Shift changeover & inspection,71.3,164.8
8723,97,2026-08-22,5.8,2.2,Shift changeover & inspection,52.8,259.9
8724,97,2026-08-23,0.9,7.1,Hydraulic hose burst / high pressure pump cavitation,10.0,37.1
8725,97,2026-08-24,6.1,1.9,Shift changeover & inspection,71.6,297.8
8726,97,2026-08-25,6.4,1.6,Shift changeover & inspection,73.2,204.2
8727,97,2026-08-26,3.7,4.3,Tyre sidewall cut on sharp gondite boulders,38.8,113.5
8728,97,2026-08-27,7.6,0.4,,110.4,316.0
8729,97,2026-08-28,2.2,5.8,Tyre sidewall cut on sharp gondite boulders,27.3,94.2
8730,97,2026-08-29,3.1,4.9,Rainwater inundation at bottom pit bench (>40mm downpour),34.8,63.5
8731,98,2026-06-01,7.3,0.7,,326.8,193.7
8732,98,2026-06-02,6.7,1.3,Shift changeover & inspection,184.3,206.9
8733,98,2026-06-03,7.5,0.5,,303.8,306.3
8734,98,2026-06-04,5.9,2.1,Shift changeover & inspection,188.7,283.6
8735,98,2026-06-05,7.3,0.7,,255.6,192.7
8736,98,2026-06-06,5.8,2.2,Shift changeover & inspection,253.3,277.7
8737,98,2026-06-07,5.5,2.5,Shift changeover & inspection,210.6,271.8
8738,98,2026-06-08,7.4,0.6,,302.4,268.5
8739,98,2026-06-09,5.6,2.4,Shift changeover & inspection,152.7,216.8
8740,98,2026-06-10,6.3,1.7,Shift changeover & inspection,257.1,273.4
8741,98,2026-06-11,6.5,1.5,Shift changeover & inspection,202.2,262.3
8742,98,2026-06-12,6.8,1.2,Shift changeover & inspection,159.7,185.6
8743,98,2026-06-13,5.6,2.4,Shift changeover & inspection,153.0,255.4
8744,98,2026-06-14,6.4,1.6,Shift changeover & inspection,232.1,314.4
8745,98,2026-06-15,6.5,1.5,Shift changeover & inspection,171.9,295.7
8746,98,2026-06-16,6.8,1.2,Shift changeover & inspection,294.6,219.0
8747,98,2026-06-17,6.1,1.9,Shift changeover & inspection,216.5,122.0
8748,98,2026-06-18,6.8,1.2,Shift changeover & inspection,230.4,324.6
8749,98,2026-06-19,6.1,1.9,Shift changeover & inspection,203.4,178.3
8750,98,2026-06-20,6.8,1.2,Shift changeover & inspection,191.4,330.9
8751,98,2026-06-21,7.3,0.7,,170.7,314.5
8752,98,2026-06-22,6.1,1.9,Shift changeover & inspection,136.8,198.4
8753,98,2026-06-23,7.6,0.4,,251.7,336.6
8754,98,2026-06-24,7.5,0.5,,316.0,232.6
8755,98,2026-06-25,6.2,1.8,Shift changeover & inspection,244.0,265.3
8756,98,2026-06-26,5.8,2.2,Shift changeover & inspection,246.2,215.1
8757,98,2026-06-27,5.5,2.5,Shift changeover & inspection,224.9,171.1
8758,98,2026-06-28,6.2,1.8,Shift changeover & inspection,180.0,296.3
8759,98,2026-06-29,6.3,1.7,Shift changeover & inspection,192.6,254.6
8760,98,2026-06-30,6.9,1.1,Shift changeover & inspection,294.0,161.2
8761,98,2026-07-01,7.3,0.7,,199.0,307.5
8762,98,2026-07-02,6.6,1.4,Shift changeover & inspection,276.7,278.1
8763,98,2026-07-03,6.5,1.5,Shift changeover & inspection,224.2,319.9
8764,98,2026-07-04,2.0,6.0,Rainwater inundation at bottom pit bench (>40mm downpour),73.6,93.0
8765,98,2026-07-05,3.5,4.5,Rainwater inundation at bottom pit bench (>40mm downpour),81.6,83.5
8766,98,2026-07-06,7.5,0.5,,252.9,287.7
8767,98,2026-07-07,7.0,1.0,Shift changeover & inspection,171.0,155.4
8768,98,2026-07-08,5.9,2.1,Shift changeover & inspection,259.8,283.0
8769,98,2026-07-09,6.5,1.5,Shift changeover & inspection,191.9,171.3
8770,98,2026-07-10,3.4,4.6,Rainwater inundation at bottom pit bench (>40mm downpour),99.0,122.6
8771,98,2026-07-11,2.4,5.6,Rainwater inundation at bottom pit bench (>40mm downpour),102.6,104.8
8772,98,2026-07-12,2.9,5.1,Rainwater inundation at bottom pit bench (>40mm downpour),65.0,112.3
8773,98,2026-07-13,7.4,0.6,,188.1,214.9
8774,98,2026-07-14,1.9,6.1,Tyre sidewall cut on sharp gondite boulders,45.3,50.5
8775,98,2026-07-15,6.2,1.8,Shift changeover & inspection,140.4,252.4
8776,98,2026-07-16,7.8,0.2,,252.6,335.8
8777,98,2026-07-17,2.8,5.2,Tyre sidewall cut on sharp gondite boulders,114.8,101.9
8778,98,2026-07-18,5.5,2.5,Shift changeover & inspection,204.6,230.9
8779,98,2026-07-19,4.1,3.9,Rainwater inundation at bottom pit bench (>40mm downpour),112.3,186.6
8780,98,2026-07-20,6.9,1.1,Shift changeover & inspection,215.8,281.5
8781,98,2026-07-21,6.2,1.8,Shift changeover & inspection,217.0,292.2
8782,98,2026-07-22,4.0,4.0,Main sump pump silt clogging from monsoon slurry,122.7,120.4
8783,98,2026-07-23,2.9,5.1,Rainwater inundation at bottom pit bench (>40mm downpour),67.8,62.7
8784,98,2026-07-24,7.0,1.0,Shift changeover & inspection,180.9,251.7
8785,98,2026-07-25,2.7,5.3,Rainwater inundation at bottom pit bench (>40mm downpour),84.4,60.4
8786,98,2026-07-26,2.1,5.9,Tyre sidewall cut on sharp gondite boulders,76.7,99.6
8787,98,2026-07-27,4.3,3.7,Main sump pump silt clogging from monsoon slurry,141.6,205.9
8788,98,2026-07-28,7.3,0.7,,260.4,336.5
8789,98,2026-07-29,1.4,6.6,Tyre sidewall cut on sharp gondite boulders,46.3,45.7
8790,98,2026-07-30,4.5,3.5,Rainwater inundation at bottom pit bench (>40mm downpour),120.9,90.7
8791,98,2026-07-31,7.5,0.5,,291.4,236.4
8792,98,2026-08-01,7.1,0.9,,269.0,191.9
8793,98,2026-08-02,1.9,6.1,Rainwater inundation at bottom pit bench (>40mm downpour),56.8,55.6
8794,98,2026-08-03,6.7,1.3,Shift changeover & inspection,298.9,188.7
8795,98,2026-08-04,7.2,0.8,,196.4,322.5
8796,98,2026-08-05,2.1,5.9,Shaft winder cage guide rope alignment check,63.7,61.3
8797,98,2026-08-06,7.2,0.8,,246.0,292.8
8798,98,2026-08-07,6.6,1.4,Shift changeover & inspection,188.2,255.9
8799,98,2026-08-08,6.7,1.3,Shift changeover & inspection,257.3,330.2
8800,98,2026-08-09,5.7,2.3,Shift changeover & inspection,212.6,268.5
8801,98,2026-08-10,6.4,1.6,Shift changeover & inspection,215.0,225.3
8802,98,2026-08-11,6.4,1.6,Shift changeover & inspection,245.7,164.4
8803,98,2026-08-12,4.3,3.7,Main sump pump silt clogging from monsoon slurry,173.2,135.7
8804,98,2026-08-13,2.1,5.9,DGMS statutory electrical ground-fault trip,90.4,83.7
8805,98,2026-08-14,6.6,1.4,Shift changeover & inspection,274.5,279.0
8806,98,2026-08-15,7.2,0.8,,231.3,145.3
8807,98,2026-08-16,7.0,1.0,Shift changeover & inspection,197.9,326.6
8808,98,2026-08-17,7.8,0.2,,187.4,290.2
8809,98,2026-08-18,3.2,4.8,Tyre sidewall cut on sharp gondite boulders,106.1,133.0
8810,98,2026-08-19,7.7,0.3,,327.3,275.0
8811,98,2026-08-20,6.5,1.5,Shift changeover & inspection,200.5,277.5
8812,98,2026-08-21,6.7,1.3,Shift changeover & inspection,192.1,316.0
8813,98,2026-08-22,6.0,2.0,Shift changeover & inspection,152.3,162.4
8814,98,2026-08-23,6.5,1.5,Shift changeover & inspection,218.6,150.7
8815,98,2026-08-24,7.3,0.7,,178.9,268.6
8816,98,2026-08-25,6.0,2.0,Shift changeover & inspection,172.2,293.9
8817,98,2026-08-26,7.4,0.6,,252.6,155.0
8818,98,2026-08-27,6.2,1.8,Shift changeover & inspection,179.0,178.9
8819,98,2026-08-28,1.2,6.8,Engine overheated (>44°C ambient summer load),28.1,39.7
8820,98,2026-08-29,3.1,4.9,Tyre sidewall cut on sharp gondite boulders,126.9,114.1
8821,99,2026-06-01,7.7,0.3,,90.1,218.4
8822,99,2026-06-02,6.9,1.1,Shift changeover & inspection,64.7,226.7
8823,99,2026-06-03,3.2,4.8,Hydraulic hose burst / high pressure pump cavitation,37.1,157.0
8824,99,2026-06-04,6.1,1.9,Shift changeover & inspection,53.8,127.7
8825,99,2026-06-05,6.5,1.5,Shift changeover & inspection,67.0,308.4
8826,99,2026-06-06,0.8,7.2,Engine overheated (>44°C ambient summer load),6.8,28.6
8827,99,2026-06-07,6.2,1.8,Shift changeover & inspection,53.7,300.7
8828,99,2026-06-08,6.5,1.5,Shift changeover & inspection,61.4,294.5
8829,99,2026-06-09,5.6,2.4,Shift changeover & inspection,63.7,243.3
8830,99,2026-06-10,6.5,1.5,Shift changeover & inspection,59.1,161.7
8831,99,2026-06-11,7.1,0.9,,85.3,208.2
8832,99,2026-06-12,6.7,1.3,Shift changeover & inspection,88.9,210.9
8833,99,2026-06-13,5.8,2.2,Shift changeover & inspection,67.4,175.6
8834,99,2026-06-14,0.9,7.1,Shaft winder cage guide rope alignment check,9.5,22.6
8835,99,2026-06-15,6.4,1.6,Shift changeover & inspection,91.9,263.0
8836,99,2026-06-16,5.6,2.4,Shift changeover & inspection,53.1,173.3
8837,99,2026-06-17,5.7,2.3,Shift changeover & inspection,46.0,238.1
8838,99,2026-06-18,7.0,1.0,Shift changeover & inspection,64.0,196.1
8839,99,2026-06-19,7.3,0.7,,106.0,198.1
8840,99,2026-06-20,7.5,0.5,,98.4,329.9
8841,99,2026-06-21,6.4,1.6,Shift changeover & inspection,80.2,161.1
8842,99,2026-06-22,6.8,1.2,Shift changeover & inspection,82.1,167.2
8843,99,2026-06-23,6.3,1.7,Shift changeover & inspection,82.2,246.2
8844,99,2026-06-24,5.8,2.2,Shift changeover & inspection,50.1,119.9
8845,99,2026-06-25,6.8,1.2,Shift changeover & inspection,89.8,250.4
8846,99,2026-06-26,7.3,0.7,,99.0,319.3
8847,99,2026-06-27,1.1,6.9,DGMS statutory electrical ground-fault trip,9.7,28.2
8848,99,2026-06-28,3.0,5.0,Main sump pump silt clogging from monsoon slurry,43.2,96.6
8849,99,2026-06-29,7.1,0.9,,62.3,318.5
8850,99,2026-06-30,7.5,0.5,,73.5,224.5
8851,99,2026-07-01,5.9,2.1,Shift changeover & inspection,60.8,249.5
8852,99,2026-07-02,7.5,0.5,,111.2,277.1
8853,99,2026-07-03,2.3,5.7,Tyre sidewall cut on sharp gondite boulders,20.7,114.0
8854,99,2026-07-04,6.6,1.4,Shift changeover & inspection,93.8,303.0
8855,99,2026-07-05,6.9,1.1,Shift changeover & inspection,90.2,202.0
8856,99,2026-07-06,5.9,2.1,Shift changeover & inspection,87.3,194.9
8857,99,2026-07-07,7.1,0.9,,73.8,256.1
8858,99,2026-07-08,7.1,0.9,,102.7,300.6
8859,99,2026-07-09,7.3,0.7,,66.4,183.0
8860,99,2026-07-10,6.1,1.9,Shift changeover & inspection,90.1,181.3
8861,99,2026-07-11,6.7,1.3,Shift changeover & inspection,61.6,261.7
8862,99,2026-07-12,2.7,5.3,Tyre sidewall cut on sharp gondite boulders,27.2,64.5
8863,99,2026-07-13,6.5,1.5,Shift changeover & inspection,52.8,256.6
8864,99,2026-07-14,4.1,3.9,Tyre sidewall cut on sharp gondite boulders,46.9,145.9
8865,99,2026-07-15,1.5,6.5,Tyre sidewall cut on sharp gondite boulders,19.4,56.6
8866,99,2026-07-16,2.1,5.9,Rainwater inundation at bottom pit bench (>40mm downpour),27.2,83.6
8867,99,2026-07-17,7.7,0.3,,71.7,379.5
8868,99,2026-07-18,6.0,2.0,Shift changeover & inspection,80.6,155.8
8869,99,2026-07-19,2.2,5.8,Rainwater inundation at bottom pit bench (>40mm downpour),18.9,46.6
8870,99,2026-07-20,0.6,7.4,Blasting toxic fume / dust clearance standstill,8.0,21.3
8871,99,2026-07-21,2.7,5.3,Rainwater inundation at bottom pit bench (>40mm downpour),25.7,129.6
8872,99,2026-07-22,6.4,1.6,Shift changeover & inspection,54.5,238.4
8873,99,2026-07-23,1.8,6.2,Rainwater inundation at bottom pit bench (>40mm downpour),18.7,41.4
8874,99,2026-07-24,3.9,4.1,Rainwater inundation at bottom pit bench (>40mm downpour),44.6,94.7
8875,99,2026-07-25,1.8,6.2,Rainwater inundation at bottom pit bench (>40mm downpour),19.1,59.0
8876,99,2026-07-26,7.8,0.2,,91.9,157.9
8877,99,2026-07-27,5.9,2.1,Shift changeover & inspection,56.6,224.1
8878,99,2026-07-28,5.9,2.1,Shift changeover & inspection,63.0,145.8
8879,99,2026-07-29,7.4,0.6,,59.2,340.2
8880,99,2026-07-30,4.1,3.9,Main sump pump silt clogging from monsoon slurry,52.5,154.4
8881,99,2026-07-31,2.2,5.8,Engine overheated (>44°C ambient summer load),28.5,81.0
8882,99,2026-08-01,1.6,6.4,Tyre sidewall cut on sharp gondite boulders,18.7,57.5
8883,99,2026-08-02,6.6,1.4,Shift changeover & inspection,82.3,225.1
8884,99,2026-08-03,3.6,4.4,Rainwater inundation at bottom pit bench (>40mm downpour),52.6,125.5
8885,99,2026-08-04,6.4,1.6,Shift changeover & inspection,57.0,183.5
8886,99,2026-08-05,7.1,0.9,,66.5,180.9
8887,99,2026-08-06,6.6,1.4,Shift changeover & inspection,57.2,295.9
8888,99,2026-08-07,2.9,5.1,Main sump pump silt clogging from monsoon slurry,41.1,130.9
8889,99,2026-08-08,3.2,4.8,Rainwater inundation at bottom pit bench (>40mm downpour),31.2,145.5
8890,99,2026-08-09,7.0,1.0,Shift changeover & inspection,83.9,172.0
8891,99,2026-08-10,2.8,5.2,Main sump pump silt clogging from monsoon slurry,41.1,69.5
8892,99,2026-08-11,6.9,1.1,Shift changeover & inspection,82.8,162.6
8893,99,2026-08-12,6.5,1.5,Shift changeover & inspection,54.0,237.7
8894,99,2026-08-13,7.7,0.3,,62.7,245.1
8895,99,2026-08-14,6.7,1.3,Shift changeover & inspection,56.7,225.6
8896,99,2026-08-15,2.8,5.2,Tyre sidewall cut on sharp gondite boulders,27.4,86.4
8897,99,2026-08-16,3.0,5.0,Tyre sidewall cut on sharp gondite boulders,43.9,98.3
8898,99,2026-08-17,2.1,5.9,Rainwater inundation at bottom pit bench (>40mm downpour),18.1,88.7
8899,99,2026-08-18,7.6,0.4,,113.8,190.0
8900,99,2026-08-19,6.8,1.2,Shift changeover & inspection,60.8,271.0
8901,99,2026-08-20,1.4,6.6,Engine overheated (>44°C ambient summer load),17.1,63.5
8902,99,2026-08-21,2.4,5.6,Main sump pump silt clogging from monsoon slurry,33.9,70.8
8903,99,2026-08-22,2.0,6.0,Hydraulic hose burst / high pressure pump cavitation,22.8,92.9
8904,99,2026-08-23,6.8,1.2,Shift changeover & inspection,55.8,270.0
8905,99,2026-08-24,6.7,1.3,Shift changeover & inspection,98.7,315.7
8906,99,2026-08-25,6.5,1.5,Shift changeover & inspection,71.4,287.4
8907,99,2026-08-26,6.3,1.7,Shift changeover & inspection,72.6,197.3
8908,99,2026-08-27,5.9,2.1,Shift changeover & inspection,74.7,185.4
8909,99,2026-08-28,7.1,0.9,,77.4,336.9
8910,99,2026-08-29,7.1,0.9,,101.8,265.1
8911,100,2026-06-01,7.5,0.5,,99.1,252.6
8912,100,2026-06-02,1.3,6.7,Main sump pump silt clogging from monsoon slurry,13.3,26.1
8913,100,2026-06-03,7.6,0.4,,63.2,296.3
8914,100,2026-06-04,7.6,0.4,,65.1,204.5
8915,100,2026-06-05,6.7,1.3,Shift changeover & inspection,56.1,176.9
8916,100,2026-06-06,2.8,5.2,Main sump pump silt clogging from monsoon slurry,28.3,98.8
8917,100,2026-06-07,6.4,1.6,Shift changeover & inspection,51.6,194.3
8918,100,2026-06-08,6.9,1.1,Shift changeover & inspection,89.4,224.5
8919,100,2026-06-09,7.5,0.5,,81.8,251.0
8920,100,2026-06-10,6.0,2.0,Shift changeover & inspection,74.4,267.7
8921,100,2026-06-11,5.8,2.2,Shift changeover & inspection,58.3,237.6
8922,100,2026-06-12,6.6,1.4,Shift changeover & inspection,71.4,196.5
8923,100,2026-06-13,7.3,0.7,,88.0,208.8
8924,100,2026-06-14,6.2,1.8,Shift changeover & inspection,64.5,177.4
8925,100,2026-06-15,6.5,1.5,Shift changeover & inspection,79.9,159.6
8926,100,2026-06-16,7.5,0.5,,64.7,167.1
8927,100,2026-06-17,7.7,0.3,,104.3,257.5
8928,100,2026-06-18,7.4,0.6,,89.1,264.6
8929,100,2026-06-19,0.5,7.5,Engine overheated (>44°C ambient summer load),5.7,11.1
8930,100,2026-06-20,7.1,0.9,,61.8,215.4
8931,100,2026-06-21,6.1,1.9,Shift changeover & inspection,65.0,293.3
8932,100,2026-06-22,7.1,0.9,,88.2,243.1
8933,100,2026-06-23,1.5,6.5,Rainwater inundation at bottom pit bench (>40mm downpour),17.5,65.7
8934,100,2026-06-24,6.9,1.1,Shift changeover & inspection,65.9,210.1
8935,100,2026-06-25,6.6,1.4,Shift changeover & inspection,96.1,194.2
8936,100,2026-06-26,7.3,0.7,,68.4,188.9
8937,100,2026-06-27,6.5,1.5,Shift changeover & inspection,71.0,217.0
8938,100,2026-06-28,6.0,2.0,Shift changeover & inspection,88.9,255.4
8939,100,2026-06-29,6.2,1.8,Shift changeover & inspection,89.7,199.0
8940,100,2026-06-30,7.4,0.6,,93.0,360.9
8941,100,2026-07-01,2.2,5.8,Rainwater inundation at bottom pit bench (>40mm downpour),27.9,84.9
8942,100,2026-07-02,7.1,0.9,,84.3,287.5
8943,100,2026-07-03,3.4,4.6,Tyre sidewall cut on sharp gondite boulders,36.9,157.1
8944,100,2026-07-04,5.8,2.2,Shift changeover & inspection,86.7,138.7
8945,100,2026-07-05,6.9,1.1,Shift changeover & inspection,68.6,154.3
8946,100,2026-07-06,6.1,1.9,Shift changeover & inspection,89.4,160.4
8947,100,2026-07-07,6.6,1.4,Shift changeover & inspection,92.7,271.6
8948,100,2026-07-08,7.1,0.9,,69.0,339.7
8949,100,2026-07-09,0.8,7.2,Engine overheated (>44°C ambient summer load),11.8,30.4
8950,100,2026-07-10,3.2,4.8,Blasting toxic fume / dust clearance standstill,45.9,128.9
8951,100,2026-07-11,5.8,2.2,Shift changeover & inspection,70.8,183.3
8952,100,2026-07-12,7.2,0.8,,86.2,257.1
8953,100,2026-07-13,6.8,1.2,Shift changeover & inspection,55.1,296.8
8954,100,2026-07-14,6.2,1.8,Shift changeover & inspection,56.3,171.9
8955,100,2026-07-15,4.3,3.7,Rainwater inundation at bottom pit bench (>40mm downpour),60.8,190.3
8956,100,2026-07-16,6.0,2.0,Shift changeover & inspection,63.1,158.5
8957,100,2026-07-17,5.8,2.2,Shift changeover & inspection,47.5,196.8
8958,100,2026-07-18,0.6,7.4,Rainwater inundation at bottom pit bench (>40mm downpour),5.0,27.0
8959,100,2026-07-19,6.1,1.9,Shift changeover & inspection,71.4,205.2
8960,100,2026-07-20,6.1,1.9,Shift changeover & inspection,66.5,208.4
8961,100,2026-07-21,4.1,3.9,Rainwater inundation at bottom pit bench (>40mm downpour),46.2,188.8
8962,100,2026-07-22,1.8,6.2,Tyre sidewall cut on sharp gondite boulders,26.6,72.2
8963,100,2026-07-23,7.0,1.0,Shift changeover & inspection,75.9,155.2
8964,100,2026-07-24,7.6,0.4,,92.4,208.3
8965,100,2026-07-25,7.6,0.4,,93.5,338.8
8966,100,2026-07-26,1.8,6.2,Rainwater inundation at bottom pit bench (>40mm downpour),20.0,85.4
8967,100,2026-07-27,7.4,0.6,,76.9,205.5
8968,100,2026-07-28,6.6,1.4,Shift changeover & inspection,93.9,272.4
8969,100,2026-07-29,7.3,0.7,,93.3,264.1
8970,100,2026-07-30,3.0,5.0,Tyre sidewall cut on sharp gondite boulders,37.3,144.5
8971,100,2026-07-31,2.0,6.0,Rainwater inundation at bottom pit bench (>40mm downpour),22.5,46.2
8972,100,2026-08-01,3.2,4.8,Tyre sidewall cut on sharp gondite boulders,30.2,115.5
8973,100,2026-08-02,5.7,2.3,Shift changeover & inspection,69.0,232.0
8974,100,2026-08-03,5.7,2.3,Shift changeover & inspection,61.3,275.0
8975,100,2026-08-04,1.9,6.1,Rainwater inundation at bottom pit bench (>40mm downpour),22.1,54.6
8976,100,2026-08-05,7.6,0.4,,61.8,292.7
8977,100,2026-08-06,6.7,1.3,Shift changeover & inspection,69.8,236.5
8978,100,2026-08-07,5.5,2.5,Shift changeover & inspection,79.0,228.6
8979,100,2026-08-08,7.4,0.6,,99.8,177.1
8980,100,2026-08-09,2.8,5.2,Rainwater inundation at bottom pit bench (>40mm downpour),32.7,99.1
8981,100,2026-08-10,6.3,1.7,Shift changeover & inspection,85.7,141.9
8982,100,2026-08-11,4.3,3.7,Tyre sidewall cut on sharp gondite boulders,62.1,137.3
8983,100,2026-08-12,6.5,1.5,Shift changeover & inspection,92.5,287.5
8984,100,2026-08-13,6.2,1.8,Shift changeover & inspection,62.5,130.9
8985,100,2026-08-14,3.6,4.4,Rainwater inundation at bottom pit bench (>40mm downpour),43.0,153.7
8986,100,2026-08-15,5.8,2.2,Shift changeover & inspection,59.4,208.7
8987,100,2026-08-16,7.4,0.6,,76.4,274.9
8988,100,2026-08-17,7.4,0.6,,63.7,325.3
8989,100,2026-08-18,7.2,0.8,,77.1,192.4
8990,100,2026-08-19,7.2,0.8,,64.8,267.7
8991,100,2026-08-20,7.5,0.5,,92.4,356.0
8992,100,2026-08-21,2.7,5.3,Main sump pump silt clogging from monsoon slurry,39.4,91.6
8993,100,2026-08-22,5.7,2.3,Shift changeover & inspection,84.5,170.3
8994,100,2026-08-23,4.2,3.8,Tyre sidewall cut on sharp gondite boulders,62.4,92.7
8995,100,2026-08-24,7.4,0.6,,72.0,205.0
8996,100,2026-08-25,5.7,2.3,Shift changeover & inspection,49.9,245.3
8997,100,2026-08-26,7.6,0.4,,106.0,177.5
8998,100,2026-08-27,6.5,1.5,Shift changeover & inspection,55.6,174.4
8999,100,2026-08-28,7.3,0.7,,79.7,246.5
9000,100,2026-08-29,7.7,0.3,,73.7,306.7
9001,101,2026-06-01,6.4,1.6,Shift changeover & inspection,237.3,200.1
9002,101,2026-06-02,5.8,2.2,Shift changeover & inspection,182.3,119.2
9003,101,2026-06-03,6.4,1.6,Shift changeover & inspection,159.5,269.3
9004,101,2026-06-04,1.4,6.6,Tyre sidewall cut on sharp gondite boulders,41.7,37.9
9005,101,2026-06-05,6.6,1.4,Shift changeover & inspection,222.9,215.3
9006,101,2026-06-06,6.8,1.2,Shift changeover & inspection,270.4,214.5
9007,101,2026-06-07,5.8,2.2,Shift changeover & inspection,249.2,138.1
9008,101,2026-06-08,6.4,1.6,Shift changeover & inspection,241.3,139.2
9009,101,2026-06-09,5.6,2.4,Shift changeover & inspection,142.7,217.8
9010,101,2026-06-10,7.4,0.6,,307.6,179.1
9011,101,2026-06-11,7.3,0.7,,293.7,204.7
9012,101,2026-06-12,7.5,0.5,,183.4,286.4
9013,101,2026-06-13,6.0,2.0,Shift changeover & inspection,168.7,201.9
9014,101,2026-06-14,6.1,1.9,Shift changeover & inspection,173.9,302.9
9015,101,2026-06-15,5.8,2.2,Shift changeover & inspection,152.5,269.0
9016,101,2026-06-16,1.5,6.5,Shaft winder cage guide rope alignment check,49.9,59.7
9017,101,2026-06-17,5.7,2.3,Shift changeover & inspection,186.2,181.4
9018,101,2026-06-18,6.5,1.5,Shift changeover & inspection,254.7,149.6
9019,101,2026-06-19,5.6,2.4,Shift changeover & inspection,131.7,210.7
9020,101,2026-06-20,5.8,2.2,Shift changeover & inspection,163.0,131.6
9021,101,2026-06-21,6.2,1.8,Shift changeover & inspection,264.6,191.4
9022,101,2026-06-22,7.1,0.9,,159.5,157.4
9023,101,2026-06-23,6.4,1.6,Shift changeover & inspection,270.1,212.1
9024,101,2026-06-24,5.6,2.4,Shift changeover & inspection,127.4,198.1
9025,101,2026-06-25,7.7,0.3,,304.6,248.3
9026,101,2026-06-26,5.7,2.3,Shift changeover & inspection,256.0,252.2
9027,101,2026-06-27,6.1,1.9,Shift changeover & inspection,238.5,299.5
9028,101,2026-06-28,5.9,2.1,Shift changeover & inspection,205.0,287.3
9029,101,2026-06-29,6.9,1.1,Shift changeover & inspection,269.1,211.3
9030,101,2026-06-30,6.6,1.4,Shift changeover & inspection,226.6,262.2
9031,101,2026-07-01,6.6,1.4,Shift changeover & inspection,267.4,152.7
9032,101,2026-07-02,6.9,1.1,Shift changeover & inspection,273.1,201.4
9033,101,2026-07-03,6.4,1.6,Shift changeover & inspection,151.5,245.5
9034,101,2026-07-04,2.8,5.2,Rainwater inundation at bottom pit bench (>40mm downpour),73.5,114.1
9035,101,2026-07-05,6.6,1.4,Shift changeover & inspection,239.3,294.1
9036,101,2026-07-06,2.2,5.8,Rainwater inundation at bottom pit bench (>40mm downpour),89.4,49.8
9037,101,2026-07-07,6.5,1.5,Shift changeover & inspection,203.9,271.5
9038,101,2026-07-08,5.7,2.3,Shift changeover & inspection,172.2,265.5
9039,101,2026-07-09,3.4,4.6,Rainwater inundation at bottom pit bench (>40mm downpour),84.2,148.6
9040,101,2026-07-10,7.4,0.6,,250.2,199.9
9041,101,2026-07-11,6.2,1.8,Shift changeover & inspection,220.6,193.8
9042,101,2026-07-12,3.2,4.8,Main sump pump silt clogging from monsoon slurry,82.8,153.4
9043,101,2026-07-13,6.6,1.4,Shift changeover & inspection,283.3,235.1
9044,101,2026-07-14,6.7,1.3,Shift changeover & inspection,160.9,324.5
9045,101,2026-07-15,0.6,7.4,Engine overheated (>44°C ambient summer load),20.0,19.1
9046,101,2026-07-16,0.3,7.7,Rainwater inundation at bottom pit bench (>40mm downpour),12.0,13.3
9047,101,2026-07-17,2.5,5.5,Rainwater inundation at bottom pit bench (>40mm downpour),68.4,92.8
9048,101,2026-07-18,2.9,5.1,Tyre sidewall cut on sharp gondite boulders,108.8,81.1
9049,101,2026-07-19,6.1,1.9,Shift changeover & inspection,258.3,129.4
9050,101,2026-07-20,7.7,0.3,,257.8,169.8
9051,101,2026-07-21,2.5,5.5,Main sump pump silt clogging from monsoon slurry,91.0,66.1
9052,101,2026-07-22,5.9,2.1,Shift changeover & inspection,210.0,118.1
9053,101,2026-07-23,2.2,5.8,Tyre sidewall cut on sharp gondite boulders,60.3,100.8
9054,101,2026-07-24,5.6,2.4,Shift changeover & inspection,184.4,179.4
9055,101,2026-07-25,5.8,2.2,Shift changeover & inspection,220.4,141.1
9056,101,2026-07-26,7.4,0.6,,257.0,303.8
9057,101,2026-07-27,6.9,1.1,Shift changeover & inspection,269.3,214.0
9058,101,2026-07-28,6.5,1.5,Shift changeover & inspection,201.1,302.2
9059,101,2026-07-29,3.2,4.8,Rainwater inundation at bottom pit bench (>40mm downpour),78.6,90.0
9060,101,2026-07-30,6.9,1.1,Shift changeover & inspection,287.0,232.9
9061,101,2026-07-31,2.2,5.8,Main sump pump silt clogging from monsoon slurry,71.6,71.8
9062,101,2026-08-01,3.9,4.1,Main sump pump silt clogging from monsoon slurry,147.5,140.9
9063,101,2026-08-02,2.0,6.0,Tyre sidewall cut on sharp gondite boulders,70.5,94.2
9064,101,2026-08-03,5.6,2.4,Shift changeover & inspection,173.3,244.0
9065,101,2026-08-04,6.7,1.3,Shift changeover & inspection,175.1,276.5
9066,101,2026-08-05,6.5,1.5,Shift changeover & inspection,276.9,222.1
9067,101,2026-08-06,6.7,1.3,Shift changeover & inspection,268.4,251.9
9068,101,2026-08-07,7.3,0.7,,284.5,191.0
9069,101,2026-08-08,0.9,7.1,Engine overheated (>44°C ambient summer load),29.0,44.5
9070,101,2026-08-09,6.0,2.0,Shift changeover & inspection,190.6,246.8
9071,101,2026-08-10,6.5,1.5,Shift changeover & inspection,185.1,130.8
9072,101,2026-08-11,6.3,1.7,Shift changeover & inspection,239.1,219.0
9073,101,2026-08-12,3.2,4.8,Tyre sidewall cut on sharp gondite boulders,99.3,91.1
9074,101,2026-08-13,7.4,0.6,,220.8,241.2
9075,101,2026-08-14,1.8,6.2,Tyre sidewall cut on sharp gondite boulders,63.9,71.9
9076,101,2026-08-15,3.4,4.6,Main sump pump silt clogging from monsoon slurry,113.3,147.1
9077,101,2026-08-16,3.7,4.3,Main sump pump silt clogging from monsoon slurry,142.0,143.9
9078,101,2026-08-17,2.6,5.4,Tyre sidewall cut on sharp gondite boulders,58.7,81.9
9079,101,2026-08-18,7.7,0.3,,255.1,305.8
9080,101,2026-08-19,3.1,4.9,Main sump pump silt clogging from monsoon slurry,119.3,94.4
9081,101,2026-08-20,1.9,6.1,Main sump pump silt clogging from monsoon slurry,75.4,70.3
9082,101,2026-08-21,4.1,3.9,Tyre sidewall cut on sharp gondite boulders,163.4,166.3
9083,101,2026-08-22,4.3,3.7,Main sump pump silt clogging from monsoon slurry,175.4,105.0
9084,101,2026-08-23,7.2,0.8,,230.4,359.8
9085,101,2026-08-24,6.4,1.6,Shift changeover & inspection,218.4,177.3
9086,101,2026-08-25,2.6,5.4,Main sump pump silt clogging from monsoon slurry,83.8,97.4
9087,101,2026-08-26,7.8,0.2,,213.9,285.4
9088,101,2026-08-27,2.6,5.4,Tyre sidewall cut on sharp gondite boulders,117.0,120.2
9089,101,2026-08-28,6.4,1.6,Shift changeover & inspection,199.0,200.8
9090,101,2026-08-29,7.8,0.2,,311.2,318.3
9091,102,2026-06-01,6.5,1.5,Shift changeover & inspection,72.4,318.0
9092,102,2026-06-02,2.1,5.9,Hydraulic hose burst / high pressure pump cavitation,22.6,50.4
9093,102,2026-06-03,7.8,0.2,,113.8,173.6
9094,102,2026-06-04,5.5,2.5,Shift changeover & inspection,81.9,130.1
9095,102,2026-06-05,6.0,2.0,Shift changeover & inspection,88.1,280.0
9096,102,2026-06-06,5.9,2.1,Shift changeover & inspection,66.3,128.6
9097,102,2026-06-07,6.6,1.4,Shift changeover & inspection,96.0,292.9
9098,102,2026-06-08,6.7,1.3,Shift changeover & inspection,81.1,185.8
9099,102,2026-06-09,6.6,1.4,Shift changeover & inspection,95.6,317.9
9100,102,2026-06-10,1.5,6.5,Engine overheated (>44°C ambient summer load),22.0,71.3
9101,102,2026-06-11,7.7,0.3,,68.1,191.7
9102,102,2026-06-12,6.2,1.8,Shift changeover & inspection,56.6,288.1
9103,102,2026-06-13,1.7,6.3,Tyre sidewall cut on sharp gondite boulders,20.2,52.7
9104,102,2026-06-14,6.5,1.5,Shift changeover & inspection,75.6,165.1
9105,102,2026-06-15,3.3,4.7,Tyre sidewall cut on sharp gondite boulders,41.0,129.4
9106,102,2026-06-16,2.9,5.1,DGMS statutory electrical ground-fault trip,40.5,138.2
9107,102,2026-06-17,6.0,2.0,Shift changeover & inspection,48.4,258.6
9108,102,2026-06-18,7.7,0.3,,65.8,342.9
9109,102,2026-06-19,7.0,1.0,Shift changeover & inspection,66.2,150.2
9110,102,2026-06-20,6.0,2.0,Shift changeover & inspection,57.8,184.3
9111,102,2026-06-21,6.4,1.6,Shift changeover & inspection,60.5,307.9
9112,102,2026-06-22,2.9,5.1,Main sump pump silt clogging from monsoon slurry,37.6,120.2
9113,102,2026-06-23,0.9,7.1,Hydraulic hose burst / high pressure pump cavitation,9.6,25.2
9114,102,2026-06-24,5.5,2.5,Shift changeover & inspection,61.5,204.8
9115,102,2026-06-25,6.7,1.3,Shift changeover & inspection,80.8,143.6
9116,102,2026-06-26,6.9,1.1,Shift changeover & inspection,72.6,260.1
9117,102,2026-06-27,5.7,2.3,Shift changeover & inspection,48.6,143.1
9118,102,2026-06-28,7.4,0.6,,89.4,331.3
9119,102,2026-06-29,5.6,2.4,Shift changeover & inspection,51.4,160.9
9120,102,2026-06-30,6.0,2.0,Shift changeover & inspection,62.3,209.2
9121,102,2026-07-01,1.8,6.2,Rainwater inundation at bottom pit bench (>40mm downpour),19.4,57.8
9122,102,2026-07-02,2.3,5.7,Tyre sidewall cut on sharp gondite boulders,20.3,51.4
9123,102,2026-07-03,7.7,0.3,,72.4,271.2
9124,102,2026-07-04,7.7,0.3,,110.7,266.2
9125,102,2026-07-05,1.7,6.3,Tyre sidewall cut on sharp gondite boulders,17.0,55.7
9126,102,2026-07-06,3.5,4.5,Rainwater inundation at bottom pit bench (>40mm downpour),30.7,110.2
9127,102,2026-07-07,5.5,2.5,Shift changeover & inspection,65.1,266.9
9128,102,2026-07-08,6.9,1.1,Shift changeover & inspection,64.0,174.5
9129,102,2026-07-09,4.1,3.9,Rainwater inundation at bottom pit bench (>40mm downpour),59.2,187.1
9130,102,2026-07-10,6.9,1.1,Shift changeover & inspection,65.2,208.1
9131,102,2026-07-11,5.9,2.1,Shift changeover & inspection,65.5,188.9
9132,102,2026-07-12,6.7,1.3,Shift changeover & inspection,87.6,247.8
9133,102,2026-07-13,4.3,3.7,Rainwater inundation at bottom pit bench (>40mm downpour),51.4,169.9
9134,102,2026-07-14,5.7,2.3,Shift changeover & inspection,64.3,135.1
9135,102,2026-07-15,6.4,1.6,Shift changeover & inspection,65.3,267.8
9136,102,2026-07-16,7.7,0.3,,101.2,282.0
9137,102,2026-07-17,7.0,1.0,Shift changeover & inspection,73.2,215.6
9138,102,2026-07-18,7.6,0.4,,92.5,350.2
9139,102,2026-07-19,6.9,1.1,Shift changeover & inspection,57.1,339.7
9140,102,2026-07-20,6.4,1.6,Shift changeover & inspection,68.1,163.2
9141,102,2026-07-21,0.4,7.6,Rainwater inundation at bottom pit bench (>40mm downpour),4.9,12.0
9142,102,2026-07-22,2.3,5.7,Main sump pump silt clogging from monsoon slurry,28.1,51.2
9143,102,2026-07-23,3.7,4.3,Rainwater inundation at bottom pit bench (>40mm downpour),53.0,135.0
9144,102,2026-07-24,7.6,0.4,,108.9,246.8
9145,102,2026-07-25,1.5,6.5,Main sump pump silt clogging from monsoon slurry,18.4,58.2
9146,102,2026-07-26,7.5,0.5,,82.4,158.2
9147,102,2026-07-27,3.3,4.7,Rainwater inundation at bottom pit bench (>40mm downpour),32.7,108.4
9148,102,2026-07-28,2.3,5.7,Tyre sidewall cut on sharp gondite boulders,32.4,55.3
9149,102,2026-07-29,3.5,4.5,Main sump pump silt clogging from monsoon slurry,34.5,146.9
9150,102,2026-07-30,6.7,1.3,Shift changeover & inspection,58.3,196.6
9151,102,2026-07-31,7.7,0.3,,113.8,252.3
9152,102,2026-08-01,5.8,2.2,Shift changeover & inspection,52.1,228.0
9153,102,2026-08-02,5.6,2.4,Shift changeover & inspection,53.4,226.7
9154,102,2026-08-03,6.0,2.0,Shift changeover & inspection,89.2,175.2
9155,102,2026-08-04,6.0,2.0,Shift changeover & inspection,68.9,288.0
9156,102,2026-08-05,7.3,0.7,,62.8,150.7
9157,102,2026-08-06,2.1,5.9,Engine overheated (>44°C ambient summer load),28.2,74.7
9158,102,2026-08-07,3.8,4.2,Main sump pump silt clogging from monsoon slurry,50.4,110.4
9159,102,2026-08-08,4.3,3.7,Main sump pump silt clogging from monsoon slurry,57.1,205.6
9160,102,2026-08-09,6.3,1.7,Shift changeover & inspection,65.6,299.6
9161,102,2026-08-10,7.3,0.7,,81.1,331.8
9162,102,2026-08-11,6.7,1.3,Shift changeover & inspection,98.2,286.7
9163,102,2026-08-12,5.7,2.3,Shift changeover & inspection,52.7,284.5
9164,102,2026-08-13,3.4,4.6,Blasting toxic fume / dust clearance standstill,29.5,109.9
9165,102,2026-08-14,7.1,0.9,,59.8,224.7
9166,102,2026-08-15,6.1,1.9,Shift changeover & inspection,54.2,266.5
9167,102,2026-08-16,7.8,0.2,,97.1,294.5
9168,102,2026-08-17,3.1,4.9,Main sump pump silt clogging from monsoon slurry,38.5,138.3
9169,102,2026-08-18,2.6,5.4,Rainwater inundation at bottom pit bench (>40mm downpour),31.6,102.9
9170,102,2026-08-19,1.5,6.5,Main sump pump silt clogging from monsoon slurry,19.6,30.8
9171,102,2026-08-20,2.8,5.2,Tyre sidewall cut on sharp gondite boulders,28.9,136.5
9172,102,2026-08-21,5.6,2.4,Shift changeover & inspection,71.6,250.6
9173,102,2026-08-22,6.3,1.7,Shift changeover & inspection,58.9,228.2
9174,102,2026-08-23,2.0,6.0,Tyre sidewall cut on sharp gondite boulders,21.3,55.8
9175,102,2026-08-24,7.6,0.4,,90.2,281.5
9176,102,2026-08-25,2.3,5.7,Rainwater inundation at bottom pit bench (>40mm downpour),25.3,69.2
9177,102,2026-08-26,5.8,2.2,Shift changeover & inspection,58.8,274.4
9178,102,2026-08-27,3.6,4.4,Rainwater inundation at bottom pit bench (>40mm downpour),47.9,92.5
9179,102,2026-08-28,5.8,2.2,Shift changeover & inspection,85.6,152.3
9180,102,2026-08-29,5.5,2.5,Shift changeover & inspection,44.3,235.4
9181,103,2026-06-01,6.9,1.1,Shift changeover & inspection,280.0,292.9
9182,103,2026-06-02,5.8,2.2,Shift changeover & inspection,238.2,224.3
9183,103,2026-06-03,7.3,0.7,,277.6,326.8
9184,103,2026-06-04,5.7,2.3,Shift changeover & inspection,131.4,173.4
9185,103,2026-06-05,6.9,1.1,Shift changeover & inspection,164.8,342.1
9186,103,2026-06-06,7.5,0.5,,218.3,333.7
9187,103,2026-06-07,7.2,0.8,,287.0,274.7
9188,103,2026-06-08,6.6,1.4,Shift changeover & inspection,217.5,257.9
9189,103,2026-06-09,1.2,6.8,Tyre sidewall cut on sharp gondite boulders,37.7,39.7
9190,103,2026-06-10,6.7,1.3,Shift changeover & inspection,162.9,154.5
9191,103,2026-06-11,1.0,7.0,Hydraulic hose burst / high pressure pump cavitation,37.8,29.3
9192,103,2026-06-12,7.5,0.5,,226.6,346.6
9193,103,2026-06-13,5.7,2.3,Shift changeover & inspection,254.1,247.7
9194,103,2026-06-14,5.5,2.5,Shift changeover & inspection,226.2,144.8
9195,103,2026-06-15,6.3,1.7,Shift changeover & inspection,254.6,234.6
9196,103,2026-06-16,7.5,0.5,,222.3,183.4
9197,103,2026-06-17,5.8,2.2,Shift changeover & inspection,184.6,143.5
9198,103,2026-06-18,6.6,1.4,Shift changeover & inspection,265.0,168.3
9199,103,2026-06-19,5.8,2.2,Shift changeover & inspection,208.0,217.4
9200,103,2026-06-20,7.7,0.3,,245.8,236.8
9201,103,2026-06-21,7.8,0.2,,247.5,204.5
9202,103,2026-06-22,6.6,1.4,Shift changeover & inspection,234.0,294.3
9203,103,2026-06-23,6.3,1.7,Shift changeover & inspection,144.9,128.5
9204,103,2026-06-24,5.8,2.2,Shift changeover & inspection,202.1,276.7
9205,103,2026-06-25,7.3,0.7,,263.8,151.3
9206,103,2026-06-26,7.4,0.6,,199.2,296.5
9207,103,2026-06-27,6.4,1.6,Shift changeover & inspection,259.3,134.1
9208,103,2026-06-28,7.5,0.5,,320.5,257.5
9209,103,2026-06-29,1.6,6.4,DGMS statutory electrical ground-fault trip,50.0,57.7
9210,103,2026-06-30,5.6,2.4,Shift changeover & inspection,189.9,259.6
9211,103,2026-07-01,2.0,6.0,Main sump pump silt clogging from monsoon slurry,59.4,46.8
9212,103,2026-07-02,7.5,0.5,,226.7,365.8
9213,103,2026-07-03,1.1,6.9,DGMS statutory electrical ground-fault trip,46.4,41.8
9214,103,2026-07-04,2.7,5.3,Tyre sidewall cut on sharp gondite boulders,119.5,93.9
9215,103,2026-07-05,7.5,0.5,,252.7,327.7
9216,103,2026-07-06,6.8,1.2,Shift changeover & inspection,222.9,256.2
9217,103,2026-07-07,2.8,5.2,Tyre sidewall cut on sharp gondite boulders,90.5,131.7
9218,103,2026-07-08,2.7,5.3,Main sump pump silt clogging from monsoon slurry,112.7,117.6
9219,103,2026-07-09,3.3,4.7,Rainwater inundation at bottom pit bench (>40mm downpour),80.6,90.9
9220,103,2026-07-10,5.8,2.2,Shift changeover & inspection,128.9,240.0
9221,103,2026-07-11,4.3,3.7,Main sump pump silt clogging from monsoon slurry,104.5,134.6
9222,103,2026-07-12,3.2,4.8,Tyre sidewall cut on sharp gondite boulders,105.2,149.7
9223,103,2026-07-13,5.9,2.1,Shift changeover & inspection,184.1,153.7
9224,103,2026-07-14,5.6,2.4,Shift changeover & inspection,242.3,241.3
9225,103,2026-07-15,6.3,1.7,Shift changeover & inspection,276.1,277.2
9226,103,2026-07-16,7.4,0.6,,251.2,176.7
9227,103,2026-07-17,6.1,1.9,Shift changeover & inspection,193.6,265.1
9228,103,2026-07-18,2.1,5.9,Main sump pump silt clogging from monsoon slurry,59.3,51.6
9229,103,2026-07-19,4.1,3.9,Main sump pump silt clogging from monsoon slurry,176.1,84.7
9230,103,2026-07-20,6.5,1.5,Shift changeover & inspection,260.0,161.5
9231,103,2026-07-21,7.7,0.3,,227.6,163.6
9232,103,2026-07-22,1.8,6.2,Main sump pump silt clogging from monsoon slurry,53.2,69.9
9233,103,2026-07-23,1.8,6.2,Tyre sidewall cut on sharp gondite boulders,58.8,58.4
9234,103,2026-07-24,7.1,0.9,,310.5,145.1
9235,103,2026-07-25,3.4,4.6,Rainwater inundation at bottom pit bench (>40mm downpour),139.4,161.2
9236,103,2026-07-26,7.4,0.6,,198.5,238.8
9237,103,2026-07-27,5.9,2.1,Shift changeover & inspection,142.6,262.8
9238,103,2026-07-28,2.9,5.1,Tyre sidewall cut on sharp gondite boulders,127.3,70.7
9239,103,2026-07-29,2.0,6.0,Tyre sidewall cut on sharp gondite boulders,86.7,46.7
9240,103,2026-07-30,7.3,0.7,,165.9,302.3
9241,103,2026-07-31,7.3,0.7,,244.1,341.3
9242,103,2026-08-01,2.4,5.6,Main sump pump silt clogging from monsoon slurry,65.4,66.3
9243,103,2026-08-02,6.2,1.8,Shift changeover & inspection,254.0,254.9
9244,103,2026-08-03,3.5,4.5,Tyre sidewall cut on sharp gondite boulders,125.0,91.7
9245,103,2026-08-04,6.4,1.6,Shift changeover & inspection,144.5,172.0
9246,103,2026-08-05,3.5,4.5,Rainwater inundation at bottom pit bench (>40mm downpour),89.4,164.0
9247,103,2026-08-06,0.2,7.8,Blasting toxic fume / dust clearance standstill,6.5,8.2
9248,103,2026-08-07,7.7,0.3,,298.2,322.2
9249,103,2026-08-08,7.3,0.7,,191.7,270.4
9250,103,2026-08-09,1.9,6.1,Tyre sidewall cut on sharp gondite boulders,46.5,42.4
9251,103,2026-08-10,6.8,1.2,Shift changeover & inspection,169.1,144.5
9252,103,2026-08-11,6.1,1.9,Shift changeover & inspection,249.8,208.1
9253,103,2026-08-12,3.6,4.4,Main sump pump silt clogging from monsoon slurry,112.8,136.3
9254,103,2026-08-13,6.6,1.4,Shift changeover & inspection,191.3,275.5
9255,103,2026-08-14,6.3,1.7,Shift changeover & inspection,259.2,226.4
9256,103,2026-08-15,7.3,0.7,,255.1,187.0
9257,103,2026-08-16,6.6,1.4,Shift changeover & inspection,184.6,257.9
9258,103,2026-08-17,2.6,5.4,DGMS statutory electrical ground-fault trip,89.3,54.8
9259,103,2026-08-18,6.5,1.5,Shift changeover & inspection,244.3,322.0
9260,103,2026-08-19,6.2,1.8,Shift changeover & inspection,142.9,154.1
9261,103,2026-08-20,6.3,1.7,Shift changeover & inspection,149.5,242.0
9262,103,2026-08-21,2.4,5.6,Main sump pump silt clogging from monsoon slurry,104.0,72.7
9263,103,2026-08-22,2.9,5.1,Main sump pump silt clogging from monsoon slurry,76.5,124.6
9264,103,2026-08-23,3.2,4.8,Main sump pump silt clogging from monsoon slurry,74.3,102.6
9265,103,2026-08-24,7.3,0.7,,240.6,336.3
9266,103,2026-08-25,2.6,5.4,Rainwater inundation at bottom pit bench (>40mm downpour),75.0,68.9
9267,103,2026-08-26,7.7,0.3,,340.2,317.9
9268,103,2026-08-27,0.8,7.2,Rainwater inundation at bottom pit bench (>40mm downpour),34.9,39.5
9269,103,2026-08-28,5.9,2.1,Shift changeover & inspection,217.1,191.6
9270,103,2026-08-29,6.9,1.1,Shift changeover & inspection,236.0,198.4
9271,104,2026-06-01,6.2,1.8,Shift changeover & inspection,226.7,269.5
9272,104,2026-06-02,5.6,2.4,Shift changeover & inspection,234.1,136.7
9273,104,2026-06-03,7.6,0.4,,215.8,168.4
9274,104,2026-06-04,2.5,5.5,Rainwater inundation at bottom pit bench (>40mm downpour),73.5,106.0
9275,104,2026-06-05,7.2,0.8,,186.0,172.3
9276,104,2026-06-06,7.0,1.0,Shift changeover & inspection,196.4,324.8
9277,104,2026-06-07,7.1,0.9,,225.8,221.6
9278,104,2026-06-08,6.1,1.9,Shift changeover & inspection,226.1,284.1
9279,104,2026-06-09,7.4,0.6,,173.9,219.4
9280,104,2026-06-10,6.6,1.4,Shift changeover & inspection,255.1,252.4
9281,104,2026-06-11,6.2,1.8,Shift changeover & inspection,197.6,166.1
9282,104,2026-06-12,7.2,0.8,,225.9,273.0
9283,104,2026-06-13,7.8,0.2,,260.6,319.1
9284,104,2026-06-14,6.7,1.3,Shift changeover & inspection,273.9,209.9
9285,104,2026-06-15,6.5,1.5,Shift changeover & inspection,237.0,136.4
9286,104,2026-06-16,6.0,2.0,Shift changeover & inspection,140.9,295.2
9287,104,2026-06-17,6.6,1.4,Shift changeover & inspection,173.5,310.9
9288,104,2026-06-18,6.3,1.7,Shift changeover & inspection,248.8,259.1
9289,104,2026-06-19,6.1,1.9,Shift changeover & inspection,158.2,195.5
9290,104,2026-06-20,6.5,1.5,Shift changeover & inspection,282.5,297.4
9291,104,2026-06-21,6.8,1.2,Shift changeover & inspection,295.7,321.6
9292,104,2026-06-22,1.7,6.3,Hydraulic hose burst / high pressure pump cavitation,56.2,36.6
9293,104,2026-06-23,6.0,2.0,Shift changeover & inspection,246.8,194.6
9294,104,2026-06-24,6.7,1.3,Shift changeover & inspection,251.3,329.2
9295,104,2026-06-25,6.4,1.6,Shift changeover & inspection,199.5,293.6
9296,104,2026-06-26,6.2,1.8,Shift changeover & inspection,225.1,192.5
9297,104,2026-06-27,0.5,7.5,Shaft winder cage guide rope alignment check,21.8,11.1
9298,104,2026-06-28,6.7,1.3,Shift changeover & inspection,274.6,297.7
9299,104,2026-06-29,6.9,1.1,Shift changeover & inspection,262.5,302.8
9300,104,2026-06-30,1.8,6.2,Tyre sidewall cut on sharp gondite boulders,53.9,68.4
9301,104,2026-07-01,6.5,1.5,Shift changeover & inspection,264.7,190.2
9302,104,2026-07-02,5.8,2.2,Shift changeover & inspection,134.5,135.2
9303,104,2026-07-03,4.5,3.5,Rainwater inundation at bottom pit bench (>40mm downpour),182.0,220.3
9304,104,2026-07-04,6.2,1.8,Shift changeover & inspection,233.0,199.3
9305,104,2026-07-05,4.2,3.8,Tyre sidewall cut on sharp gondite boulders,157.3,103.1
9306,104,2026-07-06,6.5,1.5,Shift changeover & inspection,168.1,217.8
9307,104,2026-07-07,1.5,6.5,Tyre sidewall cut on sharp gondite boulders,41.6,60.5
9308,104,2026-07-08,0.0,8.0,Shaft winder cage guide rope alignment check,0.0,0.0
9309,104,2026-07-09,5.6,2.4,Shift changeover & inspection,155.0,155.6
9310,104,2026-07-10,6.1,1.9,Shift changeover & inspection,235.6,130.0
9311,104,2026-07-11,3.0,5.0,Main sump pump silt clogging from monsoon slurry,74.5,124.1
9312,104,2026-07-12,6.0,2.0,Shift changeover & inspection,137.2,297.8
9313,104,2026-07-13,5.5,2.5,Shift changeover & inspection,241.6,264.0
9314,104,2026-07-14,6.5,1.5,Shift changeover & inspection,230.4,174.5
9315,104,2026-07-15,3.7,4.3,Rainwater inundation at bottom pit bench (>40mm downpour),85.4,150.4
9316,104,2026-07-16,6.3,1.7,Shift changeover & inspection,277.7,241.8
9317,104,2026-07-17,6.5,1.5,Shift changeover & inspection,251.4,287.6
9318,104,2026-07-18,4.4,3.6,Rainwater inundation at bottom pit bench (>40mm downpour),146.7,180.2
9319,104,2026-07-19,1.4,6.6,Shaft winder cage guide rope alignment check,47.9,46.5
9320,104,2026-07-20,3.0,5.0,Rainwater inundation at bottom pit bench (>40mm downpour),74.5,74.3
9321,104,2026-07-21,6.9,1.1,Shift changeover & inspection,226.5,219.7
9322,104,2026-07-22,6.2,1.8,Shift changeover & inspection,187.1,156.2
9323,104,2026-07-23,1.8,6.2,Tyre sidewall cut on sharp gondite boulders,48.1,68.2
9324,104,2026-07-24,7.5,0.5,,180.0,177.8
9325,104,2026-07-25,2.1,5.9,Main sump pump silt clogging from monsoon slurry,90.6,55.7
9326,104,2026-07-26,7.5,0.5,,204.2,223.5
9327,104,2026-07-27,6.7,1.3,Shift changeover & inspection,244.1,174.3
9328,104,2026-07-28,2.0,6.0,Tyre sidewall cut on sharp gondite boulders,83.1,46.7
9329,104,2026-07-29,3.5,4.5,Main sump pump silt clogging from monsoon slurry,83.4,164.7
9330,104,2026-07-30,6.2,1.8,Shift changeover & inspection,254.3,150.4
9331,104,2026-07-31,3.3,4.7,Tyre sidewall cut on sharp gondite boulders,93.9,67.7
9332,104,2026-08-01,7.0,1.0,Shift changeover & inspection,201.7,184.7
9333,104,2026-08-02,6.3,1.7,Shift changeover & inspection,148.3,281.3
9334,104,2026-08-03,6.5,1.5,Shift changeover & inspection,149.4,153.5
9335,104,2026-08-04,6.4,1.6,Shift changeover & inspection,284.8,231.4
9336,104,2026-08-05,3.0,5.0,Rainwater inundation at bottom pit bench (>40mm downpour),84.4,106.0
9337,104,2026-08-06,6.9,1.1,Shift changeover & inspection,216.0,297.6
9338,104,2026-08-07,5.7,2.3,Shift changeover & inspection,172.9,151.1
9339,104,2026-08-08,1.6,6.4,Main sump pump silt clogging from monsoon slurry,53.9,74.2
9340,104,2026-08-09,3.5,4.5,Tyre sidewall cut on sharp gondite boulders,118.5,97.0
9341,104,2026-08-10,6.6,1.4,Shift changeover & inspection,150.4,239.3
9342,104,2026-08-11,7.2,0.8,,211.0,334.8
9343,104,2026-08-12,6.3,1.7,Shift changeover & inspection,230.1,243.3
9344,104,2026-08-13,4.2,3.8,Tyre sidewall cut on sharp gondite boulders,105.4,109.8
9345,104,2026-08-14,5.7,2.3,Shift changeover & inspection,182.5,170.9
9346,104,2026-08-15,6.4,1.6,Shift changeover & inspection,195.9,133.6
9347,104,2026-08-16,7.8,0.2,,227.1,226.9
9348,104,2026-08-17,5.9,2.1,Shift changeover & inspection,244.8,238.4
9349,104,2026-08-18,1.8,6.2,Main sump pump silt clogging from monsoon slurry,63.8,73.1
9350,104,2026-08-19,5.5,2.5,Shift changeover & inspection,236.3,231.5
9351,104,2026-08-20,7.1,0.9,,208.5,316.1
9352,104,2026-08-21,2.1,5.9,Rainwater inundation at bottom pit bench (>40mm downpour),87.8,74.4
9353,104,2026-08-22,3.3,4.7,Rainwater inundation at bottom pit bench (>40mm downpour),81.8,163.5
9354,104,2026-08-23,6.4,1.6,Shift changeover & inspection,167.5,140.5
9355,104,2026-08-24,6.7,1.3,Shift changeover & inspection,225.0,173.9
9356,104,2026-08-25,6.4,1.6,Shift changeover & inspection,151.8,229.0
9357,104,2026-08-26,5.9,2.1,Shift changeover & inspection,135.7,231.4
9358,104,2026-08-27,7.8,0.2,,254.7,230.7
9359,104,2026-08-28,5.6,2.4,Shift changeover & inspection,197.6,223.5
9360,104,2026-08-29,6.5,1.5,Shift changeover & inspection,278.7,227.8
9361,105,2026-06-01,5.7,2.3,Shift changeover & inspection,56.0,206.7
9362,105,2026-06-02,5.8,2.2,Shift changeover & inspection,50.3,216.0
9363,105,2026-06-03,5.7,2.3,Shift changeover & inspection,54.9,188.2
9364,105,2026-06-04,7.2,0.8,,59.5,216.9
9365,105,2026-06-05,1.8,6.2,Engine overheated (>44°C ambient summer load),23.4,72.4
9366,105,2026-06-06,2.9,5.1,Hydraulic hose burst / high pressure pump cavitation,26.3,84.3
9367,105,2026-06-07,6.8,1.2,Shift changeover & inspection,86.8,138.5
9368,105,2026-06-08,5.6,2.4,Shift changeover & inspection,64.0,253.2
9369,105,2026-06-09,6.3,1.7,Shift changeover & inspection,88.6,129.4
9370,105,2026-06-10,7.5,0.5,,69.4,162.3
9371,105,2026-06-11,7.3,0.7,,89.1,207.9
9372,105,2026-06-12,6.6,1.4,Shift changeover & inspection,93.1,162.0
9373,105,2026-06-13,6.0,2.0,Shift changeover & inspection,84.1,256.2
9374,105,2026-06-14,6.1,1.9,Shift changeover & inspection,83.4,140.6
9375,105,2026-06-15,3.1,4.9,Shaft winder cage guide rope alignment check,42.7,95.9
9376,105,2026-06-16,7.1,0.9,,75.0,264.9
9377,105,2026-06-17,6.0,2.0,Shift changeover & inspection,82.0,169.9
9378,105,2026-06-18,6.3,1.7,Shift changeover & inspection,70.1,226.1
9379,105,2026-06-19,6.4,1.6,Shift changeover & inspection,71.8,213.1
9380,105,2026-06-20,7.6,0.4,,80.8,349.3
9381,105,2026-06-21,2.6,5.4,Shaft winder cage guide rope alignment check,35.0,63.5
9382,105,2026-06-22,6.1,1.9,Shift changeover & inspection,88.7,268.2
9383,105,2026-06-23,7.1,0.9,,84.7,240.2
9384,105,2026-06-24,5.9,2.1,Shift changeover & inspection,86.5,137.7
9385,105,2026-06-25,6.0,2.0,Shift changeover & inspection,63.4,175.2
9386,105,2026-06-26,7.3,0.7,,76.3,282.8
9387,105,2026-06-27,7.0,1.0,Shift changeover & inspection,98.4,227.5
9388,105,2026-06-28,6.8,1.2,Shift changeover & inspection,65.0,254.8
9389,105,2026-06-29,6.0,2.0,Shift changeover & inspection,52.3,195.1
9390,105,2026-06-30,6.3,1.7,Shift changeover & inspection,74.7,301.4
9391,105,2026-07-01,5.7,2.3,Shift changeover & inspection,57.4,269.1
9392,105,2026-07-02,0.2,7.8,DGMS statutory electrical ground-fault trip,2.0,9.0
9393,105,2026-07-03,7.0,1.0,Shift changeover & inspection,97.7,197.2
9394,105,2026-07-04,4.4,3.6,Tyre sidewall cut on sharp gondite boulders,48.3,168.9
9395,105,2026-07-05,6.4,1.6,Shift changeover & inspection,85.8,284.1
9396,105,2026-07-06,7.8,0.2,,70.6,260.4
9397,105,2026-07-07,6.6,1.4,Shift changeover & inspection,96.0,246.8
9398,105,2026-07-08,7.0,1.0,Shift changeover & inspection,75.4,338.3
9399,105,2026-07-09,6.8,1.2,Shift changeover & inspection,80.1,332.7
9400,105,2026-07-10,6.1,1.9,Shift changeover & inspection,49.8,289.7
9401,105,2026-07-11,7.3,0.7,,65.1,152.0
9402,105,2026-07-12,7.0,1.0,Shift changeover & inspection,82.6,311.4
9403,105,2026-07-13,7.1,0.9,,58.7,159.4
9404,105,2026-07-14,3.8,4.2,Main sump pump silt clogging from monsoon slurry,51.8,124.9
9405,105,2026-07-15,1.6,6.4,Main sump pump silt clogging from monsoon slurry,21.4,62.3
9406,105,2026-07-16,6.0,2.0,Shift changeover & inspection,86.8,231.6
9407,105,2026-07-17,7.5,0.5,,105.0,315.5
9408,105,2026-07-18,5.6,2.4,Shift changeover & inspection,49.5,267.2
9409,105,2026-07-19,7.6,0.4,,108.3,361.2
9410,105,2026-07-20,7.7,0.3,,68.6,263.2
9411,105,2026-07-21,3.6,4.4,Rainwater inundation at bottom pit bench (>40mm downpour),30.2,120.9
9412,105,2026-07-22,7.0,1.0,Shift changeover & inspection,101.9,301.8
9413,105,2026-07-23,5.6,2.4,Shift changeover & inspection,80.8,211.6
9414,105,2026-07-24,7.5,0.5,,60.1,329.4
9415,105,2026-07-25,7.5,0.5,,60.6,335.8
9416,105,2026-07-26,6.9,1.1,Shift changeover & inspection,83.2,296.7
9417,105,2026-07-27,7.1,0.9,,67.5,176.1
9418,105,2026-07-28,1.0,7.0,Main sump pump silt clogging from monsoon slurry,13.7,30.7
9419,105,2026-07-29,6.5,1.5,Shift changeover & inspection,69.7,297.1
9420,105,2026-07-30,3.2,4.8,Tyre sidewall cut on sharp gondite boulders,42.2,148.6
9421,105,2026-07-31,4.3,3.7,Tyre sidewall cut on sharp gondite boulders,44.5,106.7
9422,105,2026-08-01,7.0,1.0,Shift changeover & inspection,64.3,346.3
9423,105,2026-08-02,6.9,1.1,Shift changeover & inspection,87.6,151.7
9424,105,2026-08-03,3.0,5.0,Tyre sidewall cut on sharp gondite boulders,30.7,79.0
9425,105,2026-08-04,5.6,2.4,Shift changeover & inspection,53.3,179.9
9426,105,2026-08-05,3.1,4.9,Main sump pump silt clogging from monsoon slurry,46.1,119.8
9427,105,2026-08-06,3.6,4.4,Tyre sidewall cut on sharp gondite boulders,34.7,72.9
9428,105,2026-08-07,2.3,5.7,Rainwater inundation at bottom pit bench (>40mm downpour),19.5,71.7
9429,105,2026-08-08,7.2,0.8,,66.0,251.8
9430,105,2026-08-09,7.6,0.4,,106.7,188.3
9431,105,2026-08-10,2.9,5.1,Main sump pump silt clogging from monsoon slurry,42.5,82.1
9432,105,2026-08-11,2.4,5.6,Main sump pump silt clogging from monsoon slurry,31.5,60.6
9433,105,2026-08-12,7.3,0.7,,68.7,351.3
9434,105,2026-08-13,3.9,4.1,Tyre sidewall cut on sharp gondite boulders,36.4,177.8
9435,105,2026-08-14,5.7,2.3,Shift changeover & inspection,83.5,186.3
9436,105,2026-08-15,0.6,7.4,Hydraulic hose burst / high pressure pump cavitation,8.2,20.3
9437,105,2026-08-16,2.0,6.0,Main sump pump silt clogging from monsoon slurry,17.2,91.1
9438,105,2026-08-17,6.3,1.7,Shift changeover & inspection,58.1,153.8
9439,105,2026-08-18,5.5,2.5,Shift changeover & inspection,53.8,128.3
9440,105,2026-08-19,1.9,6.1,Main sump pump silt clogging from monsoon slurry,24.4,60.5
9441,105,2026-08-20,7.2,0.8,,101.8,292.8
9442,105,2026-08-21,6.5,1.5,Shift changeover & inspection,61.3,194.6
9443,105,2026-08-22,7.6,0.4,,78.7,242.8
9444,105,2026-08-23,7.1,0.9,,62.8,333.1
9445,105,2026-08-24,4.4,3.6,Main sump pump silt clogging from monsoon slurry,53.9,108.6
9446,105,2026-08-25,2.6,5.4,Rainwater inundation at bottom pit bench (>40mm downpour),28.9,116.0
9447,105,2026-08-26,6.3,1.7,Shift changeover & inspection,89.5,252.2
9448,105,2026-08-27,0.7,7.3,DGMS statutory electrical ground-fault trip,8.7,22.4
9449,105,2026-08-28,7.1,0.9,,95.4,181.6
9450,105,2026-08-29,4.1,3.9,Tyre sidewall cut on sharp gondite boulders,34.8,170.0
9451,106,2026-06-01,1.1,6.9,Rainwater inundation at bottom pit bench (>40mm downpour),13.4,38.1
9452,106,2026-06-02,5.6,2.4,Shift changeover & inspection,63.4,133.2
9453,106,2026-06-03,6.4,1.6,Shift changeover & inspection,60.1,185.7
9454,106,2026-06-04,0.7,7.3,Tyre sidewall cut on sharp gondite boulders,10.4,14.6
9455,106,2026-06-05,6.8,1.2,Shift changeover & inspection,55.8,330.7
9456,106,2026-06-06,7.5,0.5,,80.1,203.2
9457,106,2026-06-07,6.3,1.7,Shift changeover & inspection,65.0,150.3
9458,106,2026-06-08,5.9,2.1,Shift changeover & inspection,54.7,219.7
9459,106,2026-06-09,6.5,1.5,Shift changeover & inspection,59.4,246.6
9460,106,2026-06-10,6.3,1.7,Shift changeover & inspection,87.9,206.9
9461,106,2026-06-11,5.5,2.5,Shift changeover & inspection,75.5,124.6
9462,106,2026-06-12,6.6,1.4,Shift changeover & inspection,61.0,235.6
9463,106,2026-06-13,2.1,5.9,Shaft winder cage guide rope alignment check,19.2,69.8
9464,106,2026-06-14,5.8,2.2,Shift changeover & inspection,76.3,266.5
9465,106,2026-06-15,7.4,0.6,,101.1,301.8
9466,106,2026-06-16,0.5,7.5,Hydraulic hose burst / high pressure pump cavitation,5.7,23.7
9467,106,2026-06-17,6.1,1.9,Shift changeover & inspection,88.4,150.1
9468,106,2026-06-18,1.3,6.7,Engine overheated (>44°C ambient summer load),17.4,27.3
9469,106,2026-06-19,6.2,1.8,Shift changeover & inspection,75.7,239.1
9470,106,2026-06-20,7.0,1.0,Shift changeover & inspection,93.4,199.4
9471,106,2026-06-21,7.0,1.0,Shift changeover & inspection,98.7,288.5
9472,106,2026-06-22,7.8,0.2,,96.1,303.7
9473,106,2026-06-23,5.7,2.3,Shift changeover & inspection,64.0,117.2
9474,106,2026-06-24,7.6,0.4,,109.2,354.8
9475,106,2026-06-25,7.5,0.5,,74.6,253.6
9476,106,2026-06-26,7.2,0.8,,64.4,316.0
9477,106,2026-06-27,7.1,0.9,,69.1,257.3
9478,106,2026-06-28,7.0,1.0,Shift changeover & inspection,85.4,323.0
9479,106,2026-06-29,0.0,8.0,Hydraulic hose burst / high pressure pump cavitation,0.0,0.0
9480,106,2026-06-30,6.0,2.0,Shift changeover & inspection,76.9,134.2
9481,106,2026-07-01,7.4,0.6,,85.5,276.4
9482,106,2026-07-02,6.5,1.5,Shift changeover & inspection,73.8,200.5
9483,106,2026-07-03,7.1,0.9,,76.5,169.2
9484,106,2026-07-04,7.6,0.4,,70.8,291.0
9485,106,2026-07-05,7.3,0.7,,58.8,155.1
9486,106,2026-07-06,2.9,5.1,Tyre sidewall cut on sharp gondite boulders,38.0,91.3
9487,106,2026-07-07,5.9,2.1,Shift changeover & inspection,54.0,211.6
9488,106,2026-07-08,2.9,5.1,Rainwater inundation at bottom pit bench (>40mm downpour),29.7,141.4
9489,106,2026-07-09,6.9,1.1,Shift changeover & inspection,74.7,212.1
9490,106,2026-07-10,1.7,6.3,Tyre sidewall cut on sharp gondite boulders,24.3,41.4
9491,106,2026-07-11,5.7,2.3,Shift changeover & inspection,81.7,230.4
9492,106,2026-07-12,4.0,4.0,Rainwater inundation at bottom pit bench (>40mm downpour),53.2,151.4
9493,106,2026-07-13,5.8,2.2,Shift changeover & inspection,47.4,258.9
9494,106,2026-07-14,4.4,3.6,Rainwater inundation at bottom pit bench (>40mm downpour),47.9,94.9
9495,106,2026-07-15,3.7,4.3,Tyre sidewall cut on sharp gondite boulders,48.0,126.2
9496,106,2026-07-16,1.9,6.1,Main sump pump silt clogging from monsoon slurry,18.7,72.0
9497,106,2026-07-17,6.6,1.4,Shift changeover & inspection,96.9,208.7
9498,106,2026-07-18,5.6,2.4,Shift changeover & inspection,54.2,178.8
9499,106,2026-07-19,6.9,1.1,Shift changeover & inspection,86.9,160.2
9500,106,2026-07-20,6.3,1.7,Shift changeover & inspection,74.7,295.3
9501,106,2026-07-21,7.5,0.5,,94.8,165.6
9502,106,2026-07-22,6.3,1.7,Shift changeover & inspection,72.0,186.3
9503,106,2026-07-23,3.0,5.0,Tyre sidewall cut on sharp gondite boulders,38.4,103.6
9504,106,2026-07-24,2.6,5.4,Tyre sidewall cut on sharp gondite boulders,30.3,122.7
9505,106,2026-07-25,7.0,1.0,Shift changeover & inspection,87.6,231.3
9506,106,2026-07-26,3.3,4.7,Tyre sidewall cut on sharp gondite boulders,42.3,88.5
9507,106,2026-07-27,3.4,4.6,Main sump pump silt clogging from monsoon slurry,49.0,91.2
9508,106,2026-07-28,2.9,5.1,Main sump pump silt clogging from monsoon slurry,29.8,127.4
9509,106,2026-07-29,2.1,5.9,Rainwater inundation at bottom pit bench (>40mm downpour),22.2,91.2
9510,106,2026-07-30,4.5,3.5,Tyre sidewall cut on sharp gondite boulders,63.5,92.7
9511,106,2026-07-31,7.0,1.0,Shift changeover & inspection,101.4,193.5
9512,106,2026-08-01,1.8,6.2,Tyre sidewall cut on sharp gondite boulders,24.3,88.7
9513,106,2026-08-02,2.5,5.5,Rainwater inundation at bottom pit bench (>40mm downpour),27.3,123.6
9514,106,2026-08-03,1.7,6.3,Main sump pump silt clogging from monsoon slurry,25.1,81.5
9515,106,2026-08-04,0.2,7.8,Shaft winder cage guide rope alignment check,2.1,5.9
9516,106,2026-08-05,0.5,7.5,Tyre sidewall cut on sharp gondite boulders,6.8,15.7
9517,106,2026-08-06,7.4,0.6,,96.2,326.7
9518,106,2026-08-07,4.5,3.5,Main sump pump silt clogging from monsoon slurry,47.7,170.1
9519,106,2026-08-08,6.9,1.1,Shift changeover & inspection,65.5,154.2
9520,106,2026-08-09,6.6,1.4,Shift changeover & inspection,95.0,280.5
9521,106,2026-08-10,6.3,1.7,Shift changeover & inspection,87.4,141.9
9522,106,2026-08-11,3.7,4.3,Main sump pump silt clogging from monsoon slurry,40.4,166.1
9523,106,2026-08-12,5.6,2.4,Shift changeover & inspection,75.8,215.0
9524,106,2026-08-13,7.4,0.6,,72.7,247.2
9525,106,2026-08-14,2.6,5.4,Tyre sidewall cut on sharp gondite boulders,28.7,122.6
9526,106,2026-08-15,7.6,0.4,,85.7,349.4
9527,106,2026-08-16,6.5,1.5,Shift changeover & inspection,85.4,257.4
9528,106,2026-08-17,7.6,0.4,,79.2,169.8
9529,106,2026-08-18,2.2,5.8,Engine overheated (>44°C ambient summer load),32.0,54.1
9530,106,2026-08-19,6.6,1.4,Shift changeover & inspection,73.6,188.8
9531,106,2026-08-20,7.1,0.9,,75.4,300.0
9532,106,2026-08-21,2.7,5.3,Rainwater inundation at bottom pit bench (>40mm downpour),32.2,107.2
9533,106,2026-08-22,6.8,1.2,Shift changeover & inspection,64.3,320.3
9534,106,2026-08-23,6.9,1.1,Shift changeover & inspection,81.3,147.6
9535,106,2026-08-24,3.2,4.8,Main sump pump silt clogging from monsoon slurry,43.2,88.3
9536,106,2026-08-25,6.4,1.6,Shift changeover & inspection,64.9,157.4
9537,106,2026-08-26,2.2,5.8,Main sump pump silt clogging from monsoon slurry,30.2,55.2
9538,106,2026-08-27,2.7,5.3,Main sump pump silt clogging from monsoon slurry,33.3,83.0
9539,106,2026-08-28,3.3,4.7,Rainwater inundation at bottom pit bench (>40mm downpour),40.1,104.9
9540,106,2026-08-29,7.2,0.8,,95.3,240.3
9541,107,2026-06-01,7.7,0.3,,77.9,302.7
9542,107,2026-06-02,7.7,0.3,,69.4,254.5
9543,107,2026-06-03,7.3,0.7,,68.9,178.2
9544,107,2026-06-04,7.0,1.0,Shift changeover & inspection,89.2,311.6
9545,107,2026-06-05,7.1,0.9,,57.4,197.7
9546,107,2026-06-06,1.8,6.2,Engine overheated (>44°C ambient summer load),25.1,52.5
9547,107,2026-06-07,6.7,1.3,Shift changeover & inspection,78.8,265.1
9548,107,2026-06-08,7.7,0.3,,105.2,367.0
9549,107,2026-06-09,7.3,0.7,,78.3,340.3
9550,107,2026-06-10,5.9,2.1,Shift changeover & inspection,84.8,164.2
9551,107,2026-06-11,5.7,2.3,Shift changeover & inspection,74.6,247.3
9552,107,2026-06-12,7.3,0.7,,72.4,342.8
9553,107,2026-06-13,7.1,0.9,,106.3,339.6
9554,107,2026-06-14,6.7,1.3,Shift changeover & inspection,63.1,309.8
9555,107,2026-06-15,5.5,2.5,Shift changeover & inspection,60.0,113.4
9556,107,2026-06-16,0.6,7.4,Hydraulic hose burst / high pressure pump cavitation,6.2,18.6
9557,107,2026-06-17,5.7,2.3,Shift changeover & inspection,61.9,160.8
9558,107,2026-06-18,7.0,1.0,Shift changeover & inspection,59.7,337.1
9559,107,2026-06-19,3.0,5.0,Main sump pump silt clogging from monsoon slurry,40.2,104.9
9560,107,2026-06-20,6.5,1.5,Shift changeover & inspection,71.1,163.9
9561,107,2026-06-21,6.5,1.5,Shift changeover & inspection,92.7,199.1
9562,107,2026-06-22,7.1,0.9,,88.3,163.3
9563,107,2026-06-23,6.9,1.1,Shift changeover & inspection,57.6,154.5
9564,107,2026-06-24,7.0,1.0,Shift changeover & inspection,93.8,308.4
9565,107,2026-06-25,5.6,2.4,Shift changeover & inspection,68.4,278.4
9566,107,2026-06-26,6.6,1.4,Shift changeover & inspection,73.1,192.3
9567,107,2026-06-27,6.0,2.0,Shift changeover & inspection,75.7,163.8
9568,107,2026-06-28,7.0,1.0,Shift changeover & inspection,64.3,260.3
9569,107,2026-06-29,0.1,7.9,DGMS statutory electrical ground-fault trip,1.4,2.6
9570,107,2026-06-30,6.3,1.7,Shift changeover & inspection,87.0,201.5
9571,107,2026-07-01,6.7,1.3,Shift changeover & inspection,92.1,274.9
9572,107,2026-07-02,6.8,1.2,Shift changeover & inspection,95.9,308.5
9573,107,2026-07-03,6.3,1.7,Shift changeover & inspection,90.1,308.2
9574,107,2026-07-04,7.8,0.2,,110.7,281.3
9575,107,2026-07-05,6.2,1.8,Shift changeover & inspection,57.2,140.7
9576,107,2026-07-06,6.1,1.9,Shift changeover & inspection,83.8,268.8
9577,107,2026-07-07,5.6,2.4,Shift changeover & inspection,50.5,172.2
9578,107,2026-07-08,6.6,1.4,Shift changeover & inspection,71.8,315.8
9579,107,2026-07-09,2.9,5.1,Tyre sidewall cut on sharp gondite boulders,30.7,98.4
9580,107,2026-07-10,7.6,0.4,,65.8,296.1
9581,107,2026-07-11,0.9,7.1,Rainwater inundation at bottom pit bench (>40mm downpour),8.7,34.6
9582,107,2026-07-12,7.6,0.4,,68.8,296.7
9583,107,2026-07-13,5.9,2.1,Shift changeover & inspection,79.3,268.8
9584,107,2026-07-14,6.5,1.5,Shift changeover & inspection,57.7,193.2
9585,107,2026-07-15,4.0,4.0,Tyre sidewall cut on sharp gondite boulders,40.0,173.0
9586,107,2026-07-16,2.3,5.7,Rainwater inundation at bottom pit bench (>40mm downpour),29.0,109.0
9587,107,2026-07-17,7.0,1.0,Shift changeover & inspection,65.5,312.7
9588,107,2026-07-18,7.6,0.4,,90.3,176.3
9589,107,2026-07-19,6.3,1.7,Shift changeover & inspection,55.2,282.4
9590,107,2026-07-20,1.5,6.5,Engine overheated (>44°C ambient summer load),15.2,63.7
9591,107,2026-07-21,5.8,2.2,Shift changeover & inspection,54.9,268.5
9592,107,2026-07-22,4.2,3.8,Tyre sidewall cut on sharp gondite boulders,53.2,145.7
9593,107,2026-07-23,7.2,0.8,,68.5,326.0
9594,107,2026-07-24,4.5,3.5,Tyre sidewall cut on sharp gondite boulders,37.4,100.9
9595,107,2026-07-25,7.6,0.4,,85.1,241.4
9596,107,2026-07-26,7.2,0.8,,73.7,347.0
9597,107,2026-07-27,5.9,2.1,Shift changeover & inspection,73.3,269.9
9598,107,2026-07-28,6.9,1.1,Shift changeover & inspection,92.0,337.5
9599,107,2026-07-29,5.9,2.1,Shift changeover & inspection,85.4,152.1
9600,107,2026-07-30,6.2,1.8,Shift changeover & inspection,70.4,297.9
9601,107,2026-07-31,4.5,3.5,Tyre sidewall cut on sharp gondite boulders,39.6,158.7
9602,107,2026-08-01,6.1,1.9,Shift changeover & inspection,68.6,272.3
9603,107,2026-08-02,5.8,2.2,Shift changeover & inspection,85.9,147.2
9604,107,2026-08-03,7.2,0.8,,94.2,169.7
9605,107,2026-08-04,2.6,5.4,Main sump pump silt clogging from monsoon slurry,34.0,92.1
9606,107,2026-08-05,5.7,2.3,Shift changeover & inspection,47.4,246.9
9607,107,2026-08-06,6.7,1.3,Shift changeover & inspection,94.0,302.9
9608,107,2026-08-07,1.9,6.1,Tyre sidewall cut on sharp gondite boulders,15.4,61.2
9609,107,2026-08-08,6.4,1.6,Shift changeover & inspection,69.5,287.6
9610,107,2026-08-09,5.6,2.4,Shift changeover & inspection,53.4,114.5
9611,107,2026-08-10,6.4,1.6,Shift changeover & inspection,84.7,319.6
9612,107,2026-08-11,7.8,0.2,,65.6,369.8
9613,107,2026-08-12,0.2,7.8,DGMS statutory electrical ground-fault trip,2.5,4.2
9614,107,2026-08-13,6.3,1.7,Shift changeover & inspection,58.4,170.9
9615,107,2026-08-14,5.7,2.3,Shift changeover & inspection,74.6,136.4
9616,107,2026-08-15,7.7,0.3,,107.3,191.3
9617,107,2026-08-16,7.3,0.7,,105.7,146.5
9618,107,2026-08-17,2.0,6.0,Main sump pump silt clogging from monsoon slurry,16.7,66.2
9619,107,2026-08-18,6.5,1.5,Shift changeover & inspection,58.8,243.9
9620,107,2026-08-19,3.7,4.3,Rainwater inundation at bottom pit bench (>40mm downpour),43.6,84.8
9621,107,2026-08-20,1.7,6.3,Blasting toxic fume / dust clearance standstill,16.6,75.8
9622,107,2026-08-21,6.3,1.7,Shift changeover & inspection,93.6,227.1
9623,107,2026-08-22,7.5,0.5,,76.7,328.7
9624,107,2026-08-23,1.4,6.6,Tyre sidewall cut on sharp gondite boulders,13.1,29.5
9625,107,2026-08-24,6.0,2.0,Shift changeover & inspection,89.4,294.3
9626,107,2026-08-25,5.6,2.4,Shift changeover & inspection,54.1,146.2
9627,107,2026-08-26,1.6,6.4,Main sump pump silt clogging from monsoon slurry,21.2,69.0
9628,107,2026-08-27,1.8,6.2,Main sump pump silt clogging from monsoon slurry,16.2,89.9
9629,107,2026-08-28,7.4,0.6,,67.3,194.0
9630,107,2026-08-29,4.4,3.6,Tyre sidewall cut on sharp gondite boulders,52.1,123.2
9631,108,2026-06-01,7.5,0.5,,295.6,160.2
9632,108,2026-06-02,7.7,0.3,,200.5,222.3
9633,108,2026-06-03,7.4,0.6,,212.7,279.8
9634,108,2026-06-04,5.7,2.3,Shift changeover & inspection,188.5,193.4
9635,108,2026-06-05,7.1,0.9,,185.3,287.2
9636,108,2026-06-06,5.9,2.1,Shift changeover & inspection,140.0,221.1
9637,108,2026-06-07,7.1,0.9,,216.3,172.7
9638,108,2026-06-08,7.8,0.2,,249.8,350.1
9639,108,2026-06-09,5.7,2.3,Shift changeover & inspection,145.8,179.9
9640,108,2026-06-10,7.1,0.9,,264.2,163.9
9641,108,2026-06-11,0.3,7.7,Hydraulic hose burst / high pressure pump cavitation,8.8,10.0
9642,108,2026-06-12,7.7,0.3,,258.3,371.7
9643,108,2026-06-13,1.9,6.1,Shaft winder cage guide rope alignment check,76.5,40.6
9644,108,2026-06-14,7.7,0.3,,258.5,367.7
9645,108,2026-06-15,5.9,2.1,Shift changeover & inspection,147.4,167.8
9646,108,2026-06-16,6.3,1.7,Shift changeover & inspection,221.1,195.6
9647,108,2026-06-17,6.3,1.7,Shift changeover & inspection,157.9,241.7
9648,108,2026-06-18,7.6,0.4,,313.5,187.2
9649,108,2026-06-19,5.8,2.2,Shift changeover & inspection,234.7,228.5
9650,108,2026-06-20,5.6,2.4,Shift changeover & inspection,184.5,214.9
9651,108,2026-06-21,5.9,2.1,Shift changeover & inspection,136.5,159.0
9652,108,2026-06-22,6.9,1.1,Shift changeover & inspection,182.9,309.7
9653,108,2026-06-23,7.7,0.3,,197.9,324.3
9654,108,2026-06-24,7.6,0.4,,205.8,214.6
9655,108,2026-06-25,5.8,2.2,Shift changeover & inspection,202.1,183.5
9656,108,2026-06-26,6.7,1.3,Shift changeover & inspection,220.4,215.3
9657,108,2026-06-27,6.6,1.4,Shift changeover & inspection,197.4,244.0
9658,108,2026-06-28,6.9,1.1,Shift changeover & inspection,212.1,154.7
9659,108,2026-06-29,7.0,1.0,Shift changeover & inspection,287.0,313.1
9660,108,2026-06-30,5.9,2.1,Shift changeover & inspection,146.6,196.8
9661,108,2026-07-01,7.0,1.0,Shift changeover & inspection,173.4,253.6
9662,108,2026-07-02,6.0,2.0,Shift changeover & inspection,206.4,299.9
9663,108,2026-07-03,7.0,1.0,Shift changeover & inspection,309.7,200.3
9664,108,2026-07-04,2.9,5.1,Rainwater inundation at bottom pit bench (>40mm downpour),97.0,103.6
9665,108,2026-07-05,6.0,2.0,Shift changeover & inspection,261.3,238.7
9666,108,2026-07-06,7.0,1.0,Shift changeover & inspection,252.5,279.9
9667,108,2026-07-07,3.8,4.2,Tyre sidewall cut on sharp gondite boulders,158.7,92.8
9668,108,2026-07-08,6.3,1.7,Shift changeover & inspection,252.6,165.9
9669,108,2026-07-09,3.1,4.9,Tyre sidewall cut on sharp gondite boulders,126.4,104.9
9670,108,2026-07-10,6.1,1.9,Shift changeover & inspection,259.8,198.4
9671,108,2026-07-11,7.7,0.3,,307.8,215.3
9672,108,2026-07-12,4.5,3.5,Tyre sidewall cut on sharp gondite boulders,101.6,184.9
9673,108,2026-07-13,6.7,1.3,Shift changeover & inspection,195.5,254.6
9674,108,2026-07-14,6.2,1.8,Shift changeover & inspection,184.5,306.3
9675,108,2026-07-15,5.9,2.1,Shift changeover & inspection,161.7,282.1
9676,108,2026-07-16,3.4,4.6,Rainwater inundation at bottom pit bench (>40mm downpour),135.8,169.6
9677,108,2026-07-17,5.9,2.1,Shift changeover & inspection,156.6,172.5
9678,108,2026-07-18,3.8,4.2,Main sump pump silt clogging from monsoon slurry,150.9,171.6
9679,108,2026-07-19,2.5,5.5,Rainwater inundation at bottom pit bench (>40mm downpour),93.0,113.8
9680,108,2026-07-20,6.4,1.6,Shift changeover & inspection,235.3,273.3
9681,108,2026-07-21,1.9,6.1,Tyre sidewall cut on sharp gondite boulders,82.3,62.1
9682,108,2026-07-22,7.5,0.5,,276.8,296.5
9683,108,2026-07-23,1.8,6.2,Rainwater inundation at bottom pit bench (>40mm downpour),42.0,82.4
9684,108,2026-07-24,0.7,7.3,Main sump pump silt clogging from monsoon slurry,19.1,20.9
9685,108,2026-07-25,6.4,1.6,Shift changeover & inspection,270.0,147.8
9686,108,2026-07-26,6.4,1.6,Shift changeover & inspection,251.6,168.5
9687,108,2026-07-27,3.8,4.2,Main sump pump silt clogging from monsoon slurry,157.3,124.7
9688,108,2026-07-28,4.5,3.5,Rainwater inundation at bottom pit bench (>40mm downpour),197.4,179.4
9689,108,2026-07-29,6.7,1.3,Shift changeover & inspection,242.9,272.1
9690,108,2026-07-30,1.7,6.3,DGMS statutory electrical ground-fault trip,50.2,57.3
9691,108,2026-07-31,5.9,2.1,Shift changeover & inspection,176.2,244.8
9692,108,2026-08-01,6.0,2.0,Shift changeover & inspection,159.3,169.0
9693,108,2026-08-02,6.6,1.4,Shift changeover & inspection,198.5,312.8
9694,108,2026-08-03,7.0,1.0,Shift changeover & inspection,163.9,308.5
9695,108,2026-08-04,6.5,1.5,Shift changeover & inspection,215.1,311.0
9696,108,2026-08-05,3.9,4.1,Tyre sidewall cut on sharp gondite boulders,110.6,174.6
9697,108,2026-08-06,1.6,6.4,Rainwater inundation at bottom pit bench (>40mm downpour),70.7,48.7
9698,108,2026-08-07,7.3,0.7,,258.3,214.3
9699,108,2026-08-08,7.6,0.4,,202.5,288.4
9700,108,2026-08-09,6.6,1.4,Shift changeover & inspection,196.3,327.1
9701,108,2026-08-10,3.7,4.3,Main sump pump silt clogging from monsoon slurry,157.6,159.9
9702,108,2026-08-11,7.6,0.4,,190.1,214.2
9703,108,2026-08-12,6.2,1.8,Shift changeover & inspection,223.8,276.1
9704,108,2026-08-13,7.0,1.0,Shift changeover & inspection,303.2,267.6
9705,108,2026-08-14,2.6,5.4,Main sump pump silt clogging from monsoon slurry,91.1,63.0
9706,108,2026-08-15,4.0,4.0,Main sump pump silt clogging from monsoon slurry,105.4,127.2
9707,108,2026-08-16,7.5,0.5,,255.3,356.2
9708,108,2026-08-17,0.6,7.4,Hydraulic hose burst / high pressure pump cavitation,23.6,20.9
9709,108,2026-08-18,3.2,4.8,Main sump pump silt clogging from monsoon slurry,116.9,91.9
9710,108,2026-08-19,7.4,0.6,,179.9,234.2
9711,108,2026-08-20,6.0,2.0,Shift changeover & inspection,221.5,204.2
9712,108,2026-08-21,6.7,1.3,Shift changeover & inspection,265.5,235.7
9713,108,2026-08-22,5.9,2.1,Shift changeover & inspection,199.1,245.4
9714,108,2026-08-23,6.6,1.4,Shift changeover & inspection,154.0,138.3
9715,108,2026-08-24,0.4,7.6,Main sump pump silt clogging from monsoon slurry,13.6,8.1
9716,108,2026-08-25,3.5,4.5,Rainwater inundation at bottom pit bench (>40mm downpour),112.9,163.6
9717,108,2026-08-26,7.7,0.3,,231.5,275.1
9718,108,2026-08-27,2.0,6.0,Main sump pump silt clogging from monsoon slurry,71.3,43.3
9719,108,2026-08-28,4.4,3.6,Tyre sidewall cut on sharp gondite boulders,189.8,180.0
9720,108,2026-08-29,6.8,1.2,Shift changeover & inspection,247.8,148.1
9721,109,2026-06-01,6.8,1.2,Shift changeover & inspection,94.2,187.8
9722,109,2026-06-02,7.4,0.6,,73.6,251.2
9723,109,2026-06-03,7.5,0.5,,64.9,269.5
9724,109,2026-06-04,6.9,1.1,Shift changeover & inspection,98.9,196.5
9725,109,2026-06-05,6.8,1.2,Shift changeover & inspection,55.3,141.2
9726,109,2026-06-06,7.3,0.7,,83.0,170.9
9727,109,2026-06-07,7.3,0.7,,88.6,169.2
9728,109,2026-06-08,6.9,1.1,Shift changeover & inspection,93.2,218.3
9729,109,2026-06-09,7.3,0.7,,75.7,273.4
9730,109,2026-06-10,6.2,1.8,Shift changeover & inspection,55.3,288.3
9731,109,2026-06-11,6.6,1.4,Shift changeover & inspection,86.4,217.8
9732,109,2026-06-12,5.9,2.1,Shift changeover & inspection,50.5,155.0
9733,109,2026-06-13,7.7,0.3,,87.6,341.9
9734,109,2026-06-14,5.8,2.2,Shift changeover & inspection,58.6,286.2
9735,109,2026-06-15,2.9,5.1,Blasting toxic fume / dust clearance standstill,37.3,113.5
9736,109,2026-06-16,0.4,7.6,Tyre sidewall cut on sharp gondite boulders,5.0,11.8
9737,109,2026-06-17,1.7,6.3,Tyre sidewall cut on sharp gondite boulders,24.7,46.9
9738,109,2026-06-18,7.6,0.4,,93.6,325.7
9739,109,2026-06-19,7.4,0.6,,82.9,333.6
9740,109,2026-06-20,6.7,1.3,Shift changeover & inspection,78.0,252.4
9741,109,2026-06-21,6.9,1.1,Shift changeover & inspection,61.5,177.4
9742,109,2026-06-22,6.4,1.6,Shift changeover & inspection,91.2,298.4
9743,109,2026-06-23,6.0,2.0,Shift changeover & inspection,58.4,152.6
9744,109,2026-06-24,6.5,1.5,Shift changeover & inspection,88.5,269.7
9745,109,2026-06-25,2.6,5.4,Hydraulic hose burst / high pressure pump cavitation,34.8,116.9
9746,109,2026-06-26,7.6,0.4,,96.4,219.4
9747,109,2026-06-27,7.7,0.3,,77.2,197.7
9748,109,2026-06-28,7.0,1.0,Shift changeover & inspection,94.3,339.2
9749,109,2026-06-29,6.1,1.9,Shift changeover & inspection,90.9,271.8
9750,109,2026-06-30,7.6,0.4,,110.6,269.0
9751,109,2026-07-01,7.2,0.8,,62.1,320.0
9752,109,2026-07-02,7.5,0.5,,83.2,363.8
9753,109,2026-07-03,7.0,1.0,Shift changeover & inspection,59.8,282.7
9754,109,2026-07-04,3.0,5.0,Blasting toxic fume / dust clearance standstill,40.4,109.4
9755,109,2026-07-05,7.7,0.3,,112.1,321.2
9756,109,2026-07-06,3.6,4.4,Main sump pump silt clogging from monsoon slurry,38.0,81.1
9757,109,2026-07-07,3.3,4.7,Tyre sidewall cut on sharp gondite boulders,33.8,66.7
9758,109,2026-07-08,6.8,1.2,Shift changeover & inspection,62.0,203.3
9759,109,2026-07-09,4.3,3.7,Main sump pump silt clogging from monsoon slurry,36.7,87.5
9760,109,2026-07-10,2.4,5.6,Main sump pump silt clogging from monsoon slurry,24.0,87.9
9761,109,2026-07-11,1.4,6.6,Blasting toxic fume / dust clearance standstill,12.2,28.3
9762,109,2026-07-12,5.9,2.1,Shift changeover & inspection,84.3,190.8
9763,109,2026-07-13,5.6,2.4,Shift changeover & inspection,62.6,199.2
9764,109,2026-07-14,7.1,0.9,,64.5,211.5
9765,109,2026-07-15,2.2,5.8,Rainwater inundation at bottom pit bench (>40mm downpour),23.8,84.0
9766,109,2026-07-16,6.2,1.8,Shift changeover & inspection,83.2,170.8
9767,109,2026-07-17,7.0,1.0,Shift changeover & inspection,70.0,142.7
9768,109,2026-07-18,7.2,0.8,,77.2,347.2
9769,109,2026-07-19,5.8,2.2,Shift changeover & inspection,48.1,229.2
9770,109,2026-07-20,2.4,5.6,Main sump pump silt clogging from monsoon slurry,26.3,61.3
9771,109,2026-07-21,7.0,1.0,Shift changeover & inspection,67.3,319.6
9772,109,2026-07-22,3.5,4.5,Tyre sidewall cut on sharp gondite boulders,36.3,122.2
9773,109,2026-07-23,3.4,4.6,Rainwater inundation at bottom pit bench (>40mm downpour),50.5,146.9
9774,109,2026-07-24,6.6,1.4,Shift changeover & inspection,94.4,320.9
9775,109,2026-07-25,6.1,1.9,Shift changeover & inspection,60.1,144.6
9776,109,2026-07-26,7.4,0.6,,76.0,158.0
9777,109,2026-07-27,6.8,1.2,Shift changeover & inspection,79.5,170.7
9778,109,2026-07-28,6.8,1.2,Shift changeover & inspection,59.5,209.5
9779,109,2026-07-29,4.3,3.7,Tyre sidewall cut on sharp gondite boulders,59.7,88.6
9780,109,2026-07-30,6.8,1.2,Shift changeover & inspection,95.5,318.9
9781,109,2026-07-31,6.0,2.0,Shift changeover & inspection,81.0,184.6
9782,109,2026-08-01,6.5,1.5,Shift changeover & inspection,85.9,254.6
9783,109,2026-08-02,2.3,5.7,Tyre sidewall cut on sharp gondite boulders,31.3,103.2
9784,109,2026-08-03,3.8,4.2,Tyre sidewall cut on sharp gondite boulders,54.4,149.3
9785,109,2026-08-04,1.0,7.0,DGMS statutory electrical ground-fault trip,11.7,34.6
9786,109,2026-08-05,2.2,5.8,Rainwater inundation at bottom pit bench (>40mm downpour),18.4,73.4
9787,109,2026-08-06,5.7,2.3,Shift changeover & inspection,79.2,249.4
9788,109,2026-08-07,6.2,1.8,Shift changeover & inspection,51.3,149.9
9789,109,2026-08-08,3.0,5.0,DGMS statutory electrical ground-fault trip,27.6,149.5
9790,109,2026-08-09,5.5,2.5,Shift changeover & inspection,70.7,239.4
9791,109,2026-08-10,6.6,1.4,Shift changeover & inspection,89.7,180.4
9792,109,2026-08-11,1.8,6.2,Rainwater inundation at bottom pit bench (>40mm downpour),14.7,65.8
9793,109,2026-08-12,6.7,1.3,Shift changeover & inspection,91.7,258.7
9794,109,2026-08-13,7.4,0.6,,83.2,275.7
9795,109,2026-08-14,4.2,3.8,Rainwater inundation at bottom pit bench (>40mm downpour),49.5,161.5
9796,109,2026-08-15,7.1,0.9,,80.0,182.8
9797,109,2026-08-16,6.8,1.2,Shift changeover & inspection,56.5,296.1
9798,109,2026-08-17,6.7,1.3,Shift changeover & inspection,63.6,207.2
9799,109,2026-08-18,3.5,4.5,Rainwater inundation at bottom pit bench (>40mm downpour),43.2,167.1
9800,109,2026-08-19,7.6,0.4,,79.8,375.6
9801,109,2026-08-20,6.0,2.0,Shift changeover & inspection,77.7,172.9
9802,109,2026-08-21,6.2,1.8,Shift changeover & inspection,91.2,294.8
9803,109,2026-08-22,3.7,4.3,Main sump pump silt clogging from monsoon slurry,38.3,150.0
9804,109,2026-08-23,6.8,1.2,Shift changeover & inspection,92.8,332.2
9805,109,2026-08-24,4.3,3.7,Tyre sidewall cut on sharp gondite boulders,39.7,144.4
9806,109,2026-08-25,5.9,2.1,Shift changeover & inspection,85.5,123.8
9807,109,2026-08-26,0.1,7.9,Blasting toxic fume / dust clearance standstill,1.3,2.6
9808,109,2026-08-27,2.0,6.0,Tyre sidewall cut on sharp gondite boulders,17.7,82.4
9809,109,2026-08-28,5.7,2.3,Shift changeover & inspection,61.8,175.0
9810,109,2026-08-29,5.6,2.4,Shift changeover & inspection,80.6,176.1
9811,110,2026-06-01,5.6,2.4,Shift changeover & inspection,79.1,123.7
9812,110,2026-06-02,7.8,0.2,,89.0,240.4
9813,110,2026-06-03,5.7,2.3,Shift changeover & inspection,69.0,162.8
9814,110,2026-06-04,6.3,1.7,Shift changeover & inspection,69.7,169.4
9815,110,2026-06-05,6.7,1.3,Shift changeover & inspection,95.8,252.3
9816,110,2026-06-06,5.9,2.1,Shift changeover & inspection,61.5,226.9
9817,110,2026-06-07,7.2,0.8,,60.2,166.6
9818,110,2026-06-08,6.9,1.1,Shift changeover & inspection,67.4,216.3
9819,110,2026-06-09,5.9,2.1,Shift changeover & inspection,85.2,294.7
9820,110,2026-06-10,5.6,2.4,Shift changeover & inspection,83.5,161.8
9821,110,2026-06-11,7.6,0.4,,112.4,326.7
9822,110,2026-06-12,5.6,2.4,Shift changeover & inspection,60.9,261.4
9823,110,2026-06-13,7.4,0.6,,83.0,365.2
9824,110,2026-06-14,6.2,1.8,Shift changeover & inspection,84.7,250.6
9825,110,2026-06-15,1.2,6.8,Main sump pump silt clogging from monsoon slurry,11.4,37.5
9826,110,2026-06-16,7.6,0.4,,109.9,246.9
9827,110,2026-06-17,6.5,1.5,Shift changeover & inspection,80.7,229.2
9828,110,2026-06-18,6.0,2.0,Shift changeover & inspection,70.7,147.6
9829,110,2026-06-19,6.2,1.8,Shift changeover & inspection,55.6,142.4
9830,110,2026-06-20,6.4,1.6,Shift changeover & inspection,70.5,242.6
9831,110,2026-06-21,5.8,2.2,Shift changeover & inspection,62.9,214.2
9832,110,2026-06-22,7.0,1.0,Shift changeover & inspection,83.9,154.4
9833,110,2026-06-23,7.3,0.7,,95.8,203.5
9834,110,2026-06-24,6.9,1.1,Shift changeover & inspection,81.2,314.9
9835,110,2026-06-25,6.2,1.8,Shift changeover & inspection,84.4,168.0
9836,110,2026-06-26,5.8,2.2,Shift changeover & inspection,66.1,149.0
9837,110,2026-06-27,6.5,1.5,Shift changeover & inspection,80.0,240.8
9838,110,2026-06-28,6.4,1.6,Shift changeover & inspection,54.8,226.4
9839,110,2026-06-29,7.8,0.2,,112.6,189.8
9840,110,2026-06-30,5.7,2.3,Shift changeover & inspection,73.0,180.0
9841,110,2026-07-01,4.0,4.0,Rainwater inundation at bottom pit bench (>40mm downpour),43.6,90.4
9842,110,2026-07-02,7.6,0.4,,79.6,244.6
9843,110,2026-07-03,2.0,6.0,Tyre sidewall cut on sharp gondite boulders,24.8,51.0
9844,110,2026-07-04,6.4,1.6,Shift changeover & inspection,79.1,273.3
9845,110,2026-07-05,6.6,1.4,Shift changeover & inspection,69.4,251.2
9846,110,2026-07-06,1.6,6.4,Main sump pump silt clogging from monsoon slurry,19.1,58.5
9847,110,2026-07-07,2.8,5.2,Rainwater inundation at bottom pit bench (>40mm downpour),29.4,65.9
9848,110,2026-07-08,5.7,2.3,Shift changeover & inspection,55.1,211.9
9849,110,2026-07-09,6.8,1.2,Shift changeover & inspection,92.8,198.9
9850,110,2026-07-10,5.9,2.1,Shift changeover & inspection,82.2,279.6
9851,110,2026-07-11,7.7,0.3,,103.2,176.6
9852,110,2026-07-12,6.7,1.3,Shift changeover & inspection,61.2,291.3
9853,110,2026-07-13,7.5,0.5,,97.1,238.6
9854,110,2026-07-14,0.1,7.9,DGMS statutory electrical ground-fault trip,1.1,2.1
9855,110,2026-07-15,2.7,5.3,Rainwater inundation at bottom pit bench (>40mm downpour),28.9,128.9
9856,110,2026-07-16,1.9,6.1,Tyre sidewall cut on sharp gondite boulders,27.6,55.4
9857,110,2026-07-17,6.5,1.5,Shift changeover & inspection,53.0,189.5
9858,110,2026-07-18,5.7,2.3,Shift changeover & inspection,51.5,159.9
9859,110,2026-07-19,7.3,0.7,,92.6,199.2
9860,110,2026-07-20,0.0,8.0,Tyre sidewall cut on sharp gondite boulders,0.0,0.0
9861,110,2026-07-21,0.3,7.7,Engine overheated (>44°C ambient summer load),2.9,13.1
9862,110,2026-07-22,7.3,0.7,,75.1,251.7
9863,110,2026-07-23,6.6,1.4,Shift changeover & inspection,64.2,132.7
9864,110,2026-07-24,5.8,2.2,Shift changeover & inspection,80.3,210.9
9865,110,2026-07-25,7.6,0.4,,95.2,354.1
9866,110,2026-07-26,4.3,3.7,Main sump pump silt clogging from monsoon slurry,37.1,98.2
9867,110,2026-07-27,1.5,6.5,Main sump pump silt clogging from monsoon slurry,22.2,41.4
9868,110,2026-07-28,5.5,2.5,Shift changeover & inspection,76.1,242.1
9869,110,2026-07-29,7.5,0.5,,88.4,257.5
9870,110,2026-07-30,7.4,0.6,,80.9,342.2
9871,110,2026-07-31,2.4,5.6,Tyre sidewall cut on sharp gondite boulders,22.5,93.6
9872,110,2026-08-01,6.6,1.4,Shift changeover & inspection,53.0,156.5
9873,110,2026-08-02,7.1,0.9,,101.4,198.0
9874,110,2026-08-03,7.5,0.5,,62.7,319.2
9875,110,2026-08-04,6.9,1.1,Shift changeover & inspection,95.7,331.8
9876,110,2026-08-05,6.5,1.5,Shift changeover & inspection,90.2,276.8
9877,110,2026-08-06,6.0,2.0,Shift changeover & inspection,68.7,214.4
9878,110,2026-08-07,6.1,1.9,Shift changeover & inspection,91.0,185.3
9879,110,2026-08-08,5.6,2.4,Shift changeover & inspection,76.5,114.8
9880,110,2026-08-09,6.6,1.4,Shift changeover & inspection,53.0,174.3
9881,110,2026-08-10,6.6,1.4,Shift changeover & inspection,64.0,211.4
9882,110,2026-08-11,2.6,5.4,Rainwater inundation at bottom pit bench (>40mm downpour),32.6,121.7
9883,110,2026-08-12,1.1,6.9,Engine overheated (>44°C ambient summer load),9.0,24.6
9884,110,2026-08-13,5.6,2.4,Shift changeover & inspection,63.7,222.1
9885,110,2026-08-14,1.6,6.4,Hydraulic hose burst / high pressure pump cavitation,19.7,73.5
9886,110,2026-08-15,2.8,5.2,Engine overheated (>44°C ambient summer load),31.3,61.9
9887,110,2026-08-16,7.5,0.5,,72.4,209.8
9888,110,2026-08-17,6.2,1.8,Shift changeover & inspection,74.7,150.7
9889,110,2026-08-18,3.0,5.0,Tyre sidewall cut on sharp gondite boulders,31.3,67.8
9890,110,2026-08-19,2.5,5.5,Shaft winder cage guide rope alignment check,25.0,121.8
9891,110,2026-08-20,7.3,0.7,,75.0,320.6
9892,110,2026-08-21,7.1,0.9,,102.3,228.8
9893,110,2026-08-22,1.6,6.4,Shaft winder cage guide rope alignment check,12.9,54.3
9894,110,2026-08-23,6.2,1.8,Shift changeover & inspection,59.8,151.8
9895,110,2026-08-24,1.2,6.8,Shaft winder cage guide rope alignment check,17.2,56.2
9896,110,2026-08-25,6.6,1.4,Shift changeover & inspection,86.6,183.0
9897,110,2026-08-26,7.7,0.3,,68.2,156.2
9898,110,2026-08-27,2.2,5.8,Main sump pump silt clogging from monsoon slurry,30.3,54.1
9899,110,2026-08-28,7.8,0.2,,77.9,377.1
9900,110,2026-08-29,6.1,1.9,Shift changeover & inspection,53.2,142.4
9901,111,2026-06-01,6.9,1.1,Shift changeover & inspection,61.5,302.0
9902,111,2026-06-02,7.6,0.4,,90.0,241.7
9903,111,2026-06-03,6.9,1.1,Shift changeover & inspection,63.3,141.3
9904,111,2026-06-04,6.3,1.7,Shift changeover & inspection,92.1,147.6
9905,111,2026-06-05,3.2,4.8,DGMS statutory electrical ground-fault trip,28.5,123.9
9906,111,2026-06-06,7.4,0.6,,92.5,320.7
9907,111,2026-06-07,6.4,1.6,Shift changeover & inspection,87.7,220.6
9908,111,2026-06-08,5.8,2.2,Shift changeover & inspection,53.1,149.8
9909,111,2026-06-09,6.5,1.5,Shift changeover & inspection,76.7,201.6
9910,111,2026-06-10,6.4,1.6,Shift changeover & inspection,57.8,147.1
9911,111,2026-06-11,6.9,1.1,Shift changeover & inspection,95.2,222.4
9912,111,2026-06-12,6.4,1.6,Shift changeover & inspection,53.0,196.5
9913,111,2026-06-13,7.2,0.8,,99.7,230.6
9914,111,2026-06-14,6.2,1.8,Shift changeover & inspection,55.5,204.9
9915,111,2026-06-15,7.1,0.9,,67.6,201.8
9916,111,2026-06-16,2.3,5.7,DGMS statutory electrical ground-fault trip,22.7,85.0
9917,111,2026-06-17,6.0,2.0,Shift changeover & inspection,60.8,202.8
9918,111,2026-06-18,6.7,1.3,Shift changeover & inspection,93.7,136.9
9919,111,2026-06-19,5.7,2.3,Shift changeover & inspection,83.8,237.5
9920,111,2026-06-20,0.6,7.4,Hydraulic hose burst / high pressure pump cavitation,8.3,20.1
9921,111,2026-06-21,6.9,1.1,Shift changeover & inspection,92.1,292.8
9922,111,2026-06-22,7.2,0.8,,103.9,233.4
9923,111,2026-06-23,7.2,0.8,,70.9,291.1
9924,111,2026-06-24,3.2,4.8,Hydraulic hose burst / high pressure pump cavitation,45.9,103.9
9925,111,2026-06-25,6.9,1.1,Shift changeover & inspection,91.3,200.6
9926,111,2026-06-26,7.3,0.7,,88.9,353.0
9927,111,2026-06-27,5.7,2.3,Shift changeover & inspection,57.6,275.3
9928,111,2026-06-28,6.7,1.3,Shift changeover & inspection,77.1,226.0
9929,111,2026-06-29,6.2,1.8,Shift changeover & inspection,69.3,242.8
9930,111,2026-06-30,6.3,1.7,Shift changeover & inspection,56.6,141.6
9931,111,2026-07-01,7.5,0.5,,108.6,288.2
9932,111,2026-07-02,6.9,1.1,Shift changeover & inspection,90.7,305.2
9933,111,2026-07-03,2.9,5.1,Rainwater inundation at bottom pit bench (>40mm downpour),30.2,74.6
9934,111,2026-07-04,5.8,2.2,Shift changeover & inspection,49.5,236.1
9935,111,2026-07-05,4.1,3.9,Rainwater inundation at bottom pit bench (>40mm downpour),59.5,94.9
9936,111,2026-07-06,4.0,4.0,Rainwater inundation at bottom pit bench (>40mm downpour),57.0,199.8
9937,111,2026-07-07,2.2,5.8,Main sump pump silt clogging from monsoon slurry,29.5,99.1
9938,111,2026-07-08,5.8,2.2,Shift changeover & inspection,60.0,286.7
9939,111,2026-07-09,5.8,2.2,Shift changeover & inspection,75.1,133.2
9940,111,2026-07-10,2.6,5.4,Main sump pump silt clogging from monsoon slurry,22.4,106.4
9941,111,2026-07-11,4.3,3.7,Main sump pump silt clogging from monsoon slurry,49.8,126.4
9942,111,2026-07-12,5.9,2.1,Shift changeover & inspection,68.3,234.3
9943,111,2026-07-13,7.0,1.0,Shift changeover & inspection,91.5,225.2
9944,111,2026-07-14,2.5,5.5,Rainwater inundation at bottom pit bench (>40mm downpour),23.2,95.2
9945,111,2026-07-15,7.1,0.9,,65.8,345.1
9946,111,2026-07-16,1.5,6.5,Tyre sidewall cut on sharp gondite boulders,20.6,52.6
9947,111,2026-07-17,6.9,1.1,Shift changeover & inspection,67.8,257.8
9948,111,2026-07-18,2.1,5.9,Tyre sidewall cut on sharp gondite boulders,19.4,70.5
9949,111,2026-07-19,3.8,4.2,Main sump pump silt clogging from monsoon slurry,36.7,129.9
9950,111,2026-07-20,5.7,2.3,Shift changeover & inspection,70.1,138.3
9951,111,2026-07-21,6.8,1.2,Shift changeover & inspection,57.9,218.1
9952,111,2026-07-22,4.4,3.6,Main sump pump silt clogging from monsoon slurry,58.8,96.9
9953,111,2026-07-23,6.9,1.1,Shift changeover & inspection,91.5,160.4
9954,111,2026-07-24,7.1,0.9,,87.5,236.3
9955,111,2026-07-25,2.8,5.2,Rainwater inundation at bottom pit bench (>40mm downpour),40.3,138.1
9956,111,2026-07-26,2.7,5.3,Main sump pump silt clogging from monsoon slurry,38.0,60.7
9957,111,2026-07-27,7.1,0.9,,71.9,329.2
9958,111,2026-07-28,6.5,1.5,Shift changeover & inspection,65.6,174.8
9959,111,2026-07-29,2.3,5.7,DGMS statutory electrical ground-fault trip,20.6,96.8
9960,111,2026-07-30,7.1,0.9,,78.3,272.6
9961,111,2026-07-31,1.0,7.0,Hydraulic hose burst / high pressure pump cavitation,12.2,27.8
9962,111,2026-08-01,1.8,6.2,Rainwater inundation at bottom pit bench (>40mm downpour),16.6,59.4
9963,111,2026-08-02,2.0,6.0,Main sump pump silt clogging from monsoon slurry,24.2,44.1
9964,111,2026-08-03,6.1,1.9,Shift changeover & inspection,86.6,191.4
9965,111,2026-08-04,6.9,1.1,Shift changeover & inspection,74.4,240.9
9966,111,2026-08-05,7.2,0.8,,67.1,239.3
9967,111,2026-08-06,6.6,1.4,Shift changeover & inspection,89.0,183.8
9968,111,2026-08-07,5.8,2.2,Shift changeover & inspection,65.1,117.7
9969,111,2026-08-08,6.8,1.2,Shift changeover & inspection,88.9,209.1
9970,111,2026-08-09,6.1,1.9,Shift changeover & inspection,57.5,232.4
9971,111,2026-08-10,3.4,4.6,Main sump pump silt clogging from monsoon slurry,31.6,145.0
9972,111,2026-08-11,2.6,5.4,Main sump pump silt clogging from monsoon slurry,22.5,55.0
9973,111,2026-08-12,3.2,4.8,Rainwater inundation at bottom pit bench (>40mm downpour),40.6,117.7
9974,111,2026-08-13,3.8,4.2,Rainwater inundation at bottom pit bench (>40mm downpour),47.0,123.6
9975,111,2026-08-14,7.3,0.7,,99.3,261.1
9976,111,2026-08-15,6.5,1.5,Shift changeover & inspection,93.0,321.9
9977,111,2026-08-16,3.0,5.0,Main sump pump silt clogging from monsoon slurry,34.8,125.1
9978,111,2026-08-17,3.2,4.8,Main sump pump silt clogging from monsoon slurry,25.7,83.6
9979,111,2026-08-18,3.9,4.1,Rainwater inundation at bottom pit bench (>40mm downpour),43.8,128.4
9980,111,2026-08-19,5.8,2.2,Shift changeover & inspection,80.3,218.5
9981,111,2026-08-20,7.3,0.7,,69.0,171.0
9982,111,2026-08-21,7.1,0.9,,94.7,191.8
9983,111,2026-08-22,7.8,0.2,,86.1,195.4
9984,111,2026-08-23,0.1,7.9,Hydraulic hose burst / high pressure pump cavitation,0.9,3.0
9985,111,2026-08-24,6.0,2.0,Shift changeover & inspection,64.1,262.2
9986,111,2026-08-25,7.5,0.5,,108.2,318.4
9987,111,2026-08-26,6.3,1.7,Shift changeover & inspection,55.8,167.8
9988,111,2026-08-27,2.1,5.9,Main sump pump silt clogging from monsoon slurry,24.4,76.1
9989,111,2026-08-28,2.8,5.2,Main sump pump silt clogging from monsoon slurry,27.4,104.7
9990,111,2026-08-29,6.9,1.1,Shift changeover & inspection,58.3,297.0
9991,112,2026-06-01,6.0,2.0,Shift changeover & inspection,67.9,212.8
9992,112,2026-06-02,5.9,2.1,Shift changeover & inspection,82.3,166.5
9993,112,2026-06-03,6.7,1.3,Shift changeover & inspection,53.7,210.5
9994,112,2026-06-04,6.4,1.6,Shift changeover & inspection,73.0,130.5
9995,112,2026-06-05,6.3,1.7,Shift changeover & inspection,81.0,142.3
9996,112,2026-06-06,6.5,1.5,Shift changeover & inspection,75.6,310.2
9997,112,2026-06-07,2.2,5.8,DGMS statutory electrical ground-fault trip,32.0,83.7
9998,112,2026-06-08,6.6,1.4,Shift changeover & inspection,60.5,299.0
9999,112,2026-06-09,5.8,2.2,Shift changeover & inspection,47.7,149.3
10000,112,2026-06-10,6.9,1.1,Shift changeover & inspection,88.0,167.9
10001,112,2026-06-11,7.0,1.0,Shift changeover & inspection,100.3,265.4
10002,112,2026-06-12,5.9,2.1,Shift changeover & inspection,64.7,152.3
10003,112,2026-06-13,2.4,5.6,Main sump pump silt clogging from monsoon slurry,34.0,82.9
10004,112,2026-06-14,6.6,1.4,Shift changeover & inspection,98.3,277.3
10005,112,2026-06-15,6.5,1.5,Shift changeover & inspection,61.1,180.5
10006,112,2026-06-16,5.8,2.2,Shift changeover & inspection,59.9,265.3
10007,112,2026-06-17,6.9,1.1,Shift changeover & inspection,86.3,250.0
10008,112,2026-06-18,2.9,5.1,Main sump pump silt clogging from monsoon slurry,33.8,104.4
10009,112,2026-06-19,6.2,1.8,Shift changeover & inspection,57.9,212.3
10010,112,2026-06-20,2.9,5.1,Main sump pump silt clogging from monsoon slurry,40.7,112.2
10011,112,2026-06-21,6.1,1.9,Shift changeover & inspection,74.3,148.9
10012,112,2026-06-22,6.1,1.9,Shift changeover & inspection,55.3,245.8
10013,112,2026-06-23,2.2,5.8,DGMS statutory electrical ground-fault trip,20.4,82.6
10014,112,2026-06-24,6.8,1.2,Shift changeover & inspection,97.9,286.0
10015,112,2026-06-25,7.1,0.9,,66.9,199.5
10016,112,2026-06-26,0.8,7.2,Blasting toxic fume / dust clearance standstill,11.2,27.8
10017,112,2026-06-27,6.6,1.4,Shift changeover & inspection,54.5,178.9
10018,112,2026-06-28,6.1,1.9,Shift changeover & inspection,68.5,219.4
10019,112,2026-06-29,7.0,1.0,Shift changeover & inspection,92.9,297.2
10020,112,2026-06-30,6.4,1.6,Shift changeover & inspection,64.6,229.7
10021,112,2026-07-01,3.6,4.4,Tyre sidewall cut on sharp gondite boulders,53.8,162.1
10022,112,2026-07-02,6.7,1.3,Shift changeover & inspection,79.1,313.4
10023,112,2026-07-03,6.3,1.7,Shift changeover & inspection,76.4,204.0
10024,112,2026-07-04,2.1,5.9,Hydraulic hose burst / high pressure pump cavitation,22.4,102.4
10025,112,2026-07-05,2.2,5.8,Rainwater inundation at bottom pit bench (>40mm downpour),22.0,99.4
10026,112,2026-07-06,2.8,5.2,Rainwater inundation at bottom pit bench (>40mm downpour),31.8,130.8
10027,112,2026-07-07,7.3,0.7,,106.8,268.5
10028,112,2026-07-08,7.0,1.0,Shift changeover & inspection,86.1,268.0
10029,112,2026-07-09,5.6,2.4,Shift changeover & inspection,67.2,257.6
10030,112,2026-07-10,6.5,1.5,Shift changeover & inspection,87.2,319.8
10031,112,2026-07-11,2.6,5.4,Tyre sidewall cut on sharp gondite boulders,25.5,83.5
10032,112,2026-07-12,3.9,4.1,Rainwater inundation at bottom pit bench (>40mm downpour),56.7,187.2
10033,112,2026-07-13,4.0,4.0,Rainwater inundation at bottom pit bench (>40mm downpour),53.1,197.2
10034,112,2026-07-14,7.5,0.5,,101.7,162.8
10035,112,2026-07-15,3.3,4.7,Tyre sidewall cut on sharp gondite boulders,45.3,158.8
10036,112,2026-07-16,1.6,6.4,Engine overheated (>44°C ambient summer load),18.8,41.3
10037,112,2026-07-17,7.1,0.9,,72.8,239.2
10038,112,2026-07-18,5.8,2.2,Shift changeover & inspection,66.0,251.6
10039,112,2026-07-19,6.0,2.0,Shift changeover & inspection,71.2,278.2
10040,112,2026-07-20,7.5,0.5,,91.9,364.9
10041,112,2026-07-21,7.2,0.8,,61.2,306.0
10042,112,2026-07-22,3.9,4.1,Main sump pump silt clogging from monsoon slurry,44.1,126.6
10043,112,2026-07-23,3.6,4.4,Tyre sidewall cut on sharp gondite boulders,31.0,178.8
10044,112,2026-07-24,6.1,1.9,Shift changeover & inspection,75.1,197.0
10045,112,2026-07-25,2.2,5.8,Rainwater inundation at bottom pit bench (>40mm downpour),26.2,104.5
10046,112,2026-07-26,1.7,6.3,Main sump pump silt clogging from monsoon slurry,17.4,34.9
10047,112,2026-07-27,1.8,6.2,Shaft winder cage guide rope alignment check,23.2,84.2
10048,112,2026-07-28,6.0,2.0,Shift changeover & inspection,81.4,173.0
10049,112,2026-07-29,5.8,2.2,Shift changeover & inspection,73.7,172.8
10050,112,2026-07-30,7.0,1.0,Shift changeover & inspection,84.9,196.4
10051,112,2026-07-31,6.2,1.8,Shift changeover & inspection,88.9,229.0
10052,112,2026-08-01,6.4,1.6,Shift changeover & inspection,72.9,264.4
10053,112,2026-08-02,4.5,3.5,Main sump pump silt clogging from monsoon slurry,66.9,213.0
10054,112,2026-08-03,2.5,5.5,Hydraulic hose burst / high pressure pump cavitation,22.0,64.3
10055,112,2026-08-04,6.9,1.1,Shift changeover & inspection,71.3,200.8
10056,112,2026-08-05,5.8,2.2,Shift changeover & inspection,86.4,216.7
10057,112,2026-08-06,6.8,1.2,Shift changeover & inspection,86.8,192.8
10058,112,2026-08-07,6.9,1.1,Shift changeover & inspection,88.8,164.7
10059,112,2026-08-08,2.2,5.8,Rainwater inundation at bottom pit bench (>40mm downpour),21.7,70.4
10060,112,2026-08-09,7.7,0.3,,85.5,341.2
10061,112,2026-08-10,2.1,5.9,Main sump pump silt clogging from monsoon slurry,22.2,61.6
10062,112,2026-08-11,1.6,6.4,Rainwater inundation at bottom pit bench (>40mm downpour),18.1,61.5
10063,112,2026-08-12,2.5,5.5,Rainwater inundation at bottom pit bench (>40mm downpour),30.4,116.3
10064,112,2026-08-13,7.4,0.6,,61.0,168.8
10065,112,2026-08-14,2.6,5.4,Main sump pump silt clogging from monsoon slurry,22.5,68.4
10066,112,2026-08-15,5.6,2.4,Shift changeover & inspection,66.1,181.9
10067,112,2026-08-16,2.6,5.4,Rainwater inundation at bottom pit bench (>40mm downpour),25.8,101.6
10068,112,2026-08-17,6.4,1.6,Shift changeover & inspection,67.1,178.3
10069,112,2026-08-18,0.3,7.7,Main sump pump silt clogging from monsoon slurry,2.7,12.6
10070,112,2026-08-19,6.9,1.1,Shift changeover & inspection,79.1,150.5
10071,112,2026-08-20,7.4,0.6,,90.5,257.0
10072,112,2026-08-21,7.4,0.6,,91.4,191.3
10073,112,2026-08-22,1.8,6.2,Shaft winder cage guide rope alignment check,19.9,70.1
10074,112,2026-08-23,7.2,0.8,,79.9,159.6
10075,112,2026-08-24,6.3,1.7,Shift changeover & inspection,66.9,175.9
10076,112,2026-08-25,7.2,0.8,,65.5,274.0
10077,112,2026-08-26,7.6,0.4,,75.2,177.8
10078,112,2026-08-27,5.8,2.2,Shift changeover & inspection,75.8,254.6
10079,112,2026-08-28,1.3,6.7,Engine overheated (>44°C ambient summer load),16.9,60.0
10080,112,2026-08-29,2.8,5.2,Rainwater inundation at bottom pit bench (>40mm downpour),40.6,65.3
10081,113,2026-06-01,0.7,7.3,Shaft winder cage guide rope alignment check,9.2,23.7
10082,113,2026-06-02,7.4,0.6,,81.1,345.6
10083,113,2026-06-03,7.7,0.3,,75.0,266.7
10084,113,2026-06-04,6.5,1.5,Shift changeover & inspection,69.1,160.8
10085,113,2026-06-05,6.1,1.9,Shift changeover & inspection,80.5,144.9
10086,113,2026-06-06,6.1,1.9,Shift changeover & inspection,63.5,249.3
10087,113,2026-06-07,7.6,0.4,,89.7,268.2
10088,113,2026-06-08,6.9,1.1,Shift changeover & inspection,84.9,191.8
10089,113,2026-06-09,0.1,7.9,Tyre sidewall cut on sharp gondite boulders,1.3,3.0
10090,113,2026-06-10,6.4,1.6,Shift changeover & inspection,87.4,264.9
10091,113,2026-06-11,5.6,2.4,Shift changeover & inspection,52.0,231.0
10092,113,2026-06-12,6.9,1.1,Shift changeover & inspection,58.2,337.6
10093,113,2026-06-13,0.9,7.1,Shaft winder cage guide rope alignment check,11.0,36.9
10094,113,2026-06-14,5.5,2.5,Shift changeover & inspection,81.3,186.0
10095,113,2026-06-15,7.2,0.8,,98.8,268.9
10096,113,2026-06-16,7.7,0.3,,89.8,189.6
10097,113,2026-06-17,7.5,0.5,,66.3,241.0
10098,113,2026-06-18,5.7,2.3,Shift changeover & inspection,68.1,277.5
10099,113,2026-06-19,5.7,2.3,Shift changeover & inspection,74.1,125.6
10100,113,2026-06-20,7.1,0.9,,103.9,248.4
10101,113,2026-06-21,6.4,1.6,Shift changeover & inspection,61.4,142.3
10102,113,2026-06-22,5.7,2.3,Shift changeover & inspection,78.1,150.3
10103,113,2026-06-23,7.7,0.3,,97.0,290.5
10104,113,2026-06-24,7.6,0.4,,101.3,375.5
10105,113,2026-06-25,6.6,1.4,Shift changeover & inspection,89.5,178.0
10106,113,2026-06-26,6.1,1.9,Shift changeover & inspection,55.2,134.4
10107,113,2026-06-27,6.6,1.4,Shift changeover & inspection,55.9,276.0
10108,113,2026-06-28,1.4,6.6,Rainwater inundation at bottom pit bench (>40mm downpour),20.3,69.2
10109,113,2026-06-29,0.1,7.9,Shaft winder cage guide rope alignment check,0.8,3.2
10110,113,2026-06-30,6.6,1.4,Shift changeover & inspection,85.8,153.4
10111,113,2026-07-01,4.0,4.0,Tyre sidewall cut on sharp gondite boulders,38.3,116.8
10112,113,2026-07-02,6.1,1.9,Shift changeover & inspection,80.0,271.2
10113,113,2026-07-03,1.5,6.5,Rainwater inundation at bottom pit bench (>40mm downpour),22.4,50.9
10114,113,2026-07-04,7.6,0.4,,93.4,228.8
10115,113,2026-07-05,2.8,5.2,Blasting toxic fume / dust clearance standstill,35.2,64.1
10116,113,2026-07-06,6.7,1.3,Shift changeover & inspection,61.0,323.5
10117,113,2026-07-07,6.5,1.5,Shift changeover & inspection,80.3,266.4
10118,113,2026-07-08,3.8,4.2,Tyre sidewall cut on sharp gondite boulders,37.9,174.5
10119,113,2026-07-09,2.1,5.9,Hydraulic hose burst / high pressure pump cavitation,26.5,75.5
10120,113,2026-07-10,4.1,3.9,Rainwater inundation at bottom pit bench (>40mm downpour),46.6,104.2
10121,113,2026-07-11,5.9,2.1,Shift changeover & inspection,48.4,260.3
10122,113,2026-07-12,2.0,6.0,Tyre sidewall cut on sharp gondite boulders,26.8,74.2
10123,113,2026-07-13,7.0,1.0,Shift changeover & inspection,104.0,321.2
10124,113,2026-07-14,6.0,2.0,Shift changeover & inspection,53.2,220.5
10125,113,2026-07-15,2.2,5.8,Tyre sidewall cut on sharp gondite boulders,19.3,45.7
10126,113,2026-07-16,2.3,5.7,Rainwater inundation at bottom pit bench (>40mm downpour),27.2,57.0
10127,113,2026-07-17,3.4,4.6,Rainwater inundation at bottom pit bench (>40mm downpour),28.3,145.5
10128,113,2026-07-18,7.4,0.6,,60.3,230.9
10129,113,2026-07-19,5.8,2.2,Shift changeover & inspection,70.3,139.5
10130,113,2026-07-20,6.8,1.2,Shift changeover & inspection,70.0,306.9
10131,113,2026-07-21,7.6,0.4,,65.8,378.9
10132,113,2026-07-22,7.6,0.4,,112.9,306.5
10133,113,2026-07-23,7.8,0.2,,98.3,294.4
10134,113,2026-07-24,5.6,2.4,Shift changeover & inspection,72.5,262.7
10135,113,2026-07-25,5.9,2.1,Shift changeover & inspection,77.1,120.2
10136,113,2026-07-26,7.2,0.8,,77.3,202.0
10137,113,2026-07-27,5.8,2.2,Shift changeover & inspection,68.9,282.6
10138,113,2026-07-28,6.4,1.6,Shift changeover & inspection,73.0,313.1
10139,113,2026-07-29,7.5,0.5,,67.7,321.4
10140,113,2026-07-30,6.1,1.9,Shift changeover & inspection,65.6,206.6
10141,113,2026-07-31,6.0,2.0,Shift changeover & inspection,54.6,165.2
10142,113,2026-08-01,3.7,4.3,Rainwater inundation at bottom pit bench (>40mm downpour),32.7,133.8
10143,113,2026-08-02,0.7,7.3,Tyre sidewall cut on sharp gondite boulders,6.8,15.0
10144,113,2026-08-03,7.7,0.3,,100.2,377.0
10145,113,2026-08-04,7.1,0.9,,90.0,221.9
10146,113,2026-08-05,6.1,1.9,Shift changeover & inspection,51.3,145.3
10147,113,2026-08-06,7.7,0.3,,106.2,251.7
10148,113,2026-08-07,6.6,1.4,Shift changeover & inspection,59.9,230.2
10149,113,2026-08-08,7.1,0.9,,90.0,258.8
10150,113,2026-08-09,2.7,5.3,Tyre sidewall cut on sharp gondite boulders,27.8,77.7
10151,113,2026-08-10,7.0,1.0,Shift changeover & inspection,57.5,183.6
10152,113,2026-08-11,7.2,0.8,,70.0,227.6
10153,113,2026-08-12,3.2,4.8,Rainwater inundation at bottom pit bench (>40mm downpour),32.9,143.1
10154,113,2026-08-13,5.5,2.5,Shift changeover & inspection,81.8,113.1
10155,113,2026-08-14,0.9,7.1,Shaft winder cage guide rope alignment check,9.1,32.4
10156,113,2026-08-15,6.5,1.5,Shift changeover & inspection,55.7,221.6
10157,113,2026-08-16,7.4,0.6,,70.0,273.2
10158,113,2026-08-17,6.0,2.0,Shift changeover & inspection,51.2,240.1
10159,113,2026-08-18,2.6,5.4,Tyre sidewall cut on sharp gondite boulders,29.5,69.1
10160,113,2026-08-19,5.8,2.2,Shift changeover & inspection,49.9,170.6
10161,113,2026-08-20,5.6,2.4,Shift changeover & inspection,50.5,192.5
10162,113,2026-08-21,4.1,3.9,Rainwater inundation at bottom pit bench (>40mm downpour),50.2,150.2
10163,113,2026-08-22,6.5,1.5,Shift changeover & inspection,75.3,202.6
10164,113,2026-08-23,6.7,1.3,Shift changeover & inspection,73.9,218.0
10165,113,2026-08-24,7.6,0.4,,102.0,177.8
10166,113,2026-08-25,3.9,4.1,Tyre sidewall cut on sharp gondite boulders,47.1,114.7
10167,113,2026-08-26,6.3,1.7,Shift changeover & inspection,59.3,164.3
10168,113,2026-08-27,7.0,1.0,Shift changeover & inspection,66.7,271.4
10169,113,2026-08-28,3.3,4.7,Tyre sidewall cut on sharp gondite boulders,38.2,100.5
10170,113,2026-08-29,7.8,0.2,,77.8,156.9
10171,114,2026-06-01,6.2,1.8,Shift changeover & inspection,52.4,276.4
10172,114,2026-06-02,6.5,1.5,Shift changeover & inspection,85.2,156.0
10173,114,2026-06-03,0.4,7.6,Hydraulic hose burst / high pressure pump cavitation,5.8,17.4
10174,114,2026-06-04,7.1,0.9,,59.4,337.8
10175,114,2026-06-05,6.6,1.4,Shift changeover & inspection,85.4,240.9
10176,114,2026-06-06,6.1,1.9,Shift changeover & inspection,51.7,155.4
10177,114,2026-06-07,7.4,0.6,,98.1,194.7
10178,114,2026-06-08,6.1,1.9,Shift changeover & inspection,79.9,188.8
10179,114,2026-06-09,6.1,1.9,Shift changeover & inspection,90.2,301.9
10180,114,2026-06-10,7.4,0.6,,67.7,209.2
10181,114,2026-06-11,6.4,1.6,Shift changeover & inspection,75.9,131.5
10182,114,2026-06-12,6.1,1.9,Shift changeover & inspection,50.5,243.9
10183,114,2026-06-13,7.2,0.8,,104.1,327.1
10184,114,2026-06-14,6.0,2.0,Shift changeover & inspection,66.7,264.0
10185,114,2026-06-15,5.6,2.4,Shift changeover & inspection,51.7,161.0
10186,114,2026-06-16,3.0,5.0,Shaft winder cage guide rope alignment check,36.1,80.4
10187,114,2026-06-17,1.6,6.4,Rainwater inundation at bottom pit bench (>40mm downpour),15.9,38.6
10188,114,2026-06-18,3.3,4.7,Shaft winder cage guide rope alignment check,32.7,92.6
10189,114,2026-06-19,7.7,0.3,,66.2,349.0
10190,114,2026-06-20,6.0,2.0,Shift changeover & inspection,68.9,284.3
10191,114,2026-06-21,7.6,0.4,,105.0,302.4
10192,114,2026-06-22,5.9,2.1,Shift changeover & inspection,66.7,154.3
10193,114,2026-06-23,7.4,0.6,,104.0,344.1
10194,114,2026-06-24,6.7,1.3,Shift changeover & inspection,57.3,298.1
10195,114,2026-06-25,7.6,0.4,,78.5,370.0
10196,114,2026-06-26,7.6,0.4,,86.6,273.2
10197,114,2026-06-27,6.2,1.8,Shift changeover & inspection,59.6,182.7
10198,114,2026-06-28,5.7,2.3,Shift changeover & inspection,74.2,184.1
10199,114,2026-06-29,5.9,2.1,Shift changeover & inspection,67.3,127.9
10200,114,2026-06-30,6.4,1.6,Shift changeover & inspection,80.2,190.2
10201,114,2026-07-01,7.5,0.5,,78.7,269.7
10202,114,2026-07-02,5.5,2.5,Shift changeover & inspection,74.9,215.1
10203,114,2026-07-03,6.8,1.2,Shift changeover & inspection,70.8,229.8
10204,114,2026-07-04,2.0,6.0,Tyre sidewall cut on sharp gondite boulders,19.4,70.5
10205,114,2026-07-05,3.9,4.1,Main sump pump silt clogging from monsoon slurry,49.7,143.8
10206,114,2026-07-06,6.7,1.3,Shift changeover & inspection,63.8,205.4
10207,114,2026-07-07,6.3,1.7,Shift changeover & inspection,69.7,194.8
10208,114,2026-07-08,4.1,3.9,Rainwater inundation at bottom pit bench (>40mm downpour),45.6,143.9
10209,114,2026-07-09,7.3,0.7,,87.0,192.2
10210,114,2026-07-10,5.8,2.2,Shift changeover & inspection,55.7,251.2
10211,114,2026-07-11,3.5,4.5,Rainwater inundation at bottom pit bench (>40mm downpour),28.3,168.4
10212,114,2026-07-12,1.8,6.2,Tyre sidewall cut on sharp gondite boulders,25.3,43.8
10213,114,2026-07-13,6.8,1.2,Shift changeover & inspection,101.3,274.7
10214,114,2026-07-14,2.3,5.7,Main sump pump silt clogging from monsoon slurry,30.9,70.1
10215,114,2026-07-15,7.5,0.5,,105.5,236.4
10216,114,2026-07-16,6.0,2.0,Shift changeover & inspection,62.3,281.3
10217,114,2026-07-17,5.7,2.3,Shift changeover & inspection,65.5,283.4
10218,114,2026-07-18,5.7,2.3,Shift changeover & inspection,76.4,211.6
10219,114,2026-07-19,2.7,5.3,Main sump pump silt clogging from monsoon slurry,37.2,70.5
10220,114,2026-07-20,5.5,2.5,Shift changeover & inspection,60.8,127.4
10221,114,2026-07-21,2.4,5.6,Main sump pump silt clogging from monsoon slurry,20.1,66.3
10222,114,2026-07-22,4.2,3.8,Rainwater inundation at bottom pit bench (>40mm downpour),53.3,194.4
10223,114,2026-07-23,6.0,2.0,Shift changeover & inspection,86.7,189.8
10224,114,2026-07-24,3.3,4.7,Rainwater inundation at bottom pit bench (>40mm downpour),31.9,77.3
10225,114,2026-07-25,4.5,3.5,Tyre sidewall cut on sharp gondite boulders,37.5,128.3
10226,114,2026-07-26,6.1,1.9,Shift changeover & inspection,72.8,266.9
10227,114,2026-07-27,4.1,3.9,Rainwater inundation at bottom pit bench (>40mm downpour),51.4,135.8
10228,114,2026-07-28,7.0,1.0,Shift changeover & inspection,67.4,205.4
10229,114,2026-07-29,5.8,2.2,Shift changeover & inspection,72.6,286.6
10230,114,2026-07-30,3.5,4.5,Rainwater inundation at bottom pit bench (>40mm downpour),46.1,133.4
10231,114,2026-07-31,3.9,4.1,Rainwater inundation at bottom pit bench (>40mm downpour),48.5,121.5
10232,114,2026-08-01,6.9,1.1,Shift changeover & inspection,93.6,295.7
10233,114,2026-08-02,7.0,1.0,Shift changeover & inspection,67.0,179.1
10234,114,2026-08-03,7.6,0.4,,101.9,204.3
10235,114,2026-08-04,7.3,0.7,,62.9,349.8
10236,114,2026-08-05,5.6,2.4,Shift changeover & inspection,64.7,245.0
10237,114,2026-08-06,5.9,2.1,Shift changeover & inspection,61.2,266.2
10238,114,2026-08-07,6.7,1.3,Shift changeover & inspection,87.0,177.5
10239,114,2026-08-08,6.1,1.9,Shift changeover & inspection,81.0,167.2
10240,114,2026-08-09,6.3,1.7,Shift changeover & inspection,69.2,198.8
10241,114,2026-08-10,4.3,3.7,Tyre sidewall cut on sharp gondite boulders,48.8,98.6
10242,114,2026-08-11,2.0,6.0,Rainwater inundation at bottom pit bench (>40mm downpour),20.0,53.4
10243,114,2026-08-12,1.0,7.0,Main sump pump silt clogging from monsoon slurry,12.6,25.5
10244,114,2026-08-13,5.9,2.1,Shift changeover & inspection,75.4,239.3
10245,114,2026-08-14,6.7,1.3,Shift changeover & inspection,54.7,156.3
10246,114,2026-08-15,1.7,6.3,Main sump pump silt clogging from monsoon slurry,14.2,82.6
10247,114,2026-08-16,6.8,1.2,Shift changeover & inspection,55.1,194.7
10248,114,2026-08-17,6.8,1.2,Shift changeover & inspection,84.2,193.6
10249,114,2026-08-18,7.7,0.3,,77.0,158.6
10250,114,2026-08-19,2.4,5.6,Main sump pump silt clogging from monsoon slurry,20.3,63.7
10251,114,2026-08-20,3.3,4.7,Rainwater inundation at bottom pit bench (>40mm downpour),35.5,153.8
10252,114,2026-08-21,6.4,1.6,Shift changeover & inspection,84.7,226.3
10253,114,2026-08-22,3.6,4.4,Main sump pump silt clogging from monsoon slurry,45.4,146.3
10254,114,2026-08-23,3.4,4.6,Shaft winder cage guide rope alignment check,37.7,127.3
10255,114,2026-08-24,6.7,1.3,Shift changeover & inspection,94.0,256.4
10256,114,2026-08-25,7.0,1.0,Shift changeover & inspection,66.9,239.5
10257,114,2026-08-26,4.2,3.8,Main sump pump silt clogging from monsoon slurry,40.0,123.7
10258,114,2026-08-27,4.1,3.9,Rainwater inundation at bottom pit bench (>40mm downpour),51.2,142.2
10259,114,2026-08-28,6.8,1.2,Shift changeover & inspection,85.8,138.9
10260,114,2026-08-29,7.5,0.5,,66.7,236.6
10261,115,2026-06-01,5.6,2.4,Shift changeover & inspection,71.3,253.3
10262,115,2026-06-02,6.8,1.2,Shift changeover & inspection,55.3,294.5
10263,115,2026-06-03,7.2,0.8,,78.4,325.0
10264,115,2026-06-04,6.1,1.9,Shift changeover & inspection,74.6,151.8
10265,115,2026-06-05,6.9,1.1,Shift changeover & inspection,85.6,277.9
10266,115,2026-06-06,6.5,1.5,Shift changeover & inspection,82.0,263.7
10267,115,2026-06-07,6.9,1.1,Shift changeover & inspection,68.9,265.5
10268,115,2026-06-08,7.4,0.6,,83.7,264.6
10269,115,2026-06-09,6.8,1.2,Shift changeover & inspection,57.7,138.1
10270,115,2026-06-10,3.2,4.8,Blasting toxic fume / dust clearance standstill,33.3,100.3
10271,115,2026-06-11,5.7,2.3,Shift changeover & inspection,69.7,241.2
10272,115,2026-06-12,7.5,0.5,,107.2,231.9
10273,115,2026-06-13,6.0,2.0,Shift changeover & inspection,88.0,273.1
10274,115,2026-06-14,5.6,2.4,Shift changeover & inspection,64.2,113.4
10275,115,2026-06-15,5.6,2.4,Shift changeover & inspection,64.8,234.3
10276,115,2026-06-16,7.1,0.9,,90.3,223.4
10277,115,2026-06-17,5.7,2.3,Shift changeover & inspection,53.6,207.4
10278,115,2026-06-18,2.1,5.9,Main sump pump silt clogging from monsoon slurry,23.5,91.8
10279,115,2026-06-19,6.6,1.4,Shift changeover & inspection,76.8,187.6
10280,115,2026-06-20,5.9,2.1,Shift changeover & inspection,57.5,288.5
10281,115,2026-06-21,5.7,2.3,Shift changeover & inspection,70.1,278.1
10282,115,2026-06-22,6.1,1.9,Shift changeover & inspection,71.6,195.0
10283,115,2026-06-23,5.6,2.4,Shift changeover & inspection,71.2,157.7
10284,115,2026-06-24,6.5,1.5,Shift changeover & inspection,86.7,277.6
10285,115,2026-06-25,7.4,0.6,,86.8,358.4
10286,115,2026-06-26,0.1,7.9,Tyre sidewall cut on sharp gondite boulders,1.4,4.9
10287,115,2026-06-27,6.2,1.8,Shift changeover & inspection,85.4,256.8
10288,115,2026-06-28,6.9,1.1,Shift changeover & inspection,60.1,183.9
10289,115,2026-06-29,7.7,0.3,,94.5,166.0
10290,115,2026-06-30,6.5,1.5,Shift changeover & inspection,69.2,269.2
10291,115,2026-07-01,2.1,5.9,Tyre sidewall cut on sharp gondite boulders,16.8,82.3
10292,115,2026-07-02,0.4,7.6,Engine overheated (>44°C ambient summer load),4.6,18.8
10293,115,2026-07-03,7.3,0.7,,74.0,346.4
10294,115,2026-07-04,6.6,1.4,Shift changeover & inspection,66.8,248.7
10295,115,2026-07-05,6.3,1.7,Shift changeover & inspection,63.1,223.3
10296,115,2026-07-06,3.3,4.7,Rainwater inundation at bottom pit bench (>40mm downpour),49.2,152.8
10297,115,2026-07-07,2.8,5.2,DGMS statutory electrical ground-fault trip,32.4,91.3
10298,115,2026-07-08,6.1,1.9,Shift changeover & inspection,73.6,266.9
10299,115,2026-07-09,3.7,4.3,Tyre sidewall cut on sharp gondite boulders,46.0,163.8
10300,115,2026-07-10,7.6,0.4,,104.2,200.9
10301,115,2026-07-11,2.0,6.0,DGMS statutory electrical ground-fault trip,23.1,84.1
10302,115,2026-07-12,2.6,5.4,Hydraulic hose burst / high pressure pump cavitation,21.3,68.8
10303,115,2026-07-13,7.6,0.4,,97.6,273.8
10304,115,2026-07-14,4.1,3.9,Rainwater inundation at bottom pit bench (>40mm downpour),41.3,129.5
10305,115,2026-07-15,6.8,1.2,Shift changeover & inspection,80.7,177.6
10306,115,2026-07-16,2.8,5.2,Main sump pump silt clogging from monsoon slurry,30.4,118.8
10307,115,2026-07-17,3.3,4.7,Tyre sidewall cut on sharp gondite boulders,47.7,139.1
10308,115,2026-07-18,7.4,0.6,,60.6,183.5
10309,115,2026-07-19,1.8,6.2,Tyre sidewall cut on sharp gondite boulders,24.1,50.7
10310,115,2026-07-20,7.4,0.6,,86.8,238.4
10311,115,2026-07-21,2.6,5.4,Main sump pump silt clogging from monsoon slurry,24.5,124.2
10312,115,2026-07-22,1.7,6.3,Blasting toxic fume / dust clearance standstill,20.7,45.4
10313,115,2026-07-23,1.6,6.4,Main sump pump silt clogging from monsoon slurry,22.8,32.7
10314,115,2026-07-24,6.9,1.1,Shift changeover & inspection,64.9,281.8
10315,115,2026-07-25,6.5,1.5,Shift changeover & inspection,96.5,170.7
10316,115,2026-07-26,3.2,4.8,Rainwater inundation at bottom pit bench (>40mm downpour),27.2,114.2
10317,115,2026-07-27,3.2,4.8,Main sump pump silt clogging from monsoon slurry,47.5,134.9
10318,115,2026-07-28,7.4,0.6,,74.9,282.3
10319,115,2026-07-29,4.0,4.0,Main sump pump silt clogging from monsoon slurry,48.4,91.1
10320,115,2026-07-30,1.8,6.2,Rainwater inundation at bottom pit bench (>40mm downpour),21.8,79.3
10321,115,2026-07-31,7.6,0.4,,62.4,297.4
10322,115,2026-08-01,6.7,1.3,Shift changeover & inspection,65.9,243.9
10323,115,2026-08-02,2.3,5.7,Tyre sidewall cut on sharp gondite boulders,18.8,86.8
10324,115,2026-08-03,1.9,6.1,Rainwater inundation at bottom pit bench (>40mm downpour),15.4,64.5
10325,115,2026-08-04,6.8,1.2,Shift changeover & inspection,86.2,147.7
10326,115,2026-08-05,6.3,1.7,Shift changeover & inspection,54.2,242.7
10327,115,2026-08-06,7.6,0.4,,90.9,338.5
10328,115,2026-08-07,7.8,0.2,,74.5,268.2
10329,115,2026-08-08,1.9,6.1,Rainwater inundation at bottom pit bench (>40mm downpour),19.4,82.1
10330,115,2026-08-09,6.5,1.5,Shift changeover & inspection,62.9,137.7
10331,115,2026-08-10,7.7,0.3,,79.7,180.4
10332,115,2026-08-11,6.1,1.9,Shift changeover & inspection,58.8,208.2
10333,115,2026-08-12,6.4,1.6,Shift changeover & inspection,64.4,318.8
10334,115,2026-08-13,6.7,1.3,Shift changeover & inspection,90.9,329.9
10335,115,2026-08-14,6.0,2.0,Shift changeover & inspection,78.2,256.0
10336,115,2026-08-15,6.6,1.4,Shift changeover & inspection,63.8,152.3
10337,115,2026-08-16,0.7,7.3,Engine overheated (>44°C ambient summer load),10.3,17.2
10338,115,2026-08-17,6.7,1.3,Shift changeover & inspection,96.2,195.0
10339,115,2026-08-18,6.0,2.0,Shift changeover & inspection,80.1,175.1
10340,115,2026-08-19,6.5,1.5,Shift changeover & inspection,90.2,247.4
10341,115,2026-08-20,3.7,4.3,Tyre sidewall cut on sharp gondite boulders,50.3,180.3
10342,115,2026-08-21,4.3,3.7,Rainwater inundation at bottom pit bench (>40mm downpour),59.1,197.7
10343,115,2026-08-22,6.4,1.6,Shift changeover & inspection,80.3,201.9
10344,115,2026-08-23,5.7,2.3,Shift changeover & inspection,80.0,253.8
10345,115,2026-08-24,1.9,6.1,DGMS statutory electrical ground-fault trip,15.3,43.0
10346,115,2026-08-25,6.0,2.0,Shift changeover & inspection,77.6,206.3
10347,115,2026-08-26,6.0,2.0,Shift changeover & inspection,71.0,201.4
10348,115,2026-08-27,3.8,4.2,Tyre sidewall cut on sharp gondite boulders,31.7,167.9
10349,115,2026-08-28,7.1,0.9,,102.7,220.7
10350,115,2026-08-29,6.6,1.4,Shift changeover & inspection,60.6,133.4
10351,116,2026-06-01,6.1,1.9,Shift changeover & inspection,64.9,300.2
10352,116,2026-06-02,7.2,0.8,,80.5,261.4
10353,116,2026-06-03,6.3,1.7,Shift changeover & inspection,59.6,235.3
10354,116,2026-06-04,5.7,2.3,Shift changeover & inspection,76.6,251.8
10355,116,2026-06-05,2.9,5.1,Rainwater inundation at bottom pit bench (>40mm downpour),41.9,102.5
10356,116,2026-06-06,6.3,1.7,Shift changeover & inspection,58.4,180.0
10357,116,2026-06-07,6.3,1.7,Shift changeover & inspection,76.3,182.9
10358,116,2026-06-08,5.7,2.3,Shift changeover & inspection,61.5,159.5
10359,116,2026-06-09,6.2,1.8,Shift changeover & inspection,58.3,275.7
10360,116,2026-06-10,7.5,0.5,,79.9,158.9
10361,116,2026-06-11,7.5,0.5,,110.7,327.9
10362,116,2026-06-12,5.5,2.5,Shift changeover & inspection,70.1,207.2
10363,116,2026-06-13,7.1,0.9,,102.7,238.0
10364,116,2026-06-14,6.3,1.7,Shift changeover & inspection,82.0,265.2
10365,116,2026-06-15,7.1,0.9,,102.5,296.9
10366,116,2026-06-16,1.6,6.4,Engine overheated (>44°C ambient summer load),16.0,39.6
10367,116,2026-06-17,1.4,6.6,Blasting toxic fume / dust clearance standstill,19.1,57.8
10368,116,2026-06-18,7.7,0.3,,93.1,191.4
10369,116,2026-06-19,6.1,1.9,Shift changeover & inspection,51.6,245.3
10370,116,2026-06-20,6.7,1.3,Shift changeover & inspection,90.2,304.8
10371,116,2026-06-21,6.1,1.9,Shift changeover & inspection,74.1,172.2
10372,116,2026-06-22,7.6,0.4,,76.1,227.7
10373,116,2026-06-23,7.0,1.0,Shift changeover & inspection,57.2,242.0
10374,116,2026-06-24,5.8,2.2,Shift changeover & inspection,60.7,215.9
10375,116,2026-06-25,5.5,2.5,Shift changeover & inspection,58.6,173.3
10376,116,2026-06-26,5.9,2.1,Shift changeover & inspection,57.2,285.8
10377,116,2026-06-27,7.5,0.5,,73.7,287.1
10378,116,2026-06-28,5.7,2.3,Shift changeover & inspection,68.2,196.6
10379,116,2026-06-29,2.1,5.9,Hydraulic hose burst / high pressure pump cavitation,29.3,73.9
10380,116,2026-06-30,7.0,1.0,Shift changeover & inspection,58.7,228.1
10381,116,2026-07-01,6.5,1.5,Shift changeover & inspection,72.2,226.5
10382,116,2026-07-02,4.4,3.6,Main sump pump silt clogging from monsoon slurry,53.2,146.9
10383,116,2026-07-03,7.4,0.6,,61.5,158.1
10384,116,2026-07-04,7.6,0.4,,107.7,154.9
10385,116,2026-07-05,3.8,4.2,Rainwater inundation at bottom pit bench (>40mm downpour),52.9,144.9
10386,116,2026-07-06,6.8,1.2,Shift changeover & inspection,86.6,151.9
10387,116,2026-07-07,6.2,1.8,Shift changeover & inspection,78.3,270.1
10388,116,2026-07-08,6.1,1.9,Shift changeover & inspection,69.4,123.9
10389,116,2026-07-09,2.3,5.7,Hydraulic hose burst / high pressure pump cavitation,26.7,69.9
10390,116,2026-07-10,6.5,1.5,Shift changeover & inspection,94.1,185.9
10391,116,2026-07-11,6.1,1.9,Shift changeover & inspection,62.5,177.9
10392,116,2026-07-12,5.7,2.3,Shift changeover & inspection,77.4,144.1
10393,116,2026-07-13,7.3,0.7,,94.4,314.1
10394,116,2026-07-14,6.3,1.7,Shift changeover & inspection,70.6,139.5
10395,116,2026-07-15,2.0,6.0,Main sump pump silt clogging from monsoon slurry,27.9,84.1
10396,116,2026-07-16,1.6,6.4,Main sump pump silt clogging from monsoon slurry,21.9,57.0
10397,116,2026-07-17,6.7,1.3,Shift changeover & inspection,92.2,167.8
10398,116,2026-07-18,3.2,4.8,Hydraulic hose burst / high pressure pump cavitation,45.4,119.4
10399,116,2026-07-19,0.5,7.5,Rainwater inundation at bottom pit bench (>40mm downpour),4.3,21.1
10400,116,2026-07-20,2.7,5.3,Rainwater inundation at bottom pit bench (>40mm downpour),28.8,121.7
10401,116,2026-07-21,2.1,5.9,Main sump pump silt clogging from monsoon slurry,29.6,44.0
10402,116,2026-07-22,7.7,0.3,,112.1,325.8
10403,116,2026-07-23,2.6,5.4,Tyre sidewall cut on sharp gondite boulders,25.7,94.2
10404,116,2026-07-24,1.7,6.3,Blasting toxic fume / dust clearance standstill,14.4,82.2
10405,116,2026-07-25,7.2,0.8,,97.8,268.1
10406,116,2026-07-26,6.1,1.9,Shift changeover & inspection,79.3,162.4
10407,116,2026-07-27,6.0,2.0,Shift changeover & inspection,79.4,229.4
10408,116,2026-07-28,5.8,2.2,Shift changeover & inspection,52.5,124.2
10409,116,2026-07-29,6.8,1.2,Shift changeover & inspection,61.5,197.6
10410,116,2026-07-30,6.8,1.2,Shift changeover & inspection,84.6,281.3
10411,116,2026-07-31,6.8,1.2,Shift changeover & inspection,79.6,339.6
10412,116,2026-08-01,2.5,5.5,Tyre sidewall cut on sharp gondite boulders,33.9,81.3
10413,116,2026-08-02,7.0,1.0,Shift changeover & inspection,86.0,347.0
10414,116,2026-08-03,6.0,2.0,Shift changeover & inspection,72.1,217.0
10415,116,2026-08-04,6.7,1.3,Shift changeover & inspection,99.3,259.5
10416,116,2026-08-05,1.6,6.4,Main sump pump silt clogging from monsoon slurry,22.4,45.9
10417,116,2026-08-06,3.6,4.4,Main sump pump silt clogging from monsoon slurry,43.4,134.6
10418,116,2026-08-07,0.8,7.2,Blasting toxic fume / dust clearance standstill,9.6,37.1
10419,116,2026-08-08,3.5,4.5,Tyre sidewall cut on sharp gondite boulders,32.2,147.4
10420,116,2026-08-09,6.6,1.4,Shift changeover & inspection,83.8,139.1
10421,116,2026-08-10,2.5,5.5,Main sump pump silt clogging from monsoon slurry,36.3,108.0
10422,116,2026-08-11,6.9,1.1,Shift changeover & inspection,73.8,218.7
10423,116,2026-08-12,6.4,1.6,Shift changeover & inspection,83.5,293.4
10424,116,2026-08-13,7.8,0.2,,85.7,258.8
10425,116,2026-08-14,7.2,0.8,,81.0,286.8
10426,116,2026-08-15,6.3,1.7,Shift changeover & inspection,82.1,292.8
10427,116,2026-08-16,7.1,0.9,,70.5,329.2
10428,116,2026-08-17,5.8,2.2,Shift changeover & inspection,81.0,289.9
10429,116,2026-08-18,7.0,1.0,Shift changeover & inspection,79.7,298.5
10430,116,2026-08-19,5.8,2.2,Shift changeover & inspection,60.0,264.3
10431,116,2026-08-20,6.1,1.9,Shift changeover & inspection,91.1,299.6
10432,116,2026-08-21,6.9,1.1,Shift changeover & inspection,73.4,301.5
10433,116,2026-08-22,6.8,1.2,Shift changeover & inspection,56.2,287.8
10434,116,2026-08-23,7.7,0.3,,110.6,231.1
10435,116,2026-08-24,6.6,1.4,Shift changeover & inspection,83.7,293.5
10436,116,2026-08-25,6.2,1.8,Shift changeover & inspection,66.9,274.6
10437,116,2026-08-26,6.7,1.3,Shift changeover & inspection,84.5,165.5
10438,116,2026-08-27,1.6,6.4,Tyre sidewall cut on sharp gondite boulders,19.0,55.4
10439,116,2026-08-28,2.2,5.8,Main sump pump silt clogging from monsoon slurry,23.2,71.4
10440,116,2026-08-29,6.2,1.8,Shift changeover & inspection,77.6,224.2
10441,117,2026-06-01,7.1,0.9,,98.8,316.4
10442,117,2026-06-02,7.4,0.6,,102.5,198.7
10443,117,2026-06-03,6.2,1.8,Shift changeover & inspection,76.5,170.3
10444,117,2026-06-04,6.4,1.6,Shift changeover & inspection,82.3,314.2
10445,117,2026-06-05,7.6,0.4,,70.2,184.8
10446,117,2026-06-06,1.6,6.4,Main sump pump silt clogging from monsoon slurry,22.7,38.9
10447,117,2026-06-07,7.4,0.6,,60.6,355.6
10448,117,2026-06-08,3.0,5.0,DGMS statutory electrical ground-fault trip,42.3,128.9
10449,117,2026-06-09,7.7,0.3,,90.0,315.8
10450,117,2026-06-10,6.5,1.5,Shift changeover & inspection,81.3,305.7
10451,117,2026-06-11,7.5,0.5,,70.7,332.2
10452,117,2026-06-12,6.2,1.8,Shift changeover & inspection,56.0,188.3
10453,117,2026-06-13,1.3,6.7,Rainwater inundation at bottom pit bench (>40mm downpour),13.7,30.2
10454,117,2026-06-14,5.8,2.2,Shift changeover & inspection,47.1,155.6
10455,117,2026-06-15,6.0,2.0,Shift changeover & inspection,68.3,122.4
10456,117,2026-06-16,0.9,7.1,Hydraulic hose burst / high pressure pump cavitation,10.9,41.9
10457,117,2026-06-17,6.5,1.5,Shift changeover & inspection,84.1,191.3
10458,117,2026-06-18,1.8,6.2,Shaft winder cage guide rope alignment check,26.7,76.6
10459,117,2026-06-19,7.5,0.5,,108.5,280.5
10460,117,2026-06-20,7.4,0.6,,87.6,338.8
10461,117,2026-06-21,7.3,0.7,,63.9,283.2
10462,117,2026-06-22,5.7,2.3,Shift changeover & inspection,67.5,127.5
10463,117,2026-06-23,6.7,1.3,Shift changeover & inspection,77.0,210.6
10464,117,2026-06-24,7.4,0.6,,77.9,293.9
10465,117,2026-06-25,7.6,0.4,,68.0,217.8
10466,117,2026-06-26,5.9,2.1,Shift changeover & inspection,83.2,235.7
10467,117,2026-06-27,2.4,5.6,Rainwater inundation at bottom pit bench (>40mm downpour),26.8,72.8
10468,117,2026-06-28,7.1,0.9,,85.7,268.9
10469,117,2026-06-29,6.2,1.8,Shift changeover & inspection,57.1,280.4
10470,117,2026-06-30,5.6,2.4,Shift changeover & inspection,55.4,130.6
10471,117,2026-07-01,2.7,5.3,Rainwater inundation at bottom pit bench (>40mm downpour),35.3,70.8
10472,117,2026-07-02,6.4,1.6,Shift changeover & inspection,91.6,174.7
10473,117,2026-07-03,7.5,0.5,,63.0,359.8
10474,117,2026-07-04,4.0,4.0,Main sump pump silt clogging from monsoon slurry,34.3,185.1
10475,117,2026-07-05,3.4,4.6,Tyre sidewall cut on sharp gondite boulders,36.1,162.2
10476,117,2026-07-06,2.3,5.7,Main sump pump silt clogging from monsoon slurry,31.3,101.2
10477,117,2026-07-07,6.7,1.3,Shift changeover & inspection,83.2,191.6
10478,117,2026-07-08,3.1,4.9,Main sump pump silt clogging from monsoon slurry,38.3,95.0
10479,117,2026-07-09,6.1,1.9,Shift changeover & inspection,59.4,288.9
10480,117,2026-07-10,3.0,5.0,Rainwater inundation at bottom pit bench (>40mm downpour),24.6,148.9
10481,117,2026-07-11,4.1,3.9,Tyre sidewall cut on sharp gondite boulders,51.3,89.1
10482,117,2026-07-12,6.0,2.0,Shift changeover & inspection,55.2,252.9
10483,117,2026-07-13,2.9,5.1,Tyre sidewall cut on sharp gondite boulders,38.3,138.2
10484,117,2026-07-14,6.0,2.0,Shift changeover & inspection,69.1,151.1
10485,117,2026-07-15,3.4,4.6,Main sump pump silt clogging from monsoon slurry,43.6,136.6
10486,117,2026-07-16,3.0,5.0,Tyre sidewall cut on sharp gondite boulders,44.8,147.0
10487,117,2026-07-17,7.1,0.9,,101.8,320.4
10488,117,2026-07-18,3.5,4.5,Tyre sidewall cut on sharp gondite boulders,34.1,72.3
10489,117,2026-07-19,7.7,0.3,,62.1,223.9
10490,117,2026-07-20,6.2,1.8,Shift changeover & inspection,84.8,276.1
10491,117,2026-07-21,6.6,1.4,Shift changeover & inspection,90.9,188.9
10492,117,2026-07-22,6.8,1.2,Shift changeover & inspection,63.7,293.0
10493,117,2026-07-23,2.4,5.6,Main sump pump silt clogging from monsoon slurry,24.0,48.3
10494,117,2026-07-24,6.3,1.7,Shift changeover & inspection,80.0,314.5
10495,117,2026-07-25,6.4,1.6,Shift changeover & inspection,93.6,157.1
10496,117,2026-07-26,7.7,0.3,,65.4,343.0
10497,117,2026-07-27,6.9,1.1,Shift changeover & inspection,101.5,183.2
10498,117,2026-07-28,7.3,0.7,,93.3,259.1
10499,117,2026-07-29,3.6,4.4,Rainwater inundation at bottom pit bench (>40mm downpour),35.0,104.2
10500,117,2026-07-30,2.1,5.9,Rainwater inundation at bottom pit bench (>40mm downpour),28.3,73.9
10501,117,2026-07-31,7.1,0.9,,86.0,229.6
10502,117,2026-08-01,5.5,2.5,Shift changeover & inspection,63.9,232.3
10503,117,2026-08-02,7.7,0.3,,69.7,165.3
10504,117,2026-08-03,6.7,1.3,Shift changeover & inspection,65.4,207.8
10505,117,2026-08-04,2.9,5.1,Rainwater inundation at bottom pit bench (>40mm downpour),37.5,86.7
10506,117,2026-08-05,6.3,1.7,Shift changeover & inspection,84.3,181.9
10507,117,2026-08-06,2.7,5.3,Rainwater inundation at bottom pit bench (>40mm downpour),32.0,105.9
10508,117,2026-08-07,6.3,1.7,Shift changeover & inspection,76.8,197.0
10509,117,2026-08-08,0.3,7.7,Rainwater inundation at bottom pit bench (>40mm downpour),3.2,12.5
10510,117,2026-08-09,6.1,1.9,Shift changeover & inspection,80.9,219.8
10511,117,2026-08-10,6.6,1.4,Shift changeover & inspection,70.1,247.4
10512,117,2026-08-11,5.5,2.5,Shift changeover & inspection,75.2,160.3
10513,117,2026-08-12,7.3,0.7,,89.9,284.0
10514,117,2026-08-13,5.9,2.1,Shift changeover & inspection,75.0,162.6
10515,117,2026-08-14,7.1,0.9,,57.6,229.0
10516,117,2026-08-15,6.4,1.6,Shift changeover & inspection,88.4,212.6
10517,117,2026-08-16,2.8,5.2,Main sump pump silt clogging from monsoon slurry,31.5,99.1
10518,117,2026-08-17,6.4,1.6,Shift changeover & inspection,95.3,157.7
10519,117,2026-08-18,2.3,5.7,Engine overheated (>44°C ambient summer load),22.6,112.4
10520,117,2026-08-19,5.5,2.5,Shift changeover & inspection,59.4,265.5
10521,117,2026-08-20,7.2,0.8,,76.9,332.1
10522,117,2026-08-21,5.6,2.4,Shift changeover & inspection,76.8,240.8
10523,117,2026-08-22,2.3,5.7,Rainwater inundation at bottom pit bench (>40mm downpour),27.5,111.1
10524,117,2026-08-23,6.2,1.8,Shift changeover & inspection,74.5,272.9
10525,117,2026-08-24,6.8,1.2,Shift changeover & inspection,88.9,325.3
10526,117,2026-08-25,2.3,5.7,Tyre sidewall cut on sharp gondite boulders,23.6,85.2
10527,117,2026-08-26,6.4,1.6,Shift changeover & inspection,70.1,154.4
10528,117,2026-08-27,7.0,1.0,Shift changeover & inspection,66.5,232.4
10529,117,2026-08-28,5.9,2.1,Shift changeover & inspection,67.2,207.9
10530,117,2026-08-29,5.7,2.3,Shift changeover & inspection,77.4,274.6
10531,118,2026-06-01,2.6,5.4,DGMS statutory electrical ground-fault trip,38.1,121.5
10532,118,2026-06-02,7.0,1.0,Shift changeover & inspection,94.9,249.8
10533,118,2026-06-03,6.5,1.5,Shift changeover & inspection,91.0,209.0
10534,118,2026-06-04,6.2,1.8,Shift changeover & inspection,89.4,167.7
10535,118,2026-06-05,6.2,1.8,Shift changeover & inspection,58.1,222.2
10536,118,2026-06-06,6.1,1.9,Shift changeover & inspection,86.4,155.6
10537,118,2026-06-07,7.1,0.9,,80.1,169.8
10538,118,2026-06-08,5.6,2.4,Shift changeover & inspection,79.3,168.7
10539,118,2026-06-09,6.2,1.8,Shift changeover & inspection,58.8,176.1
10540,118,2026-06-10,5.9,2.1,Shift changeover & inspection,76.5,224.1
10541,118,2026-06-11,0.3,7.7,Hydraulic hose burst / high pressure pump cavitation,2.8,7.6
10542,118,2026-06-12,7.1,0.9,,76.3,158.2
10543,118,2026-06-13,6.7,1.3,Shift changeover & inspection,99.2,260.5
10544,118,2026-06-14,6.1,1.9,Shift changeover & inspection,74.3,166.8
10545,118,2026-06-15,7.4,0.6,,107.1,323.3
10546,118,2026-06-16,6.0,2.0,Shift changeover & inspection,69.2,160.9
10547,118,2026-06-17,6.2,1.8,Shift changeover & inspection,88.1,124.3
10548,118,2026-06-18,7.6,0.4,,80.6,364.4
10549,118,2026-06-19,7.7,0.3,,71.3,204.4
10550,118,2026-06-20,5.9,2.1,Shift changeover & inspection,66.6,294.1
10551,118,2026-06-21,7.2,0.8,,100.6,338.5
10552,118,2026-06-22,6.5,1.5,Shift changeover & inspection,78.1,251.0
10553,118,2026-06-23,5.9,2.1,Shift changeover & inspection,59.1,143.0
10554,118,2026-06-24,7.7,0.3,,78.0,297.7
10555,118,2026-06-25,6.4,1.6,Shift changeover & inspection,86.3,213.6
10556,118,2026-06-26,5.8,2.2,Shift changeover & inspection,80.0,191.9
10557,118,2026-06-27,3.4,4.6,Hydraulic hose burst / high pressure pump cavitation,32.2,169.0
10558,118,2026-06-28,6.4,1.6,Shift changeover & inspection,58.8,147.7
10559,118,2026-06-29,5.8,2.2,Shift changeover & inspection,85.1,181.0
10560,118,2026-06-30,7.0,1.0,Shift changeover & inspection,92.8,219.6
10561,118,2026-07-01,0.2,7.8,Main sump pump silt clogging from monsoon slurry,2.6,6.8
10562,118,2026-07-02,1.6,6.4,Main sump pump silt clogging from monsoon slurry,20.0,75.6
10563,118,2026-07-03,1.3,6.7,Shaft winder cage guide rope alignment check,16.7,36.8
10564,118,2026-07-04,3.0,5.0,Rainwater inundation at bottom pit bench (>40mm downpour),25.9,133.0
10565,118,2026-07-05,6.9,1.1,Shift changeover & inspection,100.7,139.5
10566,118,2026-07-06,5.8,2.2,Shift changeover & inspection,70.7,230.5
10567,118,2026-07-07,3.3,4.7,Main sump pump silt clogging from monsoon slurry,40.3,68.6
10568,118,2026-07-08,3.2,4.8,Tyre sidewall cut on sharp gondite boulders,42.8,65.3
10569,118,2026-07-09,2.0,6.0,Rainwater inundation at bottom pit bench (>40mm downpour),20.1,44.5
10570,118,2026-07-10,5.6,2.4,Shift changeover & inspection,79.6,221.0
10571,118,2026-07-11,0.6,7.4,Engine overheated (>44°C ambient summer load),7.3,25.3
10572,118,2026-07-12,6.5,1.5,Shift changeover & inspection,96.3,157.7
10573,118,2026-07-13,5.6,2.4,Shift changeover & inspection,55.0,134.6
10574,118,2026-07-14,0.6,7.4,Shaft winder cage guide rope alignment check,8.6,13.6
10575,118,2026-07-15,7.4,0.6,,60.7,197.0
10576,118,2026-07-16,2.4,5.6,Rainwater inundation at bottom pit bench (>40mm downpour),24.9,51.3
10577,118,2026-07-17,2.9,5.1,Tyre sidewall cut on sharp gondite boulders,27.1,108.8
10578,118,2026-07-18,7.1,0.9,,63.1,282.2
10579,118,2026-07-19,6.1,1.9,Shift changeover & inspection,72.6,301.3
10580,118,2026-07-20,6.5,1.5,Shift changeover & inspection,62.3,152.2
10581,118,2026-07-21,7.3,0.7,,84.8,267.1
10582,118,2026-07-22,2.3,5.7,Tyre sidewall cut on sharp gondite boulders,26.0,73.2
10583,118,2026-07-23,6.4,1.6,Shift changeover & inspection,88.6,177.3
10584,118,2026-07-24,2.6,5.4,Tyre sidewall cut on sharp gondite boulders,33.7,113.5
10585,118,2026-07-25,1.8,6.2,Rainwater inundation at bottom pit bench (>40mm downpour),22.2,88.2
10586,118,2026-07-26,0.9,7.1,Tyre sidewall cut on sharp gondite boulders,13.5,20.9
10587,118,2026-07-27,4.2,3.8,Tyre sidewall cut on sharp gondite boulders,46.6,98.6
10588,118,2026-07-28,2.8,5.2,Tyre sidewall cut on sharp gondite boulders,24.5,57.2
10589,118,2026-07-29,5.6,2.4,Shift changeover & inspection,49.4,164.0
10590,118,2026-07-30,6.6,1.4,Shift changeover & inspection,62.3,262.7
10591,118,2026-07-31,2.4,5.6,Rainwater inundation at bottom pit bench (>40mm downpour),28.7,80.3
10592,118,2026-08-01,3.8,4.2,Main sump pump silt clogging from monsoon slurry,37.2,88.2
10593,118,2026-08-02,6.3,1.7,Shift changeover & inspection,86.1,148.9
10594,118,2026-08-03,7.5,0.5,,77.6,334.3
10595,118,2026-08-04,1.6,6.4,Tyre sidewall cut on sharp gondite boulders,15.8,74.5
10596,118,2026-08-05,1.4,6.6,Rainwater inundation at bottom pit bench (>40mm downpour),20.3,65.8
10597,118,2026-08-06,7.6,0.4,,100.5,261.8
10598,118,2026-08-07,6.6,1.4,Shift changeover & inspection,74.7,142.1
10599,118,2026-08-08,7.3,0.7,,63.4,249.0
10600,118,2026-08-09,0.5,7.5,DGMS statutory electrical ground-fault trip,5.8,10.2
10601,118,2026-08-10,5.7,2.3,Shift changeover & inspection,57.5,177.6
10602,118,2026-08-11,6.7,1.3,Shift changeover & inspection,88.9,206.7
10603,118,2026-08-12,3.2,4.8,Main sump pump silt clogging from monsoon slurry,33.8,98.0
10604,118,2026-08-13,7.6,0.4,,69.1,162.3
10605,118,2026-08-14,5.5,2.5,Shift changeover & inspection,81.5,171.4
10606,118,2026-08-15,3.3,4.7,Rainwater inundation at bottom pit bench (>40mm downpour),46.4,75.4
10607,118,2026-08-16,6.7,1.3,Shift changeover & inspection,87.3,186.7
10608,118,2026-08-17,6.1,1.9,Shift changeover & inspection,54.1,271.3
10609,118,2026-08-18,7.2,0.8,,72.5,310.0
10610,118,2026-08-19,5.8,2.2,Shift changeover & inspection,82.6,158.5
10611,118,2026-08-20,1.9,6.1,Rainwater inundation at bottom pit bench (>40mm downpour),19.2,91.3
10612,118,2026-08-21,7.2,0.8,,58.4,305.7
10613,118,2026-08-22,6.0,2.0,Shift changeover & inspection,83.0,180.7
10614,118,2026-08-23,7.2,0.8,,73.7,188.1
10615,118,2026-08-24,7.4,0.6,,93.0,210.2
10616,118,2026-08-25,0.5,7.5,Rainwater inundation at bottom pit bench (>40mm downpour),5.9,13.7
10617,118,2026-08-26,1.5,6.5,Tyre sidewall cut on sharp gondite boulders,13.4,73.9
10618,118,2026-08-27,5.5,2.5,Shift changeover & inspection,47.9,160.1
10619,118,2026-08-28,3.8,4.2,Rainwater inundation at bottom pit bench (>40mm downpour),52.1,166.3
10620,118,2026-08-29,1.6,6.4,Main sump pump silt clogging from monsoon slurry,18.2,47.4
10621,119,2026-06-01,7.5,0.5,,105.4,191.1
10622,119,2026-06-02,7.5,0.5,,96.9,356.9
10623,119,2026-06-03,5.8,2.2,Shift changeover & inspection,47.4,220.3
10624,119,2026-06-04,7.5,0.5,,91.6,328.9
10625,119,2026-06-05,7.5,0.5,,103.6,314.4
10626,119,2026-06-06,6.1,1.9,Shift changeover & inspection,65.3,273.1
10627,119,2026-06-07,5.6,2.4,Shift changeover & inspection,61.4,113.2
10628,119,2026-06-08,6.9,1.1,Shift changeover & inspection,57.2,306.7
10629,119,2026-06-09,7.6,0.4,,108.6,349.9
10630,119,2026-06-10,7.3,0.7,,97.2,233.5
10631,119,2026-06-11,6.0,2.0,Shift changeover & inspection,59.9,186.8
10632,119,2026-06-12,7.6,0.4,,107.1,210.8
10633,119,2026-06-13,6.3,1.7,Shift changeover & inspection,90.5,304.5
10634,119,2026-06-14,6.4,1.6,Shift changeover & inspection,52.9,176.6
10635,119,2026-06-15,2.9,5.1,Rainwater inundation at bottom pit bench (>40mm downpour),42.0,114.6
10636,119,2026-06-16,6.8,1.2,Shift changeover & inspection,69.0,180.2
10637,119,2026-06-17,5.8,2.2,Shift changeover & inspection,59.8,228.1
10638,119,2026-06-18,5.6,2.4,Shift changeover & inspection,83.9,175.3
10639,119,2026-06-19,7.1,0.9,,96.7,169.3
10640,119,2026-06-20,7.3,0.7,,103.6,221.4
10641,119,2026-06-21,7.4,0.6,,81.5,227.0
10642,119,2026-06-22,6.4,1.6,Shift changeover & inspection,95.2,225.6
10643,119,2026-06-23,6.8,1.2,Shift changeover & inspection,64.4,164.4
10644,119,2026-06-24,7.3,0.7,,107.6,227.6
10645,119,2026-06-25,0.0,8.0,Main sump pump silt clogging from monsoon slurry,0.0,0.0
10646,119,2026-06-26,6.9,1.1,Shift changeover & inspection,68.0,222.6
10647,119,2026-06-27,2.0,6.0,Rainwater inundation at bottom pit bench (>40mm downpour),22.9,95.0
10648,119,2026-06-28,7.7,0.3,,84.3,374.4
10649,119,2026-06-29,5.6,2.4,Shift changeover & inspection,65.7,124.3
10650,119,2026-06-30,5.8,2.2,Shift changeover & inspection,50.0,136.3
10651,119,2026-07-01,2.3,5.7,Rainwater inundation at bottom pit bench (>40mm downpour),30.1,109.6
10652,119,2026-07-02,3.1,4.9,Main sump pump silt clogging from monsoon slurry,25.7,127.2
10653,119,2026-07-03,2.7,5.3,Tyre sidewall cut on sharp gondite boulders,25.9,102.2
10654,119,2026-07-04,5.6,2.4,Shift changeover & inspection,51.5,221.1
10655,119,2026-07-05,5.6,2.4,Shift changeover & inspection,53.1,265.4
10656,119,2026-07-06,6.5,1.5,Shift changeover & inspection,86.2,183.6
10657,119,2026-07-07,1.8,6.2,Main sump pump silt clogging from monsoon slurry,17.8,47.3
10658,119,2026-07-08,3.6,4.4,Tyre sidewall cut on sharp gondite boulders,38.4,124.5
10659,119,2026-07-09,1.9,6.1,Main sump pump silt clogging from monsoon slurry,18.2,52.4
10660,119,2026-07-10,7.6,0.4,,67.5,340.3
10661,119,2026-07-11,3.8,4.2,Rainwater inundation at bottom pit bench (>40mm downpour),50.1,150.5
10662,119,2026-07-12,3.7,4.3,Tyre sidewall cut on sharp gondite boulders,34.1,146.9
10663,119,2026-07-13,5.5,2.5,Shift changeover & inspection,77.9,123.7
10664,119,2026-07-14,5.6,2.4,Shift changeover & inspection,44.9,237.3
10665,119,2026-07-15,7.3,0.7,,59.2,247.7
10666,119,2026-07-16,7.2,0.8,,64.0,303.2
10667,119,2026-07-17,1.5,6.5,Tyre sidewall cut on sharp gondite boulders,15.6,33.7
10668,119,2026-07-18,5.7,2.3,Shift changeover & inspection,52.9,171.6
10669,119,2026-07-19,6.9,1.1,Shift changeover & inspection,63.8,319.9
10670,119,2026-07-20,2.2,5.8,Shaft winder cage guide rope alignment check,22.8,103.0
10671,119,2026-07-21,2.1,5.9,Main sump pump silt clogging from monsoon slurry,26.2,83.6
10672,119,2026-07-22,7.8,0.2,,81.4,373.9
10673,119,2026-07-23,6.2,1.8,Shift changeover & inspection,61.1,131.6
10674,119,2026-07-24,5.9,2.1,Shift changeover & inspection,53.1,177.7
10675,119,2026-07-25,6.3,1.7,Shift changeover & inspection,89.5,173.5
10676,119,2026-07-26,5.9,2.1,Shift changeover & inspection,72.5,184.5
10677,119,2026-07-27,6.5,1.5,Shift changeover & inspection,65.5,157.4
10678,119,2026-07-28,7.0,1.0,Shift changeover & inspection,80.1,299.9
10679,119,2026-07-29,7.2,0.8,,91.9,166.6
10680,119,2026-07-30,2.4,5.6,Main sump pump silt clogging from monsoon slurry,31.1,65.5
10681,119,2026-07-31,7.0,1.0,Shift changeover & inspection,66.6,324.1
10682,119,2026-08-01,6.7,1.3,Shift changeover & inspection,83.0,244.2
10683,119,2026-08-02,6.5,1.5,Shift changeover & inspection,53.5,200.1
10684,119,2026-08-03,3.2,4.8,Main sump pump silt clogging from monsoon slurry,48.0,118.9
10685,119,2026-08-04,7.7,0.3,,114.4,248.5
10686,119,2026-08-05,7.0,1.0,Shift changeover & inspection,59.3,293.9
10687,119,2026-08-06,2.9,5.1,Rainwater inundation at bottom pit bench (>40mm downpour),33.4,105.5
10688,119,2026-08-07,6.4,1.6,Shift changeover & inspection,80.5,149.9
10689,119,2026-08-08,6.6,1.4,Shift changeover & inspection,62.4,315.4
10690,119,2026-08-09,5.7,2.3,Shift changeover & inspection,69.9,122.0
10691,119,2026-08-10,3.8,4.2,Main sump pump silt clogging from monsoon slurry,39.3,110.8
10692,119,2026-08-11,6.5,1.5,Shift changeover & inspection,65.6,307.0
10693,119,2026-08-12,6.1,1.9,Shift changeover & inspection,83.6,158.5
10694,119,2026-08-13,1.7,6.3,Tyre sidewall cut on sharp gondite boulders,19.8,51.9
10695,119,2026-08-14,6.3,1.7,Shift changeover & inspection,93.4,210.7
10696,119,2026-08-15,2.2,5.8,Main sump pump silt clogging from monsoon slurry,23.3,47.7
10697,119,2026-08-16,5.8,2.2,Shift changeover & inspection,48.7,123.3
10698,119,2026-08-17,5.9,2.1,Shift changeover & inspection,55.7,180.9
10699,119,2026-08-18,7.4,0.6,,107.3,198.2
10700,119,2026-08-19,6.5,1.5,Shift changeover & inspection,63.0,141.5
10701,119,2026-08-20,2.3,5.7,Blasting toxic fume / dust clearance standstill,26.6,96.9
10702,119,2026-08-21,5.5,2.5,Shift changeover & inspection,76.6,157.7
10703,119,2026-08-22,3.7,4.3,Main sump pump silt clogging from monsoon slurry,30.9,93.9
10704,119,2026-08-23,1.7,6.3,Main sump pump silt clogging from monsoon slurry,21.4,64.7
10705,119,2026-08-24,5.6,2.4,Shift changeover & inspection,79.7,123.1
10706,119,2026-08-25,3.2,4.8,Rainwater inundation at bottom pit bench (>40mm downpour),46.2,146.4
10707,119,2026-08-26,7.4,0.6,,106.4,313.1
10708,119,2026-08-27,6.7,1.3,Shift changeover & inspection,83.5,316.0
10709,119,2026-08-28,1.7,6.3,Tyre sidewall cut on sharp gondite boulders,16.8,84.6
10710,119,2026-08-29,5.8,2.2,Shift changeover & inspection,48.9,159.2
10711,120,2026-06-01,6.1,1.9,Shift changeover & inspection,250.8,309.7
10712,120,2026-06-02,7.0,1.0,Shift changeover & inspection,276.3,329.9
10713,120,2026-06-03,6.6,1.4,Shift changeover & inspection,185.5,619.3
10714,120,2026-06-04,7.8,0.2,,279.6,688.8
10715,120,2026-06-05,6.2,1.8,Shift changeover & inspection,143.8,571.9
10716,120,2026-06-06,7.3,0.7,,173.4,597.2
10717,120,2026-06-07,7.3,0.7,,246.8,507.5
10718,120,2026-06-08,7.0,1.0,Shift changeover & inspection,298.1,443.6
10719,120,2026-06-09,6.0,2.0,Shift changeover & inspection,260.0,362.3
10720,120,2026-06-10,7.5,0.5,,214.0,574.9
10721,120,2026-06-11,3.2,4.8,Main sump pump silt clogging from monsoon slurry,74.0,238.3
10722,120,2026-06-12,6.5,1.5,Shift changeover & inspection,143.7,310.8
10723,120,2026-06-13,7.8,0.2,,232.5,679.6
10724,120,2026-06-14,5.9,2.1,Shift changeover & inspection,131.9,427.7
10725,120,2026-06-15,7.0,1.0,Shift changeover & inspection,155.8,552.0
10726,120,2026-06-16,6.7,1.3,Shift changeover & inspection,202.4,385.5
10727,120,2026-06-17,5.8,2.2,Shift changeover & inspection,202.1,391.1
10728,120,2026-06-18,7.7,0.3,,199.3,497.6
10729,120,2026-06-19,0.5,7.5,Shaft winder cage guide rope alignment check,17.6,29.8
10730,120,2026-06-20,7.3,0.7,,247.3,523.5
10731,120,2026-06-21,6.2,1.8,Shift changeover & inspection,168.0,426.0
10732,120,2026-06-22,6.1,1.9,Shift changeover & inspection,149.6,484.5
10733,120,2026-06-23,7.7,0.3,,269.1,472.3
10734,120,2026-06-24,6.1,1.9,Shift changeover & inspection,231.9,387.3
10735,120,2026-06-25,7.6,0.4,,336.7,432.8
10736,120,2026-06-26,6.1,1.9,Shift changeover & inspection,206.7,464.6
10737,120,2026-06-27,6.0,2.0,Shift changeover & inspection,161.8,504.1
10738,120,2026-06-28,7.5,0.5,,211.3,370.5
10739,120,2026-06-29,6.6,1.4,Shift changeover & inspection,188.3,609.5
10740,120,2026-06-30,6.5,1.5,Shift changeover & inspection,206.1,308.1
10741,120,2026-07-01,6.6,1.4,Shift changeover & inspection,186.2,337.8
10742,120,2026-07-02,3.9,4.1,Main sump pump silt clogging from monsoon slurry,97.3,305.0
10743,120,2026-07-03,0.4,7.6,Main sump pump silt clogging from monsoon slurry,12.3,34.2
10744,120,2026-07-04,3.0,5.0,Main sump pump silt clogging from monsoon slurry,93.5,188.6
10745,120,2026-07-05,7.1,0.9,,269.1,439.2
10746,120,2026-07-06,1.3,6.7,Shaft winder cage guide rope alignment check,57.3,112.2
10747,120,2026-07-07,1.7,6.3,Hydraulic hose burst / high pressure pump cavitation,67.6,105.5
10748,120,2026-07-08,6.5,1.5,Shift changeover & inspection,274.3,577.4
10749,120,2026-07-09,7.2,0.8,,286.2,637.7
10750,120,2026-07-10,7.5,0.5,,175.5,561.9
10751,120,2026-07-11,5.5,2.5,Shift changeover & inspection,154.8,293.6
10752,120,2026-07-12,7.8,0.2,,276.2,523.9
10753,120,2026-07-13,7.1,0.9,,279.9,357.1
10754,120,2026-07-14,5.8,2.2,Shift changeover & inspection,174.3,327.6
10755,120,2026-07-15,7.7,0.3,,184.2,569.8
10756,120,2026-07-16,7.7,0.3,,216.5,531.8
10757,120,2026-07-17,2.7,5.3,Tyre sidewall cut on sharp gondite boulders,70.3,251.4
10758,120,2026-07-18,7.5,0.5,,325.8,445.2
10759,120,2026-07-19,3.1,4.9,Main sump pump silt clogging from monsoon slurry,105.7,177.0
10760,120,2026-07-20,0.7,7.3,Main sump pump silt clogging from monsoon slurry,19.7,42.1
10761,120,2026-07-21,2.0,6.0,Rainwater inundation at bottom pit bench (>40mm downpour),89.8,154.2
10762,120,2026-07-22,6.8,1.2,Shift changeover & inspection,298.4,481.8
10763,120,2026-07-23,6.4,1.6,Shift changeover & inspection,200.8,541.8
10764,120,2026-07-24,6.3,1.7,Shift changeover & inspection,251.4,511.2
10765,120,2026-07-25,3.6,4.4,Rainwater inundation at bottom pit bench (>40mm downpour),122.0,220.9
10766,120,2026-07-26,6.1,1.9,Shift changeover & inspection,137.2,528.2
10767,120,2026-07-27,6.0,2.0,Shift changeover & inspection,179.3,529.3
10768,120,2026-07-28,3.3,4.7,Tyre sidewall cut on sharp gondite boulders,143.2,281.0
10769,120,2026-07-29,2.2,5.8,DGMS statutory electrical ground-fault trip,68.9,153.4
10770,120,2026-07-30,7.4,0.6,,281.9,549.5
10771,120,2026-07-31,6.8,1.2,Shift changeover & inspection,215.2,450.9
10772,120,2026-08-01,2.5,5.5,Rainwater inundation at bottom pit bench (>40mm downpour),108.1,225.1
10773,120,2026-08-02,7.2,0.8,,238.1,527.9
10774,120,2026-08-03,6.8,1.2,Shift changeover & inspection,241.5,353.4
10775,120,2026-08-04,5.8,2.2,Shift changeover & inspection,146.2,355.4
10776,120,2026-08-05,5.9,2.1,Shift changeover & inspection,222.3,505.5
10777,120,2026-08-06,6.6,1.4,Shift changeover & inspection,152.2,614.9
10778,120,2026-08-07,6.5,1.5,Shift changeover & inspection,222.0,453.2
10779,120,2026-08-08,6.0,2.0,Shift changeover & inspection,176.9,490.6
10780,120,2026-08-09,4.2,3.8,Main sump pump silt clogging from monsoon slurry,171.7,253.6
10781,120,2026-08-10,4.3,3.7,Main sump pump silt clogging from monsoon slurry,189.3,215.0
10782,120,2026-08-11,4.4,3.6,Rainwater inundation at bottom pit bench (>40mm downpour),141.1,342.1
10783,120,2026-08-12,5.7,2.3,Shift changeover & inspection,156.7,465.2
10784,120,2026-08-13,6.4,1.6,Shift changeover & inspection,283.3,549.2
10785,120,2026-08-14,7.7,0.3,,222.0,469.3
10786,120,2026-08-15,2.7,5.3,Rainwater inundation at bottom pit bench (>40mm downpour),67.4,173.1
10787,120,2026-08-16,6.9,1.1,Shift changeover & inspection,169.5,380.3
10788,120,2026-08-17,0.5,7.5,Tyre sidewall cut on sharp gondite boulders,14.0,26.3
10789,120,2026-08-18,7.0,1.0,Shift changeover & inspection,276.5,409.1
10790,120,2026-08-19,5.7,2.3,Shift changeover & inspection,165.3,389.4
10791,120,2026-08-20,7.2,0.8,,268.1,547.2
10792,120,2026-08-21,7.3,0.7,,199.9,375.8
10793,120,2026-08-22,6.2,1.8,Shift changeover & inspection,137.5,560.7
10794,120,2026-08-23,5.7,2.3,Shift changeover & inspection,234.0,343.7
10795,120,2026-08-24,4.2,3.8,Main sump pump silt clogging from monsoon slurry,179.8,301.7
10796,120,2026-08-25,2.8,5.2,Rainwater inundation at bottom pit bench (>40mm downpour),84.6,253.4
10797,120,2026-08-26,6.4,1.6,Shift changeover & inspection,273.9,524.2
10798,120,2026-08-27,5.9,2.1,Shift changeover & inspection,216.2,542.0
10799,120,2026-08-28,7.1,0.9,,302.6,423.8
10800,120,2026-08-29,0.3,7.7,Main sump pump silt clogging from monsoon slurry,10.9,27.2
10801,121,2026-06-01,7.1,0.9,,95.6,241.9
10802,121,2026-06-02,2.4,5.6,Tyre sidewall cut on sharp gondite boulders,19.3,72.5
10803,121,2026-06-03,0.9,7.1,Main sump pump silt clogging from monsoon slurry,7.8,22.9
10804,121,2026-06-04,6.8,1.2,Shift changeover & inspection,76.1,163.1
10805,121,2026-06-05,1.6,6.4,Engine overheated (>44°C ambient summer load),16.0,72.0
10806,121,2026-06-06,6.1,1.9,Shift changeover & inspection,89.3,286.6
10807,121,2026-06-07,5.7,2.3,Shift changeover & inspection,46.4,145.2
10808,121,2026-06-08,6.0,2.0,Shift changeover & inspection,76.8,226.3
10809,121,2026-06-09,6.3,1.7,Shift changeover & inspection,83.3,149.0
10810,121,2026-06-10,6.0,2.0,Shift changeover & inspection,55.6,252.4
10811,121,2026-06-11,6.1,1.9,Shift changeover & inspection,74.3,145.3
10812,121,2026-06-12,3.3,4.7,Main sump pump silt clogging from monsoon slurry,33.0,124.2
10813,121,2026-06-13,6.1,1.9,Shift changeover & inspection,65.1,162.1
10814,121,2026-06-14,7.6,0.4,,86.1,225.6
10815,121,2026-06-15,7.4,0.6,,92.9,188.0
10816,121,2026-06-16,7.4,0.6,,71.8,369.9
10817,121,2026-06-17,5.7,2.3,Shift changeover & inspection,81.3,206.3
10818,121,2026-06-18,1.4,6.6,Engine overheated (>44°C ambient summer load),14.2,47.7
10819,121,2026-06-19,7.7,0.3,,95.7,376.0
10820,121,2026-06-20,6.8,1.2,Shift changeover & inspection,87.4,202.9
10821,121,2026-06-21,7.1,0.9,,84.3,189.7
10822,121,2026-06-22,0.7,7.3,Rainwater inundation at bottom pit bench (>40mm downpour),8.4,30.7
10823,121,2026-06-23,0.8,7.2,Hydraulic hose burst / high pressure pump cavitation,10.5,21.2
10824,121,2026-06-24,6.8,1.2,Shift changeover & inspection,71.8,327.7
10825,121,2026-06-25,7.5,0.5,,68.8,201.6
10826,121,2026-06-26,6.4,1.6,Shift changeover & inspection,65.1,184.9
10827,121,2026-06-27,2.7,5.3,Tyre sidewall cut on sharp gondite boulders,23.1,104.7
10828,121,2026-06-28,1.1,6.9,Hydraulic hose burst / high pressure pump cavitation,16.4,53.9
10829,121,2026-06-29,5.7,2.3,Shift changeover & inspection,57.6,228.2
10830,121,2026-06-30,6.3,1.7,Shift changeover & inspection,89.7,272.5
10831,121,2026-07-01,2.0,6.0,Rainwater inundation at bottom pit bench (>40mm downpour),27.3,53.8
10832,121,2026-07-02,6.6,1.4,Shift changeover & inspection,54.2,238.1
10833,121,2026-07-03,7.0,1.0,Shift changeover & inspection,64.7,221.0
10834,121,2026-07-04,1.9,6.1,Tyre sidewall cut on sharp gondite boulders,17.1,65.4
10835,121,2026-07-05,6.0,2.0,Shift changeover & inspection,78.8,189.9
10836,121,2026-07-06,3.4,4.6,Tyre sidewall cut on sharp gondite boulders,33.0,145.2
10837,121,2026-07-07,3.8,4.2,Main sump pump silt clogging from monsoon slurry,41.4,143.3
10838,121,2026-07-08,6.7,1.3,Shift changeover & inspection,85.9,173.6
10839,121,2026-07-09,3.0,5.0,Tyre sidewall cut on sharp gondite boulders,29.6,92.8
10840,121,2026-07-10,5.6,2.4,Shift changeover & inspection,62.1,278.0
10841,121,2026-07-11,7.3,0.7,,94.0,184.3
10842,121,2026-07-12,7.1,0.9,,56.8,299.0
10843,121,2026-07-13,1.7,6.3,Rainwater inundation at bottom pit bench (>40mm downpour),14.5,67.1
10844,121,2026-07-14,2.0,6.0,Rainwater inundation at bottom pit bench (>40mm downpour),20.6,99.1
10845,121,2026-07-15,5.7,2.3,Shift changeover & inspection,56.3,219.4
10846,121,2026-07-16,2.1,5.9,DGMS statutory electrical ground-fault trip,25.5,99.1
10847,121,2026-07-17,6.1,1.9,Shift changeover & inspection,76.2,165.2
10848,121,2026-07-18,4.5,3.5,Main sump pump silt clogging from monsoon slurry,52.7,114.0
10849,121,2026-07-19,3.9,4.1,Tyre sidewall cut on sharp gondite boulders,36.5,184.0
10850,121,2026-07-20,6.5,1.5,Shift changeover & inspection,92.5,254.6
10851,121,2026-07-21,1.8,6.2,Tyre sidewall cut on sharp gondite boulders,26.7,51.1
10852,121,2026-07-22,6.5,1.5,Shift changeover & inspection,73.9,170.2
10853,121,2026-07-23,1.5,6.5,DGMS statutory electrical ground-fault trip,18.2,34.8
10854,121,2026-07-24,6.4,1.6,Shift changeover & inspection,74.9,232.4
10855,121,2026-07-25,6.0,2.0,Shift changeover & inspection,49.9,217.6
10856,121,2026-07-26,6.3,1.7,Shift changeover & inspection,86.3,275.2
10857,121,2026-07-27,6.6,1.4,Shift changeover & inspection,60.1,174.7
10858,121,2026-07-28,6.7,1.3,Shift changeover & inspection,79.7,167.5
10859,121,2026-07-29,0.4,7.6,Tyre sidewall cut on sharp gondite boulders,5.3,12.9
10860,121,2026-07-30,1.2,6.8,Engine overheated (>44°C ambient summer load),9.7,46.3
10861,121,2026-07-31,5.7,2.3,Shift changeover & inspection,63.7,153.9
10862,121,2026-08-01,2.5,5.5,Rainwater inundation at bottom pit bench (>40mm downpour),28.6,95.1
10863,121,2026-08-02,3.0,5.0,Hydraulic hose burst / high pressure pump cavitation,38.5,62.6
10864,121,2026-08-03,7.3,0.7,,59.6,249.4
10865,121,2026-08-04,5.9,2.1,Shift changeover & inspection,64.7,274.3
10866,121,2026-08-05,2.4,5.6,Tyre sidewall cut on sharp gondite boulders,21.8,72.5
10867,121,2026-08-06,3.1,4.9,Main sump pump silt clogging from monsoon slurry,45.7,100.5
10868,121,2026-08-07,7.7,0.3,,65.7,257.5
10869,121,2026-08-08,6.3,1.7,Shift changeover & inspection,75.8,237.7
10870,121,2026-08-09,6.0,2.0,Shift changeover & inspection,77.8,199.8
10871,121,2026-08-10,1.7,6.3,Main sump pump silt clogging from monsoon slurry,19.0,50.5
10872,121,2026-08-11,6.6,1.4,Shift changeover & inspection,98.6,303.0
10873,121,2026-08-12,2.1,5.9,Rainwater inundation at bottom pit bench (>40mm downpour),31.0,70.7
10874,121,2026-08-13,7.4,0.6,,74.8,205.0
10875,121,2026-08-14,6.4,1.6,Shift changeover & inspection,72.4,191.2
10876,121,2026-08-15,4.2,3.8,Main sump pump silt clogging from monsoon slurry,59.0,106.3
10877,121,2026-08-16,0.6,7.4,Rainwater inundation at bottom pit bench (>40mm downpour),8.8,23.1
10878,121,2026-08-17,3.9,4.1,Rainwater inundation at bottom pit bench (>40mm downpour),45.5,132.9
10879,121,2026-08-18,6.9,1.1,Shift changeover & inspection,91.1,186.1
10880,121,2026-08-19,7.7,0.3,,106.9,322.0
10881,121,2026-08-20,6.2,1.8,Shift changeover & inspection,65.7,221.6
10882,121,2026-08-21,6.4,1.6,Shift changeover & inspection,56.3,213.7
10883,121,2026-08-22,5.7,2.3,Shift changeover & inspection,67.3,126.2
10884,121,2026-08-23,1.5,6.5,Main sump pump silt clogging from monsoon slurry,20.9,33.9
10885,121,2026-08-24,1.7,6.3,Blasting toxic fume / dust clearance standstill,19.6,60.3
10886,121,2026-08-25,4.2,3.8,Tyre sidewall cut on sharp gondite boulders,53.0,110.5
10887,121,2026-08-26,6.5,1.5,Shift changeover & inspection,72.4,207.1
10888,121,2026-08-27,6.9,1.1,Shift changeover & inspection,88.0,329.4
10889,121,2026-08-28,6.6,1.4,Shift changeover & inspection,76.2,194.5
10890,121,2026-08-29,2.2,5.8,Tyre sidewall cut on sharp gondite boulders,28.8,93.0
10891,122,2026-06-01,5.7,2.3,Shift changeover & inspection,62.8,169.7
10892,122,2026-06-02,6.1,1.9,Shift changeover & inspection,83.0,154.1
10893,122,2026-06-03,5.5,2.5,Shift changeover & inspection,55.8,186.2
10894,122,2026-06-04,7.0,1.0,Shift changeover & inspection,87.0,310.3
10895,122,2026-06-05,3.3,4.7,Blasting toxic fume / dust clearance standstill,28.6,81.0
10896,122,2026-06-06,7.4,0.6,,63.0,333.0
10897,122,2026-06-07,1.2,6.8,Shaft winder cage guide rope alignment check,14.7,46.3
10898,122,2026-06-08,6.2,1.8,Shift changeover & inspection,63.0,299.8
10899,122,2026-06-09,6.1,1.9,Shift changeover & inspection,57.5,171.9
10900,122,2026-06-10,6.2,1.8,Shift changeover & inspection,61.2,148.3
10901,122,2026-06-11,0.1,7.9,Main sump pump silt clogging from monsoon slurry,1.4,3.5
10902,122,2026-06-12,5.9,2.1,Shift changeover & inspection,74.8,287.4
10903,122,2026-06-13,1.5,6.5,Main sump pump silt clogging from monsoon slurry,18.4,36.0
10904,122,2026-06-14,7.3,0.7,,83.6,200.6
10905,122,2026-06-15,5.6,2.4,Shift changeover & inspection,80.4,247.3
10906,122,2026-06-16,6.9,1.1,Shift changeover & inspection,87.7,251.0
10907,122,2026-06-17,7.7,0.3,,111.0,212.8
10908,122,2026-06-18,6.4,1.6,Shift changeover & inspection,56.1,178.3
10909,122,2026-06-19,7.5,0.5,,62.0,185.8
10910,122,2026-06-20,5.8,2.2,Shift changeover & inspection,69.3,158.1
10911,122,2026-06-21,7.6,0.4,,105.0,218.9
10912,122,2026-06-22,7.4,0.6,,78.5,310.2
10913,122,2026-06-23,6.0,2.0,Shift changeover & inspection,76.5,273.0
10914,122,2026-06-24,6.6,1.4,Shift changeover & inspection,60.8,207.7
10915,122,2026-06-25,7.5,0.5,,86.0,160.9
10916,122,2026-06-26,7.1,0.9,,86.6,270.9
10917,122,2026-06-27,5.8,2.2,Shift changeover & inspection,50.1,233.9
10918,122,2026-06-28,6.3,1.7,Shift changeover & inspection,55.8,162.2
10919,122,2026-06-29,7.7,0.3,,93.0,266.4
10920,122,2026-06-30,5.7,2.3,Shift changeover & inspection,47.4,152.2
10921,122,2026-07-01,7.7,0.3,,101.8,187.2
10922,122,2026-07-02,6.8,1.2,Shift changeover & inspection,89.4,245.3
10923,122,2026-07-03,6.3,1.7,Shift changeover & inspection,88.8,297.3
10924,122,2026-07-04,6.0,2.0,Shift changeover & inspection,75.0,290.5
10925,122,2026-07-05,2.9,5.1,Rainwater inundation at bottom pit bench (>40mm downpour),24.2,126.2
10926,122,2026-07-06,6.0,2.0,Shift changeover & inspection,68.7,253.6
10927,122,2026-07-07,6.1,1.9,Shift changeover & inspection,82.1,182.0
10928,122,2026-07-08,6.0,2.0,Shift changeover & inspection,52.9,296.5
10929,122,2026-07-09,5.8,2.2,Shift changeover & inspection,80.6,257.0
10930,122,2026-07-10,4.0,4.0,Tyre sidewall cut on sharp gondite boulders,46.9,99.6
10931,122,2026-07-11,6.9,1.1,Shift changeover & inspection,59.9,209.2
10932,122,2026-07-12,6.8,1.2,Shift changeover & inspection,98.8,196.0
10933,122,2026-07-13,7.7,0.3,,91.8,322.4
10934,122,2026-07-14,7.7,0.3,,76.0,174.1
10935,122,2026-07-15,7.1,0.9,,96.6,317.0
10936,122,2026-07-16,5.9,2.1,Shift changeover & inspection,69.0,197.4
10937,122,2026-07-17,0.1,7.9,Hydraulic hose burst / high pressure pump cavitation,0.8,2.3
10938,122,2026-07-18,7.1,0.9,,80.7,338.3
10939,122,2026-07-19,7.6,0.4,,86.5,195.3
10940,122,2026-07-20,6.2,1.8,Shift changeover & inspection,85.5,153.4
10941,122,2026-07-21,2.1,5.9,Main sump pump silt clogging from monsoon slurry,22.5,64.9
10942,122,2026-07-22,0.9,7.1,Shaft winder cage guide rope alignment check,11.6,27.6
10943,122,2026-07-23,6.0,2.0,Shift changeover & inspection,74.5,145.3
10944,122,2026-07-24,3.1,4.9,Rainwater inundation at bottom pit bench (>40mm downpour),26.5,76.7
10945,122,2026-07-25,7.2,0.8,,100.6,224.6
10946,122,2026-07-26,6.6,1.4,Shift changeover & inspection,76.3,193.1
10947,122,2026-07-27,7.7,0.3,,91.4,175.0
10948,122,2026-07-28,5.8,2.2,Shift changeover & inspection,53.7,230.9
10949,122,2026-07-29,5.7,2.3,Shift changeover & inspection,65.9,227.4
10950,122,2026-07-30,0.6,7.4,Rainwater inundation at bottom pit bench (>40mm downpour),6.8,12.4
10951,122,2026-07-31,6.5,1.5,Shift changeover & inspection,95.5,186.0
10952,122,2026-08-01,3.9,4.1,Main sump pump silt clogging from monsoon slurry,49.3,86.4
10953,122,2026-08-02,1.7,6.3,Rainwater inundation at bottom pit bench (>40mm downpour),21.7,63.1
10954,122,2026-08-03,2.7,5.3,Tyre sidewall cut on sharp gondite boulders,23.6,114.1
10955,122,2026-08-04,7.1,0.9,,57.7,151.4
10956,122,2026-08-05,6.2,1.8,Shift changeover & inspection,58.5,146.4
10957,122,2026-08-06,1.2,6.8,Hydraulic hose burst / high pressure pump cavitation,16.4,42.4
10958,122,2026-08-07,6.8,1.2,Shift changeover & inspection,77.8,198.9
10959,122,2026-08-08,6.3,1.7,Shift changeover & inspection,50.8,268.4
10960,122,2026-08-09,7.8,0.2,,97.7,232.8
10961,122,2026-08-10,6.9,1.1,Shift changeover & inspection,97.0,217.5
10962,122,2026-08-11,1.6,6.4,Blasting toxic fume / dust clearance standstill,23.6,44.5
10963,122,2026-08-12,3.6,4.4,Tyre sidewall cut on sharp gondite boulders,34.3,169.3
10964,122,2026-08-13,2.2,5.8,Rainwater inundation at bottom pit bench (>40mm downpour),19.1,108.5
10965,122,2026-08-14,7.2,0.8,,88.0,256.3
10966,122,2026-08-15,3.7,4.3,Rainwater inundation at bottom pit bench (>40mm downpour),40.8,148.5
10967,122,2026-08-16,6.5,1.5,Shift changeover & inspection,91.5,170.6
10968,122,2026-08-17,5.9,2.1,Shift changeover & inspection,56.1,181.6
10969,122,2026-08-18,6.9,1.1,Shift changeover & inspection,74.2,235.5
10970,122,2026-08-19,7.4,0.6,,69.2,264.1
10971,122,2026-08-20,1.8,6.2,Main sump pump silt clogging from monsoon slurry,18.7,58.4
10972,122,2026-08-21,6.0,2.0,Shift changeover & inspection,59.0,258.8
10973,122,2026-08-22,7.2,0.8,,99.7,289.2
10974,122,2026-08-23,1.5,6.5,Main sump pump silt clogging from monsoon slurry,13.7,44.5
10975,122,2026-08-24,5.7,2.3,Shift changeover & inspection,58.9,226.3
10976,122,2026-08-25,6.8,1.2,Shift changeover & inspection,101.3,172.7
10977,122,2026-08-26,7.6,0.4,,112.3,181.3
10978,122,2026-08-27,6.4,1.6,Shift changeover & inspection,92.7,137.3
10979,122,2026-08-28,5.7,2.3,Shift changeover & inspection,77.0,134.0
10980,122,2026-08-29,0.1,7.9,Shaft winder cage guide rope alignment check,1.2,3.4
10981,123,2026-06-01,5.9,2.1,Shift changeover & inspection,51.1,180.3
10982,123,2026-06-02,5.7,2.3,Shift changeover & inspection,61.2,255.3
10983,123,2026-06-03,6.5,1.5,Shift changeover & inspection,59.2,246.1
10984,123,2026-06-04,0.1,7.9,Tyre sidewall cut on sharp gondite boulders,1.0,4.4
10985,123,2026-06-05,7.5,0.5,,67.4,198.3
10986,123,2026-06-06,0.5,7.5,Hydraulic hose burst / high pressure pump cavitation,6.1,23.3
10987,123,2026-06-07,5.8,2.2,Shift changeover & inspection,85.2,157.5
10988,123,2026-06-08,6.1,1.9,Shift changeover & inspection,73.5,166.5
10989,123,2026-06-09,6.2,1.8,Shift changeover & inspection,50.2,235.8
10990,123,2026-06-10,6.1,1.9,Shift changeover & inspection,79.4,195.7
10991,123,2026-06-11,6.5,1.5,Shift changeover & inspection,70.5,214.4
10992,123,2026-06-12,6.3,1.7,Shift changeover & inspection,75.2,253.4
10993,123,2026-06-13,1.5,6.5,Shaft winder cage guide rope alignment check,13.0,63.0
10994,123,2026-06-14,6.4,1.6,Shift changeover & inspection,73.3,251.8
10995,123,2026-06-15,7.0,1.0,Shift changeover & inspection,60.8,260.3
10996,123,2026-06-16,7.1,0.9,,80.9,353.3
10997,123,2026-06-17,6.9,1.1,Shift changeover & inspection,67.6,189.5
10998,123,2026-06-18,1.7,6.3,Rainwater inundation at bottom pit bench (>40mm downpour),23.7,41.0
10999,123,2026-06-19,7.1,0.9,,69.9,341.7
11000,123,2026-06-20,3.1,4.9,Engine overheated (>44°C ambient summer load),24.9,146.0
11001,123,2026-06-21,1.8,6.2,Hydraulic hose burst / high pressure pump cavitation,19.1,59.8
11002,123,2026-06-22,6.8,1.2,Shift changeover & inspection,57.8,257.4
11003,123,2026-06-23,0.4,7.6,Engine overheated (>44°C ambient summer load),4.5,10.3
11004,123,2026-06-24,5.9,2.1,Shift changeover & inspection,57.8,156.7
11005,123,2026-06-25,0.6,7.4,Tyre sidewall cut on sharp gondite boulders,4.8,20.1
11006,123,2026-06-26,6.2,1.8,Shift changeover & inspection,80.7,241.6
11007,123,2026-06-27,2.2,5.8,Blasting toxic fume / dust clearance standstill,27.9,98.5
11008,123,2026-06-28,6.0,2.0,Shift changeover & inspection,68.7,197.7
11009,123,2026-06-29,5.8,2.2,Shift changeover & inspection,84.4,149.9
11010,123,2026-06-30,6.0,2.0,Shift changeover & inspection,63.5,175.6
11011,123,2026-07-01,2.5,5.5,Main sump pump silt clogging from monsoon slurry,35.2,69.5
11012,123,2026-07-02,2.2,5.8,Main sump pump silt clogging from monsoon slurry,19.3,48.8
11013,123,2026-07-03,3.7,4.3,Rainwater inundation at bottom pit bench (>40mm downpour),41.9,157.9
11014,123,2026-07-04,5.6,2.4,Shift changeover & inspection,77.2,270.1
11015,123,2026-07-05,7.0,1.0,Shift changeover & inspection,104.5,299.9
11016,123,2026-07-06,6.9,1.1,Shift changeover & inspection,58.7,318.1
11017,123,2026-07-07,7.5,0.5,,99.4,168.5
11018,123,2026-07-08,6.4,1.6,Shift changeover & inspection,89.3,208.8
11019,123,2026-07-09,7.8,0.2,,116.7,183.8
11020,123,2026-07-10,4.0,4.0,Rainwater inundation at bottom pit bench (>40mm downpour),41.6,152.7
11021,123,2026-07-11,7.1,0.9,,64.6,242.6
11022,123,2026-07-12,3.2,4.8,Hydraulic hose burst / high pressure pump cavitation,37.3,107.2
11023,123,2026-07-13,2.8,5.2,Rainwater inundation at bottom pit bench (>40mm downpour),35.6,130.8
11024,123,2026-07-14,6.9,1.1,Shift changeover & inspection,80.3,301.5
11025,123,2026-07-15,7.1,0.9,,91.8,323.0
11026,123,2026-07-16,6.2,1.8,Shift changeover & inspection,75.7,253.0
11027,123,2026-07-17,5.6,2.4,Shift changeover & inspection,72.8,117.8
11028,123,2026-07-18,6.6,1.4,Shift changeover & inspection,67.6,297.5
11029,123,2026-07-19,7.7,0.3,,106.4,308.0
11030,123,2026-07-20,2.7,5.3,Tyre sidewall cut on sharp gondite boulders,25.8,73.1
11031,123,2026-07-21,3.7,4.3,Main sump pump silt clogging from monsoon slurry,35.3,99.2
11032,123,2026-07-22,7.3,0.7,,107.0,270.4
11033,123,2026-07-23,2.3,5.7,DGMS statutory electrical ground-fault trip,29.2,60.3
11034,123,2026-07-24,7.1,0.9,,90.9,328.4
11035,123,2026-07-25,1.5,6.5,Tyre sidewall cut on sharp gondite boulders,13.8,48.8
11036,123,2026-07-26,7.5,0.5,,69.7,255.6
11037,123,2026-07-27,1.7,6.3,Rainwater inundation at bottom pit bench (>40mm downpour),21.4,70.0
11038,123,2026-07-28,7.5,0.5,,112.3,349.5
11039,123,2026-07-29,3.4,4.6,Main sump pump silt clogging from monsoon slurry,31.6,130.3
11040,123,2026-07-30,7.3,0.7,,64.0,216.8
11041,123,2026-07-31,6.6,1.4,Shift changeover & inspection,54.0,212.7
11042,123,2026-08-01,3.3,4.7,Main sump pump silt clogging from monsoon slurry,37.4,121.7
11043,123,2026-08-02,7.0,1.0,Shift changeover & inspection,71.4,252.8
11044,123,2026-08-03,4.1,3.9,Rainwater inundation at bottom pit bench (>40mm downpour),51.6,91.3
11045,123,2026-08-04,4.5,3.5,Tyre sidewall cut on sharp gondite boulders,44.1,137.8
11046,123,2026-08-05,3.4,4.6,Rainwater inundation at bottom pit bench (>40mm downpour),34.7,70.8
11047,123,2026-08-06,2.8,5.2,Rainwater inundation at bottom pit bench (>40mm downpour),32.4,80.4
11048,123,2026-08-07,6.9,1.1,Shift changeover & inspection,76.9,324.8
11049,123,2026-08-08,6.7,1.3,Shift changeover & inspection,61.5,236.3
11050,123,2026-08-09,4.1,3.9,Tyre sidewall cut on sharp gondite boulders,56.5,115.1
11051,123,2026-08-10,7.2,0.8,,100.7,319.4
11052,123,2026-08-11,6.1,1.9,Shift changeover & inspection,63.0,280.2
11053,123,2026-08-12,7.4,0.6,,84.1,250.2
11054,123,2026-08-13,7.7,0.3,,78.5,207.0
11055,123,2026-08-14,4.2,3.8,Rainwater inundation at bottom pit bench (>40mm downpour),51.6,118.4
11056,123,2026-08-15,7.0,1.0,Shift changeover & inspection,73.5,340.3
11057,123,2026-08-16,4.3,3.7,Tyre sidewall cut on sharp gondite boulders,48.8,128.1
11058,123,2026-08-17,1.8,6.2,Rainwater inundation at bottom pit bench (>40mm downpour),20.9,50.9
11059,123,2026-08-18,6.4,1.6,Shift changeover & inspection,60.3,172.5
11060,123,2026-08-19,1.8,6.2,Tyre sidewall cut on sharp gondite boulders,17.4,73.0
11061,123,2026-08-20,1.1,6.9,Tyre sidewall cut on sharp gondite boulders,10.2,35.3
11062,123,2026-08-21,6.1,1.9,Shift changeover & inspection,87.8,212.2
11063,123,2026-08-22,2.3,5.7,Engine overheated (>44°C ambient summer load),19.7,102.3
11064,123,2026-08-23,6.0,2.0,Shift changeover & inspection,51.5,229.3
11065,123,2026-08-24,1.6,6.4,Rainwater inundation at bottom pit bench (>40mm downpour),18.9,45.8
11066,123,2026-08-25,3.1,4.9,Main sump pump silt clogging from monsoon slurry,34.4,67.9
11067,123,2026-08-26,1.9,6.1,Main sump pump silt clogging from monsoon slurry,23.0,93.9
11068,123,2026-08-27,3.4,4.6,Rainwater inundation at bottom pit bench (>40mm downpour),41.0,109.9
11069,123,2026-08-28,1.3,6.7,Engine overheated (>44°C ambient summer load),16.1,49.7
11070,123,2026-08-29,2.1,5.9,Rainwater inundation at bottom pit bench (>40mm downpour),27.5,99.9
11071,124,2026-06-01,1.7,6.3,DGMS statutory electrical ground-fault trip,14.8,65.1
11072,124,2026-06-02,6.6,1.4,Shift changeover & inspection,79.2,180.0
11073,124,2026-06-03,6.8,1.2,Shift changeover & inspection,97.0,301.1
11074,124,2026-06-04,2.1,5.9,Rainwater inundation at bottom pit bench (>40mm downpour),17.5,92.6
11075,124,2026-06-05,7.0,1.0,Shift changeover & inspection,76.9,202.9
11076,124,2026-06-06,7.5,0.5,,96.3,152.3
11077,124,2026-06-07,7.1,0.9,,97.0,320.7
11078,124,2026-06-08,7.1,0.9,,64.8,180.5
11079,124,2026-06-09,7.5,0.5,,72.9,175.2
11080,124,2026-06-10,5.7,2.3,Shift changeover & inspection,49.4,196.5
11081,124,2026-06-11,6.1,1.9,Shift changeover & inspection,71.5,214.5
11082,124,2026-06-12,6.9,1.1,Shift changeover & inspection,71.2,141.7
11083,124,2026-06-13,6.6,1.4,Shift changeover & inspection,68.6,186.8
11084,124,2026-06-14,6.4,1.6,Shift changeover & inspection,62.6,213.1
11085,124,2026-06-15,7.3,0.7,,64.1,246.0
11086,124,2026-06-16,5.5,2.5,Shift changeover & inspection,69.3,243.6
11087,124,2026-06-17,7.4,0.6,,99.8,232.3
11088,124,2026-06-18,6.4,1.6,Shift changeover & inspection,71.0,301.0
11089,124,2026-06-19,5.8,2.2,Shift changeover & inspection,48.8,121.7
11090,124,2026-06-20,6.4,1.6,Shift changeover & inspection,75.4,298.7
11091,124,2026-06-21,7.2,0.8,,89.8,227.8
11092,124,2026-06-22,7.5,0.5,,104.0,267.8
11093,124,2026-06-23,6.6,1.4,Shift changeover & inspection,69.7,301.6
11094,124,2026-06-24,7.6,0.4,,94.7,280.1
11095,124,2026-06-25,1.8,6.2,Shaft winder cage guide rope alignment check,23.6,48.7
11096,124,2026-06-26,6.4,1.6,Shift changeover & inspection,75.0,293.6
11097,124,2026-06-27,6.0,2.0,Shift changeover & inspection,53.0,151.4
11098,124,2026-06-28,7.5,0.5,,112.0,215.8
11099,124,2026-06-29,5.9,2.1,Shift changeover & inspection,49.5,200.4
11100,124,2026-06-30,2.5,5.5,Rainwater inundation at bottom pit bench (>40mm downpour),20.9,63.8
11101,124,2026-07-01,7.1,0.9,,92.8,247.7
11102,124,2026-07-02,7.7,0.3,,109.8,379.1
11103,124,2026-07-03,2.6,5.4,Rainwater inundation at bottom pit bench (>40mm downpour),28.2,95.0
11104,124,2026-07-04,2.8,5.2,Shaft winder cage guide rope alignment check,24.0,120.5
11105,124,2026-07-05,4.3,3.7,Rainwater inundation at bottom pit bench (>40mm downpour),47.4,134.7
11106,124,2026-07-06,6.7,1.3,Shift changeover & inspection,63.3,252.9
11107,124,2026-07-07,6.4,1.6,Shift changeover & inspection,83.9,306.0
11108,124,2026-07-08,1.7,6.3,Main sump pump silt clogging from monsoon slurry,23.6,62.2
11109,124,2026-07-09,5.5,2.5,Shift changeover & inspection,59.3,153.8
11110,124,2026-07-10,6.4,1.6,Shift changeover & inspection,93.2,220.0
11111,124,2026-07-11,1.3,6.7,Engine overheated (>44°C ambient summer load),13.9,53.0
11112,124,2026-07-12,7.6,0.4,,67.9,230.4
11113,124,2026-07-13,3.1,4.9,Main sump pump silt clogging from monsoon slurry,40.8,92.7
11114,124,2026-07-14,6.1,1.9,Shift changeover & inspection,80.8,162.3
11115,124,2026-07-15,2.8,5.2,DGMS statutory electrical ground-fault trip,29.7,111.3
11116,124,2026-07-16,6.4,1.6,Shift changeover & inspection,90.5,257.1
11117,124,2026-07-17,1.9,6.1,Tyre sidewall cut on sharp gondite boulders,28.0,86.1
11118,124,2026-07-18,7.4,0.6,,61.6,323.2
11119,124,2026-07-19,6.4,1.6,Shift changeover & inspection,77.9,169.9
11120,124,2026-07-20,3.9,4.1,Main sump pump silt clogging from monsoon slurry,31.5,87.0
11121,124,2026-07-21,5.6,2.4,Shift changeover & inspection,78.3,176.8
11122,124,2026-07-22,6.5,1.5,Shift changeover & inspection,68.0,193.1
11123,124,2026-07-23,7.5,0.5,,89.8,211.6
11124,124,2026-07-24,0.3,7.7,DGMS statutory electrical ground-fault trip,4.0,8.2
11125,124,2026-07-25,0.7,7.3,Blasting toxic fume / dust clearance standstill,6.6,26.8
11126,124,2026-07-26,6.0,2.0,Shift changeover & inspection,62.8,203.6
11127,124,2026-07-27,7.5,0.5,,85.6,296.7
11128,124,2026-07-28,6.0,2.0,Shift changeover & inspection,55.1,277.1
11129,124,2026-07-29,6.2,1.8,Shift changeover & inspection,65.5,236.9
11130,124,2026-07-30,2.8,5.2,Tyre sidewall cut on sharp gondite boulders,36.5,129.5
11131,124,2026-07-31,6.1,1.9,Shift changeover & inspection,78.1,288.1
11132,124,2026-08-01,2.0,6.0,Main sump pump silt clogging from monsoon slurry,28.2,56.2
11133,124,2026-08-02,7.3,0.7,,105.1,167.0
11134,124,2026-08-03,2.4,5.6,Main sump pump silt clogging from monsoon slurry,26.8,51.0
11135,124,2026-08-04,2.2,5.8,Main sump pump silt clogging from monsoon slurry,23.3,102.3
11136,124,2026-08-05,4.4,3.6,Main sump pump silt clogging from monsoon slurry,35.7,191.0
11137,124,2026-08-06,3.1,4.9,Main sump pump silt clogging from monsoon slurry,30.3,76.2
11138,124,2026-08-07,2.9,5.1,Tyre sidewall cut on sharp gondite boulders,36.4,67.5
11139,124,2026-08-08,5.7,2.3,Shift changeover & inspection,85.3,244.3
11140,124,2026-08-09,7.0,1.0,Shift changeover & inspection,84.3,309.3
11141,124,2026-08-10,6.4,1.6,Shift changeover & inspection,55.7,248.4
11142,124,2026-08-11,7.6,0.4,,64.0,230.8
11143,124,2026-08-12,3.7,4.3,Rainwater inundation at bottom pit bench (>40mm downpour),37.7,123.2
11144,124,2026-08-13,5.9,2.1,Shift changeover & inspection,84.0,179.5
11145,124,2026-08-14,6.9,1.1,Shift changeover & inspection,77.1,151.1
11146,124,2026-08-15,5.6,2.4,Shift changeover & inspection,48.5,201.6
11147,124,2026-08-16,2.2,5.8,Rainwater inundation at bottom pit bench (>40mm downpour),29.0,95.5
11148,124,2026-08-17,7.4,0.6,,96.6,158.5
11149,124,2026-08-18,6.4,1.6,Shift changeover & inspection,57.7,194.6
11150,124,2026-08-19,6.9,1.1,Shift changeover & inspection,63.3,236.4
11151,124,2026-08-20,6.6,1.4,Shift changeover & inspection,68.4,140.6
11152,124,2026-08-21,6.1,1.9,Shift changeover & inspection,64.7,179.2
11153,124,2026-08-22,6.2,1.8,Shift changeover & inspection,71.8,236.1
11154,124,2026-08-23,7.6,0.4,,79.1,367.0
11155,124,2026-08-24,1.0,7.0,Tyre sidewall cut on sharp gondite boulders,9.3,34.9
11156,124,2026-08-25,7.2,0.8,,97.2,239.1
11157,124,2026-08-26,7.5,0.5,,94.1,189.1
11158,124,2026-08-27,2.5,5.5,Rainwater inundation at bottom pit bench (>40mm downpour),34.6,113.2
11159,124,2026-08-28,2.5,5.5,Main sump pump silt clogging from monsoon slurry,29.3,120.1
11160,124,2026-08-29,6.8,1.2,Shift changeover & inspection,87.3,275.5
11161,125,2026-06-01,5.8,2.2,Shift changeover & inspection,55.7,128.6
11162,125,2026-06-02,7.1,0.9,,66.5,349.1
11163,125,2026-06-03,2.2,5.8,DGMS statutory electrical ground-fault trip,30.0,52.7
11164,125,2026-06-04,6.1,1.9,Shift changeover & inspection,66.5,139.8
11165,125,2026-06-05,7.4,0.6,,68.3,199.8
11166,125,2026-06-06,5.6,2.4,Shift changeover & inspection,50.1,169.5
11167,125,2026-06-07,6.3,1.7,Shift changeover & inspection,65.3,247.4
11168,125,2026-06-08,6.2,1.8,Shift changeover & inspection,53.7,271.0
11169,125,2026-06-09,7.4,0.6,,102.2,260.0
11170,125,2026-06-10,5.8,2.2,Shift changeover & inspection,64.3,191.8
11171,125,2026-06-11,6.0,2.0,Shift changeover & inspection,84.2,177.3
11172,125,2026-06-12,6.7,1.3,Shift changeover & inspection,68.1,167.4
11173,125,2026-06-13,7.2,0.8,,102.8,268.3
11174,125,2026-06-14,6.4,1.6,Shift changeover & inspection,66.6,256.5
11175,125,2026-06-15,2.5,5.5,Rainwater inundation at bottom pit bench (>40mm downpour),23.5,79.1
11176,125,2026-06-16,6.9,1.1,Shift changeover & inspection,67.8,161.6
11177,125,2026-06-17,7.3,0.7,,84.2,312.8
11178,125,2026-06-18,6.2,1.8,Shift changeover & inspection,67.0,245.2
11179,125,2026-06-19,7.7,0.3,,81.4,327.4
11180,125,2026-06-20,6.0,2.0,Shift changeover & inspection,50.7,131.9
11181,125,2026-06-21,6.4,1.6,Shift changeover & inspection,62.7,278.2
11182,125,2026-06-22,7.0,1.0,Shift changeover & inspection,87.9,307.3
11183,125,2026-06-23,6.9,1.1,Shift changeover & inspection,67.8,295.0
11184,125,2026-06-24,7.6,0.4,,74.8,259.2
11185,125,2026-06-25,5.8,2.2,Shift changeover & inspection,51.2,253.0
11186,125,2026-06-26,5.9,2.1,Shift changeover & inspection,50.7,232.4
11187,125,2026-06-27,5.7,2.3,Shift changeover & inspection,69.2,201.2
11188,125,2026-06-28,7.2,0.8,,105.7,274.7
11189,125,2026-06-29,6.9,1.1,Shift changeover & inspection,81.4,166.0
11190,125,2026-06-30,0.8,7.2,Engine overheated (>44°C ambient summer load),9.3,26.8
11191,125,2026-07-01,6.4,1.6,Shift changeover & inspection,71.7,190.2
11192,125,2026-07-02,6.9,1.1,Shift changeover & inspection,87.9,151.6
11193,125,2026-07-03,4.3,3.7,Main sump pump silt clogging from monsoon slurry,54.2,112.9
11194,125,2026-07-04,7.6,0.4,,96.9,368.3
11195,125,2026-07-05,2.7,5.3,Rainwater inundation at bottom pit bench (>40mm downpour),23.6,74.8
11196,125,2026-07-06,3.9,4.1,Rainwater inundation at bottom pit bench (>40mm downpour),56.0,84.1
11197,125,2026-07-07,2.6,5.4,Rainwater inundation at bottom pit bench (>40mm downpour),27.8,119.9
11198,125,2026-07-08,5.6,2.4,Shift changeover & inspection,48.8,218.4
11199,125,2026-07-09,4.4,3.6,Rainwater inundation at bottom pit bench (>40mm downpour),42.6,186.1
11200,125,2026-07-10,7.4,0.6,,67.3,221.4
11201,125,2026-07-11,3.4,4.6,Tyre sidewall cut on sharp gondite boulders,40.5,153.0
11202,125,2026-07-12,6.5,1.5,Shift changeover & inspection,76.3,299.0
11203,125,2026-07-13,2.7,5.3,Main sump pump silt clogging from monsoon slurry,33.4,100.2
11204,125,2026-07-14,6.7,1.3,Shift changeover & inspection,59.9,266.8
11205,125,2026-07-15,7.2,0.8,,66.8,177.0
11206,125,2026-07-16,3.1,4.9,Main sump pump silt clogging from monsoon slurry,45.0,120.3
11207,125,2026-07-17,7.4,0.6,,85.8,212.3
11208,125,2026-07-18,5.5,2.5,Shift changeover & inspection,69.5,263.5
11209,125,2026-07-19,6.1,1.9,Shift changeover & inspection,90.4,191.4
11210,125,2026-07-20,6.8,1.2,Shift changeover & inspection,62.8,286.8
11211,125,2026-07-21,6.7,1.3,Shift changeover & inspection,79.9,248.8
11212,125,2026-07-22,6.7,1.3,Shift changeover & inspection,64.5,170.5
11213,125,2026-07-23,7.5,0.5,,105.3,165.3
11214,125,2026-07-24,0.3,7.7,DGMS statutory electrical ground-fault trip,3.9,8.7
11215,125,2026-07-25,7.6,0.4,,91.6,218.0
11216,125,2026-07-26,1.9,6.1,Blasting toxic fume / dust clearance standstill,27.7,94.5
11217,125,2026-07-27,2.6,5.4,Tyre sidewall cut on sharp gondite boulders,33.9,112.9
11218,125,2026-07-28,7.7,0.3,,93.2,280.3
11219,125,2026-07-29,7.7,0.3,,102.9,200.2
11220,125,2026-07-30,5.9,2.1,Shift changeover & inspection,49.1,274.4
11221,125,2026-07-31,6.5,1.5,Shift changeover & inspection,95.6,226.7
11222,125,2026-08-01,6.0,2.0,Shift changeover & inspection,78.9,210.2
11223,125,2026-08-02,6.0,2.0,Shift changeover & inspection,58.8,278.1
11224,125,2026-08-03,7.2,0.8,,61.9,332.0
11225,125,2026-08-04,2.4,5.6,Tyre sidewall cut on sharp gondite boulders,23.8,83.9
11226,125,2026-08-05,7.3,0.7,,80.7,215.2
11227,125,2026-08-06,6.0,2.0,Shift changeover & inspection,71.2,134.8
11228,125,2026-08-07,5.9,2.1,Shift changeover & inspection,85.3,216.3
11229,125,2026-08-08,3.2,4.8,Shaft winder cage guide rope alignment check,37.7,64.1
11230,125,2026-08-09,6.4,1.6,Shift changeover & inspection,68.4,276.7
11231,125,2026-08-10,7.2,0.8,,91.8,300.8
11232,125,2026-08-11,2.1,5.9,Tyre sidewall cut on sharp gondite boulders,30.2,74.7
11233,125,2026-08-12,2.7,5.3,Rainwater inundation at bottom pit bench (>40mm downpour),27.0,70.0
11234,125,2026-08-13,0.3,7.7,DGMS statutory electrical ground-fault trip,4.4,13.8
11235,125,2026-08-14,7.5,0.5,,79.7,302.8
11236,125,2026-08-15,6.6,1.4,Shift changeover & inspection,87.6,214.5
11237,125,2026-08-16,7.3,0.7,,69.6,316.6
11238,125,2026-08-17,2.7,5.3,Shaft winder cage guide rope alignment check,22.4,133.7
11239,125,2026-08-18,6.4,1.6,Shift changeover & inspection,93.4,271.9
11240,125,2026-08-19,7.2,0.8,,64.2,231.5
11241,125,2026-08-20,7.6,0.4,,67.6,289.8
11242,125,2026-08-21,5.6,2.4,Shift changeover & inspection,83.7,198.9
11243,125,2026-08-22,2.9,5.1,Rainwater inundation at bottom pit bench (>40mm downpour),33.8,87.5
11244,125,2026-08-23,6.9,1.1,Shift changeover & inspection,63.1,179.5
11245,125,2026-08-24,2.6,5.4,Rainwater inundation at bottom pit bench (>40mm downpour),37.6,75.5
11246,125,2026-08-25,3.6,4.4,Rainwater inundation at bottom pit bench (>40mm downpour),53.6,134.5
11247,125,2026-08-26,4.1,3.9,Tyre sidewall cut on sharp gondite boulders,34.0,179.7
11248,125,2026-08-27,6.6,1.4,Shift changeover & inspection,78.9,258.7
11249,125,2026-08-28,7.0,1.0,Shift changeover & inspection,84.9,176.1
11250,125,2026-08-29,6.7,1.3,Shift changeover & inspection,78.7,178.8
11251,126,2026-06-01,1.1,6.9,Blasting toxic fume / dust clearance standstill,12.0,43.4
11252,126,2026-06-02,6.6,1.4,Shift changeover & inspection,98.7,153.3
11253,126,2026-06-03,7.3,0.7,,101.1,230.6
11254,126,2026-06-04,7.4,0.6,,76.1,193.7
11255,126,2026-06-05,0.9,7.1,Tyre sidewall cut on sharp gondite boulders,11.8,42.4
11256,126,2026-06-06,6.9,1.1,Shift changeover & inspection,76.6,164.2
11257,126,2026-06-07,0.8,7.2,DGMS statutory electrical ground-fault trip,8.5,26.4
11258,126,2026-06-08,0.1,7.9,Rainwater inundation at bottom pit bench (>40mm downpour),0.9,2.2
11259,126,2026-06-09,7.7,0.3,,101.0,284.6
11260,126,2026-06-10,5.9,2.1,Shift changeover & inspection,83.5,207.2
11261,126,2026-06-11,6.0,2.0,Shift changeover & inspection,70.9,216.2
11262,126,2026-06-12,6.6,1.4,Shift changeover & inspection,54.8,191.1
11263,126,2026-06-13,5.5,2.5,Shift changeover & inspection,50.1,209.6
11264,126,2026-06-14,1.9,6.1,Tyre sidewall cut on sharp gondite boulders,21.7,65.5
11265,126,2026-06-15,6.9,1.1,Shift changeover & inspection,103.0,327.0
11266,126,2026-06-16,6.1,1.9,Shift changeover & inspection,69.5,232.9
11267,126,2026-06-17,6.5,1.5,Shift changeover & inspection,86.3,175.4
11268,126,2026-06-18,7.2,0.8,,59.9,284.6
11269,126,2026-06-19,3.5,4.5,Tyre sidewall cut on sharp gondite boulders,47.5,92.6
11270,126,2026-06-20,7.0,1.0,Shift changeover & inspection,85.3,202.0
11271,126,2026-06-21,1.7,6.3,Tyre sidewall cut on sharp gondite boulders,18.0,42.0
11272,126,2026-06-22,5.6,2.4,Shift changeover & inspection,64.6,260.6
11273,126,2026-06-23,7.6,0.4,,92.7,258.5
11274,126,2026-06-24,6.9,1.1,Shift changeover & inspection,61.9,264.3
11275,126,2026-06-25,7.7,0.3,,74.5,173.2
11276,126,2026-06-26,7.4,0.6,,107.6,352.5
11277,126,2026-06-27,7.6,0.4,,69.0,191.2
11278,126,2026-06-28,5.9,2.1,Shift changeover & inspection,87.6,295.0
11279,126,2026-06-29,6.6,1.4,Shift changeover & inspection,59.8,233.3
11280,126,2026-06-30,7.1,0.9,,100.6,236.2
11281,126,2026-07-01,7.0,1.0,Shift changeover & inspection,88.4,205.5
11282,126,2026-07-02,6.4,1.6,Shift changeover & inspection,60.0,206.9
11283,126,2026-07-03,6.7,1.3,Shift changeover & inspection,65.6,333.1
11284,126,2026-07-04,5.6,2.4,Shift changeover & inspection,46.5,165.2
11285,126,2026-07-05,6.0,2.0,Shift changeover & inspection,57.7,251.7
11286,126,2026-07-06,3.2,4.8,Tyre sidewall cut on sharp gondite boulders,28.4,157.3
11287,126,2026-07-07,6.2,1.8,Shift changeover & inspection,63.1,167.6
11288,126,2026-07-08,6.8,1.2,Shift changeover & inspection,92.0,273.6
11289,126,2026-07-09,5.9,2.1,Shift changeover & inspection,61.5,189.9
11290,126,2026-07-10,1.6,6.4,Engine overheated (>44°C ambient summer load),14.8,65.2
11291,126,2026-07-11,4.4,3.6,Main sump pump silt clogging from monsoon slurry,63.7,142.3
11292,126,2026-07-12,2.8,5.2,Rainwater inundation at bottom pit bench (>40mm downpour),30.6,137.7
11293,126,2026-07-13,4.4,3.6,Main sump pump silt clogging from monsoon slurry,40.6,148.5
11294,126,2026-07-14,1.8,6.2,Rainwater inundation at bottom pit bench (>40mm downpour),24.8,63.1
11295,126,2026-07-15,5.9,2.1,Shift changeover & inspection,73.4,142.8
11296,126,2026-07-16,6.3,1.7,Shift changeover & inspection,75.5,303.0
11297,126,2026-07-17,6.7,1.3,Shift changeover & inspection,59.0,153.8
11298,126,2026-07-18,6.9,1.1,Shift changeover & inspection,99.9,148.9
11299,126,2026-07-19,6.9,1.1,Shift changeover & inspection,59.8,163.4
11300,126,2026-07-20,5.7,2.3,Shift changeover & inspection,55.4,218.2
11301,126,2026-07-21,7.1,0.9,,67.6,164.2
11302,126,2026-07-22,7.2,0.8,,68.2,320.4
11303,126,2026-07-23,7.8,0.2,,89.8,295.5
11304,126,2026-07-24,7.7,0.3,,84.5,306.2
11305,126,2026-07-25,6.8,1.2,Shift changeover & inspection,58.0,204.4
11306,126,2026-07-26,1.8,6.2,Tyre sidewall cut on sharp gondite boulders,19.4,37.2
11307,126,2026-07-27,7.5,0.5,,70.8,369.4
11308,126,2026-07-28,5.9,2.1,Shift changeover & inspection,67.2,168.5
11309,126,2026-07-29,7.5,0.5,,72.3,297.7
11310,126,2026-07-30,1.6,6.4,Rainwater inundation at bottom pit bench (>40mm downpour),14.5,46.9
11311,126,2026-07-31,2.3,5.7,Tyre sidewall cut on sharp gondite boulders,25.7,83.2
11312,126,2026-08-01,6.6,1.4,Shift changeover & inspection,95.5,257.0
11313,126,2026-08-02,7.7,0.3,,113.5,160.4
11314,126,2026-08-03,6.0,2.0,Shift changeover & inspection,48.5,220.0
11315,126,2026-08-04,1.6,6.4,Tyre sidewall cut on sharp gondite boulders,23.1,71.2
11316,126,2026-08-05,6.3,1.7,Shift changeover & inspection,72.1,128.8
11317,126,2026-08-06,7.1,0.9,,88.9,222.4
11318,126,2026-08-07,7.0,1.0,Shift changeover & inspection,87.0,146.1
11319,126,2026-08-08,6.1,1.9,Shift changeover & inspection,53.0,184.5
11320,126,2026-08-09,6.9,1.1,Shift changeover & inspection,100.8,235.3
11321,126,2026-08-10,6.4,1.6,Shift changeover & inspection,73.3,232.2
11322,126,2026-08-11,5.9,2.1,Shift changeover & inspection,52.7,203.4
11323,126,2026-08-12,7.4,0.6,,100.7,235.3
11324,126,2026-08-13,2.3,5.7,Rainwater inundation at bottom pit bench (>40mm downpour),21.2,98.6
11325,126,2026-08-14,6.3,1.7,Shift changeover & inspection,62.0,148.6
11326,126,2026-08-15,7.8,0.2,,76.9,188.5
11327,126,2026-08-16,4.5,3.5,Main sump pump silt clogging from monsoon slurry,47.6,180.4
11328,126,2026-08-17,6.8,1.2,Shift changeover & inspection,65.5,271.7
11329,126,2026-08-18,0.8,7.2,Tyre sidewall cut on sharp gondite boulders,8.2,20.7
11330,126,2026-08-19,2.4,5.6,Rainwater inundation at bottom pit bench (>40mm downpour),34.1,80.1
11331,126,2026-08-20,6.2,1.8,Shift changeover & inspection,85.0,208.3
11332,126,2026-08-21,6.8,1.2,Shift changeover & inspection,61.0,207.5
11333,126,2026-08-22,1.3,6.7,Engine overheated (>44°C ambient summer load),11.6,28.0
11334,126,2026-08-23,7.7,0.3,,110.9,242.8
11335,126,2026-08-24,1.6,6.4,Main sump pump silt clogging from monsoon slurry,14.6,58.9
11336,126,2026-08-25,1.5,6.5,Rainwater inundation at bottom pit bench (>40mm downpour),18.7,68.9
11337,126,2026-08-26,6.2,1.8,Shift changeover & inspection,64.3,260.2
11338,126,2026-08-27,6.5,1.5,Shift changeover & inspection,78.4,229.2
11339,126,2026-08-28,2.0,6.0,Engine overheated (>44°C ambient summer load),19.8,91.3
11340,126,2026-08-29,7.4,0.6,,66.6,286.4
11341,127,2026-06-01,7.3,0.7,,189.6,659.0
11342,127,2026-06-02,6.5,1.5,Shift changeover & inspection,156.9,428.6
11343,127,2026-06-03,6.5,1.5,Shift changeover & inspection,173.4,606.6
11344,127,2026-06-04,6.0,2.0,Shift changeover & inspection,242.2,433.3
11345,127,2026-06-05,6.6,1.4,Shift changeover & inspection,284.7,576.0
11346,127,2026-06-06,5.5,2.5,Shift changeover & inspection,239.2,331.0
11347,127,2026-06-07,6.1,1.9,Shift changeover & inspection,155.9,434.3
11348,127,2026-06-08,6.8,1.2,Shift changeover & inspection,265.5,418.0
11349,127,2026-06-09,7.3,0.7,,181.2,544.5
11350,127,2026-06-10,7.3,0.7,,183.4,418.6
11351,127,2026-06-11,6.3,1.7,Shift changeover & inspection,253.9,390.8
11352,127,2026-06-12,7.2,0.8,,266.9,340.1
11353,127,2026-06-13,7.5,0.5,,192.7,454.1
11354,127,2026-06-14,7.8,0.2,,249.5,409.7
11355,127,2026-06-15,6.9,1.1,Shift changeover & inspection,300.4,568.3
11356,127,2026-06-16,6.9,1.1,Shift changeover & inspection,282.8,488.4
11357,127,2026-06-17,5.8,2.2,Shift changeover & inspection,130.8,516.0
11358,127,2026-06-18,6.4,1.6,Shift changeover & inspection,211.9,531.4
11359,127,2026-06-19,5.6,2.4,Shift changeover & inspection,144.8,482.4
11360,127,2026-06-20,6.1,1.9,Shift changeover & inspection,184.8,376.4
11361,127,2026-06-21,6.9,1.1,Shift changeover & inspection,173.3,332.2
11362,127,2026-06-22,7.6,0.4,,254.6,409.7
11363,127,2026-06-23,3.3,4.7,Main sump pump silt clogging from monsoon slurry,132.1,158.0
11364,127,2026-06-24,6.2,1.8,Shift changeover & inspection,205.6,586.0
11365,127,2026-06-25,6.7,1.3,Shift changeover & inspection,265.3,478.4
11366,127,2026-06-26,6.5,1.5,Shift changeover & inspection,264.0,582.7
11367,127,2026-06-27,6.9,1.1,Shift changeover & inspection,298.6,380.5
11368,127,2026-06-28,5.8,2.2,Shift changeover & inspection,198.5,510.8
11369,127,2026-06-29,6.3,1.7,Shift changeover & inspection,158.1,409.4
11370,127,2026-06-30,7.3,0.7,,227.2,385.5
11371,127,2026-07-01,6.2,1.8,Shift changeover & inspection,181.6,304.7
11372,127,2026-07-02,7.5,0.5,,191.6,440.0
11373,127,2026-07-03,1.8,6.2,Rainwater inundation at bottom pit bench (>40mm downpour),80.2,115.4
11374,127,2026-07-04,2.3,5.7,Tyre sidewall cut on sharp gondite boulders,76.5,165.7
11375,127,2026-07-05,6.1,1.9,Shift changeover & inspection,218.3,367.6
11376,127,2026-07-06,6.2,1.8,Shift changeover & inspection,163.8,432.2
11377,127,2026-07-07,6.4,1.6,Shift changeover & inspection,185.6,422.7
11378,127,2026-07-08,3.8,4.2,Main sump pump silt clogging from monsoon slurry,112.5,230.4
11379,127,2026-07-09,7.4,0.6,,285.5,403.8
11380,127,2026-07-10,6.1,1.9,Shift changeover & inspection,225.9,299.4
11381,127,2026-07-11,5.5,2.5,Shift changeover & inspection,121.6,508.9
11382,127,2026-07-12,6.4,1.6,Shift changeover & inspection,151.5,344.5
11383,127,2026-07-13,4.5,3.5,Rainwater inundation at bottom pit bench (>40mm downpour),201.9,287.3
11384,127,2026-07-14,3.1,4.9,Main sump pump silt clogging from monsoon slurry,99.1,203.7
11385,127,2026-07-15,6.8,1.2,Shift changeover & inspection,221.3,349.1
11386,127,2026-07-16,4.4,3.6,Main sump pump silt clogging from monsoon slurry,133.9,281.2
11387,127,2026-07-17,2.4,5.6,Main sump pump silt clogging from monsoon slurry,96.0,124.6
11388,127,2026-07-18,7.3,0.7,,298.2,424.8
11389,127,2026-07-19,7.6,0.4,,339.4,707.0
11390,127,2026-07-20,7.3,0.7,,324.6,374.3
11391,127,2026-07-21,7.5,0.5,,283.0,365.5
11392,127,2026-07-22,3.5,4.5,Rainwater inundation at bottom pit bench (>40mm downpour),83.6,188.5
11393,127,2026-07-23,6.7,1.3,Shift changeover & inspection,163.5,423.0
11394,127,2026-07-24,6.1,1.9,Shift changeover & inspection,248.1,443.5
11395,127,2026-07-25,6.5,1.5,Shift changeover & inspection,159.1,588.7
11396,127,2026-07-26,0.2,7.8,Main sump pump silt clogging from monsoon slurry,6.1,12.4
11397,127,2026-07-27,1.2,6.8,Blasting toxic fume / dust clearance standstill,44.6,110.2
11398,127,2026-07-28,7.5,0.5,,180.1,432.8
11399,127,2026-07-29,6.9,1.1,Shift changeover & inspection,249.3,655.1
11400,127,2026-07-30,2.7,5.3,Main sump pump silt clogging from monsoon slurry,100.2,145.4
11401,127,2026-07-31,7.3,0.7,,182.7,382.5
11402,127,2026-08-01,7.5,0.5,,223.6,684.8
11403,127,2026-08-02,6.8,1.2,Shift changeover & inspection,205.9,554.9
11404,127,2026-08-03,3.0,5.0,Main sump pump silt clogging from monsoon slurry,88.9,190.5
11405,127,2026-08-04,1.6,6.4,Rainwater inundation at bottom pit bench (>40mm downpour),64.4,78.7
11406,127,2026-08-05,7.5,0.5,,195.0,704.5
11407,127,2026-08-06,1.9,6.1,Tyre sidewall cut on sharp gondite boulders,54.7,96.7
11408,127,2026-08-07,7.0,1.0,Shift changeover & inspection,287.2,413.8
11409,127,2026-08-08,7.5,0.5,,284.2,552.9
11410,127,2026-08-09,6.6,1.4,Shift changeover & inspection,290.3,498.4
11411,127,2026-08-10,5.6,2.4,Shift changeover & inspection,170.6,411.5
11412,127,2026-08-11,7.2,0.8,,199.5,647.5
11413,127,2026-08-12,6.8,1.2,Shift changeover & inspection,222.5,376.5
11414,127,2026-08-13,1.0,7.0,Shaft winder cage guide rope alignment check,38.8,52.1
11415,127,2026-08-14,6.5,1.5,Shift changeover & inspection,191.7,565.2
11416,127,2026-08-15,6.1,1.9,Shift changeover & inspection,261.8,324.2
11417,127,2026-08-16,2.1,5.9,Tyre sidewall cut on sharp gondite boulders,83.0,171.5
11418,127,2026-08-17,7.4,0.6,,226.8,495.4
11419,127,2026-08-18,7.2,0.8,,227.9,467.2
11420,127,2026-08-19,6.0,2.0,Shift changeover & inspection,202.5,421.3
11421,127,2026-08-20,6.2,1.8,Shift changeover & inspection,230.7,521.8
11422,127,2026-08-21,6.2,1.8,Shift changeover & inspection,180.7,328.9
11423,127,2026-08-22,7.6,0.4,,246.9,451.9
11424,127,2026-08-23,6.1,1.9,Shift changeover & inspection,236.0,320.3
11425,127,2026-08-24,5.9,2.1,Shift changeover & inspection,170.2,435.2
11426,127,2026-08-25,6.2,1.8,Shift changeover & inspection,237.8,514.5
11427,127,2026-08-26,5.6,2.4,Shift changeover & inspection,218.8,435.7
11428,127,2026-08-27,5.7,2.3,Shift changeover & inspection,160.5,523.3
11429,127,2026-08-28,7.7,0.3,,323.0,547.8
11430,127,2026-08-29,6.8,1.2,Shift changeover & inspection,221.8,533.9
11431,128,2026-06-01,5.8,2.2,Shift changeover & inspection,70.2,249.3
11432,128,2026-06-02,5.6,2.4,Shift changeover & inspection,46.2,172.1
11433,128,2026-06-03,6.7,1.3,Shift changeover & inspection,72.1,267.0
11434,128,2026-06-04,5.9,2.1,Shift changeover & inspection,87.9,293.7
11435,128,2026-06-05,6.7,1.3,Shift changeover & inspection,85.9,205.2
11436,128,2026-06-06,6.6,1.4,Shift changeover & inspection,91.8,315.6
11437,128,2026-06-07,7.3,0.7,,81.0,288.0
11438,128,2026-06-08,7.4,0.6,,74.0,307.3
11439,128,2026-06-09,6.8,1.2,Shift changeover & inspection,81.3,277.0
11440,128,2026-06-10,6.9,1.1,Shift changeover & inspection,72.4,223.9
11441,128,2026-06-11,6.6,1.4,Shift changeover & inspection,75.4,301.8
11442,128,2026-06-12,6.1,1.9,Shift changeover & inspection,63.0,159.3
11443,128,2026-06-13,5.5,2.5,Shift changeover & inspection,75.5,154.1
11444,128,2026-06-14,6.7,1.3,Shift changeover & inspection,75.4,174.3
11445,128,2026-06-15,5.9,2.1,Shift changeover & inspection,64.2,207.0
11446,128,2026-06-16,1.0,7.0,Shaft winder cage guide rope alignment check,9.3,33.5
11447,128,2026-06-17,6.5,1.5,Shift changeover & inspection,63.4,222.6
11448,128,2026-06-18,6.5,1.5,Shift changeover & inspection,67.6,300.4
11449,128,2026-06-19,1.9,6.1,Blasting toxic fume / dust clearance standstill,15.9,66.2
11450,128,2026-06-20,5.5,2.5,Shift changeover & inspection,78.3,265.7
11451,128,2026-06-21,7.5,0.5,,77.4,334.8
11452,128,2026-06-22,7.5,0.5,,88.9,183.7
11453,128,2026-06-23,1.5,6.5,Hydraulic hose burst / high pressure pump cavitation,17.6,39.2
11454,128,2026-06-24,6.6,1.4,Shift changeover & inspection,86.4,279.6
11455,128,2026-06-25,6.4,1.6,Shift changeover & inspection,51.6,204.2
11456,128,2026-06-26,7.8,0.2,,108.7,190.9
11457,128,2026-06-27,6.4,1.6,Shift changeover & inspection,67.0,146.9
11458,128,2026-06-28,7.7,0.3,,91.2,187.5
11459,128,2026-06-29,5.9,2.1,Shift changeover & inspection,54.4,130.5
11460,128,2026-06-30,6.5,1.5,Shift changeover & inspection,78.8,135.2
11461,128,2026-07-01,3.8,4.2,Tyre sidewall cut on sharp gondite boulders,39.9,183.5
11462,128,2026-07-02,6.9,1.1,Shift changeover & inspection,101.3,299.2
11463,128,2026-07-03,6.8,1.2,Shift changeover & inspection,63.9,165.5
11464,128,2026-07-04,4.4,3.6,Main sump pump silt clogging from monsoon slurry,61.4,177.7
11465,128,2026-07-05,3.8,4.2,Main sump pump silt clogging from monsoon slurry,32.3,114.8
11466,128,2026-07-06,4.3,3.7,Main sump pump silt clogging from monsoon slurry,53.1,172.3
11467,128,2026-07-07,3.6,4.4,Rainwater inundation at bottom pit bench (>40mm downpour),43.0,92.1
11468,128,2026-07-08,5.7,2.3,Shift changeover & inspection,80.0,134.2
11469,128,2026-07-09,6.9,1.1,Shift changeover & inspection,57.2,282.6
11470,128,2026-07-10,0.8,7.2,Hydraulic hose burst / high pressure pump cavitation,12.0,22.4
11471,128,2026-07-11,3.2,4.8,Rainwater inundation at bottom pit bench (>40mm downpour),35.4,96.7
11472,128,2026-07-12,5.8,2.2,Shift changeover & inspection,64.6,288.9
11473,128,2026-07-13,6.0,2.0,Shift changeover & inspection,75.8,296.3
11474,128,2026-07-14,6.4,1.6,Shift changeover & inspection,82.8,153.0
11475,128,2026-07-15,5.5,2.5,Shift changeover & inspection,76.9,239.0
11476,128,2026-07-16,7.3,0.7,,81.0,206.8
11477,128,2026-07-17,7.4,0.6,,85.6,239.6
11478,128,2026-07-18,6.1,1.9,Shift changeover & inspection,71.8,268.8
11479,128,2026-07-19,5.8,2.2,Shift changeover & inspection,72.3,170.0
11480,128,2026-07-20,3.6,4.4,Tyre sidewall cut on sharp gondite boulders,52.4,120.8
11481,128,2026-07-21,4.3,3.7,Main sump pump silt clogging from monsoon slurry,35.7,167.2
11482,128,2026-07-22,5.6,2.4,Shift changeover & inspection,46.1,176.9
11483,128,2026-07-23,1.3,6.7,Tyre sidewall cut on sharp gondite boulders,11.2,62.5
11484,128,2026-07-24,2.5,5.5,Rainwater inundation at bottom pit bench (>40mm downpour),23.6,51.0
11485,128,2026-07-25,2.2,5.8,Shaft winder cage guide rope alignment check,25.3,98.0
11486,128,2026-07-26,7.4,0.6,,101.6,205.4
11487,128,2026-07-27,6.7,1.3,Shift changeover & inspection,99.8,245.5
11488,128,2026-07-28,3.8,4.2,Rainwater inundation at bottom pit bench (>40mm downpour),42.3,82.7
11489,128,2026-07-29,5.8,2.2,Shift changeover & inspection,47.6,286.1
11490,128,2026-07-30,2.4,5.6,Rainwater inundation at bottom pit bench (>40mm downpour),31.0,103.2
11491,128,2026-07-31,3.8,4.2,Main sump pump silt clogging from monsoon slurry,55.7,105.5
11492,128,2026-08-01,7.4,0.6,,94.7,213.0
11493,128,2026-08-02,3.1,4.9,Rainwater inundation at bottom pit bench (>40mm downpour),40.3,92.5
11494,128,2026-08-03,0.7,7.3,Shaft winder cage guide rope alignment check,10.2,27.3
11495,128,2026-08-04,1.7,6.3,Tyre sidewall cut on sharp gondite boulders,24.2,84.9
11496,128,2026-08-05,7.4,0.6,,74.6,184.8
11497,128,2026-08-06,2.8,5.2,Main sump pump silt clogging from monsoon slurry,41.9,100.2
11498,128,2026-08-07,5.7,2.3,Shift changeover & inspection,46.7,130.4
11499,128,2026-08-08,7.7,0.3,,64.1,214.3
11500,128,2026-08-09,2.2,5.8,Rainwater inundation at bottom pit bench (>40mm downpour),33.0,65.2
11501,128,2026-08-10,5.9,2.1,Shift changeover & inspection,80.3,210.3
11502,128,2026-08-11,3.0,5.0,Rainwater inundation at bottom pit bench (>40mm downpour),42.0,101.1
11503,128,2026-08-12,6.0,2.0,Shift changeover & inspection,80.8,286.2
11504,128,2026-08-13,7.4,0.6,,106.4,158.7
11505,128,2026-08-14,6.9,1.1,Shift changeover & inspection,65.6,148.5
11506,128,2026-08-15,2.3,5.7,Tyre sidewall cut on sharp gondite boulders,23.4,57.4
11507,128,2026-08-16,5.6,2.4,Shift changeover & inspection,52.6,146.8
11508,128,2026-08-17,2.6,5.4,Engine overheated (>44°C ambient summer load),26.3,65.4
11509,128,2026-08-18,3.5,4.5,Rainwater inundation at bottom pit bench (>40mm downpour),34.2,153.9
11510,128,2026-08-19,3.1,4.9,Main sump pump silt clogging from monsoon slurry,36.1,86.8
11511,128,2026-08-20,7.1,0.9,,77.5,170.5
11512,128,2026-08-21,3.3,4.7,Rainwater inundation at bottom pit bench (>40mm downpour),29.3,103.9
11513,128,2026-08-22,1.6,6.4,Rainwater inundation at bottom pit bench (>40mm downpour),19.3,71.3
11514,128,2026-08-23,2.9,5.1,Main sump pump silt clogging from monsoon slurry,28.5,68.0
11515,128,2026-08-24,3.7,4.3,Rainwater inundation at bottom pit bench (>40mm downpour),42.8,110.3
11516,128,2026-08-25,3.7,4.3,Rainwater inundation at bottom pit bench (>40mm downpour),51.3,76.9
11517,128,2026-08-26,6.6,1.4,Shift changeover & inspection,74.6,210.1
11518,128,2026-08-27,1.6,6.4,Rainwater inundation at bottom pit bench (>40mm downpour),17.0,35.2
11519,128,2026-08-28,6.8,1.2,Shift changeover & inspection,82.3,149.3
11520,128,2026-08-29,7.2,0.8,,72.0,144.5
11521,129,2026-06-01,6.3,1.7,Shift changeover & inspection,52.2,197.7
11522,129,2026-06-02,6.3,1.7,Shift changeover & inspection,66.0,169.6
11523,129,2026-06-03,6.7,1.3,Shift changeover & inspection,89.1,250.4
11524,129,2026-06-04,1.4,6.6,Engine overheated (>44°C ambient summer load),12.8,51.0
11525,129,2026-06-05,2.8,5.2,Tyre sidewall cut on sharp gondite boulders,25.8,63.9
11526,129,2026-06-06,7.4,0.6,,102.7,161.5
11527,129,2026-06-07,7.6,0.4,,103.9,310.8
11528,129,2026-06-08,6.7,1.3,Shift changeover & inspection,59.2,302.7
11529,129,2026-06-09,7.0,1.0,Shift changeover & inspection,91.3,204.6
11530,129,2026-06-10,7.6,0.4,,105.9,289.7
11531,129,2026-06-11,5.5,2.5,Shift changeover & inspection,59.1,201.2
11532,129,2026-06-12,6.7,1.3,Shift changeover & inspection,98.8,217.6
11533,129,2026-06-13,7.7,0.3,,101.2,308.2
11534,129,2026-06-14,6.0,2.0,Shift changeover & inspection,54.9,191.2
11535,129,2026-06-15,6.3,1.7,Shift changeover & inspection,84.6,238.9
11536,129,2026-06-16,1.3,6.7,Main sump pump silt clogging from monsoon slurry,14.8,39.1
11537,129,2026-06-17,6.4,1.6,Shift changeover & inspection,62.0,197.5
11538,129,2026-06-18,7.7,0.3,,61.6,315.2
11539,129,2026-06-19,7.0,1.0,Shift changeover & inspection,84.1,230.2
11540,129,2026-06-20,6.0,2.0,Shift changeover & inspection,77.9,249.7
11541,129,2026-06-21,7.6,0.4,,85.7,180.5
11542,129,2026-06-22,6.4,1.6,Shift changeover & inspection,89.3,221.3
11543,129,2026-06-23,6.6,1.4,Shift changeover & inspection,85.8,230.8
11544,129,2026-06-24,2.3,5.7,Engine overheated (>44°C ambient summer load),29.4,99.9
11545,129,2026-06-25,7.6,0.4,,92.4,370.7
11546,129,2026-06-26,7.1,0.9,,90.1,345.9
11547,129,2026-06-27,6.1,1.9,Shift changeover & inspection,62.9,193.5
11548,129,2026-06-28,6.9,1.1,Shift changeover & inspection,101.3,188.8
11549,129,2026-06-29,7.3,0.7,,78.2,164.1
11550,129,2026-06-30,7.0,1.0,Shift changeover & inspection,98.3,194.6
11551,129,2026-07-01,6.4,1.6,Shift changeover & inspection,80.6,311.8
11552,129,2026-07-02,6.3,1.7,Shift changeover & inspection,78.5,255.2
11553,129,2026-07-03,4.3,3.7,Tyre sidewall cut on sharp gondite boulders,56.5,87.5
11554,129,2026-07-04,6.3,1.7,Shift changeover & inspection,52.5,161.1
11555,129,2026-07-05,6.1,1.9,Shift changeover & inspection,56.9,156.0
11556,129,2026-07-06,4.2,3.8,Rainwater inundation at bottom pit bench (>40mm downpour),34.1,175.9
11557,129,2026-07-07,4.0,4.0,Tyre sidewall cut on sharp gondite boulders,56.6,115.3
11558,129,2026-07-08,6.2,1.8,Shift changeover & inspection,72.5,187.5
11559,129,2026-07-09,7.6,0.4,,81.9,216.8
11560,129,2026-07-10,7.6,0.4,,72.9,196.3
11561,129,2026-07-11,2.5,5.5,Main sump pump silt clogging from monsoon slurry,26.1,120.7
11562,129,2026-07-12,6.4,1.6,Shift changeover & inspection,81.5,312.2
11563,129,2026-07-13,6.9,1.1,Shift changeover & inspection,98.1,174.6
11564,129,2026-07-14,3.5,4.5,Rainwater inundation at bottom pit bench (>40mm downpour),47.1,93.3
11565,129,2026-07-15,3.7,4.3,Tyre sidewall cut on sharp gondite boulders,35.4,159.5
11566,129,2026-07-16,3.3,4.7,Rainwater inundation at bottom pit bench (>40mm downpour),35.4,95.7
11567,129,2026-07-17,2.1,5.9,Engine overheated (>44°C ambient summer load),21.4,92.7
11568,129,2026-07-18,7.2,0.8,,83.1,296.8
11569,129,2026-07-19,1.6,6.4,Rainwater inundation at bottom pit bench (>40mm downpour),12.8,54.2
11570,129,2026-07-20,6.7,1.3,Shift changeover & inspection,100.4,134.6
11571,129,2026-07-21,4.1,3.9,Main sump pump silt clogging from monsoon slurry,39.7,182.0
11572,129,2026-07-22,6.6,1.4,Shift changeover & inspection,78.9,193.0
11573,129,2026-07-23,5.6,2.4,Shift changeover & inspection,63.4,210.4
11574,129,2026-07-24,7.3,0.7,,66.3,325.5
11575,129,2026-07-25,6.8,1.2,Shift changeover & inspection,98.5,318.4
11576,129,2026-07-26,7.1,0.9,,69.7,166.0
11577,129,2026-07-27,2.0,6.0,Tyre sidewall cut on sharp gondite boulders,16.7,57.9
11578,129,2026-07-28,6.3,1.7,Shift changeover & inspection,75.6,253.0
11579,129,2026-07-29,7.4,0.6,,66.8,268.8
11580,129,2026-07-30,4.2,3.8,Tyre sidewall cut on sharp gondite boulders,59.3,90.4
11581,129,2026-07-31,2.3,5.7,Blasting toxic fume / dust clearance standstill,21.0,58.1
11582,129,2026-08-01,6.6,1.4,Shift changeover & inspection,70.6,135.3
11583,129,2026-08-02,6.7,1.3,Shift changeover & inspection,89.8,258.7
11584,129,2026-08-03,6.2,1.8,Shift changeover & inspection,90.0,305.1
11585,129,2026-08-04,6.3,1.7,Shift changeover & inspection,67.6,155.8
11586,129,2026-08-05,6.6,1.4,Shift changeover & inspection,95.9,296.0
11587,129,2026-08-06,7.2,0.8,,80.1,187.9
11588,129,2026-08-07,2.5,5.5,Main sump pump silt clogging from monsoon slurry,27.7,97.4
11589,129,2026-08-08,1.7,6.3,Main sump pump silt clogging from monsoon slurry,18.0,54.0
11590,129,2026-08-09,7.2,0.8,,96.7,171.4
11591,129,2026-08-10,6.7,1.3,Shift changeover & inspection,98.2,239.6
11592,129,2026-08-11,5.8,2.2,Shift changeover & inspection,57.2,167.1
11593,129,2026-08-12,7.7,0.3,,98.5,270.4
11594,129,2026-08-13,7.5,0.5,,81.6,170.1
11595,129,2026-08-14,5.8,2.2,Shift changeover & inspection,72.2,264.9
11596,129,2026-08-15,6.0,2.0,Shift changeover & inspection,74.8,166.5
11597,129,2026-08-16,6.1,1.9,Shift changeover & inspection,81.6,275.4
11598,129,2026-08-17,7.3,0.7,,85.7,299.3
11599,129,2026-08-18,0.4,7.6,Rainwater inundation at bottom pit bench (>40mm downpour),5.5,9.1
11600,129,2026-08-19,4.2,3.8,Tyre sidewall cut on sharp gondite boulders,39.2,202.5
11601,129,2026-08-20,7.3,0.7,,76.4,357.5
11602,129,2026-08-21,6.3,1.7,Shift changeover & inspection,82.4,312.5
11603,129,2026-08-22,7.8,0.2,,78.1,291.3
11604,129,2026-08-23,7.5,0.5,,110.2,212.4
11605,129,2026-08-24,7.1,0.9,,89.5,226.0
11606,129,2026-08-25,3.6,4.4,Rainwater inundation at bottom pit bench (>40mm downpour),39.2,130.1
11607,129,2026-08-26,2.8,5.2,Rainwater inundation at bottom pit bench (>40mm downpour),34.3,112.3
11608,129,2026-08-27,4.3,3.7,Rainwater inundation at bottom pit bench (>40mm downpour),54.7,147.1
11609,129,2026-08-28,1.8,6.2,Rainwater inundation at bottom pit bench (>40mm downpour),23.2,57.3
11610,129,2026-08-29,2.2,5.8,Rainwater inundation at bottom pit bench (>40mm downpour),21.4,59.1
11611,130,2026-06-01,6.2,1.8,Shift changeover & inspection,62.4,225.6
11612,130,2026-06-02,6.4,1.6,Shift changeover & inspection,74.7,221.2
11613,130,2026-06-03,7.3,0.7,,61.2,151.0
11614,130,2026-06-04,6.2,1.8,Shift changeover & inspection,53.9,265.2
11615,130,2026-06-05,7.8,0.2,,74.3,281.1
11616,130,2026-06-06,7.0,1.0,Shift changeover & inspection,68.6,314.5
11617,130,2026-06-07,7.8,0.2,,114.3,387.3
11618,130,2026-06-08,6.3,1.7,Shift changeover & inspection,64.9,180.2
11619,130,2026-06-09,7.5,0.5,,76.4,164.7
11620,130,2026-06-10,2.3,5.7,Tyre sidewall cut on sharp gondite boulders,25.9,55.2
11621,130,2026-06-11,6.0,2.0,Shift changeover & inspection,86.9,128.6
11622,130,2026-06-12,6.5,1.5,Shift changeover & inspection,56.3,150.0
11623,130,2026-06-13,6.8,1.2,Shift changeover & inspection,74.7,169.8
11624,130,2026-06-14,2.3,5.7,Main sump pump silt clogging from monsoon slurry,18.7,101.1
11625,130,2026-06-15,5.8,2.2,Shift changeover & inspection,79.5,178.1
11626,130,2026-06-16,7.1,0.9,,56.9,213.9
11627,130,2026-06-17,7.2,0.8,,87.0,358.6
11628,130,2026-06-18,7.3,0.7,,96.9,147.1
11629,130,2026-06-19,7.2,0.8,,96.6,162.0
11630,130,2026-06-20,6.6,1.4,Shift changeover & inspection,85.0,167.0
11631,130,2026-06-21,6.2,1.8,Shift changeover & inspection,67.6,144.5
11632,130,2026-06-22,7.1,0.9,,74.5,229.3
11633,130,2026-06-23,7.1,0.9,,101.8,262.6
11634,130,2026-06-24,1.8,6.2,Engine overheated (>44°C ambient summer load),25.6,83.4
11635,130,2026-06-25,6.3,1.7,Shift changeover & inspection,61.3,196.5
11636,130,2026-06-26,6.4,1.6,Shift changeover & inspection,89.5,300.9
11637,130,2026-06-27,5.9,2.1,Shift changeover & inspection,57.5,258.3
11638,130,2026-06-28,5.7,2.3,Shift changeover & inspection,72.4,201.6
11639,130,2026-06-29,7.6,0.4,,105.4,252.0
11640,130,2026-06-30,7.7,0.3,,63.0,382.4
11641,130,2026-07-01,7.0,1.0,Shift changeover & inspection,83.2,292.6
11642,130,2026-07-02,3.9,4.1,Tyre sidewall cut on sharp gondite boulders,46.8,127.3
11643,130,2026-07-03,4.5,3.5,Tyre sidewall cut on sharp gondite boulders,64.7,162.7
11644,130,2026-07-04,3.2,4.8,Rainwater inundation at bottom pit bench (>40mm downpour),43.1,80.3
11645,130,2026-07-05,1.8,6.2,Shaft winder cage guide rope alignment check,14.8,39.3
11646,130,2026-07-06,6.4,1.6,Shift changeover & inspection,74.2,219.9
11647,130,2026-07-07,5.6,2.4,Shift changeover & inspection,50.8,196.6
11648,130,2026-07-08,6.6,1.4,Shift changeover & inspection,88.3,261.7
11649,130,2026-07-09,6.9,1.1,Shift changeover & inspection,75.6,253.9
11650,130,2026-07-10,6.0,2.0,Shift changeover & inspection,51.7,138.2
11651,130,2026-07-11,3.3,4.7,Main sump pump silt clogging from monsoon slurry,39.1,162.4
11652,130,2026-07-12,1.7,6.3,Tyre sidewall cut on sharp gondite boulders,23.2,34.3
11653,130,2026-07-13,4.1,3.9,Main sump pump silt clogging from monsoon slurry,52.5,147.2
11654,130,2026-07-14,6.7,1.3,Shift changeover & inspection,92.1,306.2
11655,130,2026-07-15,0.9,7.1,Engine overheated (>44°C ambient summer load),9.3,19.3
11656,130,2026-07-16,2.3,5.7,Hydraulic hose burst / high pressure pump cavitation,22.8,65.3
11657,130,2026-07-17,6.6,1.4,Shift changeover & inspection,78.4,234.4
11658,130,2026-07-18,6.4,1.6,Shift changeover & inspection,59.0,246.7
11659,130,2026-07-19,7.2,0.8,,78.0,177.7
11660,130,2026-07-20,2.1,5.9,Rainwater inundation at bottom pit bench (>40mm downpour),23.5,103.5
11661,130,2026-07-21,5.9,2.1,Shift changeover & inspection,66.6,188.2
11662,130,2026-07-22,6.3,1.7,Shift changeover & inspection,82.0,270.5
11663,130,2026-07-23,2.0,6.0,Tyre sidewall cut on sharp gondite boulders,17.6,78.7
11664,130,2026-07-24,2.4,5.6,Tyre sidewall cut on sharp gondite boulders,28.0,94.6
11665,130,2026-07-25,6.3,1.7,Shift changeover & inspection,79.3,203.2
11666,130,2026-07-26,6.5,1.5,Shift changeover & inspection,77.2,142.8
11667,130,2026-07-27,7.0,1.0,Shift changeover & inspection,102.2,209.1
11668,130,2026-07-28,1.5,6.5,Main sump pump silt clogging from monsoon slurry,14.1,30.9
11669,130,2026-07-29,6.9,1.1,Shift changeover & inspection,68.7,251.3
11670,130,2026-07-30,6.1,1.9,Shift changeover & inspection,78.6,281.5
11671,130,2026-07-31,1.9,6.1,Main sump pump silt clogging from monsoon slurry,17.3,49.5
11672,130,2026-08-01,7.5,0.5,,111.9,193.2
11673,130,2026-08-02,7.5,0.5,,91.7,357.4
11674,130,2026-08-03,6.8,1.2,Shift changeover & inspection,92.3,242.6
11675,130,2026-08-04,6.0,2.0,Shift changeover & inspection,79.9,143.8
11676,130,2026-08-05,6.5,1.5,Shift changeover & inspection,70.2,215.6
11677,130,2026-08-06,3.2,4.8,Rainwater inundation at bottom pit bench (>40mm downpour),46.1,130.2
11678,130,2026-08-07,4.0,4.0,Rainwater inundation at bottom pit bench (>40mm downpour),50.4,131.6
11679,130,2026-08-08,6.5,1.5,Shift changeover & inspection,82.1,215.5
11680,130,2026-08-09,3.3,4.7,Main sump pump silt clogging from monsoon slurry,31.4,101.7
11681,130,2026-08-10,3.2,4.8,Tyre sidewall cut on sharp gondite boulders,44.3,129.4
11682,130,2026-08-11,7.1,0.9,,86.4,214.8
11683,130,2026-08-12,1.7,6.3,Tyre sidewall cut on sharp gondite boulders,17.1,81.6
11684,130,2026-08-13,2.8,5.2,Tyre sidewall cut on sharp gondite boulders,23.1,63.5
11685,130,2026-08-14,6.2,1.8,Shift changeover & inspection,69.9,138.4
11686,130,2026-08-15,3.5,4.5,Main sump pump silt clogging from monsoon slurry,33.2,91.3
11687,130,2026-08-16,6.2,1.8,Shift changeover & inspection,72.3,178.1
11688,130,2026-08-17,6.0,2.0,Shift changeover & inspection,81.6,265.3
11689,130,2026-08-18,7.6,0.4,,90.7,168.1
11690,130,2026-08-19,6.7,1.3,Shift changeover & inspection,88.0,244.3
11691,130,2026-08-20,7.6,0.4,,75.0,236.3
11692,130,2026-08-21,7.4,0.6,,109.3,239.2
11693,130,2026-08-22,5.8,2.2,Shift changeover & inspection,65.1,127.7
11694,130,2026-08-23,0.0,8.0,Main sump pump silt clogging from monsoon slurry,0.0,0.0
11695,130,2026-08-24,0.0,8.0,Hydraulic hose burst / high pressure pump cavitation,0.0,0.0
11696,130,2026-08-25,0.0,8.0,Main sump pump silt clogging from monsoon slurry,0.0,0.0
11697,130,2026-08-26,0.0,8.0,Main sump pump silt clogging from monsoon slurry,0.0,0.0
11698,130,2026-08-27,0.0,8.0,Tyre sidewall cut on sharp gondite boulders,0.0,0.0
11699,130,2026-08-28,0.0,8.0,Hydraulic hose burst / high pressure pump cavitation,0.0,0.0
11700,130,2026-08-29,0.0,8.0,Hydraulic hose burst / high pressure pump cavitation,0.0,0.0
11701,131,2026-06-01,2.4,5.6,Engine overheated (>44°C ambient summer load),21.9,87.0
11702,131,2026-06-02,5.8,2.2,Shift changeover & inspection,79.0,271.5
11703,131,2026-06-03,7.2,0.8,,90.0,260.7
11704,131,2026-06-04,1.6,6.4,DGMS statutory electrical ground-fault trip,13.4,63.1
11705,131,2026-06-05,3.0,5.0,Tyre sidewall cut on sharp gondite boulders,44.5,62.2
11706,131,2026-06-06,6.2,1.8,Shift changeover & inspection,79.4,213.8
11707,131,2026-06-07,6.4,1.6,Shift changeover & inspection,83.3,155.5
11708,131,2026-06-08,7.6,0.4,,107.9,274.8
11709,131,2026-06-09,6.1,1.9,Shift changeover & inspection,78.0,153.2
11710,131,2026-06-10,0.6,7.4,Shaft winder cage guide rope alignment check,8.8,29.3
11711,131,2026-06-11,2.1,5.9,Hydraulic hose burst / high pressure pump cavitation,18.8,70.3
11712,131,2026-06-12,6.9,1.1,Shift changeover & inspection,85.1,214.2
11713,131,2026-06-13,7.6,0.4,,83.1,173.6
11714,131,2026-06-14,6.4,1.6,Shift changeover & inspection,56.9,246.8
11715,131,2026-06-15,6.4,1.6,Shift changeover & inspection,70.5,291.4
11716,131,2026-06-16,7.6,0.4,,95.9,283.0
11717,131,2026-06-17,1.9,6.1,Blasting toxic fume / dust clearance standstill,26.2,78.0
11718,131,2026-06-18,6.9,1.1,Shift changeover & inspection,100.2,170.7
11719,131,2026-06-19,5.6,2.4,Shift changeover & inspection,47.6,244.8
11720,131,2026-06-20,6.0,2.0,Shift changeover & inspection,75.1,279.9
11721,131,2026-06-21,7.6,0.4,,94.3,175.6
11722,131,2026-06-22,6.5,1.5,Shift changeover & inspection,95.3,303.3
11723,131,2026-06-23,7.3,0.7,,67.4,310.4
11724,131,2026-06-24,7.3,0.7,,67.8,246.2
11725,131,2026-06-25,6.8,1.2,Shift changeover & inspection,87.5,293.2
11726,131,2026-06-26,7.1,0.9,,70.9,308.9
11727,131,2026-06-27,5.8,2.2,Shift changeover & inspection,74.9,213.9
11728,131,2026-06-28,6.2,1.8,Shift changeover & inspection,69.4,300.6
11729,131,2026-06-29,7.2,0.8,,97.5,197.1
11730,131,2026-06-30,0.8,7.2,Shaft winder cage guide rope alignment check,9.8,26.2
11731,131,2026-07-01,7.8,0.2,,89.0,249.6
11732,131,2026-07-02,6.3,1.7,Shift changeover & inspection,91.6,223.3
11733,131,2026-07-03,7.3,0.7,,101.5,356.4
11734,131,2026-07-04,3.1,4.9,Main sump pump silt clogging from monsoon slurry,40.6,108.9
11735,131,2026-07-05,7.5,0.5,,95.1,196.1
11736,131,2026-07-06,4.0,4.0,Main sump pump silt clogging from monsoon slurry,56.1,197.0
11737,131,2026-07-07,4.1,3.9,Tyre sidewall cut on sharp gondite boulders,40.4,141.7
11738,131,2026-07-08,6.4,1.6,Shift changeover & inspection,73.1,262.3
11739,131,2026-07-09,6.2,1.8,Shift changeover & inspection,91.0,254.1
11740,131,2026-07-10,7.1,0.9,,90.8,203.6
11741,131,2026-07-11,2.8,5.2,Main sump pump silt clogging from monsoon slurry,39.3,73.9
11742,131,2026-07-12,7.5,0.5,,111.9,190.1
11743,131,2026-07-13,5.7,2.3,Shift changeover & inspection,50.9,200.6
11744,131,2026-07-14,3.2,4.8,Hydraulic hose burst / high pressure pump cavitation,27.4,128.1
11745,131,2026-07-15,5.9,2.1,Shift changeover & inspection,55.8,176.0
11746,131,2026-07-16,3.6,4.4,Tyre sidewall cut on sharp gondite boulders,35.7,175.7
11747,131,2026-07-17,2.2,5.8,Rainwater inundation at bottom pit bench (>40mm downpour),25.1,56.6
11748,131,2026-07-18,2.8,5.2,Rainwater inundation at bottom pit bench (>40mm downpour),34.0,69.9
11749,131,2026-07-19,1.5,6.5,Main sump pump silt clogging from monsoon slurry,16.5,67.0
11750,131,2026-07-20,4.1,3.9,Tyre sidewall cut on sharp gondite boulders,37.6,88.5
11751,131,2026-07-21,2.0,6.0,Rainwater inundation at bottom pit bench (>40mm downpour),21.0,86.9
11752,131,2026-07-22,7.6,0.4,,111.9,154.1
11753,131,2026-07-23,3.2,4.8,Rainwater inundation at bottom pit bench (>40mm downpour),45.5,138.4
11754,131,2026-07-24,4.5,3.5,Main sump pump silt clogging from monsoon slurry,63.0,116.8
11755,131,2026-07-25,7.2,0.8,,104.2,276.7
11756,131,2026-07-26,6.1,1.9,Shift changeover & inspection,72.6,212.8
11757,131,2026-07-27,6.4,1.6,Shift changeover & inspection,80.4,193.7
11758,131,2026-07-28,5.7,2.3,Shift changeover & inspection,57.2,124.9
11759,131,2026-07-29,7.0,1.0,Shift changeover & inspection,104.2,215.9
11760,131,2026-07-30,3.1,4.9,Main sump pump silt clogging from monsoon slurry,31.2,94.7
11761,131,2026-07-31,5.9,2.1,Shift changeover & inspection,48.4,137.9
11762,131,2026-08-01,4.0,4.0,Rainwater inundation at bottom pit bench (>40mm downpour),54.0,97.9
11763,131,2026-08-02,6.4,1.6,Shift changeover & inspection,92.3,307.2
11764,131,2026-08-03,1.1,6.9,Engine overheated (>44°C ambient summer load),14.9,50.0
11765,131,2026-08-04,3.7,4.3,Main sump pump silt clogging from monsoon slurry,39.6,182.6
11766,131,2026-08-05,3.1,4.9,Main sump pump silt clogging from monsoon slurry,33.7,137.0
11767,131,2026-08-06,3.9,4.1,Rainwater inundation at bottom pit bench (>40mm downpour),31.3,169.9
11768,131,2026-08-07,7.1,0.9,,64.6,292.1
11769,131,2026-08-08,6.5,1.5,Shift changeover & inspection,68.0,223.1
11770,131,2026-08-09,1.8,6.2,Main sump pump silt clogging from monsoon slurry,25.4,37.3
11771,131,2026-08-10,4.0,4.0,Main sump pump silt clogging from monsoon slurry,47.5,90.2
11772,131,2026-08-11,3.1,4.9,Main sump pump silt clogging from monsoon slurry,30.1,92.2
11773,131,2026-08-12,6.4,1.6,Shift changeover & inspection,60.4,164.4
11774,131,2026-08-13,2.9,5.1,Main sump pump silt clogging from monsoon slurry,41.1,100.5
11775,131,2026-08-14,4.3,3.7,Main sump pump silt clogging from monsoon slurry,51.7,104.5
11776,131,2026-08-15,3.1,4.9,Main sump pump silt clogging from monsoon slurry,24.9,124.6
11777,131,2026-08-16,6.8,1.2,Shift changeover & inspection,77.8,295.9
11778,131,2026-08-17,6.8,1.2,Shift changeover & inspection,98.0,324.7
11779,131,2026-08-18,4.2,3.8,Main sump pump silt clogging from monsoon slurry,42.3,118.6
11780,131,2026-08-19,2.2,5.8,Rainwater inundation at bottom pit bench (>40mm downpour),21.0,47.2
11781,131,2026-08-20,0.4,7.6,Rainwater inundation at bottom pit bench (>40mm downpour),3.9,15.4
11782,131,2026-08-21,1.9,6.1,Rainwater inundation at bottom pit bench (>40mm downpour),21.4,53.9
11783,131,2026-08-22,7.6,0.4,,65.6,261.8
11784,131,2026-08-23,7.3,0.7,,84.1,163.6
11785,131,2026-08-24,7.5,0.5,,98.6,187.6
11786,131,2026-08-25,4.3,3.7,Main sump pump silt clogging from monsoon slurry,54.7,166.4
11787,131,2026-08-26,5.8,2.2,Shift changeover & inspection,55.6,275.2
11788,131,2026-08-27,3.0,5.0,Blasting toxic fume / dust clearance standstill,29.9,82.2
11789,131,2026-08-28,7.0,1.0,Shift changeover & inspection,100.5,176.4
11790,131,2026-08-29,7.6,0.4,,69.5,298.5
11791,132,2026-06-01,5.6,2.4,Shift changeover & inspection,56.4,234.4
11792,132,2026-06-02,6.2,1.8,Shift changeover & inspection,71.9,248.3
11793,132,2026-06-03,6.9,1.1,Shift changeover & inspection,67.9,166.2
11794,132,2026-06-04,0.9,7.1,Main sump pump silt clogging from monsoon slurry,12.6,30.7
11795,132,2026-06-05,5.8,2.2,Shift changeover & inspection,57.1,135.3
11796,132,2026-06-06,7.5,0.5,,76.7,291.3
11797,132,2026-06-07,6.7,1.3,Shift changeover & inspection,72.3,332.6
11798,132,2026-06-08,7.4,0.6,,103.8,200.5
11799,132,2026-06-09,7.0,1.0,Shift changeover & inspection,64.5,183.5
11800,132,2026-06-10,7.6,0.4,,76.7,371.9
11801,132,2026-06-11,6.6,1.4,Shift changeover & inspection,82.8,227.4
11802,132,2026-06-12,6.3,1.7,Shift changeover & inspection,83.4,173.1
11803,132,2026-06-13,7.3,0.7,,98.3,267.1
11804,132,2026-06-14,6.2,1.8,Shift changeover & inspection,58.6,273.5
11805,132,2026-06-15,6.1,1.9,Shift changeover & inspection,89.0,265.5
11806,132,2026-06-16,5.6,2.4,Shift changeover & inspection,48.4,203.5
11807,132,2026-06-17,5.9,2.1,Shift changeover & inspection,53.3,219.8
11808,132,2026-06-18,6.6,1.4,Shift changeover & inspection,67.1,213.8
11809,132,2026-06-19,6.4,1.6,Shift changeover & inspection,51.4,291.5
11810,132,2026-06-20,7.1,0.9,,74.6,236.6
11811,132,2026-06-21,7.1,0.9,,61.3,203.4
11812,132,2026-06-22,6.1,1.9,Shift changeover & inspection,66.4,165.8
11813,132,2026-06-23,5.9,2.1,Shift changeover & inspection,83.2,214.6
11814,132,2026-06-24,7.0,1.0,Shift changeover & inspection,64.3,203.7
11815,132,2026-06-25,5.5,2.5,Shift changeover & inspection,73.9,257.1
11816,132,2026-06-26,6.1,1.9,Shift changeover & inspection,90.6,146.3
11817,132,2026-06-27,5.8,2.2,Shift changeover & inspection,65.9,131.1
11818,132,2026-06-28,6.5,1.5,Shift changeover & inspection,76.6,319.5
11819,132,2026-06-29,7.6,0.4,,93.9,284.8
11820,132,2026-06-30,6.6,1.4,Shift changeover & inspection,88.0,271.9
11821,132,2026-07-01,3.5,4.5,Rainwater inundation at bottom pit bench (>40mm downpour),47.5,143.2
11822,132,2026-07-02,6.4,1.6,Shift changeover & inspection,56.6,218.8
11823,132,2026-07-03,6.9,1.1,Shift changeover & inspection,90.5,315.6
11824,132,2026-07-04,4.0,4.0,Rainwater inundation at bottom pit bench (>40mm downpour),56.4,158.1
11825,132,2026-07-05,6.6,1.4,Shift changeover & inspection,55.3,207.7
11826,132,2026-07-06,3.4,4.6,DGMS statutory electrical ground-fault trip,36.4,77.8
11827,132,2026-07-07,7.1,0.9,,71.7,227.7
11828,132,2026-07-08,1.7,6.3,Main sump pump silt clogging from monsoon slurry,15.3,42.6
11829,132,2026-07-09,2.6,5.4,Main sump pump silt clogging from monsoon slurry,25.4,82.5
11830,132,2026-07-10,3.3,4.7,Rainwater inundation at bottom pit bench (>40mm downpour),39.1,156.3
11831,132,2026-07-11,5.6,2.4,Shift changeover & inspection,49.3,179.1
11832,132,2026-07-12,7.0,1.0,Shift changeover & inspection,73.3,327.4
11833,132,2026-07-13,7.3,0.7,,75.1,192.5
11834,132,2026-07-14,4.4,3.6,Main sump pump silt clogging from monsoon slurry,61.2,180.6
11835,132,2026-07-15,7.2,0.8,,89.8,331.8
11836,132,2026-07-16,3.1,4.9,Main sump pump silt clogging from monsoon slurry,41.9,112.3
11837,132,2026-07-17,1.3,6.7,Tyre sidewall cut on sharp gondite boulders,17.7,52.3
11838,132,2026-07-18,6.4,1.6,Shift changeover & inspection,72.6,214.0
11839,132,2026-07-19,1.4,6.6,DGMS statutory electrical ground-fault trip,12.3,42.0
11840,132,2026-07-20,7.0,1.0,Shift changeover & inspection,56.1,150.7
11841,132,2026-07-21,5.8,2.2,Shift changeover & inspection,52.2,126.1
11842,132,2026-07-22,3.0,5.0,Tyre sidewall cut on sharp gondite boulders,35.4,77.9
11843,132,2026-07-23,7.8,0.2,,80.3,168.7
11844,132,2026-07-24,2.2,5.8,Rainwater inundation at bottom pit bench (>40mm downpour),19.7,48.8
11845,132,2026-07-25,7.5,0.5,,91.8,177.7
11846,132,2026-07-26,6.5,1.5,Shift changeover & inspection,82.3,225.6
11847,132,2026-07-27,6.0,2.0,Shift changeover & inspection,85.1,258.6
11848,132,2026-07-28,7.2,0.8,,60.5,186.6
11849,132,2026-07-29,2.6,5.4,Main sump pump silt clogging from monsoon slurry,32.5,71.5
11850,132,2026-07-30,1.6,6.4,Rainwater inundation at bottom pit bench (>40mm downpour),20.8,40.4
11851,132,2026-07-31,1.4,6.6,Rainwater inundation at bottom pit bench (>40mm downpour),18.8,54.0
11852,132,2026-08-01,4.1,3.9,Tyre sidewall cut on sharp gondite boulders,56.7,114.3
11853,132,2026-08-02,7.0,1.0,Shift changeover & inspection,103.6,213.7
11854,132,2026-08-03,5.9,2.1,Shift changeover & inspection,78.0,130.6
11855,132,2026-08-04,6.5,1.5,Shift changeover & inspection,57.9,308.7
11856,132,2026-08-05,2.6,5.4,Main sump pump silt clogging from monsoon slurry,32.7,87.1
11857,132,2026-08-06,6.7,1.3,Shift changeover & inspection,79.2,275.2
11858,132,2026-08-07,7.2,0.8,,63.4,194.4
11859,132,2026-08-08,1.8,6.2,Main sump pump silt clogging from monsoon slurry,20.3,82.1
11860,132,2026-08-09,5.6,2.4,Shift changeover & inspection,53.1,276.5
11861,132,2026-08-10,5.7,2.3,Shift changeover & inspection,69.2,213.0
11862,132,2026-08-11,6.5,1.5,Shift changeover & inspection,68.0,251.6
11863,132,2026-08-12,6.4,1.6,Shift changeover & inspection,83.5,224.2
11864,132,2026-08-13,2.6,5.4,Tyre sidewall cut on sharp gondite boulders,21.9,93.4
11865,132,2026-08-14,7.5,0.5,,104.7,262.1
11866,132,2026-08-15,5.8,2.2,Shift changeover & inspection,75.8,177.5
11867,132,2026-08-16,2.3,5.7,Rainwater inundation at bottom pit bench (>40mm downpour),28.4,114.1
11868,132,2026-08-17,5.7,2.3,Shift changeover & inspection,56.0,217.1
11869,132,2026-08-18,3.7,4.3,Tyre sidewall cut on sharp gondite boulders,47.4,144.2
11870,132,2026-08-19,7.5,0.5,,87.1,173.0
11871,132,2026-08-20,6.7,1.3,Shift changeover & inspection,73.4,262.0
11872,132,2026-08-21,3.2,4.8,Main sump pump silt clogging from monsoon slurry,41.8,157.4
11873,132,2026-08-22,6.2,1.8,Shift changeover & inspection,79.4,214.0
11874,132,2026-08-23,6.3,1.7,Shift changeover & inspection,64.7,249.5
11875,132,2026-08-24,6.2,1.8,Shift changeover & inspection,83.5,304.5
11876,132,2026-08-25,7.5,0.5,,93.3,306.5
11877,132,2026-08-26,6.1,1.9,Shift changeover & inspection,87.8,183.3
11878,132,2026-08-27,7.1,0.9,,100.0,158.3
11879,132,2026-08-28,2.8,5.2,Main sump pump silt clogging from monsoon slurry,25.8,117.4
11880,132,2026-08-29,7.1,0.9,,60.6,215.9
11881,133,2026-06-01,6.6,1.4,Shift changeover & inspection,60.8,297.8
11882,133,2026-06-02,6.8,1.2,Shift changeover & inspection,78.6,259.5
11883,133,2026-06-03,7.0,1.0,Shift changeover & inspection,91.4,149.4
11884,133,2026-06-04,2.0,6.0,Engine overheated (>44°C ambient summer load),24.6,63.9
11885,133,2026-06-05,6.3,1.7,Shift changeover & inspection,80.1,172.7
11886,133,2026-06-06,7.6,0.4,,95.3,366.1
11887,133,2026-06-07,6.9,1.1,Shift changeover & inspection,92.2,241.7
11888,133,2026-06-08,7.3,0.7,,70.0,273.4
11889,133,2026-06-09,7.3,0.7,,60.4,247.0
11890,133,2026-06-10,0.9,7.1,Rainwater inundation at bottom pit bench (>40mm downpour),10.2,20.3
11891,133,2026-06-11,7.3,0.7,,69.7,326.9
11892,133,2026-06-12,6.0,2.0,Shift changeover & inspection,77.9,277.3
11893,133,2026-06-13,5.8,2.2,Shift changeover & inspection,77.3,210.9
11894,133,2026-06-14,7.2,0.8,,101.5,220.6
11895,133,2026-06-15,7.5,0.5,,77.7,371.5
11896,133,2026-06-16,7.6,0.4,,109.1,367.0
11897,133,2026-06-17,0.9,7.1,Shaft winder cage guide rope alignment check,11.9,33.6
11898,133,2026-06-18,6.4,1.6,Shift changeover & inspection,83.7,225.5
11899,133,2026-06-19,6.5,1.5,Shift changeover & inspection,59.4,318.3
11900,133,2026-06-20,7.7,0.3,,64.9,269.2
11901,133,2026-06-21,6.0,2.0,Shift changeover & inspection,83.1,264.1
11902,133,2026-06-22,7.4,0.6,,110.1,279.1
11903,133,2026-06-23,7.4,0.6,,84.0,369.4
11904,133,2026-06-24,7.1,0.9,,82.8,327.8
11905,133,2026-06-25,7.4,0.6,,74.7,306.2
11906,133,2026-06-26,7.5,0.5,,73.8,174.3
11907,133,2026-06-27,6.9,1.1,Shift changeover & inspection,78.8,326.4
11908,133,2026-06-28,5.6,2.4,Shift changeover & inspection,44.9,219.3
11909,133,2026-06-29,7.2,0.8,,100.5,187.9
11910,133,2026-06-30,7.6,0.4,,91.1,255.3
11911,133,2026-07-01,1.6,6.4,Main sump pump silt clogging from monsoon slurry,19.5,48.4
11912,133,2026-07-02,6.1,1.9,Shift changeover & inspection,78.9,236.0
11913,133,2026-07-03,4.0,4.0,Tyre sidewall cut on sharp gondite boulders,42.9,148.7
11914,133,2026-07-04,2.7,5.3,Hydraulic hose burst / high pressure pump cavitation,22.2,122.1
11915,133,2026-07-05,0.3,7.7,Tyre sidewall cut on sharp gondite boulders,3.8,12.7
11916,133,2026-07-06,5.6,2.4,Shift changeover & inspection,49.2,216.6
11917,133,2026-07-07,2.9,5.1,Main sump pump silt clogging from monsoon slurry,41.6,129.9
11918,133,2026-07-08,5.8,2.2,Shift changeover & inspection,77.5,198.5
11919,133,2026-07-09,1.6,6.4,Tyre sidewall cut on sharp gondite boulders,19.7,73.2
11920,133,2026-07-10,2.8,5.2,Shaft winder cage guide rope alignment check,38.0,61.8
11921,133,2026-07-11,7.2,0.8,,94.5,323.9
11922,133,2026-07-12,6.1,1.9,Shift changeover & inspection,54.6,159.0
11923,133,2026-07-13,3.0,5.0,Rainwater inundation at bottom pit bench (>40mm downpour),29.0,130.1
11924,133,2026-07-14,6.1,1.9,Shift changeover & inspection,81.6,168.9
11925,133,2026-07-15,7.4,0.6,,96.4,305.4
11926,133,2026-07-16,6.6,1.4,Shift changeover & inspection,71.1,282.0
11927,133,2026-07-17,7.5,0.5,,97.5,283.7
11928,133,2026-07-18,1.9,6.1,Rainwater inundation at bottom pit bench (>40mm downpour),23.5,88.8
11929,133,2026-07-19,5.5,2.5,Shift changeover & inspection,44.1,232.6
11930,133,2026-07-20,1.9,6.1,Tyre sidewall cut on sharp gondite boulders,19.8,87.9
11931,133,2026-07-21,7.5,0.5,,67.8,252.9
11932,133,2026-07-22,7.0,1.0,Shift changeover & inspection,70.0,217.6
11933,133,2026-07-23,6.5,1.5,Shift changeover & inspection,76.1,282.8
11934,133,2026-07-24,7.7,0.3,,90.7,216.1
11935,133,2026-07-25,6.7,1.3,Shift changeover & inspection,93.1,197.0
11936,133,2026-07-26,1.7,6.3,Rainwater inundation at bottom pit bench (>40mm downpour),16.5,49.6
11937,133,2026-07-27,0.9,7.1,Main sump pump silt clogging from monsoon slurry,9.3,21.8
11938,133,2026-07-28,1.6,6.4,Main sump pump silt clogging from monsoon slurry,23.3,61.9
11939,133,2026-07-29,7.5,0.5,,73.6,285.0
11940,133,2026-07-30,6.5,1.5,Shift changeover & inspection,87.6,264.6
11941,133,2026-07-31,7.0,1.0,Shift changeover & inspection,59.0,303.0
11942,133,2026-08-01,7.4,0.6,,79.6,173.8
11943,133,2026-08-02,5.8,2.2,Shift changeover & inspection,53.9,201.3
11944,133,2026-08-03,2.9,5.1,Rainwater inundation at bottom pit bench (>40mm downpour),31.4,77.3
11945,133,2026-08-04,6.6,1.4,Shift changeover & inspection,59.1,298.3
11946,133,2026-08-05,7.6,0.4,,109.4,245.9
11947,133,2026-08-06,6.6,1.4,Shift changeover & inspection,84.2,272.2
11948,133,2026-08-07,7.0,1.0,Shift changeover & inspection,57.4,189.6
11949,133,2026-08-08,6.8,1.2,Shift changeover & inspection,54.8,182.8
11950,133,2026-08-09,7.2,0.8,,86.4,267.5
11951,133,2026-08-10,5.7,2.3,Shift changeover & inspection,83.0,139.3
11952,133,2026-08-11,3.1,4.9,Tyre sidewall cut on sharp gondite boulders,32.7,135.3
11953,133,2026-08-12,5.7,2.3,Shift changeover & inspection,59.5,133.5
11954,133,2026-08-13,5.7,2.3,Shift changeover & inspection,83.2,259.3
11955,133,2026-08-14,4.4,3.6,Main sump pump silt clogging from monsoon slurry,64.5,178.8
11956,133,2026-08-15,6.8,1.2,Shift changeover & inspection,66.7,186.4
11957,133,2026-08-16,5.8,2.2,Shift changeover & inspection,47.1,250.5
11958,133,2026-08-17,1.8,6.2,Main sump pump silt clogging from monsoon slurry,25.5,87.9
11959,133,2026-08-18,1.9,6.1,Rainwater inundation at bottom pit bench (>40mm downpour),22.9,75.3
11960,133,2026-08-19,6.7,1.3,Shift changeover & inspection,96.2,329.5
11961,133,2026-08-20,0.1,7.9,Tyre sidewall cut on sharp gondite boulders,1.2,3.3
11962,133,2026-08-21,2.0,6.0,Tyre sidewall cut on sharp gondite boulders,27.7,79.3
11963,133,2026-08-22,7.6,0.4,,77.6,225.5
11964,133,2026-08-23,0.4,7.6,Engine overheated (>44°C ambient summer load),4.3,10.7
11965,133,2026-08-24,3.9,4.1,Tyre sidewall cut on sharp gondite boulders,33.7,187.1
11966,133,2026-08-25,1.3,6.7,Hydraulic hose burst / high pressure pump cavitation,13.9,57.2
11967,133,2026-08-26,7.0,1.0,Shift changeover & inspection,60.5,258.8
11968,133,2026-08-27,6.0,2.0,Shift changeover & inspection,74.4,270.8
11969,133,2026-08-28,2.0,6.0,Engine overheated (>44°C ambient summer load),18.5,99.2
11970,133,2026-08-29,1.9,6.1,Tyre sidewall cut on sharp gondite boulders,15.6,93.8
11971,134,2026-06-01,2.8,5.2,Shaft winder cage guide rope alignment check,28.3,87.4
11972,134,2026-06-02,3.3,4.7,Blasting toxic fume / dust clearance standstill,27.6,130.8
11973,134,2026-06-03,3.3,4.7,DGMS statutory electrical ground-fault trip,45.9,114.0
11974,134,2026-06-04,6.3,1.7,Shift changeover & inspection,75.1,176.5
11975,134,2026-06-05,7.0,1.0,Shift changeover & inspection,74.6,195.5
11976,134,2026-06-06,5.7,2.3,Shift changeover & inspection,75.8,275.3
11977,134,2026-06-07,6.5,1.5,Shift changeover & inspection,71.8,144.0
11978,134,2026-06-08,6.6,1.4,Shift changeover & inspection,70.0,224.1
11979,134,2026-06-09,5.8,2.2,Shift changeover & inspection,49.1,154.7
11980,134,2026-06-10,6.8,1.2,Shift changeover & inspection,74.3,220.4
11981,134,2026-06-11,6.1,1.9,Shift changeover & inspection,66.6,244.7
11982,134,2026-06-12,6.6,1.4,Shift changeover & inspection,97.1,293.2
11983,134,2026-06-13,7.5,0.5,,76.2,344.1
11984,134,2026-06-14,6.4,1.6,Shift changeover & inspection,58.3,273.5
11985,134,2026-06-15,7.5,0.5,,104.6,245.7
11986,134,2026-06-16,7.1,0.9,,98.4,229.9
11987,134,2026-06-17,6.3,1.7,Shift changeover & inspection,78.3,279.8
11988,134,2026-06-18,6.9,1.1,Shift changeover & inspection,56.4,159.8
11989,134,2026-06-19,6.1,1.9,Shift changeover & inspection,82.3,256.3
11990,134,2026-06-20,6.4,1.6,Shift changeover & inspection,71.8,183.2
11991,134,2026-06-21,7.0,1.0,Shift changeover & inspection,81.6,310.3
11992,134,2026-06-22,1.1,6.9,Engine overheated (>44°C ambient summer load),15.1,35.2
11993,134,2026-06-23,5.9,2.1,Shift changeover & inspection,86.2,120.2
11994,134,2026-06-24,6.3,1.7,Shift changeover & inspection,78.6,154.1
11995,134,2026-06-25,6.7,1.3,Shift changeover & inspection,59.0,184.2
11996,134,2026-06-26,6.7,1.3,Shift changeover & inspection,82.1,196.6
11997,134,2026-06-27,7.6,0.4,,103.6,253.2
11998,134,2026-06-28,5.8,2.2,Shift changeover & inspection,66.2,238.1
11999,134,2026-06-29,7.1,0.9,,89.3,307.4
12000,134,2026-06-30,5.8,2.2,Shift changeover & inspection,54.4,248.5
12001,134,2026-07-01,6.4,1.6,Shift changeover & inspection,72.9,318.1
12002,134,2026-07-02,3.8,4.2,Rainwater inundation at bottom pit bench (>40mm downpour),46.7,153.7
12003,134,2026-07-03,7.0,1.0,Shift changeover & inspection,79.9,332.9
12004,134,2026-07-04,1.0,7.0,DGMS statutory electrical ground-fault trip,14.0,44.4
12005,134,2026-07-05,6.2,1.8,Shift changeover & inspection,58.9,213.4
12006,134,2026-07-06,2.3,5.7,Main sump pump silt clogging from monsoon slurry,29.4,50.3
12007,134,2026-07-07,7.3,0.7,,104.1,329.2
12008,134,2026-07-08,5.5,2.5,Shift changeover & inspection,70.5,262.2
12009,134,2026-07-09,6.8,1.2,Shift changeover & inspection,55.6,179.7
12010,134,2026-07-10,7.2,0.8,,84.0,279.7
12011,134,2026-07-11,6.7,1.3,Shift changeover & inspection,70.1,245.1
12012,134,2026-07-12,7.7,0.3,,103.4,380.0
12013,134,2026-07-13,0.4,7.6,Tyre sidewall cut on sharp gondite boulders,5.4,17.9
12014,134,2026-07-14,7.3,0.7,,109.2,203.1
12015,134,2026-07-15,7.7,0.3,,91.6,292.5
12016,134,2026-07-16,1.8,6.2,Tyre sidewall cut on sharp gondite boulders,17.7,62.1
12017,134,2026-07-17,3.4,4.6,Main sump pump silt clogging from monsoon slurry,45.1,165.8
12018,134,2026-07-18,2.3,5.7,Rainwater inundation at bottom pit bench (>40mm downpour),34.0,108.7
12019,134,2026-07-19,6.2,1.8,Shift changeover & inspection,87.0,231.3
12020,134,2026-07-20,6.6,1.4,Shift changeover & inspection,89.0,189.4
12021,134,2026-07-21,6.6,1.4,Shift changeover & inspection,69.1,233.3
12022,134,2026-07-22,7.2,0.8,,72.2,259.7
12023,134,2026-07-23,6.2,1.8,Shift changeover & inspection,53.4,273.6
12024,134,2026-07-24,1.6,6.4,Tyre sidewall cut on sharp gondite boulders,19.3,54.7
12025,134,2026-07-25,3.1,4.9,Rainwater inundation at bottom pit bench (>40mm downpour),32.6,83.9
12026,134,2026-07-26,3.8,4.2,Rainwater inundation at bottom pit bench (>40mm downpour),47.8,189.1
12027,134,2026-07-27,4.0,4.0,Tyre sidewall cut on sharp gondite boulders,59.1,86.5
12028,134,2026-07-28,0.5,7.5,Hydraulic hose burst / high pressure pump cavitation,4.8,12.7
12029,134,2026-07-29,2.0,6.0,Main sump pump silt clogging from monsoon slurry,19.0,87.7
12030,134,2026-07-30,3.7,4.3,Main sump pump silt clogging from monsoon slurry,55.2,139.2
12031,134,2026-07-31,7.0,1.0,Shift changeover & inspection,97.3,215.8
12032,134,2026-08-01,0.2,7.8,Rainwater inundation at bottom pit bench (>40mm downpour),2.6,7.0
12033,134,2026-08-02,5.7,2.3,Shift changeover & inspection,82.6,255.2
12034,134,2026-08-03,7.4,0.6,,63.3,363.4
12035,134,2026-08-04,3.2,4.8,Main sump pump silt clogging from monsoon slurry,41.4,98.3
12036,134,2026-08-05,6.4,1.6,Shift changeover & inspection,79.8,149.2
12037,134,2026-08-06,1.6,6.4,Engine overheated (>44°C ambient summer load),19.0,47.1
12038,134,2026-08-07,6.5,1.5,Shift changeover & inspection,70.2,250.9
12039,134,2026-08-08,5.6,2.4,Shift changeover & inspection,78.5,212.2
12040,134,2026-08-09,7.8,0.2,,90.6,315.9
12041,134,2026-08-10,5.9,2.1,Shift changeover & inspection,66.2,242.8
12042,134,2026-08-11,4.3,3.7,Main sump pump silt clogging from monsoon slurry,38.9,183.8
12043,134,2026-08-12,6.2,1.8,Shift changeover & inspection,62.7,224.6
12044,134,2026-08-13,6.7,1.3,Shift changeover & inspection,57.3,277.3
12045,134,2026-08-14,7.3,0.7,,59.9,314.3
12046,134,2026-08-15,2.9,5.1,Tyre sidewall cut on sharp gondite boulders,27.4,128.2
12047,134,2026-08-16,6.1,1.9,Shift changeover & inspection,54.7,244.7
12048,134,2026-08-17,6.0,2.0,Shift changeover & inspection,55.8,147.0
12049,134,2026-08-18,5.6,2.4,Shift changeover & inspection,52.0,143.4
12050,134,2026-08-19,3.9,4.1,Rainwater inundation at bottom pit bench (>40mm downpour),50.5,126.1
12051,134,2026-08-20,6.1,1.9,Shift changeover & inspection,73.0,248.8
12052,134,2026-08-21,2.8,5.2,Shaft winder cage guide rope alignment check,38.8,77.2
12053,134,2026-08-22,6.1,1.9,Shift changeover & inspection,67.5,131.8
12054,134,2026-08-23,6.5,1.5,Shift changeover & inspection,66.6,218.4
12055,134,2026-08-24,6.3,1.7,Shift changeover & inspection,82.8,260.6
12056,134,2026-08-25,4.3,3.7,Rainwater inundation at bottom pit bench (>40mm downpour),38.3,203.3
12057,134,2026-08-26,2.1,5.9,Main sump pump silt clogging from monsoon slurry,25.5,68.1
12058,134,2026-08-27,1.7,6.3,Rainwater inundation at bottom pit bench (>40mm downpour),23.3,66.7
12059,134,2026-08-28,3.2,4.8,Main sump pump silt clogging from monsoon slurry,29.9,87.3
12060,134,2026-08-29,7.2,0.8,,77.7,280.0
12061,135,2026-06-01,7.2,0.8,,73.6,297.6
12062,135,2026-06-02,7.0,1.0,Shift changeover & inspection,70.5,245.7
12063,135,2026-06-03,6.4,1.6,Shift changeover & inspection,82.3,197.4
12064,135,2026-06-04,7.3,0.7,,83.8,287.2
12065,135,2026-06-05,5.9,2.1,Shift changeover & inspection,76.3,214.0
12066,135,2026-06-06,7.6,0.4,,74.1,263.0
12067,135,2026-06-07,7.3,0.7,,82.8,159.9
12068,135,2026-06-08,6.5,1.5,Shift changeover & inspection,80.0,232.5
12069,135,2026-06-09,7.6,0.4,,83.4,346.2
12070,135,2026-06-10,7.6,0.4,,74.6,315.7
12071,135,2026-06-11,5.7,2.3,Shift changeover & inspection,73.9,153.8
12072,135,2026-06-12,6.2,1.8,Shift changeover & inspection,55.4,295.5
12073,135,2026-06-13,6.4,1.6,Shift changeover & inspection,55.3,241.1
12074,135,2026-06-14,6.0,2.0,Shift changeover & inspection,67.6,248.0
12075,135,2026-06-15,7.3,0.7,,70.5,279.0
12076,135,2026-06-16,6.0,2.0,Shift changeover & inspection,59.9,133.5
12077,135,2026-06-17,7.4,0.6,,67.4,318.1
12078,135,2026-06-18,7.2,0.8,,73.4,236.1
12079,135,2026-06-19,6.1,1.9,Shift changeover & inspection,84.7,187.6
12080,135,2026-06-20,7.2,0.8,,69.2,239.3
12081,135,2026-06-21,6.7,1.3,Shift changeover & inspection,96.6,150.4
12082,135,2026-06-22,5.6,2.4,Shift changeover & inspection,63.9,249.3
12083,135,2026-06-23,6.7,1.3,Shift changeover & inspection,72.8,163.9
12084,135,2026-06-24,6.6,1.4,Shift changeover & inspection,96.8,329.4
12085,135,2026-06-25,2.9,5.1,Main sump pump silt clogging from monsoon slurry,31.9,135.2
12086,135,2026-06-26,6.9,1.1,Shift changeover & inspection,74.5,187.3
12087,135,2026-06-27,7.5,0.5,,106.0,296.7
12088,135,2026-06-28,6.3,1.7,Shift changeover & inspection,53.2,204.3
12089,135,2026-06-29,5.6,2.4,Shift changeover & inspection,56.3,150.2
12090,135,2026-06-30,6.0,2.0,Shift changeover & inspection,89.7,211.1
12091,135,2026-07-01,7.5,0.5,,67.6,333.6
12092,135,2026-07-02,3.3,4.7,Tyre sidewall cut on sharp gondite boulders,30.3,160.9
12093,135,2026-07-03,6.4,1.6,Shift changeover & inspection,57.9,283.8
12094,135,2026-07-04,3.3,4.7,Rainwater inundation at bottom pit bench (>40mm downpour),44.3,111.5
12095,135,2026-07-05,6.9,1.1,Shift changeover & inspection,78.5,163.3
12096,135,2026-07-06,6.2,1.8,Shift changeover & inspection,72.4,132.3
12097,135,2026-07-07,2.7,5.3,Rainwater inundation at bottom pit bench (>40mm downpour),36.8,126.6
12098,135,2026-07-08,7.8,0.2,,108.5,219.7
12099,135,2026-07-09,7.3,0.7,,105.6,288.1
12100,135,2026-07-10,4.0,4.0,Tyre sidewall cut on sharp gondite boulders,52.3,180.5
12101,135,2026-07-11,3.4,4.6,Tyre sidewall cut on sharp gondite boulders,28.9,135.8
12102,135,2026-07-12,6.2,1.8,Shift changeover & inspection,78.5,305.3
12103,135,2026-07-13,5.5,2.5,Shift changeover & inspection,51.4,200.0
12104,135,2026-07-14,6.4,1.6,Shift changeover & inspection,89.5,291.8
12105,135,2026-07-15,4.0,4.0,Main sump pump silt clogging from monsoon slurry,38.3,179.6
12106,135,2026-07-16,7.4,0.6,,63.2,355.1
12107,135,2026-07-17,7.3,0.7,,101.9,290.2
12108,135,2026-07-18,6.7,1.3,Shift changeover & inspection,88.0,231.8
12109,135,2026-07-19,0.8,7.2,DGMS statutory electrical ground-fault trip,10.6,39.0
12110,135,2026-07-20,1.8,6.2,Main sump pump silt clogging from monsoon slurry,20.9,85.6
12111,135,2026-07-21,7.6,0.4,,105.4,172.4
12112,135,2026-07-22,6.3,1.7,Shift changeover & inspection,52.0,188.1
12113,135,2026-07-23,6.7,1.3,Shift changeover & inspection,79.2,179.0
12114,135,2026-07-24,2.0,6.0,Main sump pump silt clogging from monsoon slurry,19.8,62.5
12115,135,2026-07-25,2.9,5.1,Main sump pump silt clogging from monsoon slurry,25.5,111.2
12116,135,2026-07-26,3.6,4.4,Rainwater inundation at bottom pit bench (>40mm downpour),34.1,129.8
12117,135,2026-07-27,6.5,1.5,Shift changeover & inspection,59.4,275.2
12118,135,2026-07-28,7.2,0.8,,58.8,358.0
12119,135,2026-07-29,7.3,0.7,,102.6,331.8
12120,135,2026-07-30,7.8,0.2,,82.7,202.6
12121,135,2026-07-31,1.6,6.4,Tyre sidewall cut on sharp gondite boulders,13.6,46.5
12122,135,2026-08-01,4.2,3.8,Main sump pump silt clogging from monsoon slurry,45.3,126.4
12123,135,2026-08-02,6.6,1.4,Shift changeover & inspection,66.7,214.3
12124,135,2026-08-03,7.6,0.4,,83.7,205.0
12125,135,2026-08-04,3.4,4.6,DGMS statutory electrical ground-fault trip,48.0,136.6
12126,135,2026-08-05,6.1,1.9,Shift changeover & inspection,72.4,301.2
12127,135,2026-08-06,4.0,4.0,Main sump pump silt clogging from monsoon slurry,51.3,123.4
12128,135,2026-08-07,2.8,5.2,Rainwater inundation at bottom pit bench (>40mm downpour),28.4,116.2
12129,135,2026-08-08,7.1,0.9,,76.1,169.0
12130,135,2026-08-09,2.4,5.6,DGMS statutory electrical ground-fault trip,29.3,61.0
12131,135,2026-08-10,4.3,3.7,Tyre sidewall cut on sharp gondite boulders,63.8,92.3
12132,135,2026-08-11,2.7,5.3,Rainwater inundation at bottom pit bench (>40mm downpour),34.1,80.5
12133,135,2026-08-12,1.0,7.0,Shaft winder cage guide rope alignment check,13.1,48.4
12134,135,2026-08-13,3.0,5.0,Tyre sidewall cut on sharp gondite boulders,34.3,124.2
12135,135,2026-08-14,5.7,2.3,Shift changeover & inspection,48.7,148.3
12136,135,2026-08-15,5.7,2.3,Shift changeover & inspection,70.4,186.3
12137,135,2026-08-16,5.8,2.2,Shift changeover & inspection,81.0,140.6
12138,135,2026-08-17,4.0,4.0,Tyre sidewall cut on sharp gondite boulders,39.6,113.7
12139,135,2026-08-18,1.5,6.5,Tyre sidewall cut on sharp gondite boulders,18.3,37.9
12140,135,2026-08-19,4.3,3.7,Main sump pump silt clogging from monsoon slurry,53.3,172.5
12141,135,2026-08-20,3.1,4.9,Hydraulic hose burst / high pressure pump cavitation,41.5,148.7
12142,135,2026-08-21,5.9,2.1,Shift changeover & inspection,71.5,237.9
12143,135,2026-08-22,7.4,0.6,,60.9,232.4
12144,135,2026-08-23,6.2,1.8,Shift changeover & inspection,59.3,277.6
12145,135,2026-08-24,6.3,1.7,Shift changeover & inspection,82.2,155.1
12146,135,2026-08-25,7.1,0.9,,58.5,308.6
12147,135,2026-08-26,6.3,1.7,Shift changeover & inspection,90.0,234.3
12148,135,2026-08-27,3.0,5.0,Tyre sidewall cut on sharp gondite boulders,38.2,121.6
12149,135,2026-08-28,6.5,1.5,Shift changeover & inspection,91.8,166.5
12150,135,2026-08-29,7.5,0.5,,99.6,286.4
12151,136,2026-06-01,5.6,2.4,Shift changeover & inspection,69.4,264.4
12152,136,2026-06-02,7.4,0.6,,88.1,317.8
12153,136,2026-06-03,5.9,2.1,Shift changeover & inspection,55.8,187.0
12154,136,2026-06-04,6.1,1.9,Shift changeover & inspection,51.1,195.9
12155,136,2026-06-05,0.2,7.8,Engine overheated (>44°C ambient summer load),2.5,4.9
12156,136,2026-06-06,7.5,0.5,,103.5,252.6
12157,136,2026-06-07,6.8,1.2,Shift changeover & inspection,77.9,245.8
12158,136,2026-06-08,1.7,6.3,Blasting toxic fume / dust clearance standstill,13.7,82.6
12159,136,2026-06-09,6.9,1.1,Shift changeover & inspection,56.5,312.0
12160,136,2026-06-10,7.4,0.6,,67.9,220.4
12161,136,2026-06-11,6.2,1.8,Shift changeover & inspection,78.2,300.8
12162,136,2026-06-12,6.2,1.8,Shift changeover & inspection,62.8,199.5
12163,136,2026-06-13,7.2,0.8,,98.3,164.2
12164,136,2026-06-14,7.2,0.8,,58.0,344.7
12165,136,2026-06-15,7.2,0.8,,91.7,194.6
12166,136,2026-06-16,1.8,6.2,Engine overheated (>44°C ambient summer load),22.4,87.7
12167,136,2026-06-17,1.8,6.2,Tyre sidewall cut on sharp gondite boulders,24.7,58.3
12168,136,2026-06-18,6.6,1.4,Shift changeover & inspection,66.9,134.3
12169,136,2026-06-19,5.6,2.4,Shift changeover & inspection,46.2,169.4
12170,136,2026-06-20,7.0,1.0,Shift changeover & inspection,59.9,146.8
12171,136,2026-06-21,7.7,0.3,,69.1,229.5
12172,136,2026-06-22,6.1,1.9,Shift changeover & inspection,78.0,173.3
12173,136,2026-06-23,5.6,2.4,Shift changeover & inspection,66.2,234.5
12174,136,2026-06-24,6.1,1.9,Shift changeover & inspection,50.3,131.8
12175,136,2026-06-25,6.0,2.0,Shift changeover & inspection,86.7,129.1
12176,136,2026-06-26,6.0,2.0,Shift changeover & inspection,49.4,176.0
12177,136,2026-06-27,5.9,2.1,Shift changeover & inspection,85.4,292.0
12178,136,2026-06-28,2.7,5.3,Shaft winder cage guide rope alignment check,27.2,112.0
12179,136,2026-06-29,7.1,0.9,,104.3,339.6
12180,136,2026-06-30,6.7,1.3,Shift changeover & inspection,71.4,232.6
12181,136,2026-07-01,6.5,1.5,Shift changeover & inspection,84.6,215.6
12182,136,2026-07-02,5.6,2.4,Shift changeover & inspection,83.1,273.6
12183,136,2026-07-03,6.2,1.8,Shift changeover & inspection,72.3,236.8
12184,136,2026-07-04,6.2,1.8,Shift changeover & inspection,72.4,174.5
12185,136,2026-07-05,6.2,1.8,Shift changeover & inspection,53.0,196.3
12186,136,2026-07-06,5.8,2.2,Shift changeover & inspection,65.5,285.1
12187,136,2026-07-07,1.7,6.3,Main sump pump silt clogging from monsoon slurry,23.8,46.4
12188,136,2026-07-08,7.0,1.0,Shift changeover & inspection,69.6,236.3
12189,136,2026-07-09,7.2,0.8,,63.6,287.1
12190,136,2026-07-10,3.6,4.4,Rainwater inundation at bottom pit bench (>40mm downpour),30.0,141.0
12191,136,2026-07-11,7.8,0.2,,64.7,282.2
12192,136,2026-07-12,7.7,0.3,,97.8,288.0
12193,136,2026-07-13,5.9,2.1,Shift changeover & inspection,65.7,140.0
12194,136,2026-07-14,7.3,0.7,,73.6,202.3
12195,136,2026-07-15,1.5,6.5,Main sump pump silt clogging from monsoon slurry,12.4,56.9
12196,136,2026-07-16,2.6,5.4,Tyre sidewall cut on sharp gondite boulders,22.8,81.5
12197,136,2026-07-17,6.7,1.3,Shift changeover & inspection,65.3,317.5
12198,136,2026-07-18,5.8,2.2,Shift changeover & inspection,65.6,178.8
12199,136,2026-07-19,5.8,2.2,Shift changeover & inspection,81.5,149.2
12200,136,2026-07-20,7.4,0.6,,109.7,218.8
12201,136,2026-07-21,7.2,0.8,,91.6,198.6
12202,136,2026-07-22,2.4,5.6,Rainwater inundation at bottom pit bench (>40mm downpour),32.8,87.2
12203,136,2026-07-23,3.7,4.3,Rainwater inundation at bottom pit bench (>40mm downpour),45.7,130.1
12204,136,2026-07-24,6.6,1.4,Shift changeover & inspection,61.4,294.6
12205,136,2026-07-25,1.8,6.2,Rainwater inundation at bottom pit bench (>40mm downpour),18.8,73.0
12206,136,2026-07-26,4.0,4.0,Tyre sidewall cut on sharp gondite boulders,34.5,152.1
12207,136,2026-07-27,4.3,3.7,Main sump pump silt clogging from monsoon slurry,51.4,164.3
12208,136,2026-07-28,7.3,0.7,,108.5,223.8
12209,136,2026-07-29,3.6,4.4,Main sump pump silt clogging from monsoon slurry,39.3,149.1
12210,136,2026-07-30,3.1,4.9,Rainwater inundation at bottom pit bench (>40mm downpour),40.0,139.2
12211,136,2026-07-31,4.4,3.6,Rainwater inundation at bottom pit bench (>40mm downpour),60.1,169.2
12212,136,2026-08-01,1.9,6.1,Rainwater inundation at bottom pit bench (>40mm downpour),25.0,64.8
12213,136,2026-08-02,5.7,2.3,Shift changeover & inspection,67.0,223.5
12214,136,2026-08-03,2.1,5.9,Rainwater inundation at bottom pit bench (>40mm downpour),24.8,97.3
12215,136,2026-08-04,6.6,1.4,Shift changeover & inspection,81.8,297.4
12216,136,2026-08-05,6.1,1.9,Shift changeover & inspection,75.3,219.2
12217,136,2026-08-06,2.9,5.1,Tyre sidewall cut on sharp gondite boulders,43.4,142.2
12218,136,2026-08-07,4.0,4.0,Tyre sidewall cut on sharp gondite boulders,34.0,198.4
12219,136,2026-08-08,6.2,1.8,Shift changeover & inspection,87.3,140.7
12220,136,2026-08-09,4.3,3.7,Main sump pump silt clogging from monsoon slurry,48.1,90.5
12221,136,2026-08-10,7.0,1.0,Shift changeover & inspection,95.4,153.1
12222,136,2026-08-11,3.9,4.1,Tyre sidewall cut on sharp gondite boulders,35.3,117.0
12223,136,2026-08-12,5.6,2.4,Shift changeover & inspection,52.9,115.3
12224,136,2026-08-13,1.7,6.3,Blasting toxic fume / dust clearance standstill,20.7,66.6
12225,136,2026-08-14,6.9,1.1,Shift changeover & inspection,76.9,193.6
12226,136,2026-08-15,5.9,2.1,Shift changeover & inspection,65.6,156.5
12227,136,2026-08-16,7.2,0.8,,90.9,164.6
12228,136,2026-08-17,2.3,5.7,Main sump pump silt clogging from monsoon slurry,18.8,87.9
12229,136,2026-08-18,7.2,0.8,,71.5,221.0
12230,136,2026-08-19,3.4,4.6,Tyre sidewall cut on sharp gondite boulders,41.9,154.2
12231,136,2026-08-20,1.5,6.5,Main sump pump silt clogging from monsoon slurry,20.1,31.1
12232,136,2026-08-21,4.2,3.8,Rainwater inundation at bottom pit bench (>40mm downpour),56.6,150.6
12233,136,2026-08-22,6.3,1.7,Shift changeover & inspection,60.5,264.3
12234,136,2026-08-23,7.1,0.9,,84.8,230.2
12235,136,2026-08-24,6.6,1.4,Shift changeover & inspection,60.0,207.7
12236,136,2026-08-25,6.3,1.7,Shift changeover & inspection,62.0,228.7
12237,136,2026-08-26,6.1,1.9,Shift changeover & inspection,81.6,197.3
12238,136,2026-08-27,6.7,1.3,Shift changeover & inspection,61.3,327.7
12239,136,2026-08-28,1.7,6.3,Tyre sidewall cut on sharp gondite boulders,16.4,41.8
12240,136,2026-08-29,7.5,0.5,,91.5,213.1
12241,137,2026-06-01,6.6,1.4,Shift changeover & inspection,77.8,170.1
12242,137,2026-06-02,7.4,0.6,,73.2,246.8
12243,137,2026-06-03,0.1,7.9,Hydraulic hose burst / high pressure pump cavitation,0.8,2.8
12244,137,2026-06-04,6.4,1.6,Shift changeover & inspection,67.5,142.0
12245,137,2026-06-05,7.2,0.8,,87.9,318.3
12246,137,2026-06-06,7.7,0.3,,62.8,254.1
12247,137,2026-06-07,6.6,1.4,Shift changeover & inspection,64.1,319.2
12248,137,2026-06-08,7.2,0.8,,92.0,175.7
12249,137,2026-06-09,5.7,2.3,Shift changeover & inspection,84.1,180.4
12250,137,2026-06-10,7.2,0.8,,79.2,181.5
12251,137,2026-06-11,5.9,2.1,Shift changeover & inspection,56.2,141.2
12252,137,2026-06-12,7.0,1.0,Shift changeover & inspection,82.8,296.5
12253,137,2026-06-13,7.1,0.9,,75.8,217.4
12254,137,2026-06-14,6.8,1.2,Shift changeover & inspection,55.2,147.6
12255,137,2026-06-15,6.1,1.9,Shift changeover & inspection,88.7,290.9
12256,137,2026-06-16,7.0,1.0,Shift changeover & inspection,74.7,219.0
12257,137,2026-06-17,7.1,0.9,,82.0,185.2
12258,137,2026-06-18,7.1,0.9,,99.4,151.5
12259,137,2026-06-19,0.9,7.1,Engine overheated (>44°C ambient summer load),10.7,40.6
12260,137,2026-06-20,6.5,1.5,Shift changeover & inspection,59.6,156.0
12261,137,2026-06-21,2.0,6.0,Tyre sidewall cut on sharp gondite boulders,20.0,58.2
12262,137,2026-06-22,6.0,2.0,Shift changeover & inspection,72.0,234.7
12263,137,2026-06-23,5.7,2.3,Shift changeover & inspection,70.9,203.1
12264,137,2026-06-24,6.0,2.0,Shift changeover & inspection,67.4,280.2
12265,137,2026-06-25,6.9,1.1,Shift changeover & inspection,70.6,283.0
12266,137,2026-06-26,6.1,1.9,Shift changeover & inspection,84.4,164.4
12267,137,2026-06-27,7.6,0.4,,67.9,188.1
12268,137,2026-06-28,6.5,1.5,Shift changeover & inspection,89.9,273.8
12269,137,2026-06-29,7.5,0.5,,60.8,164.2
12270,137,2026-06-30,6.0,2.0,Shift changeover & inspection,76.1,134.5
12271,137,2026-07-01,6.8,1.2,Shift changeover & inspection,57.4,303.9
12272,137,2026-07-02,4.4,3.6,Tyre sidewall cut on sharp gondite boulders,58.1,173.0
12273,137,2026-07-03,1.6,6.4,Main sump pump silt clogging from monsoon slurry,18.9,67.1
12274,137,2026-07-04,3.3,4.7,Main sump pump silt clogging from monsoon slurry,32.1,83.3
12275,137,2026-07-05,7.5,0.5,,82.6,361.0
12276,137,2026-07-06,1.5,6.5,Engine overheated (>44°C ambient summer load),19.3,73.2
12277,137,2026-07-07,5.9,2.1,Shift changeover & inspection,76.7,214.1
12278,137,2026-07-08,2.0,6.0,Main sump pump silt clogging from monsoon slurry,25.5,40.4
12279,137,2026-07-09,7.5,0.5,,96.7,162.0
12280,137,2026-07-10,7.3,0.7,,72.4,258.0
12281,137,2026-07-11,7.5,0.5,,75.4,353.6
12282,137,2026-07-12,1.3,6.7,Blasting toxic fume / dust clearance standstill,11.6,29.5
12283,137,2026-07-13,1.7,6.3,Tyre sidewall cut on sharp gondite boulders,22.0,76.5
12284,137,2026-07-14,6.9,1.1,Shift changeover & inspection,87.5,228.0
12285,137,2026-07-15,4.0,4.0,Rainwater inundation at bottom pit bench (>40mm downpour),46.1,192.8
12286,137,2026-07-16,7.6,0.4,,76.0,177.3
12287,137,2026-07-17,5.7,2.3,Shift changeover & inspection,51.4,237.6
12288,137,2026-07-18,1.8,6.2,Rainwater inundation at bottom pit bench (>40mm downpour),24.3,44.5
12289,137,2026-07-19,6.8,1.2,Shift changeover & inspection,59.1,208.3
12290,137,2026-07-20,7.6,0.4,,109.9,152.8
12291,137,2026-07-21,6.3,1.7,Shift changeover & inspection,50.6,155.4
12292,137,2026-07-22,6.6,1.4,Shift changeover & inspection,56.0,160.0
12293,137,2026-07-23,5.7,2.3,Shift changeover & inspection,76.0,280.4
12294,137,2026-07-24,7.8,0.2,,88.7,335.2
12295,137,2026-07-25,7.3,0.7,,73.4,214.0
12296,137,2026-07-26,7.1,0.9,,79.9,171.9
12297,137,2026-07-27,5.8,2.2,Shift changeover & inspection,85.9,266.5
12298,137,2026-07-28,7.2,0.8,,62.2,192.4
12299,137,2026-07-29,5.6,2.4,Shift changeover & inspection,80.4,256.4
12300,137,2026-07-30,6.5,1.5,Shift changeover & inspection,87.8,180.3
12301,137,2026-07-31,7.2,0.8,,71.3,198.2
12302,137,2026-08-01,1.8,6.2,Rainwater inundation at bottom pit bench (>40mm downpour),19.7,49.4
12303,137,2026-08-02,7.3,0.7,,82.6,197.6
12304,137,2026-08-03,5.8,2.2,Shift changeover & inspection,54.1,148.0
12305,137,2026-08-04,3.7,4.3,Rainwater inundation at bottom pit bench (>40mm downpour),43.8,107.4
12306,137,2026-08-05,6.1,1.9,Shift changeover & inspection,75.0,191.3
12307,137,2026-08-06,6.9,1.1,Shift changeover & inspection,94.0,332.7
12308,137,2026-08-07,3.2,4.8,Tyre sidewall cut on sharp gondite boulders,40.1,88.5
12309,137,2026-08-08,6.0,2.0,Shift changeover & inspection,85.8,147.4
12310,137,2026-08-09,0.9,7.1,Shaft winder cage guide rope alignment check,8.7,31.8
12311,137,2026-08-10,6.7,1.3,Shift changeover & inspection,67.3,287.3
12312,137,2026-08-11,6.8,1.2,Shift changeover & inspection,76.9,163.2
12313,137,2026-08-12,4.2,3.8,Main sump pump silt clogging from monsoon slurry,34.7,89.7
12314,137,2026-08-13,7.3,0.7,,88.3,214.4
12315,137,2026-08-14,7.4,0.6,,83.9,155.2
12316,137,2026-08-15,5.8,2.2,Shift changeover & inspection,59.7,273.9
12317,137,2026-08-16,7.1,0.9,,96.9,333.9
12318,137,2026-08-17,4.1,3.9,Rainwater inundation at bottom pit bench (>40mm downpour),54.7,91.0
12319,137,2026-08-18,2.8,5.2,Engine overheated (>44°C ambient summer load),26.8,56.7
12320,137,2026-08-19,0.5,7.5,DGMS statutory electrical ground-fault trip,6.7,13.5
12321,137,2026-08-20,7.3,0.7,,68.5,329.6
12322,137,2026-08-21,6.5,1.5,Shift changeover & inspection,73.7,227.7
12323,137,2026-08-22,2.1,5.9,Main sump pump silt clogging from monsoon slurry,16.9,44.7
12324,137,2026-08-23,6.7,1.3,Shift changeover & inspection,77.5,139.8
12325,137,2026-08-24,6.9,1.1,Shift changeover & inspection,82.5,167.4
12326,137,2026-08-25,1.8,6.2,Main sump pump silt clogging from monsoon slurry,23.0,53.4
12327,137,2026-08-26,6.2,1.8,Shift changeover & inspection,63.6,177.6
12328,137,2026-08-27,0.9,7.1,Hydraulic hose burst / high pressure pump cavitation,11.3,35.2
12329,137,2026-08-28,6.7,1.3,Shift changeover & inspection,99.8,173.7
12330,137,2026-08-29,2.4,5.6,Shaft winder cage guide rope alignment check,33.1,56.3
12331,138,2026-06-01,1.9,6.1,Hydraulic hose burst / high pressure pump cavitation,25.6,75.3
12332,138,2026-06-02,6.9,1.1,Shift changeover & inspection,57.7,302.9
12333,138,2026-06-03,6.1,1.9,Shift changeover & inspection,69.1,179.3
12334,138,2026-06-04,6.1,1.9,Shift changeover & inspection,61.7,219.4
12335,138,2026-06-05,7.4,0.6,,81.2,172.3
12336,138,2026-06-06,7.0,1.0,Shift changeover & inspection,95.9,282.4
12337,138,2026-06-07,7.6,0.4,,88.7,156.5
12338,138,2026-06-08,7.3,0.7,,89.2,359.1
12339,138,2026-06-09,7.3,0.7,,87.2,330.3
12340,138,2026-06-10,6.1,1.9,Shift changeover & inspection,51.0,296.4
12341,138,2026-06-11,6.7,1.3,Shift changeover & inspection,91.8,203.0
12342,138,2026-06-12,1.3,6.7,Shaft winder cage guide rope alignment check,14.2,30.3
12343,138,2026-06-13,7.7,0.3,,113.2,205.6
12344,138,2026-06-14,2.8,5.2,Shaft winder cage guide rope alignment check,36.4,106.3
12345,138,2026-06-15,7.4,0.6,,95.2,161.0
12346,138,2026-06-16,6.2,1.8,Shift changeover & inspection,55.9,205.9
12347,138,2026-06-17,0.2,7.8,DGMS statutory electrical ground-fault trip,1.7,4.7
12348,138,2026-06-18,5.7,2.3,Shift changeover & inspection,77.4,238.3
12349,138,2026-06-19,7.4,0.6,,63.6,345.6
12350,138,2026-06-20,1.3,6.7,Rainwater inundation at bottom pit bench (>40mm downpour),17.9,63.0
12351,138,2026-06-21,7.7,0.3,,75.1,255.8
12352,138,2026-06-22,6.9,1.1,Shift changeover & inspection,65.3,155.4
12353,138,2026-06-23,6.4,1.6,Shift changeover & inspection,83.2,275.9
12354,138,2026-06-24,6.5,1.5,Shift changeover & inspection,84.0,233.6
12355,138,2026-06-25,5.5,2.5,Shift changeover & inspection,81.6,210.3
12356,138,2026-06-26,7.1,0.9,,76.6,253.6
12357,138,2026-06-27,5.6,2.4,Shift changeover & inspection,73.0,196.0
12358,138,2026-06-28,7.5,0.5,,108.9,265.3
12359,138,2026-06-29,5.6,2.4,Shift changeover & inspection,76.6,203.3
12360,138,2026-06-30,6.5,1.5,Shift changeover & inspection,78.5,200.2
12361,138,2026-07-01,7.5,0.5,,74.9,241.5
12362,138,2026-07-02,6.0,2.0,Shift changeover & inspection,53.4,189.1
12363,138,2026-07-03,6.6,1.4,Shift changeover & inspection,86.3,229.5
12364,138,2026-07-04,1.7,6.3,Tyre sidewall cut on sharp gondite boulders,25.3,34.5
12365,138,2026-07-05,3.3,4.7,Tyre sidewall cut on sharp gondite boulders,33.9,137.2
12366,138,2026-07-06,6.3,1.7,Shift changeover & inspection,94.1,268.6
12367,138,2026-07-07,5.8,2.2,Shift changeover & inspection,49.1,128.3
12368,138,2026-07-08,2.1,5.9,Rainwater inundation at bottom pit bench (>40mm downpour),22.4,83.8
12369,138,2026-07-09,0.3,7.7,Engine overheated (>44°C ambient summer load),3.3,6.0
12370,138,2026-07-10,1.8,6.2,Tyre sidewall cut on sharp gondite boulders,23.3,37.1
12371,138,2026-07-11,7.4,0.6,,93.5,193.9
12372,138,2026-07-12,3.2,4.8,DGMS statutory electrical ground-fault trip,40.5,83.4
12373,138,2026-07-13,3.9,4.1,Main sump pump silt clogging from monsoon slurry,32.0,178.3
12374,138,2026-07-14,2.8,5.2,Shaft winder cage guide rope alignment check,34.7,85.8
12375,138,2026-07-15,2.7,5.3,Rainwater inundation at bottom pit bench (>40mm downpour),40.3,118.2
12376,138,2026-07-16,3.8,4.2,Tyre sidewall cut on sharp gondite boulders,51.7,82.5
12377,138,2026-07-17,2.4,5.6,Rainwater inundation at bottom pit bench (>40mm downpour),32.0,64.0
12378,138,2026-07-18,5.9,2.1,Shift changeover & inspection,47.2,270.9
12379,138,2026-07-19,2.4,5.6,Rainwater inundation at bottom pit bench (>40mm downpour),22.6,71.3
12380,138,2026-07-20,7.1,0.9,,82.9,233.2
12381,138,2026-07-21,2.4,5.6,Tyre sidewall cut on sharp gondite boulders,25.3,98.6
12382,138,2026-07-22,0.3,7.7,Rainwater inundation at bottom pit bench (>40mm downpour),3.8,9.2
12383,138,2026-07-23,0.4,7.6,Hydraulic hose burst / high pressure pump cavitation,5.2,8.3
12384,138,2026-07-24,2.9,5.1,Rainwater inundation at bottom pit bench (>40mm downpour),33.4,72.9
12385,138,2026-07-25,7.8,0.2,,92.9,367.7
12386,138,2026-07-26,2.5,5.5,Main sump pump silt clogging from monsoon slurry,29.5,65.4
12387,138,2026-07-27,2.9,5.1,Main sump pump silt clogging from monsoon slurry,26.7,134.6
12388,138,2026-07-28,3.7,4.3,Main sump pump silt clogging from monsoon slurry,46.1,184.6
12389,138,2026-07-29,5.7,2.3,Shift changeover & inspection,64.8,165.1
12390,138,2026-07-30,2.2,5.8,Rainwater inundation at bottom pit bench (>40mm downpour),25.3,87.4
12391,138,2026-07-31,5.6,2.4,Shift changeover & inspection,48.9,239.1
12392,138,2026-08-01,5.6,2.4,Shift changeover & inspection,80.1,114.2
12393,138,2026-08-02,1.7,6.3,Main sump pump silt clogging from monsoon slurry,20.7,70.4
12394,138,2026-08-03,3.0,5.0,Shaft winder cage guide rope alignment check,35.6,127.3
12395,138,2026-08-04,3.0,5.0,Main sump pump silt clogging from monsoon slurry,32.2,103.9
12396,138,2026-08-05,2.7,5.3,Main sump pump silt clogging from monsoon slurry,28.4,77.1
12397,138,2026-08-06,6.2,1.8,Shift changeover & inspection,62.1,236.5
12398,138,2026-08-07,1.7,6.3,Main sump pump silt clogging from monsoon slurry,24.7,40.2
12399,138,2026-08-08,2.9,5.1,Tyre sidewall cut on sharp gondite boulders,28.1,81.9
12400,138,2026-08-09,2.4,5.6,Tyre sidewall cut on sharp gondite boulders,31.6,110.9
12401,138,2026-08-10,6.4,1.6,Shift changeover & inspection,70.1,289.6
12402,138,2026-08-11,6.5,1.5,Shift changeover & inspection,55.0,228.2
12403,138,2026-08-12,2.5,5.5,Hydraulic hose burst / high pressure pump cavitation,34.9,82.3
12404,138,2026-08-13,7.6,0.4,,109.0,288.6
12405,138,2026-08-14,2.6,5.4,Main sump pump silt clogging from monsoon slurry,38.4,118.5
12406,138,2026-08-15,7.5,0.5,,71.0,251.9
12407,138,2026-08-16,6.9,1.1,Shift changeover & inspection,100.5,238.6
12408,138,2026-08-17,7.7,0.3,,84.0,155.0
12409,138,2026-08-18,7.3,0.7,,99.9,152.7
12410,138,2026-08-19,6.8,1.2,Shift changeover & inspection,69.0,217.8
12411,138,2026-08-20,7.1,0.9,,83.3,179.6
12412,138,2026-08-21,7.8,0.2,,65.9,251.8
12413,138,2026-08-22,2.3,5.7,Blasting toxic fume / dust clearance standstill,25.6,46.6
12414,138,2026-08-23,6.0,2.0,Shift changeover & inspection,88.3,240.5
12415,138,2026-08-24,3.5,4.5,Rainwater inundation at bottom pit bench (>40mm downpour),33.7,143.2
12416,138,2026-08-25,3.2,4.8,Main sump pump silt clogging from monsoon slurry,33.5,120.7
12417,138,2026-08-26,7.6,0.4,,87.3,179.1
12418,138,2026-08-27,5.8,2.2,Shift changeover & inspection,74.9,258.4
12419,138,2026-08-28,2.5,5.5,Main sump pump silt clogging from monsoon slurry,21.0,58.4
12420,138,2026-08-29,6.1,1.9,Shift changeover & inspection,67.7,251.7
12421,139,2026-06-01,6.3,1.7,Shift changeover & inspection,91.0,181.5
12422,139,2026-06-02,7.0,1.0,Shift changeover & inspection,80.4,282.8
12423,139,2026-06-03,6.0,2.0,Shift changeover & inspection,73.4,237.1
12424,139,2026-06-04,6.8,1.2,Shift changeover & inspection,56.0,272.4
12425,139,2026-06-05,7.3,0.7,,108.0,220.9
12426,139,2026-06-06,6.9,1.1,Shift changeover & inspection,98.8,235.0
12427,139,2026-06-07,7.3,0.7,,94.5,362.2
12428,139,2026-06-08,6.9,1.1,Shift changeover & inspection,73.5,292.6
12429,139,2026-06-09,6.3,1.7,Shift changeover & inspection,87.8,206.6
12430,139,2026-06-10,6.9,1.1,Shift changeover & inspection,60.4,333.2
12431,139,2026-06-11,7.4,0.6,,108.0,278.4
12432,139,2026-06-12,6.3,1.7,Shift changeover & inspection,75.5,235.1
12433,139,2026-06-13,2.4,5.6,Main sump pump silt clogging from monsoon slurry,31.0,106.8
12434,139,2026-06-14,5.8,2.2,Shift changeover & inspection,81.4,266.3
12435,139,2026-06-15,7.3,0.7,,82.8,180.6
12436,139,2026-06-16,5.7,2.3,Shift changeover & inspection,69.3,176.3
12437,139,2026-06-17,6.2,1.8,Shift changeover & inspection,63.8,230.7
12438,139,2026-06-18,5.8,2.2,Shift changeover & inspection,57.5,152.0
12439,139,2026-06-19,7.5,0.5,,71.5,203.4
12440,139,2026-06-20,7.3,0.7,,65.5,318.8
12441,139,2026-06-21,7.0,1.0,Shift changeover & inspection,69.2,343.7
12442,139,2026-06-22,7.6,0.4,,95.5,225.6
12443,139,2026-06-23,0.6,7.4,Rainwater inundation at bottom pit bench (>40mm downpour),7.6,21.4
12444,139,2026-06-24,7.2,0.8,,88.7,236.1
12445,139,2026-06-25,2.3,5.7,Engine overheated (>44°C ambient summer load),30.7,75.8
12446,139,2026-06-26,5.6,2.4,Shift changeover & inspection,60.6,224.4
12447,139,2026-06-27,0.9,7.1,Tyre sidewall cut on sharp gondite boulders,12.3,24.9
12448,139,2026-06-28,6.2,1.8,Shift changeover & inspection,62.0,182.0
12449,139,2026-06-29,6.8,1.2,Shift changeover & inspection,87.6,197.9
12450,139,2026-06-30,6.1,1.9,Shift changeover & inspection,90.4,141.6
12451,139,2026-07-01,7.6,0.4,,89.5,212.4
12452,139,2026-07-02,7.6,0.4,,106.3,264.4
12453,139,2026-07-03,7.3,0.7,,83.8,158.0
12454,139,2026-07-04,6.9,1.1,Shift changeover & inspection,101.8,331.4
12455,139,2026-07-05,1.9,6.1,DGMS statutory electrical ground-fault trip,27.8,70.5
12456,139,2026-07-06,4.2,3.8,Tyre sidewall cut on sharp gondite boulders,40.4,139.1
12457,139,2026-07-07,3.6,4.4,Tyre sidewall cut on sharp gondite boulders,33.8,116.6
12458,139,2026-07-08,7.7,0.3,,100.4,205.3
12459,139,2026-07-09,1.3,6.7,Engine overheated (>44°C ambient summer load),13.6,41.3
12460,139,2026-07-10,7.0,1.0,Shift changeover & inspection,91.3,289.0
12461,139,2026-07-11,3.6,4.4,Rainwater inundation at bottom pit bench (>40mm downpour),42.1,127.3
12462,139,2026-07-12,6.6,1.4,Shift changeover & inspection,95.7,318.4
12463,139,2026-07-13,6.7,1.3,Shift changeover & inspection,76.1,242.3
12464,139,2026-07-14,6.8,1.2,Shift changeover & inspection,71.4,292.3
12465,139,2026-07-15,0.3,7.7,Shaft winder cage guide rope alignment check,3.2,8.5
12466,139,2026-07-16,6.9,1.1,Shift changeover & inspection,69.8,273.3
12467,139,2026-07-17,7.7,0.3,,109.1,325.6
12468,139,2026-07-18,0.3,7.7,Hydraulic hose burst / high pressure pump cavitation,2.8,13.2
12469,139,2026-07-19,6.6,1.4,Shift changeover & inspection,75.1,205.4
12470,139,2026-07-20,7.5,0.5,,97.5,218.4
12471,139,2026-07-21,5.5,2.5,Shift changeover & inspection,68.4,215.9
12472,139,2026-07-22,6.1,1.9,Shift changeover & inspection,88.1,228.4
12473,139,2026-07-23,7.1,0.9,,100.5,194.8
12474,139,2026-07-24,1.8,6.2,Main sump pump silt clogging from monsoon slurry,26.0,50.8
12475,139,2026-07-25,7.2,0.8,,76.7,241.7
12476,139,2026-07-26,6.9,1.1,Shift changeover & inspection,92.3,232.9
12477,139,2026-07-27,5.6,2.4,Shift changeover & inspection,66.7,121.7
12478,139,2026-07-28,6.8,1.2,Shift changeover & inspection,64.4,224.4
12479,139,2026-07-29,6.3,1.7,Shift changeover & inspection,66.2,215.4
12480,139,2026-07-30,6.9,1.1,Shift changeover & inspection,62.8,184.7
12481,139,2026-07-31,7.0,1.0,Shift changeover & inspection,59.0,201.3
12482,139,2026-08-01,2.3,5.7,Rainwater inundation at bottom pit bench (>40mm downpour),21.5,90.8
12483,139,2026-08-02,6.1,1.9,Shift changeover & inspection,68.0,244.0
12484,139,2026-08-03,3.8,4.2,Rainwater inundation at bottom pit bench (>40mm downpour),36.4,151.5
12485,139,2026-08-04,3.2,4.8,Tyre sidewall cut on sharp gondite boulders,28.0,125.6
12486,139,2026-08-05,6.2,1.8,Shift changeover & inspection,90.0,173.4
12487,139,2026-08-06,0.7,7.3,Main sump pump silt clogging from monsoon slurry,8.8,34.4
12488,139,2026-08-07,1.8,6.2,Main sump pump silt clogging from monsoon slurry,14.6,84.0
12489,139,2026-08-08,7.5,0.5,,105.4,154.4
12490,139,2026-08-09,1.1,6.9,Shaft winder cage guide rope alignment check,15.7,33.5
12491,139,2026-08-10,3.0,5.0,Tyre sidewall cut on sharp gondite boulders,42.6,113.5
12492,139,2026-08-11,2.7,5.3,Main sump pump silt clogging from monsoon slurry,25.9,76.4
12493,139,2026-08-12,3.0,5.0,Tyre sidewall cut on sharp gondite boulders,44.1,98.9
12494,139,2026-08-13,3.3,4.7,Main sump pump silt clogging from monsoon slurry,44.1,119.6
12495,139,2026-08-14,6.0,2.0,Shift changeover & inspection,53.7,179.9
12496,139,2026-08-15,5.7,2.3,Shift changeover & inspection,83.0,251.4
12497,139,2026-08-16,1.9,6.1,Tyre sidewall cut on sharp gondite boulders,18.2,68.1
12498,139,2026-08-17,2.0,6.0,Main sump pump silt clogging from monsoon slurry,27.7,65.9
12499,139,2026-08-18,7.8,0.2,,108.1,245.5
12500,139,2026-08-19,5.9,2.1,Shift changeover & inspection,49.1,293.9
12501,139,2026-08-20,7.4,0.6,,90.8,263.5
12502,139,2026-08-21,5.5,2.5,Shift changeover & inspection,45.3,270.6
12503,139,2026-08-22,5.8,2.2,Shift changeover & inspection,78.4,167.2
12504,139,2026-08-23,3.2,4.8,Rainwater inundation at bottom pit bench (>40mm downpour),30.1,118.3
12505,139,2026-08-24,0.0,8.0,Hydraulic hose burst / high pressure pump cavitation,0.0,0.0
12506,139,2026-08-25,2.6,5.4,Main sump pump silt clogging from monsoon slurry,34.4,127.5
12507,139,2026-08-26,2.4,5.6,Rainwater inundation at bottom pit bench (>40mm downpour),21.1,119.3
12508,139,2026-08-27,2.3,5.7,Main sump pump silt clogging from monsoon slurry,29.3,82.2
12509,139,2026-08-28,6.1,1.9,Shift changeover & inspection,78.9,158.3
12510,139,2026-08-29,6.9,1.1,Shift changeover & inspection,96.2,278.7
12511,140,2026-06-01,7.5,0.5,,198.1,287.2
12512,140,2026-06-02,6.3,1.7,Shift changeover & inspection,263.2,236.6
12513,140,2026-06-03,5.7,2.3,Shift changeover & inspection,192.0,125.5
12514,140,2026-06-04,6.7,1.3,Shift changeover & inspection,240.4,315.6
12515,140,2026-06-05,7.2,0.8,,291.9,273.3
12516,140,2026-06-06,6.7,1.3,Shift changeover & inspection,181.5,278.8
12517,140,2026-06-07,5.9,2.1,Shift changeover & inspection,213.2,210.9
12518,140,2026-06-08,5.7,2.3,Shift changeover & inspection,246.1,277.4
12519,140,2026-06-09,6.9,1.1,Shift changeover & inspection,188.8,233.7
12520,140,2026-06-10,6.9,1.1,Shift changeover & inspection,194.3,156.9
12521,140,2026-06-11,6.4,1.6,Shift changeover & inspection,169.2,181.7
12522,140,2026-06-12,7.2,0.8,,309.7,303.9
12523,140,2026-06-13,5.7,2.3,Shift changeover & inspection,225.4,208.0
12524,140,2026-06-14,7.8,0.2,,285.5,306.4
12525,140,2026-06-15,6.2,1.8,Shift changeover & inspection,154.4,245.8
12526,140,2026-06-16,1.3,6.7,Rainwater inundation at bottom pit bench (>40mm downpour),42.3,29.6
12527,140,2026-06-17,6.6,1.4,Shift changeover & inspection,189.0,227.0
12528,140,2026-06-18,6.4,1.6,Shift changeover & inspection,191.1,217.5
12529,140,2026-06-19,6.9,1.1,Shift changeover & inspection,250.2,194.5
12530,140,2026-06-20,5.5,2.5,Shift changeover & inspection,202.3,211.8
12531,140,2026-06-21,7.6,0.4,,190.5,298.3
12532,140,2026-06-22,6.4,1.6,Shift changeover & inspection,156.2,289.0
12533,140,2026-06-23,5.6,2.4,Shift changeover & inspection,181.4,213.7
12534,140,2026-06-24,6.9,1.1,Shift changeover & inspection,282.7,177.2
12535,140,2026-06-25,2.0,6.0,Hydraulic hose burst / high pressure pump cavitation,81.6,56.7
12536,140,2026-06-26,7.0,1.0,Shift changeover & inspection,183.5,179.5
12537,140,2026-06-27,6.0,2.0,Shift changeover & inspection,150.6,124.0
12538,140,2026-06-28,6.3,1.7,Shift changeover & inspection,183.9,186.2
12539,140,2026-06-29,5.7,2.3,Shift changeover & inspection,189.5,130.7
12540,140,2026-06-30,7.5,0.5,,272.8,284.5
12541,140,2026-07-01,1.8,6.2,Rainwater inundation at bottom pit bench (>40mm downpour),55.3,70.1
12542,140,2026-07-02,6.5,1.5,Shift changeover & inspection,215.9,203.7
12543,140,2026-07-03,5.9,2.1,Shift changeover & inspection,205.8,280.5
12544,140,2026-07-04,2.0,6.0,Tyre sidewall cut on sharp gondite boulders,54.6,74.5
12545,140,2026-07-05,6.0,2.0,Shift changeover & inspection,170.4,125.8
12546,140,2026-07-06,6.9,1.1,Shift changeover & inspection,258.5,188.1
12547,140,2026-07-07,7.7,0.3,,266.7,228.3
12548,140,2026-07-08,4.4,3.6,Rainwater inundation at bottom pit bench (>40mm downpour),177.9,93.9
12549,140,2026-07-09,1.0,7.0,Blasting toxic fume / dust clearance standstill,41.6,26.5
12550,140,2026-07-10,7.3,0.7,,260.5,268.4
12551,140,2026-07-11,2.5,5.5,Tyre sidewall cut on sharp gondite boulders,75.2,120.5
12552,140,2026-07-12,2.6,5.4,Tyre sidewall cut on sharp gondite boulders,58.4,115.7
12553,140,2026-07-13,7.7,0.3,,307.5,266.1
12554,140,2026-07-14,4.3,3.7,Rainwater inundation at bottom pit bench (>40mm downpour),153.0,156.2
12555,140,2026-07-15,5.7,2.3,Shift changeover & inspection,215.7,181.5
12556,140,2026-07-16,7.6,0.4,,187.7,350.9
12557,140,2026-07-17,7.1,0.9,,192.0,189.6
12558,140,2026-07-18,2.1,5.9,DGMS statutory electrical ground-fault trip,67.1,80.8
12559,140,2026-07-19,6.6,1.4,Shift changeover & inspection,277.1,194.5
12560,140,2026-07-20,1.9,6.1,Tyre sidewall cut on sharp gondite boulders,78.8,44.1
12561,140,2026-07-21,6.6,1.4,Shift changeover & inspection,158.1,264.3
12562,140,2026-07-22,2.4,5.6,Rainwater inundation at bottom pit bench (>40mm downpour),76.8,58.7
12563,140,2026-07-23,3.4,4.6,Tyre sidewall cut on sharp gondite boulders,134.7,152.1
12564,140,2026-07-24,6.5,1.5,Shift changeover & inspection,186.0,289.3
12565,140,2026-07-25,6.4,1.6,Shift changeover & inspection,280.7,231.7
12566,140,2026-07-26,6.1,1.9,Shift changeover & inspection,169.0,269.4
12567,140,2026-07-27,7.7,0.3,,302.0,257.8
12568,140,2026-07-28,5.6,2.4,Shift changeover & inspection,213.8,273.8
12569,140,2026-07-29,3.5,4.5,Main sump pump silt clogging from monsoon slurry,82.6,129.8
12570,140,2026-07-30,3.0,5.0,Tyre sidewall cut on sharp gondite boulders,83.5,85.6
12571,140,2026-07-31,6.4,1.6,Shift changeover & inspection,257.4,301.0
12572,140,2026-08-01,6.3,1.7,Shift changeover & inspection,280.3,183.5
12573,140,2026-08-02,4.4,3.6,Rainwater inundation at bottom pit bench (>40mm downpour),194.0,171.6
12574,140,2026-08-03,7.0,1.0,Shift changeover & inspection,155.7,297.0
12575,140,2026-08-04,6.1,1.9,Shift changeover & inspection,205.1,300.9
12576,140,2026-08-05,1.5,6.5,Hydraulic hose burst / high pressure pump cavitation,40.5,65.4
12577,140,2026-08-06,6.9,1.1,Shift changeover & inspection,221.4,281.8
12578,140,2026-08-07,6.7,1.3,Shift changeover & inspection,259.0,204.9
12579,140,2026-08-08,3.6,4.4,Rainwater inundation at bottom pit bench (>40mm downpour),153.2,90.6
12580,140,2026-08-09,3.3,4.7,Main sump pump silt clogging from monsoon slurry,112.7,74.1
12581,140,2026-08-10,7.7,0.3,,212.6,333.7
12582,140,2026-08-11,7.4,0.6,,229.3,281.0
12583,140,2026-08-12,3.8,4.2,Tyre sidewall cut on sharp gondite boulders,91.9,173.7
12584,140,2026-08-13,3.0,5.0,Rainwater inundation at bottom pit bench (>40mm downpour),117.7,87.7
12585,140,2026-08-14,6.0,2.0,Shift changeover & inspection,178.8,216.6
12586,140,2026-08-15,6.3,1.7,Shift changeover & inspection,182.1,207.1
12587,140,2026-08-16,7.5,0.5,,328.6,324.5
12588,140,2026-08-17,6.2,1.8,Shift changeover & inspection,175.6,182.6
12589,140,2026-08-18,6.7,1.3,Shift changeover & inspection,225.2,153.8
12590,140,2026-08-19,6.1,1.9,Shift changeover & inspection,144.1,159.2
12591,140,2026-08-20,1.2,6.8,Engine overheated (>44°C ambient summer load),34.9,54.9
12592,140,2026-08-21,2.2,5.8,Rainwater inundation at bottom pit bench (>40mm downpour),55.5,98.4
12593,140,2026-08-22,3.0,5.0,Shaft winder cage guide rope alignment check,76.3,147.1
12594,140,2026-08-23,6.6,1.4,Shift changeover & inspection,157.5,200.3
12595,140,2026-08-24,6.5,1.5,Shift changeover & inspection,269.8,228.8
12596,140,2026-08-25,6.4,1.6,Shift changeover & inspection,224.2,197.4
12597,140,2026-08-26,6.3,1.7,Shift changeover & inspection,251.8,258.8
12598,140,2026-08-27,3.3,4.7,Main sump pump silt clogging from monsoon slurry,145.0,130.8
12599,140,2026-08-28,7.3,0.7,,327.5,173.7
12600,140,2026-08-29,2.6,5.4,Tyre sidewall cut on sharp gondite boulders,66.8,66.5
12601,141,2026-06-01,6.3,1.7,Shift changeover & inspection,69.5,248.0
12602,141,2026-06-02,5.6,2.4,Shift changeover & inspection,62.6,183.8
12603,141,2026-06-03,5.9,2.1,Shift changeover & inspection,54.4,291.1
12604,141,2026-06-04,6.6,1.4,Shift changeover & inspection,97.6,329.0
12605,141,2026-06-05,5.7,2.3,Shift changeover & inspection,58.5,263.2
12606,141,2026-06-06,7.6,0.4,,73.5,214.7
12607,141,2026-06-07,3.1,4.9,Blasting toxic fume / dust clearance standstill,30.2,65.1
12608,141,2026-06-08,7.6,0.4,,92.8,227.6
12609,141,2026-06-09,7.1,0.9,,66.2,299.9
12610,141,2026-06-10,7.0,1.0,Shift changeover & inspection,56.2,236.5
12611,141,2026-06-11,7.6,0.4,,105.0,273.6
12612,141,2026-06-12,5.8,2.2,Shift changeover & inspection,57.0,196.7
12613,141,2026-06-13,7.5,0.5,,110.1,288.5
12614,141,2026-06-14,6.5,1.5,Shift changeover & inspection,94.3,307.0
12615,141,2026-06-15,5.6,2.4,Shift changeover & inspection,73.3,117.0
12616,141,2026-06-16,6.0,2.0,Shift changeover & inspection,70.9,203.8
12617,141,2026-06-17,7.5,0.5,,95.9,347.6
12618,141,2026-06-18,5.9,2.1,Shift changeover & inspection,81.7,291.3
12619,141,2026-06-19,5.7,2.3,Shift changeover & inspection,57.9,255.2
12620,141,2026-06-20,7.5,0.5,,86.8,222.8
12621,141,2026-06-21,7.5,0.5,,70.9,336.3
12622,141,2026-06-22,6.0,2.0,Shift changeover & inspection,86.7,214.0
12623,141,2026-06-23,2.4,5.6,Blasting toxic fume / dust clearance standstill,21.0,114.9
12624,141,2026-06-24,7.0,1.0,Shift changeover & inspection,93.3,159.2
12625,141,2026-06-25,6.5,1.5,Shift changeover & inspection,86.3,276.1
12626,141,2026-06-26,6.3,1.7,Shift changeover & inspection,64.9,259.4
12627,141,2026-06-27,7.5,0.5,,107.7,361.7
12628,141,2026-06-28,6.0,2.0,Shift changeover & inspection,61.7,260.0
12629,141,2026-06-29,0.2,7.8,Blasting toxic fume / dust clearance standstill,2.1,8.4
12630,141,2026-06-30,7.4,0.6,,73.9,320.0
12631,141,2026-07-01,1.5,6.5,Rainwater inundation at bottom pit bench (>40mm downpour),15.2,67.7
12632,141,2026-07-02,2.3,5.7,Main sump pump silt clogging from monsoon slurry,21.2,100.2
12633,141,2026-07-03,4.0,4.0,Tyre sidewall cut on sharp gondite boulders,35.3,104.5
12634,141,2026-07-04,2.3,5.7,Tyre sidewall cut on sharp gondite boulders,22.5,97.1
12635,141,2026-07-05,7.6,0.4,,85.7,344.5
12636,141,2026-07-06,5.8,2.2,Shift changeover & inspection,61.6,209.2
12637,141,2026-07-07,7.5,0.5,,110.8,171.8
12638,141,2026-07-08,5.7,2.3,Shift changeover & inspection,74.0,148.0
12639,141,2026-07-09,6.7,1.3,Shift changeover & inspection,98.7,246.3
12640,141,2026-07-10,6.0,2.0,Shift changeover & inspection,63.8,139.4
12641,141,2026-07-11,2.4,5.6,Rainwater inundation at bottom pit bench (>40mm downpour),22.8,58.9
12642,141,2026-07-12,6.5,1.5,Shift changeover & inspection,63.8,226.6
12643,141,2026-07-13,6.7,1.3,Shift changeover & inspection,89.3,257.8
12644,141,2026-07-14,7.8,0.2,,116.2,376.8
12645,141,2026-07-15,3.6,4.4,Tyre sidewall cut on sharp gondite boulders,50.5,119.5
12646,141,2026-07-16,2.0,6.0,Tyre sidewall cut on sharp gondite boulders,26.0,83.8
12647,141,2026-07-17,6.8,1.2,Shift changeover & inspection,66.3,327.1
12648,141,2026-07-18,1.7,6.3,Tyre sidewall cut on sharp gondite boulders,17.3,79.0
12649,141,2026-07-19,6.1,1.9,Shift changeover & inspection,53.7,213.1
12650,141,2026-07-20,6.3,1.7,Shift changeover & inspection,71.2,290.9
12651,141,2026-07-21,6.6,1.4,Shift changeover & inspection,73.9,288.4
12652,141,2026-07-22,7.4,0.6,,73.0,336.8
12653,141,2026-07-23,2.0,6.0,Main sump pump silt clogging from monsoon slurry,24.2,52.6
12654,141,2026-07-24,3.5,4.5,Main sump pump silt clogging from monsoon slurry,33.9,135.3
12655,141,2026-07-25,5.5,2.5,Shift changeover & inspection,57.3,236.6
12656,141,2026-07-26,5.8,2.2,Shift changeover & inspection,61.4,248.7
12657,141,2026-07-27,3.5,4.5,Rainwater inundation at bottom pit bench (>40mm downpour),33.4,106.4
12658,141,2026-07-28,2.4,5.6,Tyre sidewall cut on sharp gondite boulders,29.4,94.7
12659,141,2026-07-29,2.1,5.9,Rainwater inundation at bottom pit bench (>40mm downpour),21.6,82.6
12660,141,2026-07-30,4.0,4.0,Main sump pump silt clogging from monsoon slurry,45.2,135.0
12661,141,2026-07-31,6.2,1.8,Shift changeover & inspection,66.9,142.5
12662,141,2026-08-01,3.9,4.1,Main sump pump silt clogging from monsoon slurry,41.1,95.9
12663,141,2026-08-02,7.8,0.2,,90.1,267.7
12664,141,2026-08-03,6.1,1.9,Shift changeover & inspection,62.3,260.6
12665,141,2026-08-04,7.2,0.8,,93.0,268.9
12666,141,2026-08-05,3.7,4.3,Rainwater inundation at bottom pit bench (>40mm downpour),35.8,179.1
12667,141,2026-08-06,5.9,2.1,Shift changeover & inspection,71.0,247.0
12668,141,2026-08-07,0.5,7.5,Hydraulic hose burst / high pressure pump cavitation,7.3,10.4
12669,141,2026-08-08,7.8,0.2,,106.9,386.6
12670,141,2026-08-09,7.3,0.7,,78.9,309.4
12671,141,2026-08-10,7.5,0.5,,96.7,312.9
12672,141,2026-08-11,3.4,4.6,Main sump pump silt clogging from monsoon slurry,40.6,80.8
12673,141,2026-08-12,2.8,5.2,Rainwater inundation at bottom pit bench (>40mm downpour),29.3,117.8
12674,141,2026-08-13,2.1,5.9,Rainwater inundation at bottom pit bench (>40mm downpour),20.6,68.7
12675,141,2026-08-14,6.0,2.0,Shift changeover & inspection,57.3,252.4
12676,141,2026-08-15,7.5,0.5,,112.3,228.6
12677,141,2026-08-16,6.8,1.2,Shift changeover & inspection,61.5,169.4
12678,141,2026-08-17,5.8,2.2,Shift changeover & inspection,69.1,139.0
12679,141,2026-08-18,7.7,0.3,,94.3,229.5
12680,141,2026-08-19,7.7,0.3,,61.8,218.9
12681,141,2026-08-20,5.5,2.5,Shift changeover & inspection,81.7,154.3
12682,141,2026-08-21,0.1,7.9,DGMS statutory electrical ground-fault trip,1.1,3.0
12683,141,2026-08-22,2.5,5.5,DGMS statutory electrical ground-fault trip,30.6,122.9
12684,141,2026-08-23,5.7,2.3,Shift changeover & inspection,55.5,122.1
12685,141,2026-08-24,1.5,6.5,Main sump pump silt clogging from monsoon slurry,19.7,73.0
12686,141,2026-08-25,7.2,0.8,,89.7,169.2
12687,141,2026-08-26,7.2,0.8,,71.7,227.0
12688,141,2026-08-27,3.0,5.0,Tyre sidewall cut on sharp gondite boulders,31.5,79.1
12689,141,2026-08-28,6.0,2.0,Shift changeover & inspection,89.1,146.3
12690,141,2026-08-29,3.9,4.1,Main sump pump silt clogging from monsoon slurry,56.8,115.1
12691,142,2026-06-01,6.9,1.1,Shift changeover & inspection,65.0,304.0
12692,142,2026-06-02,6.0,2.0,Shift changeover & inspection,56.8,182.4
12693,142,2026-06-03,7.6,0.4,,97.1,287.4
12694,142,2026-06-04,6.2,1.8,Shift changeover & inspection,90.4,126.8
12695,142,2026-06-05,7.3,0.7,,64.3,277.1
12696,142,2026-06-06,1.6,6.4,Main sump pump silt clogging from monsoon slurry,16.3,60.4
12697,142,2026-06-07,7.7,0.3,,91.6,380.1
12698,142,2026-06-08,6.7,1.3,Shift changeover & inspection,78.4,181.5
12699,142,2026-06-09,2.5,5.5,Rainwater inundation at bottom pit bench (>40mm downpour),32.8,54.1
12700,142,2026-06-10,6.6,1.4,Shift changeover & inspection,78.7,317.5
12701,142,2026-06-11,6.0,2.0,Shift changeover & inspection,57.2,137.1
12702,142,2026-06-12,6.3,1.7,Shift changeover & inspection,72.4,291.1
12703,142,2026-06-13,7.5,0.5,,85.8,315.8
12704,142,2026-06-14,6.5,1.5,Shift changeover & inspection,76.6,175.7
12705,142,2026-06-15,7.3,0.7,,95.5,243.6
12706,142,2026-06-16,7.4,0.6,,104.1,201.4
12707,142,2026-06-17,7.1,0.9,,73.5,321.5
12708,142,2026-06-18,7.4,0.6,,80.1,205.5
12709,142,2026-06-19,5.5,2.5,Shift changeover & inspection,75.9,188.9
12710,142,2026-06-20,7.5,0.5,,80.2,195.7
12711,142,2026-06-21,6.9,1.1,Shift changeover & inspection,74.0,198.3
12712,142,2026-06-22,5.7,2.3,Shift changeover & inspection,50.3,118.0
12713,142,2026-06-23,7.6,0.4,,84.5,366.1
12714,142,2026-06-24,6.2,1.8,Shift changeover & inspection,82.7,243.2
12715,142,2026-06-25,7.6,0.4,,92.4,235.1
12716,142,2026-06-26,7.3,0.7,,96.5,151.3
12717,142,2026-06-27,6.9,1.1,Shift changeover & inspection,55.2,188.6
12718,142,2026-06-28,7.8,0.2,,65.9,337.6
12719,142,2026-06-29,6.2,1.8,Shift changeover & inspection,78.3,269.5
12720,142,2026-06-30,0.0,8.0,Engine overheated (>44°C ambient summer load),0.0,0.0
12721,142,2026-07-01,6.7,1.3,Shift changeover & inspection,72.0,136.9
12722,142,2026-07-02,1.9,6.1,DGMS statutory electrical ground-fault trip,24.9,66.1
12723,142,2026-07-03,7.2,0.8,,87.3,317.7
12724,142,2026-07-04,6.0,2.0,Shift changeover & inspection,74.1,214.8
12725,142,2026-07-05,7.2,0.8,,81.1,241.4
12726,142,2026-07-06,7.2,0.8,,92.7,350.0
12727,142,2026-07-07,2.2,5.8,Rainwater inundation at bottom pit bench (>40mm downpour),24.4,95.6
12728,142,2026-07-08,7.7,0.3,,103.7,320.6
12729,142,2026-07-09,2.5,5.5,Rainwater inundation at bottom pit bench (>40mm downpour),32.9,65.7
12730,142,2026-07-10,7.0,1.0,Shift changeover & inspection,69.7,276.5
12731,142,2026-07-11,7.1,0.9,,105.4,352.2
12732,142,2026-07-12,5.6,2.4,Shift changeover & inspection,49.6,243.5
12733,142,2026-07-13,2.2,5.8,Rainwater inundation at bottom pit bench (>40mm downpour),19.2,66.3
12734,142,2026-07-14,7.6,0.4,,75.6,288.6
12735,142,2026-07-15,6.1,1.9,Shift changeover & inspection,70.0,151.0
12736,142,2026-07-16,7.6,0.4,,62.9,377.2
12737,142,2026-07-17,6.4,1.6,Shift changeover & inspection,60.0,172.2
12738,142,2026-07-18,6.3,1.7,Shift changeover & inspection,85.0,263.1
12739,142,2026-07-19,6.5,1.5,Shift changeover & inspection,72.8,190.3
12740,142,2026-07-20,1.2,6.8,Blasting toxic fume / dust clearance standstill,15.0,43.2
12741,142,2026-07-21,7.5,0.5,,100.6,151.6
12742,142,2026-07-22,6.0,2.0,Shift changeover & inspection,89.5,240.8
12743,142,2026-07-23,1.8,6.2,Tyre sidewall cut on sharp gondite boulders,24.9,55.6
12744,142,2026-07-24,7.6,0.4,,82.9,261.1
12745,142,2026-07-25,4.3,3.7,Main sump pump silt clogging from monsoon slurry,42.6,213.1
12746,142,2026-07-26,2.6,5.4,Rainwater inundation at bottom pit bench (>40mm downpour),36.8,63.5
12747,142,2026-07-27,2.4,5.6,Rainwater inundation at bottom pit bench (>40mm downpour),25.9,94.4
12748,142,2026-07-28,2.8,5.2,Tyre sidewall cut on sharp gondite boulders,25.4,138.3
12749,142,2026-07-29,3.4,4.6,Rainwater inundation at bottom pit bench (>40mm downpour),27.5,139.6
12750,142,2026-07-30,7.5,0.5,,101.9,310.2
12751,142,2026-07-31,3.7,4.3,Rainwater inundation at bottom pit bench (>40mm downpour),50.6,86.4
12752,142,2026-08-01,5.6,2.4,Shift changeover & inspection,53.6,266.1
12753,142,2026-08-02,6.4,1.6,Shift changeover & inspection,58.7,220.3
12754,142,2026-08-03,7.0,1.0,Shift changeover & inspection,58.5,310.9
12755,142,2026-08-04,6.7,1.3,Shift changeover & inspection,78.4,307.3
12756,142,2026-08-05,2.1,5.9,Tyre sidewall cut on sharp gondite boulders,30.0,82.5
12757,142,2026-08-06,7.0,1.0,Shift changeover & inspection,100.7,248.4
12758,142,2026-08-07,4.1,3.9,Main sump pump silt clogging from monsoon slurry,40.7,187.5
12759,142,2026-08-08,7.5,0.5,,79.6,169.8
12760,142,2026-08-09,7.2,0.8,,88.5,258.8
12761,142,2026-08-10,6.6,1.4,Shift changeover & inspection,85.1,140.8
12762,142,2026-08-11,2.8,5.2,Rainwater inundation at bottom pit bench (>40mm downpour),31.4,112.7
12763,142,2026-08-12,7.5,0.5,,70.9,248.7
12764,142,2026-08-13,5.9,2.1,Shift changeover & inspection,61.8,191.0
12765,142,2026-08-14,3.1,4.9,Main sump pump silt clogging from monsoon slurry,45.9,150.5
12766,142,2026-08-15,5.7,2.3,Shift changeover & inspection,68.9,118.2
12767,142,2026-08-16,6.3,1.7,Shift changeover & inspection,59.9,305.4
12768,142,2026-08-17,7.0,1.0,Shift changeover & inspection,75.5,275.4
12769,142,2026-08-18,5.8,2.2,Shift changeover & inspection,72.7,234.3
12770,142,2026-08-19,7.0,1.0,Shift changeover & inspection,94.2,164.3
12771,142,2026-08-20,6.6,1.4,Shift changeover & inspection,80.6,186.2
12772,142,2026-08-21,2.2,5.8,DGMS statutory electrical ground-fault trip,27.8,51.3
12773,142,2026-08-22,1.8,6.2,Tyre sidewall cut on sharp gondite boulders,18.0,81.2
12774,142,2026-08-23,7.1,0.9,,97.8,337.5
12775,142,2026-08-24,7.3,0.7,,85.4,266.2
12776,142,2026-08-25,6.5,1.5,Shift changeover & inspection,59.9,144.5
12777,142,2026-08-26,5.9,2.1,Shift changeover & inspection,55.4,237.2
12778,142,2026-08-27,3.0,5.0,Rainwater inundation at bottom pit bench (>40mm downpour),27.1,108.8
12779,142,2026-08-28,4.2,3.8,Tyre sidewall cut on sharp gondite boulders,58.2,208.8
12780,142,2026-08-29,6.8,1.2,Shift changeover & inspection,61.3,230.2
12781,143,2026-06-01,7.2,0.8,,71.2,161.7
12782,143,2026-06-02,5.6,2.4,Shift changeover & inspection,61.7,129.7
12783,143,2026-06-03,2.3,5.7,Blasting toxic fume / dust clearance standstill,32.1,63.6
12784,143,2026-06-04,7.5,0.5,,89.6,265.4
12785,143,2026-06-05,6.2,1.8,Shift changeover & inspection,63.5,228.2
12786,143,2026-06-06,7.6,0.4,,91.5,272.3
12787,143,2026-06-07,3.1,4.9,Shaft winder cage guide rope alignment check,34.6,119.3
12788,143,2026-06-08,7.4,0.6,,97.7,359.7
12789,143,2026-06-09,5.9,2.1,Shift changeover & inspection,68.0,231.4
12790,143,2026-06-10,7.5,0.5,,108.8,193.6
12791,143,2026-06-11,6.3,1.7,Shift changeover & inspection,94.3,312.6
12792,143,2026-06-12,6.4,1.6,Shift changeover & inspection,62.7,302.3
12793,143,2026-06-13,6.1,1.9,Shift changeover & inspection,59.1,255.6
12794,143,2026-06-14,1.2,6.8,Tyre sidewall cut on sharp gondite boulders,17.1,50.7
12795,143,2026-06-15,6.0,2.0,Shift changeover & inspection,85.4,204.9
12796,143,2026-06-16,6.7,1.3,Shift changeover & inspection,70.4,169.6
12797,143,2026-06-17,5.9,2.1,Shift changeover & inspection,55.5,247.4
12798,143,2026-06-18,6.6,1.4,Shift changeover & inspection,90.1,185.0
12799,143,2026-06-19,1.0,7.0,Rainwater inundation at bottom pit bench (>40mm downpour),13.6,30.5
12800,143,2026-06-20,7.5,0.5,,82.5,320.7
12801,143,2026-06-21,5.7,2.3,Shift changeover & inspection,77.2,151.6
12802,143,2026-06-22,6.2,1.8,Shift changeover & inspection,58.9,267.6
12803,143,2026-06-23,6.0,2.0,Shift changeover & inspection,64.3,195.7
12804,143,2026-06-24,6.2,1.8,Shift changeover & inspection,74.1,167.2
12805,143,2026-06-25,7.3,0.7,,70.7,219.5
12806,143,2026-06-26,5.6,2.4,Shift changeover & inspection,69.6,161.4
12807,143,2026-06-27,7.1,0.9,,83.9,269.4
12808,143,2026-06-28,7.6,0.4,,98.4,239.2
12809,143,2026-06-29,7.8,0.2,,64.7,354.6
12810,143,2026-06-30,5.8,2.2,Shift changeover & inspection,64.1,204.7
12811,143,2026-07-01,6.2,1.8,Shift changeover & inspection,70.9,205.9
12812,143,2026-07-02,7.4,0.6,,102.9,297.1
12813,143,2026-07-03,4.2,3.8,Main sump pump silt clogging from monsoon slurry,34.9,107.8
12814,143,2026-07-04,6.9,1.1,Shift changeover & inspection,77.0,337.7
12815,143,2026-07-05,5.6,2.4,Shift changeover & inspection,51.6,168.0
12816,143,2026-07-06,5.9,2.1,Shift changeover & inspection,69.6,283.0
12817,143,2026-07-07,7.1,0.9,,66.7,166.3
12818,143,2026-07-08,0.4,7.6,Shaft winder cage guide rope alignment check,3.4,14.8
12819,143,2026-07-09,6.4,1.6,Shift changeover & inspection,66.8,211.8
12820,143,2026-07-10,6.7,1.3,Shift changeover & inspection,55.0,205.8
12821,143,2026-07-11,1.8,6.2,Main sump pump silt clogging from monsoon slurry,22.6,67.6
12822,143,2026-07-12,3.0,5.0,Rainwater inundation at bottom pit bench (>40mm downpour),37.9,130.3
12823,143,2026-07-13,7.6,0.4,,92.3,223.8
12824,143,2026-07-14,7.7,0.3,,95.4,350.0
12825,143,2026-07-15,3.3,4.7,Main sump pump silt clogging from monsoon slurry,34.1,129.8
12826,143,2026-07-16,7.6,0.4,,72.1,306.4
12827,143,2026-07-17,6.4,1.6,Shift changeover & inspection,75.3,309.7
12828,143,2026-07-18,5.8,2.2,Shift changeover & inspection,73.2,184.7
12829,143,2026-07-19,3.7,4.3,Tyre sidewall cut on sharp gondite boulders,53.1,83.7
12830,143,2026-07-20,7.8,0.2,,77.9,356.0
12831,143,2026-07-21,1.6,6.4,Rainwater inundation at bottom pit bench (>40mm downpour),15.8,38.4
12832,143,2026-07-22,7.8,0.2,,116.8,238.5
12833,143,2026-07-23,6.3,1.7,Shift changeover & inspection,60.5,264.6
12834,143,2026-07-24,5.6,2.4,Shift changeover & inspection,78.7,188.4
12835,143,2026-07-25,0.6,7.4,Tyre sidewall cut on sharp gondite boulders,6.6,28.5
12836,143,2026-07-26,6.1,1.9,Shift changeover & inspection,88.4,146.7
12837,143,2026-07-27,6.3,1.7,Shift changeover & inspection,60.4,186.2
12838,143,2026-07-28,2.7,5.3,Main sump pump silt clogging from monsoon slurry,26.4,79.2
12839,143,2026-07-29,7.6,0.4,,101.9,210.1
12840,143,2026-07-30,2.9,5.1,Tyre sidewall cut on sharp gondite boulders,28.5,69.6
12841,143,2026-07-31,7.1,0.9,,62.2,197.7
12842,143,2026-08-01,5.7,2.3,Shift changeover & inspection,73.2,242.5
12843,143,2026-08-02,1.5,6.5,DGMS statutory electrical ground-fault trip,14.7,74.5
12844,143,2026-08-03,3.0,5.0,Rainwater inundation at bottom pit bench (>40mm downpour),38.8,63.9
12845,143,2026-08-04,6.9,1.1,Shift changeover & inspection,87.1,342.7
12846,143,2026-08-05,3.4,4.6,Main sump pump silt clogging from monsoon slurry,41.8,137.8
12847,143,2026-08-06,7.0,1.0,Shift changeover & inspection,79.1,291.8
12848,143,2026-08-07,6.6,1.4,Shift changeover & inspection,83.1,247.4
12849,143,2026-08-08,7.8,0.2,,68.1,255.4
12850,143,2026-08-09,3.5,4.5,Tyre sidewall cut on sharp gondite boulders,39.2,122.2
12851,143,2026-08-10,2.8,5.2,Hydraulic hose burst / high pressure pump cavitation,39.7,121.6
12852,143,2026-08-11,6.4,1.6,Shift changeover & inspection,58.5,152.3
12853,143,2026-08-12,5.9,2.1,Shift changeover & inspection,76.7,188.2
12854,143,2026-08-13,3.3,4.7,Main sump pump silt clogging from monsoon slurry,48.9,141.4
12855,143,2026-08-14,6.9,1.1,Shift changeover & inspection,99.4,214.2
12856,143,2026-08-15,6.6,1.4,Shift changeover & inspection,73.3,229.6
12857,143,2026-08-16,5.9,2.1,Shift changeover & inspection,77.0,125.9
12858,143,2026-08-17,7.2,0.8,,75.0,334.9
12859,143,2026-08-18,2.3,5.7,Tyre sidewall cut on sharp gondite boulders,28.0,101.4
12860,143,2026-08-19,3.0,5.0,Tyre sidewall cut on sharp gondite boulders,42.7,108.4
12861,143,2026-08-20,5.9,2.1,Shift changeover & inspection,86.5,178.6
12862,143,2026-08-21,7.3,0.7,,92.7,180.7
12863,143,2026-08-22,1.6,6.4,Rainwater inundation at bottom pit bench (>40mm downpour),17.1,54.1
12864,143,2026-08-23,7.2,0.8,,76.5,294.9
12865,143,2026-08-24,7.6,0.4,,106.1,174.7
12866,143,2026-08-25,2.7,5.3,Tyre sidewall cut on sharp gondite boulders,27.2,55.3
12867,143,2026-08-26,3.0,5.0,Hydraulic hose burst / high pressure pump cavitation,25.9,65.5
12868,143,2026-08-27,2.4,5.6,Rainwater inundation at bottom pit bench (>40mm downpour),30.3,67.2
12869,143,2026-08-28,6.5,1.5,Shift changeover & inspection,58.6,218.1
12870,143,2026-08-29,5.8,2.2,Shift changeover & inspection,65.3,203.2
12871,144,2026-06-01,5.8,2.2,Shift changeover & inspection,51.6,180.4
12872,144,2026-06-02,7.6,0.4,,84.3,371.5
12873,144,2026-06-03,3.0,5.0,Hydraulic hose burst / high pressure pump cavitation,44.3,114.3
12874,144,2026-06-04,6.5,1.5,Shift changeover & inspection,88.0,234.6
12875,144,2026-06-05,7.5,0.5,,102.2,199.8
12876,144,2026-06-06,6.1,1.9,Shift changeover & inspection,63.2,162.8
12877,144,2026-06-07,6.0,2.0,Shift changeover & inspection,58.9,173.8
12878,144,2026-06-08,5.7,2.3,Shift changeover & inspection,84.0,183.7
12879,144,2026-06-09,1.2,6.8,Engine overheated (>44°C ambient summer load),17.3,48.8
12880,144,2026-06-10,6.8,1.2,Shift changeover & inspection,80.9,265.0
12881,144,2026-06-11,7.7,0.3,,77.6,167.4
12882,144,2026-06-12,6.9,1.1,Shift changeover & inspection,91.3,230.0
12883,144,2026-06-13,7.1,0.9,,85.6,274.9
12884,144,2026-06-14,6.9,1.1,Shift changeover & inspection,83.3,303.4
12885,144,2026-06-15,6.4,1.6,Shift changeover & inspection,68.6,189.3
12886,144,2026-06-16,6.0,2.0,Shift changeover & inspection,63.1,156.4
12887,144,2026-06-17,7.2,0.8,,81.2,295.1
12888,144,2026-06-18,5.9,2.1,Shift changeover & inspection,63.2,120.8
12889,144,2026-06-19,7.2,0.8,,69.0,339.3
12890,144,2026-06-20,7.5,0.5,,86.1,232.3
12891,144,2026-06-21,5.9,2.1,Shift changeover & inspection,51.7,163.4
12892,144,2026-06-22,3.4,4.6,Hydraulic hose burst / high pressure pump cavitation,33.8,156.1
12893,144,2026-06-23,6.5,1.5,Shift changeover & inspection,64.2,206.3
12894,144,2026-06-24,7.2,0.8,,106.7,235.4
12895,144,2026-06-25,6.4,1.6,Shift changeover & inspection,89.9,234.9
12896,144,2026-06-26,0.8,7.2,Tyre sidewall cut on sharp gondite boulders,9.2,39.1
12897,144,2026-06-27,5.8,2.2,Shift changeover & inspection,67.3,122.4
12898,144,2026-06-28,7.4,0.6,,98.6,207.6
12899,144,2026-06-29,6.5,1.5,Shift changeover & inspection,59.0,248.3
12900,144,2026-06-30,6.5,1.5,Shift changeover & inspection,84.4,162.7
12901,144,2026-07-01,6.1,1.9,Shift changeover & inspection,71.0,219.6
12902,144,2026-07-02,6.4,1.6,Shift changeover & inspection,57.7,269.6
12903,144,2026-07-03,6.2,1.8,Shift changeover & inspection,60.8,173.4
12904,144,2026-07-04,5.7,2.3,Shift changeover & inspection,74.0,119.2
12905,144,2026-07-05,4.4,3.6,Tyre sidewall cut on sharp gondite boulders,42.6,145.6
12906,144,2026-07-06,5.9,2.1,Shift changeover & inspection,81.0,140.2
12907,144,2026-07-07,6.4,1.6,Shift changeover & inspection,62.5,175.9
12908,144,2026-07-08,4.0,4.0,Main sump pump silt clogging from monsoon slurry,39.2,171.7
12909,144,2026-07-09,2.9,5.1,Main sump pump silt clogging from monsoon slurry,37.7,65.0
12910,144,2026-07-10,5.8,2.2,Shift changeover & inspection,73.5,143.2
12911,144,2026-07-11,1.6,6.4,Rainwater inundation at bottom pit bench (>40mm downpour),23.7,67.2
12912,144,2026-07-12,1.5,6.5,Rainwater inundation at bottom pit bench (>40mm downpour),13.6,60.6
12913,144,2026-07-13,6.7,1.3,Shift changeover & inspection,95.1,300.1
12914,144,2026-07-14,5.6,2.4,Shift changeover & inspection,82.9,217.4
12915,144,2026-07-15,0.6,7.4,Rainwater inundation at bottom pit bench (>40mm downpour),8.8,15.9
12916,144,2026-07-16,3.3,4.7,Blasting toxic fume / dust clearance standstill,38.5,164.4
12917,144,2026-07-17,4.4,3.6,Main sump pump silt clogging from monsoon slurry,54.9,134.7
12918,144,2026-07-18,7.1,0.9,,92.4,209.4
12919,144,2026-07-19,3.2,4.8,Tyre sidewall cut on sharp gondite boulders,43.7,113.2
12920,144,2026-07-20,7.8,0.2,,80.6,241.7
12921,144,2026-07-21,2.0,6.0,Rainwater inundation at bottom pit bench (>40mm downpour),18.3,86.8
12922,144,2026-07-22,2.3,5.7,Main sump pump silt clogging from monsoon slurry,24.3,87.4
12923,144,2026-07-23,1.9,6.1,Tyre sidewall cut on sharp gondite boulders,28.4,75.8
12924,144,2026-07-24,6.7,1.3,Shift changeover & inspection,54.6,236.2
12925,144,2026-07-25,3.9,4.1,Tyre sidewall cut on sharp gondite boulders,48.6,155.5
12926,144,2026-07-26,3.6,4.4,Main sump pump silt clogging from monsoon slurry,35.9,95.5
12927,144,2026-07-27,6.0,2.0,Shift changeover & inspection,87.3,292.5
12928,144,2026-07-28,1.6,6.4,Main sump pump silt clogging from monsoon slurry,21.4,70.6
12929,144,2026-07-29,7.4,0.6,,109.8,350.3
12930,144,2026-07-30,7.5,0.5,,79.9,315.0
12931,144,2026-07-31,7.5,0.5,,64.2,270.0
12932,144,2026-08-01,6.5,1.5,Shift changeover & inspection,79.1,193.3
12933,144,2026-08-02,7.1,0.9,,88.1,201.8
12934,144,2026-08-03,3.6,4.4,Tyre sidewall cut on sharp gondite boulders,52.8,177.8
12935,144,2026-08-04,6.7,1.3,Shift changeover & inspection,57.7,151.1
12936,144,2026-08-05,7.5,0.5,,75.1,322.9
12937,144,2026-08-06,7.6,0.4,,91.1,332.7
12938,144,2026-08-07,6.5,1.5,Shift changeover & inspection,67.1,241.9
12939,144,2026-08-08,7.0,1.0,Shift changeover & inspection,92.8,272.7
12940,144,2026-08-09,7.3,0.7,,86.1,160.4
12941,144,2026-08-10,0.8,7.2,DGMS statutory electrical ground-fault trip,8.5,37.5
12942,144,2026-08-11,3.0,5.0,Rainwater inundation at bottom pit bench (>40mm downpour),25.9,118.1
12943,144,2026-08-12,3.2,4.8,Rainwater inundation at bottom pit bench (>40mm downpour),39.2,78.8
12944,144,2026-08-13,2.9,5.1,Tyre sidewall cut on sharp gondite boulders,30.5,119.7
12945,144,2026-08-14,7.4,0.6,,61.4,324.5
12946,144,2026-08-15,2.1,5.9,Shaft winder cage guide rope alignment check,22.3,86.1
12947,144,2026-08-16,5.8,2.2,Shift changeover & inspection,75.1,126.4
12948,144,2026-08-17,5.5,2.5,Shift changeover & inspection,47.0,182.8
12949,144,2026-08-18,2.3,5.7,Rainwater inundation at bottom pit bench (>40mm downpour),29.7,109.6
12950,144,2026-08-19,7.4,0.6,,92.5,356.2
12951,144,2026-08-20,6.0,2.0,Shift changeover & inspection,48.7,206.0
12952,144,2026-08-21,1.9,6.1,Tyre sidewall cut on sharp gondite boulders,18.9,52.3
12953,144,2026-08-22,5.6,2.4,Shift changeover & inspection,63.6,263.9
12954,144,2026-08-23,4.5,3.5,Tyre sidewall cut on sharp gondite boulders,42.2,202.1
12955,144,2026-08-24,6.4,1.6,Shift changeover & inspection,77.7,308.2
12956,144,2026-08-25,1.5,6.5,Main sump pump silt clogging from monsoon slurry,17.4,33.2
12957,144,2026-08-26,7.3,0.7,,78.8,171.9
12958,144,2026-08-27,5.9,2.1,Shift changeover & inspection,85.7,247.4
12959,144,2026-08-28,6.5,1.5,Shift changeover & inspection,97.0,157.0
12960,144,2026-08-29,6.4,1.6,Shift changeover & inspection,76.0,262.1
12961,145,2026-06-01,7.4,0.6,,182.3,353.9
12962,145,2026-06-02,5.7,2.3,Shift changeover & inspection,232.6,184.8
12963,145,2026-06-03,5.5,2.5,Shift changeover & inspection,176.7,121.3
12964,145,2026-06-04,6.9,1.1,Shift changeover & inspection,185.2,313.4
12965,145,2026-06-05,5.9,2.1,Shift changeover & inspection,148.0,284.4
12966,145,2026-06-06,6.3,1.7,Shift changeover & inspection,155.3,270.5
12967,145,2026-06-07,6.2,1.8,Shift changeover & inspection,255.6,209.5
12968,145,2026-06-08,6.8,1.2,Shift changeover & inspection,221.0,137.9
12969,145,2026-06-09,2.2,5.8,Shaft winder cage guide rope alignment check,78.5,47.3
12970,145,2026-06-10,6.5,1.5,Shift changeover & inspection,159.5,161.8
12971,145,2026-06-11,7.5,0.5,,168.4,303.8
12972,145,2026-06-12,7.3,0.7,,287.8,344.3
12973,145,2026-06-13,6.1,1.9,Shift changeover & inspection,153.4,201.5
12974,145,2026-06-14,6.7,1.3,Shift changeover & inspection,249.8,314.4
12975,145,2026-06-15,6.5,1.5,Shift changeover & inspection,169.8,229.0
12976,145,2026-06-16,5.8,2.2,Shift changeover & inspection,235.3,215.0
12977,145,2026-06-17,7.6,0.4,,330.8,185.3
12978,145,2026-06-18,2.1,5.9,Hydraulic hose burst / high pressure pump cavitation,48.9,93.4
12979,145,2026-06-19,6.5,1.5,Shift changeover & inspection,200.1,158.1
12980,145,2026-06-20,1.0,7.0,Rainwater inundation at bottom pit bench (>40mm downpour),38.7,29.5
12981,145,2026-06-21,7.1,0.9,,235.4,179.6
12982,145,2026-06-22,7.2,0.8,,162.7,295.5
12983,145,2026-06-23,5.6,2.4,Shift changeover & inspection,182.0,128.9
12984,145,2026-06-24,6.7,1.3,Shift changeover & inspection,243.0,258.8
12985,145,2026-06-25,6.4,1.6,Shift changeover & inspection,180.6,256.0
12986,145,2026-06-26,6.9,1.1,Shift changeover & inspection,259.6,293.3
12987,145,2026-06-27,5.5,2.5,Shift changeover & inspection,240.3,239.2
12988,145,2026-06-28,7.8,0.2,,314.0,182.7
12989,145,2026-06-29,5.8,2.2,Shift changeover & inspection,150.9,227.9
12990,145,2026-06-30,1.7,6.3,Main sump pump silt clogging from monsoon slurry,66.7,80.9
12991,145,2026-07-01,7.3,0.7,,197.8,273.2
12992,145,2026-07-02,5.9,2.1,Shift changeover & inspection,196.1,188.6
12993,145,2026-07-03,6.9,1.1,Shift changeover & inspection,248.9,301.7
12994,145,2026-07-04,5.6,2.4,Shift changeover & inspection,206.1,154.1
12995,145,2026-07-05,5.9,2.1,Shift changeover & inspection,251.7,265.5
12996,145,2026-07-06,1.7,6.3,Hydraulic hose burst / high pressure pump cavitation,72.0,56.2
12997,145,2026-07-07,2.5,5.5,Main sump pump silt clogging from monsoon slurry,68.6,94.3
12998,145,2026-07-08,7.5,0.5,,284.4,231.7
12999,145,2026-07-09,0.5,7.5,DGMS statutory electrical ground-fault trip,16.1,22.6
13000,145,2026-07-10,6.9,1.1,Shift changeover & inspection,174.2,282.4
13001,145,2026-07-11,6.8,1.2,Shift changeover & inspection,269.6,295.0
13002,145,2026-07-12,1.8,6.2,Rainwater inundation at bottom pit bench (>40mm downpour),66.2,39.6
13003,145,2026-07-13,6.0,2.0,Shift changeover & inspection,201.5,132.7
13004,145,2026-07-14,6.3,1.7,Shift changeover & inspection,280.7,149.0
13005,145,2026-07-15,4.1,3.9,Main sump pump silt clogging from monsoon slurry,90.6,188.3
13006,145,2026-07-16,6.6,1.4,Shift changeover & inspection,186.9,160.1
13007,145,2026-07-17,5.6,2.4,Shift changeover & inspection,232.7,231.7
13008,145,2026-07-18,7.5,0.5,,317.5,174.7
13009,145,2026-07-19,6.5,1.5,Shift changeover & inspection,150.6,229.4
13010,145,2026-07-20,2.9,5.1,DGMS statutory electrical ground-fault trip,107.8,102.1
13011,145,2026-07-21,6.7,1.3,Shift changeover & inspection,168.5,178.3
13012,145,2026-07-22,1.5,6.5,Rainwater inundation at bottom pit bench (>40mm downpour),47.0,59.9
13013,145,2026-07-23,6.4,1.6,Shift changeover & inspection,254.7,274.5
13014,145,2026-07-24,6.1,1.9,Shift changeover & inspection,242.7,186.6
13015,145,2026-07-25,6.2,1.8,Shift changeover & inspection,185.8,267.3
13016,145,2026-07-26,4.5,3.5,Main sump pump silt clogging from monsoon slurry,167.3,203.0
13017,145,2026-07-27,6.7,1.3,Shift changeover & inspection,182.7,302.5
13018,145,2026-07-28,2.1,5.9,Tyre sidewall cut on sharp gondite boulders,82.3,91.0
13019,145,2026-07-29,7.0,1.0,Shift changeover & inspection,165.5,232.9
13020,145,2026-07-30,7.3,0.7,,248.2,171.9
13021,145,2026-07-31,2.2,5.8,Main sump pump silt clogging from monsoon slurry,56.7,106.5
13022,145,2026-08-01,6.5,1.5,Shift changeover & inspection,226.8,152.6
13023,145,2026-08-02,6.4,1.6,Shift changeover & inspection,258.4,298.5
13024,145,2026-08-03,6.7,1.3,Shift changeover & inspection,270.3,190.4
13025,145,2026-08-04,3.9,4.1,Main sump pump silt clogging from monsoon slurry,131.9,133.0
13026,145,2026-08-05,7.3,0.7,,221.8,340.6
13027,145,2026-08-06,6.2,1.8,Shift changeover & inspection,146.4,131.3
13028,145,2026-08-07,3.3,4.7,Tyre sidewall cut on sharp gondite boulders,80.4,142.4
13029,145,2026-08-08,6.8,1.2,Shift changeover & inspection,154.4,190.7
13030,145,2026-08-09,1.3,6.7,Main sump pump silt clogging from monsoon slurry,49.7,57.8
13031,145,2026-08-10,4.4,3.6,Tyre sidewall cut on sharp gondite boulders,108.4,178.6
13032,145,2026-08-11,6.2,1.8,Shift changeover & inspection,168.8,179.6
13033,145,2026-08-12,7.2,0.8,,208.1,210.9
13034,145,2026-08-13,7.7,0.3,,322.0,308.9
13035,145,2026-08-14,6.3,1.7,Shift changeover & inspection,207.8,314.7
13036,145,2026-08-15,6.3,1.7,Shift changeover & inspection,221.2,292.4
13037,145,2026-08-16,1.9,6.1,Main sump pump silt clogging from monsoon slurry,66.2,82.0
13038,145,2026-08-17,2.8,5.2,Main sump pump silt clogging from monsoon slurry,74.8,81.7
13039,145,2026-08-18,4.1,3.9,Rainwater inundation at bottom pit bench (>40mm downpour),117.1,157.9
13040,145,2026-08-19,3.4,4.6,Tyre sidewall cut on sharp gondite boulders,75.3,101.9
13041,145,2026-08-20,6.1,1.9,Shift changeover & inspection,241.0,170.2
13042,145,2026-08-21,2.1,5.9,Tyre sidewall cut on sharp gondite boulders,54.7,68.3
13043,145,2026-08-22,2.8,5.2,Rainwater inundation at bottom pit bench (>40mm downpour),114.7,104.5
13044,145,2026-08-23,5.8,2.2,Shift changeover & inspection,151.6,214.1
13045,145,2026-08-24,6.8,1.2,Shift changeover & inspection,265.9,168.1
13046,145,2026-08-25,6.6,1.4,Shift changeover & inspection,160.9,317.4
13047,145,2026-08-26,6.3,1.7,Shift changeover & inspection,279.9,136.7
13048,145,2026-08-27,7.6,0.4,,219.6,360.0
13049,145,2026-08-28,2.9,5.1,Main sump pump silt clogging from monsoon slurry,120.7,104.8
13050,145,2026-08-29,6.5,1.5,Shift changeover & inspection,275.9,287.8
13051,146,2026-06-01,5.8,2.2,Shift changeover & inspection,167.6,167.8
13052,146,2026-06-02,0.1,7.9,Blasting toxic fume / dust clearance standstill,2.9,3.0
13053,146,2026-06-03,6.1,1.9,Shift changeover & inspection,213.1,127.9
13054,146,2026-06-04,5.7,2.3,Shift changeover & inspection,141.2,156.3
13055,146,2026-06-05,7.8,0.2,,241.8,170.7
13056,146,2026-06-06,6.1,1.9,Shift changeover & inspection,260.0,126.2
13057,146,2026-06-07,6.3,1.7,Shift changeover & inspection,236.1,159.4
13058,146,2026-06-08,5.5,2.5,Shift changeover & inspection,218.6,230.1
13059,146,2026-06-09,7.4,0.6,,295.5,197.2
13060,146,2026-06-10,6.6,1.4,Shift changeover & inspection,286.3,176.0
13061,146,2026-06-11,6.6,1.4,Shift changeover & inspection,215.7,144.6
13062,146,2026-06-12,6.5,1.5,Shift changeover & inspection,188.6,231.0
13063,146,2026-06-13,7.7,0.3,,219.9,263.7
13064,146,2026-06-14,6.3,1.7,Shift changeover & inspection,153.1,135.5
13065,146,2026-06-15,7.1,0.9,,203.7,301.4
13066,146,2026-06-16,6.0,2.0,Shift changeover & inspection,218.0,179.4
13067,146,2026-06-17,6.1,1.9,Shift changeover & inspection,254.2,253.9
13068,146,2026-06-18,6.4,1.6,Shift changeover & inspection,212.2,185.7
13069,146,2026-06-19,6.1,1.9,Shift changeover & inspection,227.2,148.3
13070,146,2026-06-20,7.3,0.7,,171.5,168.0
13071,146,2026-06-21,6.1,1.9,Shift changeover & inspection,260.2,201.1
13072,146,2026-06-22,5.7,2.3,Shift changeover & inspection,185.8,135.3
13073,146,2026-06-23,0.2,7.8,Tyre sidewall cut on sharp gondite boulders,7.2,8.2
13074,146,2026-06-24,6.3,1.7,Shift changeover & inspection,149.2,200.5
13075,146,2026-06-25,6.5,1.5,Shift changeover & inspection,211.5,179.1
13076,146,2026-06-26,6.7,1.3,Shift changeover & inspection,272.8,180.6
13077,146,2026-06-27,7.6,0.4,,300.3,179.4
13078,146,2026-06-28,5.9,2.1,Shift changeover & inspection,187.6,184.8
13079,146,2026-06-29,7.1,0.9,,219.2,335.9
13080,146,2026-06-30,7.3,0.7,,318.6,188.7
13081,146,2026-07-01,3.6,4.4,Main sump pump silt clogging from monsoon slurry,88.9,120.1
13082,146,2026-07-02,6.2,1.8,Shift changeover & inspection,269.7,269.4
13083,146,2026-07-03,2.5,5.5,Main sump pump silt clogging from monsoon slurry,91.4,77.2
13084,146,2026-07-04,6.3,1.7,Shift changeover & inspection,222.0,145.4
13085,146,2026-07-05,2.4,5.6,Main sump pump silt clogging from monsoon slurry,59.1,79.1
13086,146,2026-07-06,5.9,2.1,Shift changeover & inspection,146.8,190.6
13087,146,2026-07-07,3.0,5.0,Rainwater inundation at bottom pit bench (>40mm downpour),113.3,73.7
13088,146,2026-07-08,5.6,2.4,Shift changeover & inspection,245.8,127.0
13089,146,2026-07-09,5.6,2.4,Shift changeover & inspection,247.6,182.5
13090,146,2026-07-10,5.8,2.2,Shift changeover & inspection,185.6,124.1
13091,146,2026-07-11,4.1,3.9,Main sump pump silt clogging from monsoon slurry,136.6,132.6
13092,146,2026-07-12,6.7,1.3,Shift changeover & inspection,233.6,171.8
13093,146,2026-07-13,6.8,1.2,Shift changeover & inspection,218.9,139.6
13094,146,2026-07-14,7.5,0.5,,337.0,218.8
13095,146,2026-07-15,7.5,0.5,,321.9,331.8
13096,146,2026-07-16,7.3,0.7,,280.0,241.5
13097,146,2026-07-17,3.6,4.4,Tyre sidewall cut on sharp gondite boulders,129.5,99.6
13098,146,2026-07-18,1.5,6.5,Rainwater inundation at bottom pit bench (>40mm downpour),54.8,41.3
13099,146,2026-07-19,4.5,3.5,Main sump pump silt clogging from monsoon slurry,184.5,126.5
13100,146,2026-07-20,2.8,5.2,Main sump pump silt clogging from monsoon slurry,100.8,105.6
13101,146,2026-07-21,6.2,1.8,Shift changeover & inspection,158.9,178.2
13102,146,2026-07-22,7.6,0.4,,248.7,364.8
13103,146,2026-07-23,7.6,0.4,,187.5,327.1
13104,146,2026-07-24,7.0,1.0,Shift changeover & inspection,298.4,263.6
13105,146,2026-07-25,3.4,4.6,Rainwater inundation at bottom pit bench (>40mm downpour),85.1,133.1
13106,146,2026-07-26,3.3,4.7,Main sump pump silt clogging from monsoon slurry,102.8,161.2
13107,146,2026-07-27,6.4,1.6,Shift changeover & inspection,181.9,197.6
13108,146,2026-07-28,7.4,0.6,,176.9,342.5
13109,146,2026-07-29,3.3,4.7,Rainwater inundation at bottom pit bench (>40mm downpour),73.8,126.6
13110,146,2026-07-30,3.0,5.0,Main sump pump silt clogging from monsoon slurry,129.3,86.5
13111,146,2026-07-31,6.0,2.0,Shift changeover & inspection,140.9,296.8
13112,146,2026-08-01,4.1,3.9,Rainwater inundation at bottom pit bench (>40mm downpour),183.4,157.5
13113,146,2026-08-02,7.2,0.8,,320.6,330.7
13114,146,2026-08-03,1.6,6.4,Main sump pump silt clogging from monsoon slurry,43.9,35.6
13115,146,2026-08-04,6.2,1.8,Shift changeover & inspection,223.3,233.2
13116,146,2026-08-05,2.5,5.5,Rainwater inundation at bottom pit bench (>40mm downpour),74.3,100.5
13117,146,2026-08-06,7.7,0.3,,189.8,173.4
13118,146,2026-08-07,1.5,6.5,Tyre sidewall cut on sharp gondite boulders,33.7,38.7
13119,146,2026-08-08,6.6,1.4,Shift changeover & inspection,289.1,183.4
13120,146,2026-08-09,1.9,6.1,Tyre sidewall cut on sharp gondite boulders,76.7,83.2
13121,146,2026-08-10,7.3,0.7,,303.8,332.3
13122,146,2026-08-11,7.6,0.4,,319.7,289.9
13123,146,2026-08-12,6.8,1.2,Shift changeover & inspection,163.1,138.6
13124,146,2026-08-13,6.5,1.5,Shift changeover & inspection,274.3,173.9
13125,146,2026-08-14,5.9,2.1,Shift changeover & inspection,153.0,136.9
13126,146,2026-08-15,7.3,0.7,,242.3,209.7
13127,146,2026-08-16,6.2,1.8,Shift changeover & inspection,142.9,223.0
13128,146,2026-08-17,6.6,1.4,Shift changeover & inspection,242.1,165.2
13129,146,2026-08-18,3.1,4.9,Tyre sidewall cut on sharp gondite boulders,132.8,74.1
13130,146,2026-08-19,6.5,1.5,Shift changeover & inspection,241.2,208.6
13131,146,2026-08-20,6.3,1.7,Shift changeover & inspection,210.3,229.7
13132,146,2026-08-21,6.3,1.7,Shift changeover & inspection,225.0,303.5
13133,146,2026-08-22,3.2,4.8,Tyre sidewall cut on sharp gondite boulders,85.6,154.9
13134,146,2026-08-23,5.9,2.1,Shift changeover & inspection,259.5,129.5
13135,146,2026-08-24,1.6,6.4,Hydraulic hose burst / high pressure pump cavitation,43.4,61.9
13136,146,2026-08-25,6.4,1.6,Shift changeover & inspection,163.5,153.5
13137,146,2026-08-26,6.3,1.7,Shift changeover & inspection,144.1,301.2
13138,146,2026-08-27,6.8,1.2,Shift changeover & inspection,249.2,197.0
13139,146,2026-08-28,7.4,0.6,,184.9,219.1
13140,146,2026-08-29,7.3,0.7,,234.0,215.3
13141,147,2026-06-01,6.3,1.7,Shift changeover & inspection,184.0,294.3
13142,147,2026-06-02,7.4,0.6,,307.3,181.0
13143,147,2026-06-03,7.4,0.6,,212.9,197.6
13144,147,2026-06-04,0.6,7.4,Tyre sidewall cut on sharp gondite boulders,18.9,26.9
13145,147,2026-06-05,6.5,1.5,Shift changeover & inspection,249.1,313.4
13146,147,2026-06-06,6.8,1.2,Shift changeover & inspection,282.0,210.4
13147,147,2026-06-07,5.6,2.4,Shift changeover & inspection,202.1,117.6
13148,147,2026-06-08,6.9,1.1,Shift changeover & inspection,153.5,210.7
13149,147,2026-06-09,5.8,2.2,Shift changeover & inspection,192.4,204.3
13150,147,2026-06-10,7.7,0.3,,270.8,213.8
13151,147,2026-06-11,7.2,0.8,,166.6,212.7
13152,147,2026-06-12,5.6,2.4,Shift changeover & inspection,180.0,244.7
13153,147,2026-06-13,6.4,1.6,Shift changeover & inspection,235.0,281.3
13154,147,2026-06-14,6.7,1.3,Shift changeover & inspection,184.5,277.5
13155,147,2026-06-15,5.5,2.5,Shift changeover & inspection,177.5,188.9
13156,147,2026-06-16,7.8,0.2,,288.4,199.5
13157,147,2026-06-17,6.9,1.1,Shift changeover & inspection,265.4,235.2
13158,147,2026-06-18,0.8,7.2,DGMS statutory electrical ground-fault trip,30.2,36.6
13159,147,2026-06-19,6.6,1.4,Shift changeover & inspection,214.3,228.8
13160,147,2026-06-20,6.8,1.2,Shift changeover & inspection,304.9,273.8
13161,147,2026-06-21,6.6,1.4,Shift changeover & inspection,260.8,169.3
13162,147,2026-06-22,7.6,0.4,,194.3,286.6
13163,147,2026-06-23,1.4,6.6,Engine overheated (>44°C ambient summer load),54.2,28.1
13164,147,2026-06-24,7.6,0.4,,256.5,240.0
13165,147,2026-06-25,5.9,2.1,Shift changeover & inspection,131.4,128.4
13166,147,2026-06-26,2.4,5.6,Tyre sidewall cut on sharp gondite boulders,93.1,70.4
13167,147,2026-06-27,6.4,1.6,Shift changeover & inspection,274.5,197.0
13168,147,2026-06-28,6.3,1.7,Shift changeover & inspection,140.5,175.4
13169,147,2026-06-29,5.9,2.1,Shift changeover & inspection,253.4,174.4
13170,147,2026-06-30,6.2,1.8,Shift changeover & inspection,221.5,275.5
13171,147,2026-07-01,7.3,0.7,,303.5,277.0
13172,147,2026-07-02,3.1,4.9,Rainwater inundation at bottom pit bench (>40mm downpour),114.4,80.3
13173,147,2026-07-03,7.4,0.6,,264.1,211.0
13174,147,2026-07-04,6.6,1.4,Shift changeover & inspection,181.7,278.0
13175,147,2026-07-05,2.3,5.7,Rainwater inundation at bottom pit bench (>40mm downpour),57.2,107.5
13176,147,2026-07-06,7.4,0.6,,325.8,196.5
13177,147,2026-07-07,7.8,0.2,,345.9,365.1
13178,147,2026-07-08,7.5,0.5,,220.8,242.6
13179,147,2026-07-09,5.9,2.1,Shift changeover & inspection,206.7,229.9
13180,147,2026-07-10,4.0,4.0,Rainwater inundation at bottom pit bench (>40mm downpour),164.8,171.7
13181,147,2026-07-11,3.0,5.0,Tyre sidewall cut on sharp gondite boulders,129.0,64.6
13182,147,2026-07-12,7.4,0.6,,260.5,273.7
13183,147,2026-07-13,7.6,0.4,,221.0,197.8
13184,147,2026-07-14,7.1,0.9,,265.8,149.8
13185,147,2026-07-15,6.5,1.5,Shift changeover & inspection,173.4,266.2
13186,147,2026-07-16,4.1,3.9,Main sump pump silt clogging from monsoon slurry,120.2,191.5
13187,147,2026-07-17,7.0,1.0,Shift changeover & inspection,265.6,322.2
13188,147,2026-07-18,6.2,1.8,Shift changeover & inspection,230.3,213.6
13189,147,2026-07-19,2.7,5.3,Main sump pump silt clogging from monsoon slurry,89.3,106.8
13190,147,2026-07-20,6.2,1.8,Shift changeover & inspection,278.4,205.2
13191,147,2026-07-21,5.8,2.2,Shift changeover & inspection,259.2,196.3
13192,147,2026-07-22,7.8,0.2,,326.7,217.6
13193,147,2026-07-23,1.1,6.9,Engine overheated (>44°C ambient summer load),47.5,24.3
13194,147,2026-07-24,6.7,1.3,Shift changeover & inspection,224.5,254.1
13195,147,2026-07-25,7.0,1.0,Shift changeover & inspection,286.9,292.7
13196,147,2026-07-26,6.6,1.4,Shift changeover & inspection,280.6,184.6
13197,147,2026-07-27,2.8,5.2,Main sump pump silt clogging from monsoon slurry,91.5,139.0
13198,147,2026-07-28,7.6,0.4,,310.5,172.9
13199,147,2026-07-29,7.4,0.6,,272.1,280.2
13200,147,2026-07-30,6.9,1.1,Shift changeover & inspection,252.6,301.1
13201,147,2026-07-31,4.3,3.7,Rainwater inundation at bottom pit bench (>40mm downpour),144.7,207.9
13202,147,2026-08-01,4.2,3.8,Rainwater inundation at bottom pit bench (>40mm downpour),163.4,128.0
13203,147,2026-08-02,4.0,4.0,Main sump pump silt clogging from monsoon slurry,104.1,89.2
13204,147,2026-08-03,1.9,6.1,Tyre sidewall cut on sharp gondite boulders,75.2,91.2
13205,147,2026-08-04,5.8,2.2,Shift changeover & inspection,224.5,257.3
13206,147,2026-08-05,5.8,2.2,Shift changeover & inspection,256.2,156.7
13207,147,2026-08-06,4.1,3.9,Rainwater inundation at bottom pit bench (>40mm downpour),159.3,102.3
13208,147,2026-08-07,3.9,4.1,Main sump pump silt clogging from monsoon slurry,107.7,107.4
13209,147,2026-08-08,7.2,0.8,,316.4,233.2
13210,147,2026-08-09,6.8,1.2,Shift changeover & inspection,251.9,245.3
13211,147,2026-08-10,2.6,5.4,Tyre sidewall cut on sharp gondite boulders,99.6,64.1
13212,147,2026-08-11,7.2,0.8,,165.2,155.1
13213,147,2026-08-12,6.1,1.9,Shift changeover & inspection,194.0,142.9
13214,147,2026-08-13,6.7,1.3,Shift changeover & inspection,150.3,324.3
13215,147,2026-08-14,2.4,5.6,Tyre sidewall cut on sharp gondite boulders,86.2,110.1
13216,147,2026-08-15,6.1,1.9,Shift changeover & inspection,158.4,216.8
13217,147,2026-08-16,1.9,6.1,Rainwater inundation at bottom pit bench (>40mm downpour),70.9,62.5
13218,147,2026-08-17,1.5,6.5,Main sump pump silt clogging from monsoon slurry,52.8,70.9
13219,147,2026-08-18,4.4,3.6,Rainwater inundation at bottom pit bench (>40mm downpour),133.4,151.4
13220,147,2026-08-19,2.6,5.4,Rainwater inundation at bottom pit bench (>40mm downpour),74.3,94.4
13221,147,2026-08-20,7.4,0.6,,270.7,306.9
13222,147,2026-08-21,5.5,2.5,Shift changeover & inspection,169.4,161.9
13223,147,2026-08-22,6.8,1.2,Shift changeover & inspection,272.5,292.4
13224,147,2026-08-23,1.5,6.5,Tyre sidewall cut on sharp gondite boulders,67.1,62.8
13225,147,2026-08-24,2.5,5.5,Tyre sidewall cut on sharp gondite boulders,99.4,89.7
13226,147,2026-08-25,7.3,0.7,,226.4,267.9
13227,147,2026-08-26,7.6,0.4,,340.2,191.3
13228,147,2026-08-27,6.4,1.6,Shift changeover & inspection,205.5,226.5
13229,147,2026-08-28,7.1,0.9,,181.0,352.2
13230,147,2026-08-29,7.7,0.3,,278.7,247.0
13231,148,2026-06-01,7.1,0.9,,75.9,208.1
13232,148,2026-06-02,5.8,2.2,Shift changeover & inspection,50.1,161.8
13233,148,2026-06-03,7.7,0.3,,88.9,277.4
13234,148,2026-06-04,7.0,1.0,Shift changeover & inspection,77.3,185.4
13235,148,2026-06-05,0.3,7.7,Tyre sidewall cut on sharp gondite boulders,3.0,14.0
13236,148,2026-06-06,6.8,1.2,Shift changeover & inspection,67.1,280.4
13237,148,2026-06-07,6.2,1.8,Shift changeover & inspection,61.3,282.2
13238,148,2026-06-08,2.9,5.1,Rainwater inundation at bottom pit bench (>40mm downpour),36.4,96.4
13239,148,2026-06-09,5.9,2.1,Shift changeover & inspection,53.1,137.8
13240,148,2026-06-10,7.7,0.3,,97.9,295.5
13241,148,2026-06-11,6.6,1.4,Shift changeover & inspection,56.6,215.9
13242,148,2026-06-12,6.5,1.5,Shift changeover & inspection,89.1,291.1
13243,148,2026-06-13,6.4,1.6,Shift changeover & inspection,63.5,264.6
13244,148,2026-06-14,6.5,1.5,Shift changeover & inspection,93.5,256.3
13245,148,2026-06-15,6.3,1.7,Shift changeover & inspection,77.4,144.9
13246,148,2026-06-16,7.0,1.0,Shift changeover & inspection,63.0,178.9
13247,148,2026-06-17,6.0,2.0,Shift changeover & inspection,83.3,270.6
13248,148,2026-06-18,7.1,0.9,,96.3,301.2
13249,148,2026-06-19,6.0,2.0,Shift changeover & inspection,83.4,168.1
13250,148,2026-06-20,6.4,1.6,Shift changeover & inspection,74.4,158.7
13251,148,2026-06-21,6.8,1.2,Shift changeover & inspection,90.9,140.8
13252,148,2026-06-22,6.7,1.3,Shift changeover & inspection,88.0,257.9
13253,148,2026-06-23,7.7,0.3,,96.9,247.3
13254,148,2026-06-24,5.7,2.3,Shift changeover & inspection,58.1,282.3
13255,148,2026-06-25,5.6,2.4,Shift changeover & inspection,71.9,250.1
13256,148,2026-06-26,7.4,0.6,,101.0,358.0
13257,148,2026-06-27,6.9,1.1,Shift changeover & inspection,70.1,231.2
13258,148,2026-06-28,5.6,2.4,Shift changeover & inspection,60.9,223.5
13259,148,2026-06-29,6.7,1.3,Shift changeover & inspection,75.9,295.4
13260,148,2026-06-30,6.4,1.6,Shift changeover & inspection,64.3,273.2
13261,148,2026-07-01,7.3,0.7,,64.7,259.5
13262,148,2026-07-02,7.1,0.9,,84.0,171.8
13263,148,2026-07-03,6.6,1.4,Shift changeover & inspection,73.9,313.3
13264,148,2026-07-04,5.8,2.2,Shift changeover & inspection,66.5,189.4
13265,148,2026-07-05,7.7,0.3,,107.5,379.4
13266,148,2026-07-06,5.9,2.1,Shift changeover & inspection,80.0,122.5
13267,148,2026-07-07,5.8,2.2,Shift changeover & inspection,69.0,148.9
13268,148,2026-07-08,5.5,2.5,Shift changeover & inspection,46.0,113.2
13269,148,2026-07-09,5.7,2.3,Shift changeover & inspection,64.4,217.2
13270,148,2026-07-10,7.1,0.9,,99.3,305.0
13271,148,2026-07-11,1.2,6.8,Hydraulic hose burst / high pressure pump cavitation,14.1,51.2
13272,148,2026-07-12,4.1,3.9,Tyre sidewall cut on sharp gondite boulders,37.7,99.3
13273,148,2026-07-13,0.6,7.4,Engine overheated (>44°C ambient summer load),5.0,24.8
13274,148,2026-07-14,6.0,2.0,Shift changeover & inspection,78.9,121.2
13275,148,2026-07-15,6.7,1.3,Shift changeover & inspection,67.4,261.6
13276,148,2026-07-16,6.1,1.9,Shift changeover & inspection,89.3,242.9
13277,148,2026-07-17,2.6,5.4,Rainwater inundation at bottom pit bench (>40mm downpour),29.2,104.1
13278,148,2026-07-18,5.9,2.1,Shift changeover & inspection,80.0,267.5
13279,148,2026-07-19,6.8,1.2,Shift changeover & inspection,96.2,240.5
13280,148,2026-07-20,5.7,2.3,Shift changeover & inspection,79.6,196.5
13281,148,2026-07-21,2.3,5.7,Tyre sidewall cut on sharp gondite boulders,22.4,48.0
13282,148,2026-07-22,3.2,4.8,Tyre sidewall cut on sharp gondite boulders,28.9,138.9
13283,148,2026-07-23,1.6,6.4,Rainwater inundation at bottom pit bench (>40mm downpour),19.2,70.2
13284,148,2026-07-24,5.9,2.1,Shift changeover & inspection,50.4,278.7
13285,148,2026-07-25,3.4,4.6,Main sump pump silt clogging from monsoon slurry,40.7,159.2
13286,148,2026-07-26,7.6,0.4,,88.9,263.2
13287,148,2026-07-27,1.1,6.9,Rainwater inundation at bottom pit bench (>40mm downpour),16.3,38.6
13288,148,2026-07-28,4.4,3.6,Rainwater inundation at bottom pit bench (>40mm downpour),47.7,188.8
13289,148,2026-07-29,2.3,5.7,Rainwater inundation at bottom pit bench (>40mm downpour),21.1,49.1
13290,148,2026-07-30,6.5,1.5,Shift changeover & inspection,72.9,222.5
13291,148,2026-07-31,6.9,1.1,Shift changeover & inspection,93.6,248.3
13292,148,2026-08-01,7.2,0.8,,80.7,184.3
13293,148,2026-08-02,6.6,1.4,Shift changeover & inspection,53.3,177.2
13294,148,2026-08-03,7.8,0.2,,75.5,388.4
13295,148,2026-08-04,5.7,2.3,Shift changeover & inspection,49.4,241.9
13296,148,2026-08-05,5.8,2.2,Shift changeover & inspection,53.2,221.6
13297,148,2026-08-06,2.8,5.2,Main sump pump silt clogging from monsoon slurry,25.2,107.7
13298,148,2026-08-07,1.7,6.3,Rainwater inundation at bottom pit bench (>40mm downpour),17.3,35.9
13299,148,2026-08-08,3.1,4.9,Rainwater inundation at bottom pit bench (>40mm downpour),36.0,132.5
13300,148,2026-08-09,7.6,0.4,,90.8,199.9
13301,148,2026-08-10,6.8,1.2,Shift changeover & inspection,68.8,275.6
13302,148,2026-08-11,6.9,1.1,Shift changeover & inspection,84.9,264.6
13303,148,2026-08-12,6.2,1.8,Shift changeover & inspection,92.4,128.3
13304,148,2026-08-13,6.6,1.4,Shift changeover & inspection,60.3,280.9
13305,148,2026-08-14,5.9,2.1,Shift changeover & inspection,65.2,294.8
13306,148,2026-08-15,6.3,1.7,Shift changeover & inspection,64.8,143.1
13307,148,2026-08-16,7.4,0.6,,85.3,298.3
13308,148,2026-08-17,7.5,0.5,,72.4,256.5
13309,148,2026-08-18,3.2,4.8,Tyre sidewall cut on sharp gondite boulders,32.6,154.1
13310,148,2026-08-19,7.4,0.6,,65.2,343.6
13311,148,2026-08-20,6.3,1.7,Shift changeover & inspection,63.1,190.9
13312,148,2026-08-21,5.5,2.5,Shift changeover & inspection,58.3,253.7
13313,148,2026-08-22,6.0,2.0,Shift changeover & inspection,81.2,263.1
13314,148,2026-08-23,6.7,1.3,Shift changeover & inspection,61.4,298.7
13315,148,2026-08-24,2.5,5.5,Tyre sidewall cut on sharp gondite boulders,23.5,72.3
13316,148,2026-08-25,5.7,2.3,Shift changeover & inspection,50.9,277.6
13317,148,2026-08-26,6.2,1.8,Shift changeover & inspection,86.6,133.6
13318,148,2026-08-27,6.6,1.4,Shift changeover & inspection,56.1,187.2
13319,148,2026-08-28,0.9,7.1,DGMS statutory electrical ground-fault trip,13.1,28.4
13320,148,2026-08-29,7.3,0.7,,102.3,216.0
