id,mine_id,date,rainfall_mm,temperature_max_c,temperature_min_c,humidity_percent,soil_moisture_index,wind_speed_kmh
1,1,2024-01-01,0.0,27.0,12.4,51.6,0.251,14.3
2,1,2024-01-02,0.0,30.2,10.9,61.0,0.177,6.5
3,1,2024-01-03,0.0,26.7,12.8,40.6,0.26,12.3
4,1,2024-01-04,0.0,29.7,11.1,41.3,0.252,11.5
5,1,2024-01-05,0.0,28.5,9.1,42.0,0.223,10.8
6,1,2024-01-06,0.0,29.9,13.2,47.4,0.241,11.4
7,1,2024-01-07,0.0,30.4,12.9,47.5,0.172,15.5
8,1,2024-01-08,0.0,27.6,12.6,54.6,0.171,11.2
9,1,2024-01-09,0.0,26.1,10.8,61.8,0.246,9.7
10,1,2024-01-10,0.0,29.0,11.7,45.0,0.168,16.7
11,1,2024-01-11,0.0,27.2,12.1,41.9,0.23,12.0
12,1,2024-01-12,0.0,26.1,11.6,40.6,0.185,10.0
13,1,2024-01-13,0.0,27.0,11.3,46.8,0.195,13.3
14,1,2024-01-14,0.0,27.4,14.2,46.7,0.201,4.8
15,1,2024-01-15,0.0,28.5,13.9,55.4,0.25,6.6
16,1,2024-01-16,0.0,27.0,10.7,53.8,0.176,15.6
17,1,2024-01-17,0.0,27.1,14.5,57.5,0.216,14.4
18,1,2024-01-18,0.0,30.3,13.2,44.9,0.227,12.5
19,1,2024-01-19,0.0,30.4,13.9,41.7,0.198,10.8
20,1,2024-01-20,0.0,26.4,14.2,53.0,0.206,6.7
21,1,2024-01-21,0.0,28.0,10.5,49.2,0.274,6.8
22,1,2024-01-22,0.0,27.8,12.7,51.5,0.219,6.1
23,1,2024-01-23,0.0,26.9,12.8,45.5,0.241,18.4
24,1,2024-01-24,0.0,27.6,10.4,58.2,0.24,16.4
25,1,2024-01-25,0.0,29.5,9.1,52.6,0.228,9.5
26,1,2024-01-26,0.0,27.0,13.6,49.1,0.164,16.6
27,1,2024-01-27,0.0,27.7,9.6,59.8,0.197,10.3
28,1,2024-01-28,1.7,26.3,12.2,61.7,0.184,9.4
29,1,2024-01-29,0.0,30.3,9.7,51.3,0.246,14.3
30,1,2024-01-30,0.0,26.6,11.0,47.8,0.17,14.5
31,1,2024-01-31,0.0,28.2,9.4,43.6,0.272,16.5
32,1,2024-02-01,0.0,34.2,23.6,53.0,0.272,11.2
33,1,2024-02-02,0.0,36.6,21.6,62.3,0.247,3.7
34,1,2024-02-03,0.0,36.0,21.6,53.7,0.27,2.0
35,1,2024-02-04,0.0,32.8,19.9,55.1,0.314,8.8
36,1,2024-02-05,0.5,35.6,21.1,60.6,0.278,9.8
37,1,2024-02-06,0.0,34.3,19.0,58.9,0.331,9.4
38,1,2024-02-07,0.0,33.3,23.0,48.2,0.215,6.1
39,1,2024-02-08,0.0,34.6,18.2,56.1,0.205,11.5
40,1,2024-02-09,0.0,36.5,22.2,49.5,0.344,16.6
41,1,2024-02-10,0.0,35.8,23.5,52.9,0.229,12.1
42,1,2024-02-11,0.0,36.5,22.8,49.2,0.276,16.5
43,1,2024-02-12,0.0,35.2,23.4,60.2,0.203,11.3
44,1,2024-02-13,0.0,36.1,19.7,48.4,0.199,14.4
45,1,2024-02-14,0.0,36.8,18.5,45.6,0.22,15.7
46,1,2024-02-15,0.0,37.1,19.4,52.9,0.33,11.6
47,1,2024-02-16,0.9,36.2,21.8,56.7,0.259,9.1
48,1,2024-02-17,0.0,36.7,21.1,68.1,0.307,14.4
49,1,2024-02-18,0.0,33.1,23.4,65.2,0.342,15.1
50,1,2024-02-19,0.0,33.5,20.1,69.9,0.32,12.7
51,1,2024-02-20,0.0,33.0,20.4,56.2,0.328,11.6
52,1,2024-02-21,0.0,37.2,18.8,59.9,0.311,6.1
53,1,2024-02-22,0.0,34.1,18.7,58.3,0.305,17.4
54,1,2024-02-23,0.0,37.9,21.5,69.5,0.324,7.5
55,1,2024-02-24,0.0,34.2,23.4,56.0,0.213,7.1
56,1,2024-02-25,0.0,35.2,20.5,67.4,0.282,4.0
57,1,2024-02-26,0.0,34.1,23.8,46.8,0.207,14.6
58,1,2024-02-27,0.0,35.2,23.0,56.0,0.337,9.0
59,1,2024-02-28,0.0,32.9,18.3,64.0,0.328,9.1
60,1,2024-02-29,0.0,36.4,22.3,63.7,0.203,15.4
61,1,2024-03-01,0.0,33.5,18.1,46.8,0.347,6.3
62,1,2024-03-02,0.0,34.4,23.7,53.5,0.284,16.5
63,1,2024-03-03,0.7,34.5,19.1,49.3,0.337,2.0
64,1,2024-03-04,1.2,34.2,20.3,66.3,0.343,15.0
65,1,2024-03-05,0.0,34.5,20.0,51.6,0.216,13.0
66,1,2024-03-06,0.0,32.9,20.8,61.5,0.347,9.6
67,1,2024-03-07,0.0,32.9,20.7,64.5,0.322,5.2
68,1,2024-03-08,0.0,35.2,22.1,52.2,0.215,20.4
69,1,2024-03-09,0.0,32.5,21.9,69.0,0.25,9.6
70,1,2024-03-10,0.0,37.8,22.0,55.6,0.252,13.8
71,1,2024-03-11,0.0,34.1,19.3,56.3,0.253,20.1
72,1,2024-03-12,0.0,33.1,23.1,47.9,0.235,13.2
73,1,2024-03-13,0.0,36.5,19.6,47.0,0.345,10.5
74,1,2024-03-14,0.0,37.4,21.0,45.9,0.247,5.3
75,1,2024-03-15,0.0,34.9,23.9,55.0,0.23,7.6
76,1,2024-03-16,0.0,33.2,18.4,49.9,0.315,7.5
77,1,2024-03-17,2.3,35.6,23.1,57.4,0.289,9.3
78,1,2024-03-18,0.0,37.4,22.6,53.5,0.303,16.1
79,1,2024-03-19,0.0,34.4,20.3,59.9,0.284,12.6
80,1,2024-03-20,0.0,32.4,19.0,64.0,0.314,5.0
81,1,2024-03-21,0.0,37.6,22.3,66.5,0.262,14.3
82,1,2024-03-22,0.0,33.7,19.5,67.8,0.267,8.5
83,1,2024-03-23,0.0,36.4,22.2,68.7,0.22,13.0
84,1,2024-03-24,0.0,34.8,19.8,51.0,0.317,10.2
85,1,2024-03-25,0.0,35.0,19.2,55.3,0.305,11.9
86,1,2024-03-26,0.0,37.9,22.2,55.3,0.291,15.3
87,1,2024-03-27,0.0,33.9,22.6,46.9,0.33,11.5
88,1,2024-03-28,0.0,32.6,22.9,48.9,0.263,20.5
89,1,2024-03-29,0.0,37.7,22.4,60.7,0.312,13.9
90,1,2024-03-30,0.0,35.8,23.4,56.7,0.232,11.7
91,1,2024-03-31,0.0,36.4,22.1,69.8,0.247,18.1
92,1,2024-04-01,0.0,43.1,28.4,37.2,0.087,6.3
93,1,2024-04-02,0.0,41.8,28.2,36.0,0.157,8.2
94,1,2024-04-03,0.0,45.1,26.0,36.1,0.176,8.7
95,1,2024-04-04,0.0,45.0,26.7,25.0,0.18,9.2
96,1,2024-04-05,0.0,42.2,27.6,36.9,0.083,10.7
97,1,2024-04-06,0.0,44.4,28.6,34.0,0.141,13.0
98,1,2024-04-07,0.0,41.7,30.8,31.5,0.173,11.4
99,1,2024-04-08,0.0,43.4,27.1,31.9,0.087,17.1
100,1,2024-04-09,0.0,45.8,30.4,32.4,0.104,18.5
101,1,2024-04-10,0.0,42.6,30.4,22.7,0.099,12.8
102,1,2024-04-11,0.0,42.1,26.8,24.4,0.083,7.0
103,1,2024-04-12,0.0,41.9,26.6,37.6,0.159,5.3
104,1,2024-04-13,0.0,45.1,26.5,32.1,0.127,8.6
105,1,2024-04-14,0.0,44.0,28.8,29.6,0.145,14.3
106,1,2024-04-15,0.0,42.1,26.1,27.4,0.121,15.1
107,1,2024-04-16,0.0,45.1,29.6,33.6,0.17,6.1
108,1,2024-04-17,0.0,43.8,28.4,34.3,0.117,7.4
109,1,2024-04-18,0.0,44.0,26.3,24.0,0.14,6.2
110,1,2024-04-19,0.0,41.9,26.8,21.0,0.082,14.9
111,1,2024-04-20,0.0,43.4,26.4,28.3,0.121,4.2
112,1,2024-04-21,0.0,43.7,27.9,28.1,0.147,11.3
113,1,2024-04-22,1.1,44.4,26.7,22.8,0.091,10.2
114,1,2024-04-23,0.0,43.0,29.1,31.1,0.105,14.2
115,1,2024-04-24,0.0,41.7,28.4,27.2,0.105,3.9
116,1,2024-04-25,0.0,43.4,29.5,36.5,0.084,12.5
117,1,2024-04-26,0.0,41.3,26.9,34.4,0.127,11.0
118,1,2024-04-27,0.0,45.0,27.3,27.8,0.138,7.2
119,1,2024-04-28,0.0,45.1,29.4,24.9,0.097,9.5
120,1,2024-04-29,0.0,43.6,30.8,24.5,0.158,2.2
121,1,2024-04-30,0.0,41.2,26.5,25.7,0.123,6.1
122,1,2024-05-01,0.0,41.1,30.1,29.4,0.117,15.6
123,1,2024-05-02,0.0,41.7,30.1,24.7,0.178,14.8
124,1,2024-05-03,0.0,46.2,26.5,29.6,0.139,12.8
125,1,2024-05-04,0.0,44.3,28.3,27.2,0.176,16.4
126,1,2024-05-05,0.0,41.3,28.6,33.5,0.144,11.1
127,1,2024-05-06,0.0,44.7,29.4,27.4,0.164,9.9
128,1,2024-05-07,0.0,42.5,30.7,23.6,0.164,7.6
129,1,2024-05-08,0.0,46.3,30.8,25.5,0.136,7.6
130,1,2024-05-09,0.0,43.2,29.9,23.8,0.11,12.4
131,1,2024-05-10,0.0,43.2,26.7,35.7,0.097,9.6
132,1,2024-05-11,0.0,42.7,28.8,31.8,0.121,14.5
133,1,2024-05-12,1.1,42.4,26.5,26.1,0.114,15.8
134,1,2024-05-13,0.0,43.0,27.2,29.0,0.17,13.2
135,1,2024-05-14,0.0,43.1,28.6,33.0,0.136,17.6
136,1,2024-05-15,0.0,46.0,27.9,36.7,0.156,16.5
137,1,2024-05-16,0.0,41.3,30.2,36.1,0.152,2.0
138,1,2024-05-17,0.0,43.9,30.2,32.0,0.167,16.5
139,1,2024-05-18,0.0,43.9,27.8,36.3,0.178,17.3
140,1,2024-05-19,0.0,45.1,29.8,34.9,0.096,11.5
141,1,2024-05-20,0.0,43.4,28.5,22.6,0.084,13.7
142,1,2024-05-21,0.0,43.9,28.6,27.7,0.17,7.6
143,1,2024-05-22,0.0,41.6,27.3,30.8,0.17,15.6
144,1,2024-05-23,0.0,41.4,27.8,29.7,0.12,9.0
145,1,2024-05-24,0.0,42.2,29.5,27.9,0.168,12.1
146,1,2024-05-25,0.0,46.1,29.5,28.5,0.16,18.5
147,1,2024-05-26,0.0,44.1,27.3,25.1,0.095,16.1
148,1,2024-05-27,0.0,46.4,29.3,34.4,0.131,11.7
149,1,2024-05-28,0.0,41.9,30.1,34.7,0.16,13.1
150,1,2024-05-29,0.0,41.5,27.8,26.9,0.095,9.8
151,1,2024-05-30,0.0,46.4,27.4,31.0,0.088,7.5
152,1,2024-05-31,0.0,46.1,29.6,24.3,0.099,9.1
153,1,2024-06-01,10.0,37.8,21.8,65.5,0.344,21.2
154,1,2024-06-02,14.5,33.9,23.6,56.2,0.301,7.4
155,1,2024-06-03,0.0,33.2,19.8,60.0,0.322,9.7
156,1,2024-06-04,0.0,36.4,21.6,46.5,0.262,5.5
157,1,2024-06-05,0.0,37.4,23.5,57.3,0.315,13.8
158,1,2024-06-06,0.0,34.9,23.8,61.2,0.22,12.5
159,1,2024-06-07,18.4,32.7,19.5,58.7,0.264,12.2
160,1,2024-06-08,0.0,34.0,22.0,65.0,0.199,18.2
161,1,2024-06-09,13.2,33.9,19.5,61.3,0.27,6.6
162,1,2024-06-10,0.0,34.2,19.6,54.7,0.284,10.5
163,1,2024-06-11,0.0,37.0,22.1,66.4,0.192,10.0
164,1,2024-06-12,16.6,33.4,23.9,53.4,0.19,16.2
165,1,2024-06-13,0.0,33.5,20.8,66.5,0.25,11.4
166,1,2024-06-14,0.0,35.5,19.7,45.1,0.185,7.6
167,1,2024-06-15,16.0,37.2,20.1,48.4,0.209,21.4
168,1,2024-06-16,0.0,32.8,23.3,61.5,0.19,13.0
169,1,2024-06-17,18.3,37.1,23.4,55.3,0.189,11.6
170,1,2024-06-18,0.0,37.3,21.4,58.7,0.231,18.6
171,1,2024-06-19,0.0,37.4,22.1,62.0,0.335,10.0
172,1,2024-06-20,0.0,34.7,18.5,51.8,0.259,11.8
173,1,2024-06-21,30.0,35.8,20.5,50.6,0.314,19.5
174,1,2024-06-22,0.0,33.1,18.2,68.9,0.333,4.1
175,1,2024-06-23,9.8,34.2,22.0,60.6,0.286,13.1
176,1,2024-06-24,37.1,34.6,19.2,53.6,0.288,20.4
177,1,2024-06-25,36.0,34.0,22.9,59.7,0.239,14.3
178,1,2024-06-26,0.0,37.9,19.8,55.6,0.186,9.2
179,1,2024-06-27,0.0,32.8,22.1,69.8,0.313,15.8
180,1,2024-06-28,0.0,32.7,23.4,50.9,0.312,8.0
181,1,2024-06-29,12.0,33.9,22.8,47.0,0.269,15.9
182,1,2024-06-30,0.0,37.2,22.1,54.4,0.309,9.9
183,1,2024-07-01,30.3,30.8,25.0,91.6,0.645,8.9
184,1,2024-07-02,55.0,33.0,25.9,96.6,0.804,12.5
185,1,2024-07-03,68.3,28.4,23.5,100.0,0.889,8.8
186,1,2024-07-04,135.2,30.7,23.9,100.0,1.0,8.9
187,1,2024-07-05,36.1,32.2,23.9,93.1,0.682,3.5
188,1,2024-07-06,64.9,28.7,24.8,99.9,0.867,11.1
189,1,2024-07-07,34.8,28.5,23.6,99.1,0.674,9.7
190,1,2024-07-08,52.0,31.5,25.1,91.6,0.784,11.9
191,1,2024-07-09,15.9,32.4,23.6,86.7,0.552,14.3
192,1,2024-07-10,66.2,30.5,25.5,92.1,0.876,13.3
193,1,2024-07-11,37.4,30.8,23.3,100.0,0.69,14.8
194,1,2024-07-12,37.3,29.7,24.5,94.7,0.69,13.8
195,1,2024-07-13,158.8,31.1,24.5,100.0,1.0,11.1
196,1,2024-07-14,86.3,30.8,25.6,100.0,1.0,14.2
197,1,2024-07-15,2.4,32.1,23.6,84.2,0.465,9.6
198,1,2024-07-16,1.3,30.6,25.6,80.1,0.458,19.3
199,1,2024-07-17,39.0,29.3,23.7,94.6,0.701,20.4
200,1,2024-07-18,49.8,32.9,23.4,93.7,0.77,9.4
201,1,2024-07-19,1.6,29.8,24.5,80.5,0.46,18.7
202,1,2024-07-20,2.2,29.3,25.9,94.0,0.464,8.9
203,1,2024-07-21,47.0,28.1,23.0,86.1,0.752,6.5
204,1,2024-07-22,1.2,31.5,25.4,78.8,0.458,14.7
205,1,2024-07-23,76.1,30.1,23.2,100.0,0.939,13.0
206,1,2024-07-24,0.1,31.1,23.9,94.5,0.451,6.1
207,1,2024-07-25,2.4,30.9,25.4,92.0,0.465,12.7
208,1,2024-07-26,16.1,32.6,24.9,82.3,0.553,6.5
209,1,2024-07-27,30.9,30.4,23.3,81.6,0.649,11.8
210,1,2024-07-28,0.8,31.5,25.1,84.4,0.455,14.3
211,1,2024-07-29,2.2,30.8,24.0,91.0,0.464,2.0
212,1,2024-07-30,1.7,29.8,25.0,82.2,0.461,14.8
213,1,2024-07-31,41.4,30.6,23.6,96.9,0.716,9.5
214,1,2024-08-01,40.5,29.1,26.0,94.5,0.71,12.2
215,1,2024-08-02,42.3,28.7,25.8,92.2,0.722,10.3
216,1,2024-08-03,53.9,28.9,24.6,100.0,0.796,2.7
217,1,2024-08-04,68.4,30.4,23.1,95.1,0.89,10.6
218,1,2024-08-05,79.3,32.6,24.4,100.0,0.96,15.1
219,1,2024-08-06,18.7,28.5,23.5,79.3,0.57,19.8
220,1,2024-08-07,35.2,31.9,25.0,82.8,0.676,14.8
221,1,2024-08-08,2.2,32.5,23.4,84.7,0.464,9.7
222,1,2024-08-09,47.9,30.4,24.1,99.1,0.758,12.7
223,1,2024-08-10,65.3,28.8,25.8,95.1,0.87,10.5
224,1,2024-08-11,38.9,29.1,23.2,90.3,0.7,5.6
225,1,2024-08-12,24.4,29.3,25.8,89.2,0.607,12.6
226,1,2024-08-13,28.4,32.5,25.0,93.6,0.633,14.4
227,1,2024-08-14,73.3,30.0,23.9,100.0,0.921,10.3
228,1,2024-08-15,2.2,30.2,24.8,88.7,0.464,10.1
229,1,2024-08-16,0.9,29.1,25.8,76.9,0.456,5.0
230,1,2024-08-17,1.2,31.2,23.2,82.0,0.458,12.2
231,1,2024-08-18,0.8,28.2,25.4,82.6,0.455,13.6
232,1,2024-08-19,16.4,30.9,23.9,79.8,0.555,15.1
233,1,2024-08-20,34.6,30.8,25.1,96.3,0.672,10.9
234,1,2024-08-21,2.7,29.7,25.5,94.8,0.467,16.7
235,1,2024-08-22,2.2,32.8,23.8,89.7,0.464,12.3
236,1,2024-08-23,29.4,30.4,25.9,98.1,0.639,15.3
237,1,2024-08-24,29.8,31.8,25.1,97.1,0.642,17.7
238,1,2024-08-25,0.2,29.6,23.5,81.3,0.451,12.9
239,1,2024-08-26,1.6,30.3,24.8,84.1,0.46,12.7
240,1,2024-08-27,27.6,29.5,25.4,98.3,0.627,4.2
241,1,2024-08-28,1.1,32.8,24.6,80.0,0.457,12.5
242,1,2024-08-29,58.7,31.4,24.7,90.1,0.827,6.5
243,1,2024-08-30,20.4,32.2,25.7,88.7,0.581,11.6
244,1,2024-08-31,38.9,30.3,25.7,90.3,0.7,7.1
245,1,2024-09-01,18.2,35.0,18.7,54.0,0.249,5.4
246,1,2024-09-02,0.0,37.1,21.4,46.7,0.284,13.6
247,1,2024-09-03,37.2,37.5,18.8,48.4,0.3,14.9
248,1,2024-09-04,0.0,32.2,20.0,59.8,0.216,16.7
249,1,2024-09-05,18.6,35.7,19.0,62.8,0.233,12.6
250,1,2024-09-06,0.0,34.7,20.8,57.2,0.205,8.7
251,1,2024-09-07,19.4,32.4,20.3,50.6,0.337,17.3
252,1,2024-09-08,23.2,33.6,18.2,68.1,0.186,16.5
253,1,2024-09-09,0.0,33.7,20.7,65.4,0.327,7.5
254,1,2024-09-10,0.0,36.7,22.5,51.1,0.202,11.9
255,1,2024-09-11,9.6,35.1,18.5,55.0,0.182,16.7
256,1,2024-09-12,0.0,33.9,18.2,57.1,0.222,16.4
257,1,2024-09-13,37.7,37.1,23.9,66.2,0.199,5.3
258,1,2024-09-14,42.7,35.2,18.6,59.1,0.267,5.8
259,1,2024-09-15,36.4,37.3,23.4,53.7,0.341,15.5
260,1,2024-09-16,34.1,32.2,19.9,46.3,0.325,12.0
261,1,2024-09-17,0.0,32.8,19.1,47.2,0.303,8.7
262,1,2024-09-18,4.0,37.6,23.5,63.8,0.27,7.7
263,1,2024-09-19,25.8,32.3,18.2,56.3,0.292,9.1
264,1,2024-09-20,0.0,37.6,21.0,53.5,0.344,15.5
265,1,2024-09-21,0.0,35.7,23.5,53.7,0.241,6.0
266,1,2024-09-22,0.0,35.1,20.3,48.3,0.217,9.1
267,1,2024-09-23,33.6,36.7,20.0,46.2,0.349,11.7
268,1,2024-09-24,0.0,36.5,20.8,50.5,0.211,11.1
269,1,2024-09-25,32.3,35.7,23.9,45.2,0.345,10.6
270,1,2024-09-26,31.4,36.7,21.8,55.2,0.345,12.3
271,1,2024-09-27,0.0,36.6,21.9,55.3,0.254,8.3
272,1,2024-09-28,0.0,35.4,22.3,55.9,0.287,5.8
273,1,2024-09-29,31.6,34.3,20.1,56.3,0.304,17.4
274,1,2024-09-30,0.0,32.6,22.1,53.8,0.284,21.1
275,1,2024-10-01,0.0,32.2,22.8,52.6,0.273,12.7
276,1,2024-10-02,0.0,32.5,20.1,67.0,0.196,9.9
277,1,2024-10-03,0.0,33.9,22.1,45.5,0.279,18.0
278,1,2024-10-04,0.0,33.9,20.4,54.6,0.211,8.6
279,1,2024-10-05,0.0,33.3,22.1,61.2,0.295,15.5
280,1,2024-10-06,0.0,38.0,22.6,55.2,0.334,12.0
281,1,2024-10-07,1.8,34.2,20.4,58.3,0.209,10.7
282,1,2024-10-08,0.0,35.0,21.0,62.9,0.28,10.8
283,1,2024-10-09,0.0,35.0,18.9,49.2,0.181,8.2
284,1,2024-10-10,0.0,36.1,19.6,45.2,0.227,8.8
285,1,2024-10-11,0.0,37.4,21.7,56.6,0.327,11.6
286,1,2024-10-12,0.0,32.4,19.0,55.4,0.304,19.5
287,1,2024-10-13,0.0,37.9,20.5,46.3,0.285,8.9
288,1,2024-10-14,0.0,34.2,19.2,66.8,0.279,15.5
289,1,2024-10-15,0.0,32.4,22.7,51.0,0.272,12.9
290,1,2024-10-16,0.0,35.7,20.7,45.8,0.181,11.9
291,1,2024-10-17,0.0,34.9,21.3,52.4,0.239,5.5
292,1,2024-10-18,0.0,33.3,18.7,61.2,0.25,11.7
293,1,2024-10-19,4.4,32.3,21.6,45.7,0.338,9.8
294,1,2024-10-20,0.0,33.9,20.9,64.1,0.277,2.0
295,1,2024-10-21,0.0,34.6,21.8,53.0,0.247,11.6
296,1,2024-10-22,0.0,33.1,22.1,51.2,0.298,4.6
297,1,2024-10-23,0.0,36.0,19.2,55.1,0.33,12.8
298,1,2024-10-24,0.0,35.1,20.2,53.8,0.315,3.2
299,1,2024-10-25,0.0,33.6,22.4,63.7,0.307,9.5
300,1,2024-10-26,0.0,37.3,20.9,50.2,0.271,14.7
301,1,2024-10-27,1.9,37.0,21.1,67.7,0.285,17.5
302,1,2024-10-28,0.0,37.3,20.3,68.8,0.226,7.4
303,1,2024-10-29,0.0,33.2,22.4,55.4,0.292,15.5
304,1,2024-10-30,0.0,36.8,23.2,67.3,0.288,9.5
305,1,2024-10-31,0.0,36.3,20.9,65.6,0.348,15.3
306,1,2024-11-01,0.0,34.7,23.4,48.3,0.283,10.4
307,1,2024-11-02,0.0,36.1,20.3,65.8,0.289,15.8
308,1,2024-11-03,1.2,36.1,23.0,64.2,0.32,22.0
309,1,2024-11-04,0.0,35.6,19.1,57.2,0.251,12.8
310,1,2024-11-05,2.1,32.2,20.8,62.9,0.299,20.1
311,1,2024-11-06,0.0,35.1,22.9,56.9,0.294,13.6
312,1,2024-11-07,0.0,32.1,20.8,46.6,0.208,15.9
313,1,2024-11-08,1.0,34.5,22.5,46.0,0.3,17.0
314,1,2024-11-09,0.0,36.6,20.7,51.3,0.316,7.1
315,1,2024-11-10,0.0,33.4,19.7,54.8,0.3,7.0
316,1,2024-11-11,0.0,33.0,23.9,60.8,0.296,10.0
317,1,2024-11-12,0.0,34.8,22.9,66.2,0.264,10.9
318,1,2024-11-13,0.0,36.2,19.2,63.6,0.228,14.9
319,1,2024-11-14,0.0,36.7,22.9,55.5,0.199,16.4
320,1,2024-11-15,0.0,32.9,21.2,60.3,0.227,13.2
321,1,2024-11-16,0.0,33.6,20.8,48.3,0.344,13.2
322,1,2024-11-17,0.0,32.6,19.3,50.5,0.3,3.2
323,1,2024-11-18,0.0,33.1,19.6,57.4,0.276,14.7
324,1,2024-11-19,0.0,33.5,18.2,59.4,0.349,12.6
325,1,2024-11-20,0.0,34.9,18.4,46.4,0.338,19.8
326,1,2024-11-21,0.0,37.2,23.1,64.2,0.305,12.9
327,1,2024-11-22,0.0,37.6,20.3,65.9,0.222,10.6
328,1,2024-11-23,0.0,36.6,23.6,61.9,0.231,11.8
329,1,2024-11-24,0.0,33.9,23.7,53.2,0.265,12.7
330,1,2024-11-25,0.0,33.7,18.9,57.7,0.205,6.8
331,1,2024-11-26,0.0,36.3,18.3,68.4,0.236,12.8
332,1,2024-11-27,1.8,37.4,23.1,46.6,0.185,14.6
333,1,2024-11-28,0.0,32.8,20.2,57.5,0.239,21.9
334,1,2024-11-29,0.0,32.3,22.6,59.7,0.237,13.8
335,1,2024-11-30,0.0,32.6,18.7,69.1,0.291,18.9
336,1,2024-12-01,0.0,27.1,9.7,44.6,0.209,18.4
337,1,2024-12-02,0.0,27.6,11.9,47.4,0.216,5.3
338,1,2024-12-03,0.0,28.6,14.0,43.3,0.165,12.7
339,1,2024-12-04,0.0,27.1,9.3,42.5,0.17,19.2
340,1,2024-12-05,0.0,27.4,14.3,45.7,0.258,9.1
341,1,2024-12-06,0.0,28.2,13.0,55.1,0.175,7.6
342,1,2024-12-07,0.0,27.7,9.2,47.6,0.272,16.3
343,1,2024-12-08,0.0,28.6,10.7,60.4,0.238,6.7
344,1,2024-12-09,0.0,27.0,14.3,46.0,0.268,7.9
345,1,2024-12-10,0.0,26.8,13.9,51.9,0.162,15.8
346,1,2024-12-11,0.0,28.6,13.5,50.0,0.256,12.8
347,1,2024-12-12,0.0,26.1,9.9,51.9,0.248,15.2
348,1,2024-12-13,0.0,30.1,13.4,54.3,0.257,2.0
349,1,2024-12-14,0.0,29.4,13.2,46.8,0.247,18.2
350,1,2024-12-15,0.0,26.9,12.8,57.8,0.263,12.6
351,1,2024-12-16,0.0,28.5,10.8,57.7,0.224,8.1
352,1,2024-12-17,0.0,29.4,10.8,51.9,0.222,11.5
353,1,2024-12-18,0.0,26.9,13.9,46.9,0.268,9.8
354,1,2024-12-19,0.0,26.0,12.2,46.0,0.213,6.0
355,1,2024-12-20,0.0,26.8,14.0,61.4,0.275,16.9
356,1,2024-12-21,0.0,27.4,9.2,60.8,0.265,9.7
357,1,2024-12-22,0.0,28.3,10.7,41.5,0.241,13.1
358,1,2024-12-23,0.0,28.6,9.7,60.1,0.194,15.9
359,1,2024-12-24,0.0,26.9,13.2,60.0,0.153,14.0
360,1,2024-12-25,0.0,28.0,13.6,51.0,0.22,14.4
361,1,2024-12-26,0.0,28.8,9.6,41.7,0.236,10.2
362,1,2024-12-27,4.6,28.5,10.3,43.5,0.279,5.7
363,1,2024-12-28,0.0,27.7,9.2,61.5,0.248,7.2
364,1,2024-12-29,0.0,27.8,13.9,46.2,0.195,2.0
365,1,2024-12-30,0.0,27.3,11.0,50.1,0.159,16.0
366,1,2024-12-31,0.0,26.5,9.0,43.1,0.238,10.3
367,1,2025-01-01,0.0,28.7,13.2,45.0,0.231,13.0
368,1,2025-01-02,0.0,26.2,11.1,40.5,0.191,9.4
369,1,2025-01-03,0.0,27.0,13.8,50.3,0.191,14.2
370,1,2025-01-04,0.0,28.6,11.0,48.7,0.19,14.3
371,1,2025-01-05,0.0,27.5,11.7,49.3,0.193,13.1
372,1,2025-01-06,0.0,27.1,10.6,53.6,0.174,3.0
373,1,2025-01-07,0.0,29.0,9.7,47.0,0.216,20.8
374,1,2025-01-08,0.0,26.6,11.4,44.8,0.231,8.1
375,1,2025-01-09,0.0,27.2,13.5,57.9,0.159,14.5
376,1,2025-01-10,0.0,29.8,10.8,42.4,0.253,6.7
377,1,2025-01-11,0.0,28.9,14.4,57.0,0.163,19.4
378,1,2025-01-12,0.0,27.6,13.8,42.9,0.262,7.7
379,1,2025-01-13,0.0,26.3,13.8,60.9,0.216,7.3
380,1,2025-01-14,0.0,27.4,10.4,55.0,0.217,13.8
381,1,2025-01-15,0.0,29.2,12.8,60.9,0.248,12.6
382,1,2025-01-16,0.0,26.3,9.5,55.0,0.203,19.1
383,1,2025-01-17,0.0,27.4,10.3,58.8,0.193,15.6
384,1,2025-01-18,0.0,26.3,12.5,47.6,0.166,7.2
385,1,2025-01-19,0.0,26.3,13.7,54.5,0.25,15.6
386,1,2025-01-20,0.0,29.5,13.4,45.3,0.162,13.6
387,1,2025-01-21,0.0,27.1,9.3,52.0,0.201,12.3
388,1,2025-01-22,0.0,27.0,10.9,44.9,0.183,16.9
389,1,2025-01-23,0.0,27.7,10.3,40.6,0.242,9.5
390,1,2025-01-24,0.0,28.3,10.8,52.5,0.174,9.3
391,1,2025-01-25,0.9,29.4,12.4,48.0,0.189,15.6
392,1,2025-01-26,0.0,26.5,11.0,48.0,0.172,11.2
393,1,2025-01-27,0.0,30.3,13.7,60.9,0.15,16.1
394,1,2025-01-28,0.0,28.1,12.6,47.5,0.26,14.4
395,1,2025-01-29,2.5,28.0,11.4,42.3,0.223,15.0
396,1,2025-01-30,0.0,26.7,10.1,59.5,0.169,17.5
397,1,2025-01-31,0.0,29.9,14.1,52.0,0.243,16.4
398,1,2025-02-01,0.0,33.3,19.0,69.4,0.3,5.1
399,1,2025-02-02,0.0,33.7,23.0,64.7,0.299,11.1
400,1,2025-02-03,0.0,33.1,19.9,52.6,0.334,14.9
401,1,2025-02-04,0.0,37.6,22.9,56.0,0.298,15.5
402,1,2025-02-05,0.0,35.0,23.2,49.9,0.19,15.7
403,1,2025-02-06,0.0,35.0,21.0,45.9,0.312,9.3
404,1,2025-02-07,0.0,34.2,23.6,68.3,0.292,16.6
405,1,2025-02-08,0.0,36.9,22.3,56.9,0.304,15.3
406,1,2025-02-09,1.3,32.0,20.4,56.6,0.263,16.6
407,1,2025-02-10,0.0,36.8,19.7,49.2,0.239,9.9
408,1,2025-02-11,0.0,35.2,19.1,51.1,0.266,17.3
409,1,2025-02-12,0.0,32.6,22.9,58.6,0.214,8.2
410,1,2025-02-13,0.0,36.1,20.6,64.6,0.248,9.5
411,1,2025-02-14,0.0,32.0,19.4,58.9,0.298,2.0
412,1,2025-02-15,0.0,35.1,19.8,56.8,0.285,16.3
413,1,2025-02-16,0.0,35.4,21.1,56.4,0.269,14.4
414,1,2025-02-17,0.0,35.3,18.4,57.5,0.216,11.8
415,1,2025-02-18,0.0,32.6,20.0,51.5,0.311,2.0
416,1,2025-02-19,0.0,32.2,21.7,54.6,0.291,11.2
417,1,2025-02-20,0.0,37.7,19.1,64.9,0.296,5.4
418,1,2025-02-21,0.0,34.5,22.6,69.6,0.237,6.6
419,1,2025-02-22,0.0,37.0,18.7,48.9,0.216,12.7
420,1,2025-02-23,0.0,38.0,21.4,69.1,0.297,6.8
421,1,2025-02-24,0.0,32.3,21.6,65.8,0.256,11.1
422,1,2025-02-25,0.0,36.2,20.4,57.1,0.324,18.9
423,1,2025-02-26,0.0,34.6,23.5,56.6,0.187,7.8
424,1,2025-02-27,0.0,34.0,18.2,57.4,0.257,11.3
425,1,2025-02-28,0.0,35.5,19.7,49.5,0.195,11.1
426,1,2025-03-01,0.0,34.3,21.0,52.2,0.338,23.0
427,1,2025-03-02,0.0,38.0,22.7,65.7,0.327,20.1
428,1,2025-03-03,0.0,35.5,23.2,67.3,0.215,20.2
429,1,2025-03-04,0.0,37.9,18.4,69.0,0.33,6.0
430,1,2025-03-05,1.7,34.1,18.4,65.9,0.331,16.2
431,1,2025-03-06,0.0,36.2,23.4,64.7,0.328,11.1
432,1,2025-03-07,0.0,36.1,20.8,60.9,0.218,4.3
433,1,2025-03-08,0.0,33.2,22.0,45.1,0.205,19.2
434,1,2025-03-09,0.0,32.4,21.7,54.1,0.238,4.8
435,1,2025-03-10,0.0,36.9,18.4,65.1,0.321,13.3
436,1,2025-03-11,1.5,36.4,21.4,61.6,0.333,6.3
437,1,2025-03-12,0.0,32.5,19.5,52.7,0.34,11.2
438,1,2025-03-13,0.0,32.4,20.9,59.8,0.256,9.6
439,1,2025-03-14,0.0,34.9,19.2,53.9,0.33,7.1
440,1,2025-03-15,0.0,35.9,20.1,48.1,0.191,6.1
441,1,2025-03-16,0.0,35.8,22.1,60.0,0.193,10.5
442,1,2025-03-17,0.0,35.8,21.1,58.1,0.205,6.7
443,1,2025-03-18,0.0,35.8,22.4,49.9,0.295,10.2
444,1,2025-03-19,3.6,34.1,22.9,51.4,0.26,12.1
445,1,2025-03-20,0.0,32.7,22.6,64.7,0.298,24.6
446,1,2025-03-21,0.0,37.8,23.0,62.2,0.247,12.4
447,1,2025-03-22,0.0,33.7,18.6,63.0,0.223,4.9
448,1,2025-03-23,0.0,33.5,18.6,57.8,0.206,8.7
449,1,2025-03-24,0.0,33.1,21.4,63.0,0.246,8.2
450,1,2025-03-25,0.0,37.0,20.0,52.8,0.255,6.2
451,1,2025-03-26,0.0,36.4,24.0,56.9,0.299,7.7
452,1,2025-03-27,0.0,34.0,21.9,66.0,0.319,12.2
453,1,2025-03-28,0.0,37.6,22.5,48.9,0.244,17.3
454,1,2025-03-29,0.0,37.4,21.9,68.4,0.235,15.8
455,1,2025-03-30,0.0,35.8,19.2,50.6,0.248,15.8
456,1,2025-03-31,0.0,36.0,21.0,65.9,0.255,13.8
457,1,2025-04-01,0.0,45.6,26.0,25.4,0.084,11.3
458,1,2025-04-02,0.0,43.3,29.6,36.2,0.155,17.7
459,1,2025-04-03,0.0,45.2,28.8,26.1,0.156,17.1
460,1,2025-04-04,5.7,46.3,28.3,36.8,0.138,21.8
461,1,2025-04-05,0.0,46.2,27.2,25.5,0.121,12.9
462,1,2025-04-06,0.0,42.5,30.2,28.1,0.161,6.7
463,1,2025-04-07,0.0,42.8,30.7,20.0,0.09,15.3
464,1,2025-04-08,0.0,44.6,31.0,37.1,0.167,13.6
465,1,2025-04-09,0.0,45.4,26.2,28.3,0.115,4.8
466,1,2025-04-10,0.0,46.1,29.5,35.8,0.123,6.9
467,1,2025-04-11,0.0,46.4,27.7,27.2,0.139,12.0
468,1,2025-04-12,0.0,45.9,30.7,29.7,0.095,12.2
469,1,2025-04-13,0.0,42.9,29.1,26.3,0.096,11.2
470,1,2025-04-14,0.0,42.6,28.6,22.0,0.118,12.2
471,1,2025-04-15,0.0,43.1,28.2,31.6,0.129,12.3
472,1,2025-04-16,0.0,45.0,30.0,23.0,0.122,8.4
473,1,2025-04-17,0.0,41.7,30.9,32.8,0.153,14.5
474,1,2025-04-18,0.0,43.4,29.1,36.4,0.166,16.4
475,1,2025-04-19,0.0,41.5,30.9,26.4,0.097,11.8
476,1,2025-04-20,0.0,44.2,30.8,22.7,0.163,4.3
477,1,2025-04-21,0.0,41.3,30.6,37.3,0.095,13.6
478,1,2025-04-22,0.0,43.3,30.4,30.6,0.132,10.2
479,1,2025-04-23,0.0,45.2,29.9,22.0,0.087,11.4
480,1,2025-04-24,0.0,45.3,30.8,35.3,0.123,4.2
481,1,2025-04-25,0.0,42.2,27.4,24.6,0.162,9.8
482,1,2025-04-26,0.0,43.5,26.7,23.8,0.117,8.2
483,1,2025-04-27,0.0,43.7,27.1,23.5,0.16,15.4
484,1,2025-04-28,0.0,41.6,26.1,27.5,0.092,13.8
485,1,2025-04-29,0.0,41.3,26.6,37.2,0.102,8.4
486,1,2025-04-30,0.0,45.2,27.7,27.9,0.099,8.7
487,1,2025-05-01,0.0,42.4,27.8,20.7,0.164,12.6
488,1,2025-05-02,0.0,43.4,29.1,23.2,0.118,11.8
489,1,2025-05-03,0.0,45.0,26.5,34.0,0.113,9.2
490,1,2025-05-04,0.0,41.1,30.7,20.5,0.146,17.3
491,1,2025-05-05,0.0,41.3,26.3,22.5,0.142,7.6
492,1,2025-05-06,0.0,42.2,30.4,26.8,0.138,24.2
493,1,2025-05-07,0.0,44.5,27.8,21.8,0.179,10.8
494,1,2025-05-08,0.0,43.0,29.9,30.9,0.175,18.3
495,1,2025-05-09,0.0,43.4,26.1,24.1,0.147,8.8
496,1,2025-05-10,0.0,42.4,27.7,22.6,0.084,14.2
497,1,2025-05-11,0.0,46.1,27.7,30.7,0.08,14.8
498,1,2025-05-12,0.0,42.6,30.1,30.9,0.158,7.3
499,1,2025-05-13,0.0,46.1,26.4,24.2,0.171,11.6
500,1,2025-05-14,0.0,41.8,28.2,33.1,0.168,17.1
501,1,2025-05-15,0.0,42.8,26.4,31.7,0.117,15.2
502,1,2025-05-16,0.0,43.3,26.3,32.8,0.091,8.3
503,1,2025-05-17,0.0,44.3,27.7,35.3,0.145,20.7
504,1,2025-05-18,0.0,45.1,27.1,27.0,0.116,10.9
505,1,2025-05-19,0.0,44.6,27.3,28.7,0.169,16.1
506,1,2025-05-20,0.0,43.5,30.0,33.6,0.106,11.3
507,1,2025-05-21,0.0,45.8,29.1,33.1,0.122,7.3
508,1,2025-05-22,0.0,41.4,29.8,34.4,0.133,7.4
509,1,2025-05-23,0.0,44.7,30.6,33.9,0.097,14.3
510,1,2025-05-24,0.0,42.6,27.9,27.7,0.111,7.6
511,1,2025-05-25,0.0,45.7,30.0,21.2,0.127,7.7
512,1,2025-05-26,0.0,45.7,29.1,24.4,0.166,12.8
513,1,2025-05-27,0.0,44.1,30.7,26.3,0.172,14.0
514,1,2025-05-28,0.0,45.6,27.4,36.2,0.095,14.6
515,1,2025-05-29,0.0,41.4,29.2,32.2,0.18,10.8
516,1,2025-05-30,0.0,46.5,29.6,34.3,0.095,9.1
517,1,2025-05-31,0.0,41.6,29.2,32.5,0.099,2.0
518,1,2025-06-01,18.8,34.5,18.4,58.5,0.196,9.5
519,1,2025-06-02,0.0,34.8,20.9,64.7,0.262,2.0
520,1,2025-06-03,6.1,33.3,23.7,59.5,0.297,11.1
521,1,2025-06-04,0.0,37.5,23.9,45.5,0.299,23.9
522,1,2025-06-05,51.2,34.8,21.8,47.6,0.274,10.0
523,1,2025-06-06,14.4,32.7,18.1,48.1,0.299,15.6
524,1,2025-06-07,16.7,33.9,21.9,49.2,0.189,12.5
525,1,2025-06-08,31.4,32.6,22.3,64.8,0.232,6.9
526,1,2025-06-09,0.0,36.5,19.3,59.3,0.295,6.3
527,1,2025-06-10,44.5,36.5,19.6,52.9,0.227,2.8
528,1,2025-06-11,17.3,34.8,22.0,52.9,0.246,5.8
529,1,2025-06-12,0.0,36.3,20.3,59.3,0.245,6.1
530,1,2025-06-13,0.0,37.8,19.3,68.8,0.234,12.0
531,1,2025-06-14,18.1,37.0,22.7,62.7,0.265,7.4
532,1,2025-06-15,0.0,35.0,20.9,66.4,0.318,13.9
533,1,2025-06-16,0.0,33.9,22.2,61.7,0.192,16.7
534,1,2025-06-17,0.0,32.8,19.8,61.2,0.255,10.5
535,1,2025-06-18,0.0,34.0,23.4,54.0,0.336,5.0
536,1,2025-06-19,23.9,32.2,19.3,62.1,0.309,4.5
537,1,2025-06-20,0.0,36.0,23.7,56.5,0.244,10.8
538,1,2025-06-21,6.7,37.5,23.1,64.2,0.211,16.3
539,1,2025-06-22,41.2,36.7,19.6,63.4,0.263,16.3
540,1,2025-06-23,5.3,35.2,21.3,54.0,0.288,4.6
541,1,2025-06-24,0.0,35.2,21.0,60.6,0.279,11.4
542,1,2025-06-25,0.0,37.6,18.2,59.4,0.329,16.7
543,1,2025-06-26,0.0,37.9,22.4,63.6,0.323,17.7
544,1,2025-06-27,0.0,32.7,18.9,66.1,0.232,8.6
545,1,2025-06-28,0.0,34.1,18.2,50.5,0.311,2.2
546,1,2025-06-29,10.6,35.9,18.5,66.1,0.222,12.4
547,1,2025-06-30,0.0,37.5,19.7,68.3,0.269,16.5
548,1,2025-07-01,38.7,31.9,25.4,94.6,0.699,11.7
549,1,2025-07-02,1.2,28.1,25.8,89.9,0.458,6.8
550,1,2025-07-03,0.9,30.3,25.4,89.6,0.456,19.2
551,1,2025-07-04,34.3,32.0,25.8,83.6,0.67,13.7
552,1,2025-07-05,2.6,32.5,25.4,90.2,0.467,15.2
553,1,2025-07-06,59.3,32.1,25.4,100.0,0.831,14.3
554,1,2025-07-07,50.8,31.1,25.6,92.0,0.777,17.3
555,1,2025-07-08,0.9,32.5,25.4,87.4,0.456,17.8
556,1,2025-07-09,41.6,31.5,25.1,84.3,0.717,11.5
557,1,2025-07-10,64.5,30.4,24.8,100.0,0.865,12.8
558,1,2025-07-11,1.5,31.0,25.2,75.5,0.46,11.4
559,1,2025-07-12,0.9,29.2,23.7,79.3,0.456,11.9
560,1,2025-07-13,0.3,30.4,24.7,76.9,0.452,18.2
561,1,2025-07-14,60.8,29.7,25.3,98.5,0.841,17.1
562,1,2025-07-15,2.2,29.0,23.5,93.5,0.464,16.3
563,1,2025-07-16,39.2,31.1,23.3,99.5,0.702,7.0
564,1,2025-07-17,47.4,28.9,24.4,93.5,0.755,15.4
565,1,2025-07-18,21.4,32.4,25.5,86.4,0.588,12.0
566,1,2025-07-19,50.6,29.3,25.2,96.2,0.775,12.7
567,1,2025-07-20,29.7,33.0,23.4,84.4,0.641,5.1
568,1,2025-07-21,91.4,30.9,25.9,94.3,1.0,9.1
569,1,2025-07-22,63.2,32.9,23.4,100.0,0.856,17.4
570,1,2025-07-23,20.1,29.5,24.5,98.5,0.579,8.9
571,1,2025-07-24,10.5,29.9,25.9,84.6,0.518,10.4
572,1,2025-07-25,61.2,30.2,23.9,100.0,0.843,12.1
573,1,2025-07-26,49.3,29.4,25.9,89.8,0.767,5.2
574,1,2025-07-27,0.1,29.4,23.9,88.1,0.451,7.7
575,1,2025-07-28,89.9,32.8,25.5,100.0,1.0,10.9
576,1,2025-07-29,0.0,31.8,25.0,85.7,0.45,9.6
577,1,2025-07-30,37.9,31.9,25.8,88.9,0.694,9.2
578,1,2025-07-31,33.0,28.3,25.4,97.1,0.662,7.1
579,1,2025-08-01,117.1,29.8,25.6,99.5,1.0,13.9
580,1,2025-08-02,110.2,31.3,23.8,100.0,1.0,7.8
581,1,2025-08-03,2.5,28.8,25.3,93.2,0.466,15.4
582,1,2025-08-04,20.2,29.0,25.8,85.9,0.58,6.5
583,1,2025-08-05,46.9,31.9,24.2,91.4,0.752,12.7
584,1,2025-08-06,51.9,30.2,23.5,100.0,0.784,13.1
585,1,2025-08-07,37.4,30.5,25.7,98.9,0.69,8.4
586,1,2025-08-08,38.9,32.5,24.3,97.3,0.7,2.1
587,1,2025-08-09,73.8,28.2,24.5,100.0,0.924,7.1
588,1,2025-08-10,2.6,31.5,23.9,82.7,0.467,17.7
589,1,2025-08-11,51.2,31.5,24.1,98.4,0.779,14.7
590,1,2025-08-12,0.0,32.8,23.6,78.8,0.45,10.0
591,1,2025-08-13,43.1,29.1,25.2,93.5,0.727,14.8
592,1,2025-08-14,0.2,30.0,25.8,76.4,0.451,5.4
593,1,2025-08-15,1.3,32.9,24.8,82.3,0.458,10.3
594,1,2025-08-16,11.7,28.8,25.7,87.6,0.525,15.7
595,1,2025-08-17,1.5,29.5,25.3,86.9,0.46,13.8
596,1,2025-08-18,1.3,29.3,23.0,95.6,0.458,12.8
597,1,2025-08-19,56.1,32.2,24.6,96.0,0.811,9.9
598,1,2025-08-20,0.5,32.5,25.4,82.8,0.453,18.8
599,1,2025-08-21,94.3,28.1,26.0,100.0,1.0,5.3
600,1,2025-08-22,1.5,29.6,24.5,90.6,0.46,15.5
601,1,2025-08-23,2.8,29.3,25.0,94.5,0.468,11.2
602,1,2025-08-24,36.5,30.4,24.5,86.2,0.685,6.7
603,1,2025-08-25,14.7,32.5,25.6,87.3,0.544,14.9
604,1,2025-08-26,19.3,32.7,23.6,89.2,0.574,10.2
605,1,2025-08-27,35.9,29.6,24.1,100.0,0.681,9.5
606,1,2025-08-28,11.5,29.7,25.5,88.8,0.524,17.5
607,1,2025-08-29,2.4,29.3,24.6,87.6,0.465,13.2
608,1,2025-08-30,21.6,31.6,24.1,98.7,0.589,11.1
609,1,2025-08-31,49.2,30.0,25.6,94.1,0.766,6.7
610,1,2025-09-01,0.0,34.5,19.9,60.9,0.337,3.8
611,1,2025-09-02,20.1,32.7,21.9,52.6,0.297,15.1
612,1,2025-09-03,0.0,34.9,23.6,62.4,0.223,8.8
613,1,2025-09-04,0.0,37.0,18.8,52.0,0.284,18.9
614,1,2025-09-05,0.0,33.1,22.5,60.0,0.26,3.6
615,1,2025-09-06,0.0,36.5,19.0,45.1,0.23,12.9
616,1,2025-09-07,0.0,33.5,22.6,65.9,0.321,11.7
617,1,2025-09-08,24.0,36.8,21.8,64.9,0.314,17.9
618,1,2025-09-09,32.4,35.4,19.5,52.4,0.244,17.8
619,1,2025-09-10,0.0,37.8,20.5,60.0,0.196,22.1
620,1,2025-09-11,0.0,35.9,20.3,53.3,0.225,12.5
621,1,2025-09-12,21.8,36.3,21.3,53.4,0.342,12.8
622,1,2025-09-13,0.0,35.5,23.1,66.6,0.316,8.6
623,1,2025-09-14,8.5,37.3,20.5,50.1,0.279,10.9
624,1,2025-09-15,0.0,33.3,23.7,51.8,0.256,15.6
625,1,2025-09-16,0.0,35.8,23.9,62.4,0.309,9.2
626,1,2025-09-17,0.0,33.0,19.6,52.6,0.196,9.1
627,1,2025-09-18,16.4,32.4,20.1,49.6,0.285,11.5
628,1,2025-09-19,0.0,36.4,20.5,55.9,0.243,14.2
629,1,2025-09-20,0.0,33.2,22.9,52.0,0.294,2.0
630,1,2025-09-21,21.2,36.2,22.8,65.5,0.203,2.0
631,1,2025-09-22,20.0,37.0,18.2,62.4,0.206,9.3
632,1,2025-09-23,12.9,35.2,18.9,64.8,0.331,12.5
633,1,2025-09-24,61.3,37.6,21.6,46.3,0.327,8.9
634,1,2025-09-25,0.0,37.3,19.0,66.6,0.324,10.5
635,1,2025-09-26,0.0,34.2,20.1,69.6,0.29,4.4
636,1,2025-09-27,0.0,33.7,23.9,53.5,0.279,11.8
637,1,2025-09-28,7.3,32.5,21.0,68.6,0.288,10.7
638,1,2025-09-29,0.0,34.0,20.1,47.9,0.213,18.4
639,1,2025-09-30,0.0,34.6,18.4,46.3,0.204,7.8
640,1,2025-10-01,0.0,37.4,18.9,54.7,0.199,13.9
641,1,2025-10-02,0.0,36.0,18.8,68.1,0.332,16.7
642,1,2025-10-03,0.0,37.6,23.9,51.1,0.199,13.8
643,1,2025-10-04,0.0,32.3,22.8,69.6,0.254,15.9
644,1,2025-10-05,0.8,35.2,20.7,63.5,0.306,22.1
645,1,2025-10-06,0.0,33.3,18.8,53.8,0.251,9.9
646,1,2025-10-07,0.0,33.1,22.3,47.4,0.252,16.5
647,1,2025-10-08,3.4,34.5,22.9,67.6,0.183,10.8
648,1,2025-10-09,0.0,35.6,20.5,52.9,0.196,9.1
649,1,2025-10-10,0.0,33.4,22.7,56.0,0.191,3.5
650,1,2025-10-11,0.0,36.4,23.0,56.8,0.197,13.4
651,1,2025-10-12,0.0,33.8,22.8,59.4,0.19,7.8
652,1,2025-10-13,0.0,33.9,22.6,56.2,0.297,8.4
653,1,2025-10-14,0.0,37.6,22.1,57.5,0.286,10.4
654,1,2025-10-15,0.0,35.3,21.6,65.7,0.199,14.6
655,1,2025-10-16,0.0,37.6,22.8,46.1,0.313,22.4
656,1,2025-10-17,0.0,37.7,21.3,48.7,0.298,4.2
657,1,2025-10-18,0.0,32.4,23.9,65.7,0.3,7.6
658,1,2025-10-19,0.0,33.4,19.7,63.6,0.301,7.2
659,1,2025-10-20,2.5,33.3,20.7,56.0,0.216,6.3
660,1,2025-10-21,0.0,33.5,23.8,56.2,0.307,5.4
661,1,2025-10-22,0.0,32.3,19.4,53.0,0.192,17.1
662,1,2025-10-23,0.0,36.5,21.7,67.0,0.306,7.8
663,1,2025-10-24,0.0,32.6,19.4,64.7,0.275,16.9
664,1,2025-10-25,0.0,35.7,21.8,49.4,0.191,13.3
665,1,2025-10-26,0.0,33.9,23.9,53.8,0.304,11.0
666,1,2025-10-27,0.0,35.7,22.8,67.2,0.317,18.4
667,1,2025-10-28,2.8,34.4,20.2,54.0,0.204,10.3
668,1,2025-10-29,0.0,36.0,23.1,65.5,0.206,13.7
669,1,2025-10-30,0.0,33.4,18.2,65.2,0.302,3.7
670,1,2025-10-31,0.0,36.2,21.9,51.4,0.191,17.2
671,1,2025-11-01,0.0,34.3,21.0,60.1,0.248,8.1
672,1,2025-11-02,0.0,36.9,19.4,53.6,0.254,7.6
673,1,2025-11-03,0.0,37.2,21.0,51.2,0.304,8.3
674,1,2025-11-04,0.0,34.8,23.4,69.6,0.285,9.5
675,1,2025-11-05,0.0,32.4,19.9,61.7,0.297,16.7
676,1,2025-11-06,0.0,34.6,18.6,63.2,0.269,6.5
677,1,2025-11-07,0.0,36.9,19.0,50.9,0.259,11.4
678,1,2025-11-08,0.0,36.5,21.1,53.0,0.241,15.3
679,1,2025-11-09,0.0,37.6,20.2,65.5,0.263,15.5
680,1,2025-11-10,0.0,34.2,23.1,62.7,0.184,15.6
681,1,2025-11-11,0.0,32.9,23.8,56.8,0.307,11.6
682,1,2025-11-12,0.0,35.4,21.7,51.9,0.207,8.0
683,1,2025-11-13,0.0,34.5,22.1,64.9,0.316,12.2
684,1,2025-11-14,4.7,37.4,22.5,51.9,0.216,7.6
685,1,2025-11-15,0.0,36.2,21.4,54.6,0.313,4.0
686,1,2025-11-16,0.0,33.8,20.5,46.2,0.254,11.4
687,1,2025-11-17,0.0,36.0,22.0,57.3,0.305,7.2
688,1,2025-11-18,0.0,36.4,20.3,63.6,0.25,15.1
689,1,2025-11-19,0.0,35.8,19.6,57.9,0.33,4.4
690,1,2025-11-20,0.0,37.2,23.5,65.8,0.199,20.1
691,1,2025-11-21,0.0,33.2,19.7,62.0,0.222,7.8
692,1,2025-11-22,0.0,32.2,21.2,52.7,0.316,11.6
693,1,2025-11-23,0.0,37.0,23.1,47.1,0.244,8.2
694,1,2025-11-24,0.0,34.8,19.0,69.7,0.323,12.0
695,1,2025-11-25,0.0,35.0,23.6,58.8,0.211,20.7
696,1,2025-11-26,0.0,35.6,22.9,56.7,0.282,5.5
697,1,2025-11-27,0.0,36.0,20.9,65.3,0.187,18.9
698,1,2025-11-28,0.0,32.9,20.8,45.7,0.204,19.9
699,1,2025-11-29,0.0,36.4,20.6,46.9,0.187,5.2
700,1,2025-11-30,0.0,32.5,21.5,52.7,0.331,16.8
701,1,2025-12-01,0.0,28.5,11.0,49.0,0.203,15.7
702,1,2025-12-02,0.0,30.3,10.0,48.2,0.229,17.1
703,1,2025-12-03,0.0,28.8,9.6,62.0,0.241,14.0
704,1,2025-12-04,0.0,29.8,14.1,60.0,0.254,14.1
705,1,2025-12-05,0.3,28.8,10.2,49.3,0.223,8.2
706,1,2025-12-06,0.0,28.7,13.5,55.3,0.192,11.6
707,1,2025-12-07,0.0,27.9,13.2,42.8,0.268,12.8
708,1,2025-12-08,0.0,30.1,12.8,61.4,0.173,9.7
709,1,2025-12-09,0.0,26.6,9.6,43.6,0.241,15.3
710,1,2025-12-10,0.0,28.4,11.0,54.7,0.182,11.4
711,1,2025-12-11,0.0,27.0,10.2,46.4,0.271,10.5
712,1,2025-12-12,0.0,30.0,12.1,41.6,0.201,7.7
713,1,2025-12-13,0.0,29.1,12.9,47.9,0.199,5.5
714,1,2025-12-14,0.0,29.4,9.6,60.4,0.211,7.4
715,1,2025-12-15,0.0,26.3,9.2,46.5,0.249,14.8
716,1,2025-12-16,0.0,29.0,10.9,41.1,0.168,16.9
717,1,2025-12-17,0.0,26.6,9.9,50.1,0.248,12.4
718,1,2025-12-18,0.0,26.5,11.8,48.1,0.242,7.5
719,1,2025-12-19,0.0,28.2,9.7,47.7,0.213,17.4
720,1,2025-12-20,0.0,28.4,11.4,56.8,0.23,10.1
721,1,2025-12-21,0.0,30.2,11.7,54.2,0.217,5.2
722,1,2025-12-22,0.0,28.8,11.8,56.0,0.254,7.3
723,1,2025-12-23,0.0,29.9,13.0,44.1,0.261,15.4
724,1,2025-12-24,0.0,27.2,10.1,52.7,0.261,6.4
725,1,2025-12-25,0.0,28.2,12.5,54.6,0.256,10.9
726,1,2025-12-26,0.0,26.7,10.5,53.3,0.23,18.0
727,1,2025-12-27,0.0,29.2,12.8,51.2,0.229,5.6
728,1,2025-12-28,0.0,26.7,11.0,46.9,0.257,7.7
729,1,2025-12-29,0.0,30.5,11.0,54.8,0.224,8.5
730,1,2025-12-30,0.0,29.4,11.0,47.0,0.249,13.7
731,1,2025-12-31,0.0,27.6,10.6,59.1,0.223,9.2
732,1,2026-01-01,0.0,30.2,11.8,46.2,0.163,5.5
733,1,2026-01-02,0.0,26.7,12.6,43.5,0.197,15.5
734,1,2026-01-03,0.0,27.4,10.6,51.4,0.178,7.6
735,1,2026-01-04,0.0,27.5,9.0,51.1,0.26,11.6
736,1,2026-01-05,0.0,30.0,14.0,48.9,0.25,13.3
737,1,2026-01-06,0.0,27.5,13.8,47.3,0.165,17.2
738,1,2026-01-07,0.0,28.2,13.8,44.0,0.258,11.0
739,1,2026-01-08,0.0,28.1,10.2,60.9,0.23,2.0
740,1,2026-01-09,0.0,28.8,10.8,50.0,0.239,8.1
741,1,2026-01-10,0.0,30.1,11.6,61.5,0.248,18.8
742,1,2026-01-11,0.0,27.5,12.8,53.1,0.251,17.7
743,1,2026-01-12,0.0,29.3,12.6,49.0,0.245,5.2
744,1,2026-01-13,0.0,27.6,11.8,43.1,0.187,9.2
745,1,2026-01-14,0.0,29.9,14.2,47.3,0.24,12.9
746,1,2026-01-15,0.0,27.4,11.2,54.3,0.227,8.3
747,1,2026-01-16,0.0,30.3,12.2,58.2,0.262,23.5
748,1,2026-01-17,0.0,30.0,11.5,53.2,0.191,20.9
749,1,2026-01-18,0.0,29.6,10.9,56.7,0.256,15.2
750,1,2026-01-19,0.0,29.7,14.3,43.6,0.26,19.6
751,1,2026-01-20,0.9,27.2,11.2,56.2,0.274,15.5
752,1,2026-01-21,0.0,28.4,14.2,42.2,0.236,2.0
753,1,2026-01-22,0.0,30.4,13.7,51.1,0.151,14.3
754,1,2026-01-23,0.0,30.4,12.6,40.8,0.216,16.4
755,1,2026-01-24,0.0,29.6,14.2,61.8,0.219,10.6
756,1,2026-01-25,0.0,26.4,10.6,46.5,0.247,6.4
757,1,2026-01-26,0.0,28.5,14.2,44.2,0.246,2.0
758,1,2026-01-27,0.0,27.2,11.0,42.4,0.209,12.8
759,1,2026-01-28,0.0,26.9,12.0,55.1,0.227,8.1
760,1,2026-01-29,0.0,30.3,13.2,50.6,0.247,13.8
761,1,2026-01-30,0.0,29.3,13.5,47.6,0.23,4.8
762,1,2026-01-31,0.0,26.7,10.2,47.4,0.16,11.6
763,1,2026-02-01,0.0,36.1,20.4,57.9,0.21,13.1
764,1,2026-02-02,0.0,35.5,19.0,52.5,0.327,10.0
765,1,2026-02-03,0.0,36.2,21.8,52.5,0.191,10.0
766,1,2026-02-04,0.0,36.5,22.0,49.0,0.262,10.5
767,1,2026-02-05,0.0,35.8,23.0,61.1,0.243,17.6
768,1,2026-02-06,1.5,33.8,21.9,47.1,0.339,10.1
769,1,2026-02-07,0.0,33.2,22.2,54.7,0.188,17.2
770,1,2026-02-08,0.0,36.1,21.5,67.6,0.182,19.2
771,1,2026-02-09,0.0,37.2,21.0,54.1,0.181,17.6
772,1,2026-02-10,0.0,37.8,18.2,56.7,0.346,12.3
773,1,2026-02-11,0.0,34.7,21.6,51.7,0.316,14.2
774,1,2026-02-12,0.0,34.0,19.2,62.1,0.302,15.4
775,1,2026-02-13,0.0,37.1,23.3,48.4,0.262,12.1
776,1,2026-02-14,0.0,33.8,18.6,54.3,0.327,17.3
777,1,2026-02-15,0.0,32.3,18.6,62.2,0.313,9.5
778,1,2026-02-16,0.0,34.0,21.8,51.4,0.215,11.9
779,1,2026-02-17,0.0,37.1,21.2,66.9,0.236,10.8
780,1,2026-02-18,0.0,35.7,19.0,56.0,0.213,7.0
781,1,2026-02-19,0.0,33.2,18.9,58.7,0.322,12.6
782,1,2026-02-20,0.0,34.6,21.1,65.3,0.187,2.0
783,1,2026-02-21,0.0,37.1,18.3,56.1,0.251,11.7
784,1,2026-02-22,0.0,34.8,23.3,54.8,0.299,9.7
785,1,2026-02-23,0.0,34.9,23.4,61.0,0.204,13.2
786,1,2026-02-24,0.0,32.0,20.9,55.4,0.214,9.8
787,1,2026-02-25,0.0,34.4,20.4,58.0,0.303,11.9
788,1,2026-02-26,0.0,32.8,18.4,54.9,0.249,16.7
789,1,2026-02-27,0.0,35.4,22.6,54.1,0.198,9.1
790,1,2026-02-28,0.0,35.8,18.2,46.1,0.2,6.6
791,1,2026-03-01,0.0,32.5,23.4,55.8,0.284,13.5
792,1,2026-03-02,0.0,36.6,21.1,53.3,0.229,12.6
793,1,2026-03-03,0.0,32.4,18.2,65.0,0.31,9.5
794,1,2026-03-04,0.0,35.8,20.3,66.3,0.242,12.3
795,1,2026-03-05,0.0,33.9,19.1,45.1,0.291,15.4
796,1,2026-03-06,0.0,32.5,21.8,64.7,0.251,14.5
797,1,2026-03-07,0.0,36.7,19.2,64.9,0.345,13.2
798,1,2026-03-08,0.0,35.9,23.0,54.1,0.192,12.7
799,1,2026-03-09,0.0,32.0,19.7,47.9,0.186,6.0
800,1,2026-03-10,0.0,34.8,23.6,59.2,0.231,21.5
801,1,2026-03-11,0.0,34.0,18.7,57.2,0.317,7.6
802,1,2026-03-12,0.0,35.8,19.7,53.5,0.269,4.6
803,1,2026-03-13,0.0,32.4,23.1,57.8,0.284,17.4
804,1,2026-03-14,0.0,32.1,22.0,64.6,0.327,12.7
805,1,2026-03-15,0.0,34.9,19.0,58.9,0.323,11.4
806,1,2026-03-16,0.0,32.6,20.6,53.6,0.214,14.8
807,1,2026-03-17,0.0,34.0,18.1,68.5,0.197,18.1
808,1,2026-03-18,0.0,34.6,21.7,63.9,0.273,12.0
809,1,2026-03-19,0.0,35.5,22.3,68.7,0.292,11.6
810,1,2026-03-20,0.0,37.0,20.2,63.5,0.258,3.7
811,1,2026-03-21,0.0,36.2,22.0,48.0,0.246,13.1
812,1,2026-03-22,0.0,33.9,20.6,65.0,0.259,22.4
813,1,2026-03-23,0.0,33.3,19.8,63.2,0.184,16.7
814,1,2026-03-24,0.0,37.2,23.0,60.6,0.331,11.6
815,1,2026-03-25,0.0,36.1,21.9,48.4,0.224,15.3
816,1,2026-03-26,0.0,37.7,23.8,68.1,0.272,10.0
817,1,2026-03-27,0.0,36.5,20.2,45.7,0.336,12.3
818,1,2026-03-28,0.0,35.1,21.9,59.4,0.312,13.2
819,1,2026-03-29,0.0,37.7,18.1,61.6,0.303,15.0
820,1,2026-03-30,0.0,33.8,18.7,49.7,0.226,7.7
821,1,2026-03-31,0.0,32.5,18.7,46.4,0.279,11.7
822,1,2026-04-01,0.0,43.3,26.3,36.5,0.111,9.7
823,1,2026-04-02,0.0,41.9,26.3,31.1,0.085,13.7
824,1,2026-04-03,0.0,42.0,28.3,25.1,0.131,10.4
825,1,2026-04-04,0.0,42.5,28.7,34.4,0.123,13.3
826,1,2026-04-05,0.0,43.3,26.3,31.8,0.117,4.5
827,1,2026-04-06,0.0,45.8,26.8,33.4,0.176,17.2
828,1,2026-04-07,0.0,43.0,26.2,33.9,0.137,15.2
829,1,2026-04-08,0.0,41.4,30.8,23.3,0.12,10.1
830,1,2026-04-09,0.0,43.2,27.6,21.5,0.088,8.3
831,1,2026-04-10,0.0,43.8,29.6,36.4,0.166,2.8
832,1,2026-04-11,0.0,43.9,26.6,28.7,0.111,10.1
833,1,2026-04-12,0.0,42.2,28.1,33.7,0.137,19.6
834,1,2026-04-13,0.0,44.6,28.1,26.2,0.08,13.7
835,1,2026-04-14,0.0,46.3,29.8,30.7,0.086,16.1
836,1,2026-04-15,0.0,43.7,26.6,28.4,0.17,9.4
837,1,2026-04-16,0.0,45.8,28.3,31.5,0.088,18.6
838,1,2026-04-17,0.0,41.4,26.3,20.1,0.125,19.0
839,1,2026-04-18,0.0,46.1,26.4,37.4,0.083,4.0
840,1,2026-04-19,0.0,42.5,28.9,23.2,0.134,13.7
841,1,2026-04-20,0.0,45.7,27.5,30.6,0.165,6.5
842,1,2026-04-21,0.0,41.1,28.6,26.2,0.179,8.1
843,1,2026-04-22,0.0,45.2,30.6,33.3,0.129,11.0
844,1,2026-04-23,0.0,43.7,30.7,37.9,0.171,9.2
845,1,2026-04-24,0.0,45.2,26.9,28.5,0.1,12.3
846,1,2026-04-25,0.0,43.3,27.4,30.1,0.135,6.1
847,1,2026-04-26,0.0,45.0,26.5,27.7,0.17,14.2
848,1,2026-04-27,0.0,44.3,30.8,31.4,0.14,13.0
849,1,2026-04-28,0.0,43.9,26.4,30.3,0.136,5.8
850,1,2026-04-29,1.1,45.3,26.4,34.2,0.111,9.7
851,1,2026-04-30,0.0,43.2,29.9,24.8,0.104,2.5
852,1,2026-05-01,0.0,45.8,27.5,20.3,0.145,18.7
853,1,2026-05-02,0.0,45.8,29.0,21.2,0.172,13.7
854,1,2026-05-03,0.0,43.4,30.1,27.2,0.094,6.5
855,1,2026-05-04,0.0,43.4,28.0,23.2,0.135,13.9
856,1,2026-05-05,0.6,43.1,27.8,34.3,0.133,8.7
857,1,2026-05-06,0.0,45.5,29.0,21.2,0.175,13.4
858,1,2026-05-07,0.0,41.6,30.3,32.7,0.124,9.0
859,1,2026-05-08,0.0,43.0,29.6,21.0,0.153,7.5
860,1,2026-05-09,0.0,45.3,30.4,37.3,0.142,11.9
861,1,2026-05-10,0.0,43.9,30.9,20.6,0.155,14.9
862,1,2026-05-11,0.0,43.6,30.9,26.8,0.173,8.8
863,1,2026-05-12,0.0,44.3,29.9,26.1,0.116,6.8
864,1,2026-05-13,0.0,41.5,29.4,33.6,0.123,17.5
865,1,2026-05-14,0.0,41.8,30.1,24.9,0.139,9.4
866,1,2026-05-15,0.0,44.2,30.9,37.3,0.146,4.9
867,1,2026-05-16,0.0,45.7,28.7,23.5,0.104,13.2
868,1,2026-05-17,0.0,46.3,27.7,22.5,0.141,7.8
869,1,2026-05-18,0.0,43.7,28.1,33.8,0.088,6.4
870,1,2026-05-19,0.0,44.5,28.0,34.8,0.155,17.9
871,1,2026-05-20,0.0,44.9,26.6,29.4,0.113,12.3
872,1,2026-05-21,0.0,41.1,28.8,23.3,0.108,13.5
873,1,2026-05-22,0.0,45.0,27.8,22.1,0.086,17.8
874,1,2026-05-23,0.0,46.4,31.0,22.4,0.14,11.5
875,1,2026-05-24,0.0,46.5,27.6,34.6,0.151,7.2
876,1,2026-05-25,0.0,45.9,26.4,21.5,0.141,7.0
877,1,2026-05-26,0.0,42.1,26.2,29.0,0.125,16.7
878,1,2026-05-27,0.0,42.4,28.9,37.0,0.13,14.8
879,1,2026-05-28,0.0,45.2,29.6,36.0,0.127,3.8
880,1,2026-05-29,0.0,41.8,28.7,24.4,0.179,15.2
881,1,2026-05-30,0.0,46.0,30.5,23.0,0.108,16.5
882,1,2026-05-31,0.0,43.7,29.2,23.0,0.149,15.1
883,1,2026-06-01,13.1,35.9,19.2,49.4,0.332,11.9
884,1,2026-06-02,0.0,32.6,21.2,66.8,0.35,12.8
885,1,2026-06-03,23.0,35.4,21.8,60.4,0.197,8.2
886,1,2026-06-04,0.0,32.5,24.0,61.9,0.186,5.3
887,1,2026-06-05,24.7,32.3,20.8,47.2,0.21,4.0
888,1,2026-06-06,77.6,37.1,18.3,59.7,0.288,15.7
889,1,2026-06-07,0.0,32.3,20.2,46.1,0.31,9.4
890,1,2026-06-08,0.0,32.8,22.8,67.6,0.209,11.3
891,1,2026-06-09,14.8,37.9,19.0,56.8,0.226,2.0
892,1,2026-06-10,73.9,33.5,19.5,68.7,0.192,13.8
893,1,2026-06-11,15.5,32.2,18.6,47.6,0.349,19.9
894,1,2026-06-12,0.0,32.2,21.7,68.4,0.309,23.7
895,1,2026-06-13,0.0,37.4,21.9,59.7,0.219,13.6
896,1,2026-06-14,0.0,35.6,19.5,64.1,0.254,8.8
897,1,2026-06-15,58.4,37.1,21.9,67.0,0.212,4.6
898,1,2026-06-16,0.0,32.3,22.4,69.6,0.25,22.8
899,1,2026-06-17,0.0,34.1,18.4,62.6,0.334,12.4
900,1,2026-06-18,0.0,33.1,19.7,55.8,0.189,9.3
901,1,2026-06-19,28.7,38.0,23.4,58.7,0.206,13.5
902,1,2026-06-20,0.0,32.6,18.2,48.2,0.337,10.4
903,1,2026-06-21,0.0,33.7,21.3,48.2,0.244,16.3
904,1,2026-06-22,47.5,35.8,20.0,55.0,0.248,11.4
905,1,2026-06-23,54.9,33.6,21.6,58.6,0.287,21.0
906,1,2026-06-24,0.0,37.3,18.9,60.2,0.291,7.1
907,1,2026-06-25,0.0,34.0,18.3,70.0,0.221,11.0
908,1,2026-06-26,0.0,32.7,22.7,50.5,0.248,15.9
909,1,2026-06-27,16.1,34.4,19.5,55.8,0.268,11.3
910,1,2026-06-28,0.0,35.4,19.8,61.3,0.204,11.9
911,1,2026-06-29,17.6,36.5,19.5,57.4,0.228,8.6
912,1,2026-06-30,0.0,32.5,23.9,48.5,0.329,10.1
913,1,2026-07-01,1.1,29.1,24.9,96.1,0.457,6.6
914,1,2026-07-02,81.7,31.9,24.1,97.5,0.975,10.9
915,1,2026-07-03,43.2,30.0,24.9,96.6,0.728,12.5
916,1,2026-07-04,14.5,29.0,25.7,85.8,0.543,2.1
917,1,2026-07-05,17.3,32.9,24.9,79.8,0.561,5.5
918,1,2026-07-06,1.9,29.5,23.4,83.2,0.462,16.1
919,1,2026-07-07,0.3,30.7,24.7,78.4,0.452,5.5
920,1,2026-07-08,23.4,31.1,24.5,92.9,0.6,12.1
921,1,2026-07-09,38.4,32.3,23.3,90.2,0.697,6.1
922,1,2026-07-10,2.3,30.0,25.5,83.3,0.465,18.5
923,1,2026-07-11,0.3,31.8,23.1,92.0,0.452,11.9
924,1,2026-07-12,0.5,28.7,24.6,82.7,0.453,16.2
925,1,2026-07-13,41.1,31.5,24.2,96.5,0.714,10.8
926,1,2026-07-14,46.3,30.1,24.1,100.0,0.748,6.5
927,1,2026-07-15,0.6,32.3,24.7,90.5,0.454,13.1
928,1,2026-07-16,50.9,28.3,24.9,90.5,0.777,15.3
929,1,2026-07-17,92.7,30.4,23.5,100.0,1.0,8.1
930,1,2026-07-18,2.4,31.0,25.0,83.6,0.465,9.6
931,1,2026-07-19,1.8,28.2,23.3,87.3,0.462,12.3
932,1,2026-07-20,104.1,30.0,24.2,100.0,1.0,11.9
933,1,2026-07-21,1.8,29.9,24.8,79.2,0.462,14.2
934,1,2026-07-22,70.5,31.3,25.8,100.0,0.903,7.7
935,1,2026-07-23,0.7,31.1,24.1,94.1,0.455,19.3
936,1,2026-07-24,3.0,28.1,23.3,90.1,0.469,12.4
937,1,2026-07-25,1.5,29.2,23.7,92.5,0.46,12.4
938,1,2026-07-26,1.5,29.7,23.5,86.6,0.46,13.5
939,1,2026-07-27,56.5,29.6,25.6,97.4,0.813,6.2
940,1,2026-07-28,57.4,30.0,25.9,100.0,0.819,17.4
941,1,2026-07-29,0.5,30.2,23.3,75.7,0.453,5.6
942,1,2026-07-30,36.8,29.7,24.5,94.3,0.687,8.1
943,1,2026-07-31,41.5,29.3,23.7,84.5,0.717,18.4
944,1,2026-08-01,40.8,30.9,24.1,88.2,0.712,14.6
945,1,2026-08-02,58.4,30.9,25.6,91.3,0.825,9.9
946,1,2026-08-03,1.1,29.8,24.7,76.6,0.457,8.3
947,1,2026-08-04,1.9,31.2,23.9,94.5,0.462,14.1
948,1,2026-08-05,0.9,29.6,25.9,87.7,0.456,8.5
949,1,2026-08-06,0.7,32.9,26.0,82.3,0.455,19.2
950,1,2026-08-07,2.4,28.5,25.5,96.4,0.465,13.8
951,1,2026-08-08,1.3,30.9,25.1,92.2,0.458,22.9
952,1,2026-08-09,29.8,30.5,23.6,92.8,0.642,11.2
953,1,2026-08-10,42.7,32.1,25.4,88.0,0.725,9.8
954,1,2026-08-11,2.0,29.6,25.8,94.1,0.463,11.1
955,1,2026-08-12,48.0,29.9,26.0,93.0,0.759,17.8
956,1,2026-08-13,35.7,32.5,26.0,95.4,0.679,5.5
957,1,2026-08-14,52.0,32.8,23.3,89.8,0.784,12.0
958,1,2026-08-15,163.7,30.2,24.4,100.0,1.0,12.7
959,1,2026-08-16,69.1,28.9,25.6,93.9,0.894,13.3
960,1,2026-08-17,1.2,28.1,24.0,84.4,0.458,6.8
961,1,2026-08-18,1.6,29.6,25.7,91.9,0.46,9.6
962,1,2026-08-19,42.9,32.2,25.5,87.4,0.726,15.4
963,1,2026-08-20,27.0,31.6,25.2,81.8,0.624,10.2
964,1,2026-08-21,67.9,28.4,24.3,100.0,0.887,7.5
965,1,2026-08-22,41.7,32.7,25.6,99.7,0.718,10.9
966,1,2026-08-23,2.4,32.7,25.8,86.0,0.465,7.9
967,1,2026-08-24,98.7,31.3,24.9,100.0,1.0,8.5
968,1,2026-08-25,62.3,32.0,24.0,97.1,0.851,10.7
969,1,2026-08-26,78.4,32.0,25.7,92.1,0.954,9.9
970,1,2026-08-27,1.8,31.5,23.4,77.0,0.462,14.0
971,1,2026-08-28,41.8,31.0,25.8,99.2,0.719,16.6
972,1,2026-08-29,29.5,29.6,23.0,87.1,0.64,15.1
973,1,2026-08-30,105.6,31.3,23.5,100.0,1.0,14.8
974,1,2026-08-31,1.9,29.8,23.7,84.8,0.462,13.4
975,2,2024-01-01,0.0,28.8,14.2,55.7,0.19,18.0
976,2,2024-01-02,0.0,30.3,11.7,59.0,0.188,16.8
977,2,2024-01-03,0.0,27.0,12.4,55.8,0.277,19.8
978,2,2024-01-04,0.0,29.5,12.1,56.1,0.219,5.4
979,2,2024-01-05,0.0,29.9,14.1,44.4,0.181,11.6
980,2,2024-01-06,0.0,28.2,14.2,48.0,0.205,17.1
981,2,2024-01-07,0.0,28.6,12.7,51.7,0.158,18.6
982,2,2024-01-08,0.0,28.3,9.4,50.2,0.207,18.3
983,2,2024-01-09,0.0,28.8,11.6,55.4,0.223,2.0
984,2,2024-01-10,0.0,26.5,13.2,51.9,0.171,22.0
985,2,2024-01-11,1.8,29.6,10.8,46.0,0.205,4.5
986,2,2024-01-12,0.0,27.6,12.0,40.7,0.229,17.2
987,2,2024-01-13,0.0,26.5,10.0,49.1,0.152,3.6
988,2,2024-01-14,0.0,29.3,9.9,61.9,0.231,16.7
989,2,2024-01-15,0.0,27.1,11.7,57.7,0.254,11.2
990,2,2024-01-16,0.0,26.5,11.7,56.5,0.154,13.9
991,2,2024-01-17,0.0,26.8,10.3,48.6,0.166,11.6
992,2,2024-01-18,0.0,29.4,11.5,57.5,0.251,11.9
993,2,2024-01-19,0.0,26.8,9.6,55.1,0.236,3.6
994,2,2024-01-20,0.0,29.3,10.2,56.6,0.198,6.0
995,2,2024-01-21,0.0,30.5,11.2,45.3,0.167,11.8
996,2,2024-01-22,0.0,27.7,12.0,53.4,0.25,8.6
997,2,2024-01-23,0.0,28.3,11.5,52.1,0.206,13.3
998,2,2024-01-24,0.0,29.6,11.7,45.2,0.218,17.4
999,2,2024-01-25,0.0,26.6,13.4,57.9,0.277,7.8
1000,2,2024-01-26,0.0,26.4,13.4,47.8,0.198,8.6
1001,2,2024-01-27,0.0,26.6,14.3,41.7,0.242,14.4
1002,2,2024-01-28,0.0,27.0,12.0,49.7,0.187,14.5
1003,2,2024-01-29,0.0,28.0,12.9,55.3,0.246,8.3
1004,2,2024-01-30,0.0,30.3,9.4,47.5,0.162,12.2
1005,2,2024-01-31,0.0,27.2,9.3,44.3,0.177,5.5
1006,2,2024-02-01,0.0,33.2,21.4,48.3,0.266,9.9
1007,2,2024-02-02,0.0,34.2,20.5,66.7,0.324,19.0
1008,2,2024-02-03,0.0,35.3,23.8,57.4,0.186,17.1
1009,2,2024-02-04,0.0,32.6,21.7,60.2,0.233,19.4
1010,2,2024-02-05,0.0,36.4,21.1,45.3,0.236,9.3
1011,2,2024-02-06,0.0,33.6,18.8,67.8,0.182,19.4
1012,2,2024-02-07,0.0,32.2,18.1,46.3,0.184,11.9
1013,2,2024-02-08,0.0,34.0,18.6,68.0,0.306,6.2
1014,2,2024-02-09,0.0,33.6,18.2,67.1,0.276,2.3
1015,2,2024-02-10,0.0,32.9,23.4,49.0,0.197,8.9
1016,2,2024-02-11,0.0,37.6,20.9,53.7,0.304,4.2
1017,2,2024-02-12,0.0,34.4,22.4,68.2,0.211,13.5
1018,2,2024-02-13,0.1,32.8,22.1,57.1,0.231,11.7
1019,2,2024-02-14,0.0,33.2,19.5,50.8,0.209,8.8
1020,2,2024-02-15,0.0,33.3,22.8,63.5,0.272,9.7
1021,2,2024-02-16,0.0,32.5,22.9,48.2,0.238,9.7
1022,2,2024-02-17,0.0,36.3,23.7,45.1,0.196,3.3
1023,2,2024-02-18,0.0,34.6,21.9,62.4,0.194,4.3
1024,2,2024-02-19,0.0,37.5,21.9,57.2,0.208,6.3
1025,2,2024-02-20,0.0,32.2,23.7,50.5,0.241,9.9
1026,2,2024-02-21,0.0,32.5,22.8,58.8,0.3,10.0
1027,2,2024-02-22,0.0,34.9,20.5,54.9,0.324,16.9
1028,2,2024-02-23,0.0,36.1,21.0,53.0,0.329,10.1
1029,2,2024-02-24,0.0,32.6,23.9,51.7,0.305,12.5
1030,2,2024-02-25,0.0,34.8,24.0,49.0,0.267,16.0
1031,2,2024-02-26,0.0,37.7,20.6,66.0,0.202,12.3
1032,2,2024-02-27,0.0,33.4,21.1,68.5,0.271,17.8
1033,2,2024-02-28,0.0,36.1,22.6,48.4,0.248,11.8
1034,2,2024-02-29,0.0,37.0,23.4,56.9,0.225,7.7
1035,2,2024-03-01,0.0,36.1,22.8,46.5,0.32,10.3
1036,2,2024-03-02,0.0,34.2,23.1,68.5,0.328,15.2
1037,2,2024-03-03,0.0,35.5,19.0,56.6,0.255,13.5
1038,2,2024-03-04,0.0,32.5,22.0,46.6,0.198,2.0
1039,2,2024-03-05,0.0,37.2,18.7,52.0,0.318,6.5
1040,2,2024-03-06,0.0,37.1,19.6,45.5,0.231,11.8
1041,2,2024-03-07,0.0,33.4,22.2,56.9,0.235,26.1
1042,2,2024-03-08,0.0,34.3,21.3,65.5,0.296,8.1
1043,2,2024-03-09,0.0,34.2,21.2,67.8,0.278,9.2
1044,2,2024-03-10,0.0,37.7,20.0,54.1,0.26,9.5
1045,2,2024-03-11,0.0,35.4,21.5,62.4,0.195,12.0
1046,2,2024-03-12,0.0,32.2,19.8,62.6,0.275,7.3
1047,2,2024-03-13,0.0,33.3,21.7,66.6,0.277,7.6
1048,2,2024-03-14,0.0,36.7,20.3,53.9,0.291,7.8
1049,2,2024-03-15,1.4,37.1,23.2,60.7,0.305,11.6
1050,2,2024-03-16,0.0,36.7,18.2,49.4,0.217,8.8
1051,2,2024-03-17,0.0,33.5,20.5,45.9,0.231,20.1
1052,2,2024-03-18,0.0,32.3,20.3,63.0,0.188,9.1
1053,2,2024-03-19,0.0,35.1,23.7,53.9,0.193,8.7
1054,2,2024-03-20,1.3,35.8,22.4,46.0,0.282,9.8
1055,2,2024-03-21,0.0,32.6,22.3,58.5,0.187,9.2
1056,2,2024-03-22,0.0,37.4,22.1,58.5,0.239,8.3
1057,2,2024-03-23,0.0,34.2,21.1,50.8,0.288,7.0
1058,2,2024-03-24,0.0,33.2,19.7,60.6,0.338,6.9
1059,2,2024-03-25,0.0,32.3,18.5,55.3,0.233,9.6
1060,2,2024-03-26,0.0,33.3,20.9,46.2,0.312,9.3
1061,2,2024-03-27,0.0,37.0,23.8,51.4,0.343,8.7
1062,2,2024-03-28,0.0,36.4,23.1,64.3,0.337,3.6
1063,2,2024-03-29,0.0,35.9,18.9,52.1,0.317,13.7
1064,2,2024-03-30,0.0,32.9,22.9,61.4,0.317,9.7
1065,2,2024-03-31,3.3,34.7,21.2,69.1,0.318,8.5
1066,2,2024-04-01,0.0,43.0,26.7,37.4,0.086,9.3
1067,2,2024-04-02,0.0,43.9,30.2,28.6,0.085,13.7
1068,2,2024-04-03,0.0,44.0,27.4,34.9,0.141,2.0
1069,2,2024-04-04,0.0,45.0,28.4,28.8,0.093,4.2
1070,2,2024-04-05,0.0,42.0,27.8,36.8,0.092,5.3
1071,2,2024-04-06,0.0,41.2,27.8,20.8,0.1,24.7
1072,2,2024-04-07,0.0,42.4,29.0,31.8,0.105,18.1
1073,2,2024-04-08,0.0,44.0,27.5,31.1,0.101,14.3
1074,2,2024-04-09,0.0,46.4,27.2,36.5,0.166,11.6
1075,2,2024-04-10,0.0,46.0,30.6,32.4,0.17,10.9
1076,2,2024-04-11,0.0,43.7,26.0,24.5,0.145,12.5
1077,2,2024-04-12,0.0,44.5,30.0,21.4,0.162,13.9
1078,2,2024-04-13,0.0,45.8,29.9,25.3,0.125,12.5
1079,2,2024-04-14,1.3,43.2,27.7,26.3,0.086,10.8
1080,2,2024-04-15,0.0,44.8,29.6,20.5,0.097,17.1
1081,2,2024-04-16,0.0,44.8,26.4,28.8,0.09,3.5
1082,2,2024-04-17,0.0,43.0,26.7,31.5,0.116,10.5
1083,2,2024-04-18,0.0,45.2,30.8,24.9,0.117,8.2
1084,2,2024-04-19,0.0,41.5,28.4,33.2,0.106,12.1
1085,2,2024-04-20,3.0,45.0,29.5,30.3,0.082,16.1
1086,2,2024-04-21,0.0,45.1,27.2,31.1,0.087,17.7
1087,2,2024-04-22,1.6,43.0,30.1,27.1,0.147,13.5
1088,2,2024-04-23,0.0,43.7,29.8,37.3,0.113,6.9
1089,2,2024-04-24,0.0,42.9,28.8,26.0,0.179,13.4
1090,2,2024-04-25,0.0,45.1,26.0,29.8,0.098,9.6
1091,2,2024-04-26,0.0,44.8,27.4,31.8,0.094,16.9
1092,2,2024-04-27,0.0,43.1,28.1,29.0,0.097,5.8
1093,2,2024-04-28,0.0,45.6,30.9,32.9,0.106,3.9
1094,2,2024-04-29,0.0,41.1,28.3,24.8,0.115,13.1
1095,2,2024-04-30,0.0,45.6,27.3,37.2,0.094,15.8
1096,2,2024-05-01,0.0,41.4,27.2,34.3,0.131,15.8
1097,2,2024-05-02,0.0,45.3,27.3,28.2,0.144,15.2
1098,2,2024-05-03,0.0,45.2,28.7,29.1,0.14,14.5
1099,2,2024-05-04,0.0,42.5,29.0,26.0,0.155,12.2
1100,2,2024-05-05,0.0,45.7,28.6,33.8,0.149,6.9
1101,2,2024-05-06,0.0,43.1,29.4,28.8,0.101,3.0
1102,2,2024-05-07,0.0,41.7,27.4,34.6,0.126,10.0
1103,2,2024-05-08,0.0,44.2,27.7,33.4,0.126,13.9
1104,2,2024-05-09,0.0,42.7,30.9,32.5,0.15,10.3
1105,2,2024-05-10,0.0,44.3,28.9,25.9,0.109,13.2
1106,2,2024-05-11,0.0,41.8,27.3,27.1,0.133,11.2
1107,2,2024-05-12,0.0,42.5,26.7,36.0,0.142,5.0
1108,2,2024-05-13,0.0,44.2,26.6,24.4,0.109,10.8
1109,2,2024-05-14,1.8,44.9,26.6,27.5,0.149,9.9
1110,2,2024-05-15,0.0,42.2,28.8,25.1,0.081,6.4
1111,2,2024-05-16,4.0,45.4,30.5,36.0,0.157,14.6
1112,2,2024-05-17,0.0,44.1,28.9,22.9,0.126,9.6
1113,2,2024-05-18,0.0,42.6,30.5,27.1,0.096,8.1
1114,2,2024-05-19,0.0,45.7,30.9,33.0,0.155,17.1
1115,2,2024-05-20,0.0,46.1,29.1,21.5,0.113,14.7
1116,2,2024-05-21,0.0,46.1,26.5,36.3,0.129,13.1
1117,2,2024-05-22,0.0,43.7,29.0,29.1,0.084,15.6
1118,2,2024-05-23,0.0,41.7,26.7,27.4,0.156,12.0
1119,2,2024-05-24,0.0,43.8,30.2,25.5,0.095,2.1
1120,2,2024-05-25,0.0,42.6,28.1,20.8,0.087,16.2
1121,2,2024-05-26,0.0,44.0,27.8,27.6,0.083,10.7
1122,2,2024-05-27,0.0,44.1,29.4,32.6,0.178,11.6
1123,2,2024-05-28,0.0,46.5,28.5,34.9,0.116,12.8
1124,2,2024-05-29,0.0,41.5,29.5,29.7,0.1,14.7
1125,2,2024-05-30,0.0,43.8,26.2,23.1,0.105,15.9
1126,2,2024-05-31,0.0,43.0,30.9,37.2,0.175,8.3
1127,2,2024-06-01,0.0,33.3,20.4,56.4,0.32,11.7
1128,2,2024-06-02,21.9,36.3,22.8,50.9,0.192,15.4
1129,2,2024-06-03,0.0,32.3,23.7,60.2,0.191,11.6
1130,2,2024-06-04,0.0,32.9,22.3,68.1,0.298,14.9
1131,2,2024-06-05,0.0,32.4,22.2,50.0,0.316,11.4
1132,2,2024-06-06,39.6,36.6,21.7,67.7,0.293,14.2
1133,2,2024-06-07,0.0,37.5,23.6,67.6,0.24,9.4
1134,2,2024-06-08,0.0,35.7,19.9,61.6,0.339,13.6
1135,2,2024-06-09,0.0,35.5,18.0,64.6,0.27,12.6
1136,2,2024-06-10,0.0,32.1,21.2,67.1,0.229,13.1
1137,2,2024-06-11,17.0,32.0,20.5,64.2,0.273,11.3
1138,2,2024-06-12,0.0,33.1,19.3,68.4,0.263,9.0
1139,2,2024-06-13,0.0,35.9,20.4,67.1,0.199,12.4
1140,2,2024-06-14,21.6,33.5,20.7,61.6,0.224,13.7
1141,2,2024-06-15,0.0,37.3,24.0,49.1,0.328,10.4
1142,2,2024-06-16,0.0,32.2,21.0,60.7,0.325,6.5
1143,2,2024-06-17,14.9,32.2,22.1,68.8,0.331,11.9
1144,2,2024-06-18,0.0,33.5,21.0,66.5,0.25,17.5
1145,2,2024-06-19,0.0,33.4,18.3,48.3,0.318,13.3
1146,2,2024-06-20,0.0,34.0,19.2,52.0,0.203,16.1
1147,2,2024-06-21,26.9,35.4,23.1,61.0,0.279,7.9
1148,2,2024-06-22,0.0,36.4,19.1,60.7,0.226,11.6
1149,2,2024-06-23,0.0,35.6,19.9,56.6,0.279,15.2
1150,2,2024-06-24,47.3,37.7,21.7,66.2,0.201,7.2
1151,2,2024-06-25,0.0,38.0,23.7,60.4,0.228,6.2
1152,2,2024-06-26,0.0,37.8,20.2,62.2,0.297,18.3
1153,2,2024-06-27,22.7,33.9,19.0,64.8,0.289,16.8
1154,2,2024-06-28,0.0,35.3,21.0,63.6,0.346,21.0
1155,2,2024-06-29,0.0,33.5,23.3,58.4,0.298,10.5
1156,2,2024-06-30,14.3,33.7,19.0,69.4,0.306,16.7
1157,2,2024-07-01,35.6,32.1,25.8,93.5,0.679,13.7
1158,2,2024-07-02,24.7,30.3,23.7,82.1,0.609,13.2
1159,2,2024-07-03,33.4,28.4,25.1,96.9,0.665,10.4
1160,2,2024-07-04,0.8,28.1,24.5,78.6,0.455,13.5
1161,2,2024-07-05,43.6,31.9,23.8,100.0,0.73,4.1
1162,2,2024-07-06,0.1,29.5,23.1,84.6,0.451,9.5
1163,2,2024-07-07,47.7,30.9,23.9,97.9,0.757,5.7
1164,2,2024-07-08,53.0,30.4,24.7,93.9,0.791,15.8
1165,2,2024-07-09,0.7,28.4,24.2,90.0,0.455,10.7
1166,2,2024-07-10,70.6,30.2,23.3,100.0,0.904,14.7
1167,2,2024-07-11,69.1,29.0,24.0,94.7,0.894,16.1
1168,2,2024-07-12,77.4,32.0,25.1,91.9,0.948,16.6
1169,2,2024-07-13,43.4,29.4,24.0,96.3,0.729,12.2
1170,2,2024-07-14,1.2,30.5,25.7,95.7,0.458,17.6
1171,2,2024-07-15,18.9,29.3,23.2,92.2,0.572,18.1
1172,2,2024-07-16,74.0,31.3,24.6,100.0,0.926,17.2
1173,2,2024-07-17,1.1,28.5,24.3,86.1,0.457,6.2
1174,2,2024-07-18,1.1,29.6,25.3,81.0,0.457,20.7
1175,2,2024-07-19,73.8,30.1,23.4,100.0,0.924,12.9
1176,2,2024-07-20,0.5,31.3,24.1,82.9,0.453,9.4
1177,2,2024-07-21,54.9,29.3,23.5,90.4,0.803,12.0
1178,2,2024-07-22,38.5,29.9,24.3,98.8,0.698,18.3
1179,2,2024-07-23,37.7,30.9,25.4,94.7,0.692,6.7
1180,2,2024-07-24,0.5,28.6,25.7,82.9,0.453,5.0
1181,2,2024-07-25,54.1,31.6,25.5,100.0,0.798,11.6
1182,2,2024-07-26,48.6,29.0,23.0,100.0,0.762,15.6
1183,2,2024-07-27,27.3,30.9,23.4,96.7,0.626,8.6
1184,2,2024-07-28,2.0,30.8,25.3,84.5,0.463,17.5
1185,2,2024-07-29,2.5,28.6,23.4,92.6,0.466,10.7
1186,2,2024-07-30,29.5,29.1,23.1,86.6,0.64,10.3
1187,2,2024-07-31,53.0,30.7,24.4,100.0,0.791,8.0
1188,2,2024-08-01,2.8,32.6,23.0,84.3,0.468,11.6
1189,2,2024-08-02,57.2,32.2,24.6,91.6,0.818,12.1
1190,2,2024-08-03,31.8,29.9,23.9,94.6,0.654,2.8
1191,2,2024-08-04,36.6,32.1,24.3,89.7,0.685,5.0
1192,2,2024-08-05,2.7,29.5,25.3,86.9,0.467,13.0
1193,2,2024-08-06,27.9,32.4,24.7,94.9,0.629,8.8
1194,2,2024-08-07,36.4,30.4,26.0,100.0,0.684,15.2
1195,2,2024-08-08,1.1,30.3,24.3,94.5,0.457,8.1
1196,2,2024-08-09,40.6,31.7,23.4,86.4,0.711,17.5
1197,2,2024-08-10,74.0,32.7,25.4,100.0,0.926,11.9
1198,2,2024-08-11,27.8,32.0,25.3,93.9,0.629,22.8
1199,2,2024-08-12,0.9,30.4,25.7,84.2,0.456,7.6
1200,2,2024-08-13,2.8,32.3,23.5,76.4,0.468,8.6
1201,2,2024-08-14,129.0,31.2,23.4,100.0,1.0,26.2
1202,2,2024-08-15,64.2,28.7,23.5,100.0,0.863,16.7
1203,2,2024-08-16,1.6,28.5,26.0,78.0,0.46,10.8
1204,2,2024-08-17,0.6,29.2,24.2,93.5,0.454,8.0
1205,2,2024-08-18,61.5,30.2,24.1,100.0,0.845,19.6
1206,2,2024-08-19,2.6,28.2,23.1,95.3,0.467,16.5
1207,2,2024-08-20,2.2,33.0,24.5,90.2,0.464,2.0
1208,2,2024-08-21,45.3,32.3,24.8,96.2,0.741,10.3
1209,2,2024-08-22,80.8,31.2,25.6,100.0,0.969,13.0
1210,2,2024-08-23,2.8,29.7,23.9,83.6,0.468,4.9
1211,2,2024-08-24,2.3,29.0,25.3,96.3,0.465,4.8
1212,2,2024-08-25,1.6,30.4,25.5,76.0,0.46,10.7
1213,2,2024-08-26,92.2,31.6,25.2,100.0,1.0,14.6
1214,2,2024-08-27,2.3,29.9,24.4,81.7,0.465,21.7
1215,2,2024-08-28,23.9,29.9,24.6,93.9,0.604,10.9
1216,2,2024-08-29,35.2,28.9,24.4,83.6,0.676,11.5
1217,2,2024-08-30,31.9,30.7,23.5,97.6,0.655,8.0
1218,2,2024-08-31,0.5,31.4,23.7,79.7,0.453,10.2
1219,2,2024-09-01,0.0,35.4,18.7,57.2,0.35,13.2
1220,2,2024-09-02,0.0,35.9,21.6,51.8,0.206,15.8
1221,2,2024-09-03,21.2,36.5,20.7,60.8,0.215,16.0
1222,2,2024-09-04,45.8,32.4,20.2,61.4,0.278,12.0
1223,2,2024-09-05,0.0,32.2,20.8,58.2,0.243,12.0
1224,2,2024-09-06,18.2,37.9,20.7,57.2,0.186,7.6
1225,2,2024-09-07,0.0,35.4,22.4,45.2,0.293,12.4
1226,2,2024-09-08,0.0,36.0,21.4,45.3,0.297,16.1
1227,2,2024-09-09,0.0,35.6,22.7,51.2,0.231,8.1
1228,2,2024-09-10,21.1,37.1,19.5,53.9,0.255,12.1
1229,2,2024-09-11,13.2,36.5,23.6,51.9,0.32,15.8
1230,2,2024-09-12,7.2,34.5,21.2,53.7,0.188,20.7
1231,2,2024-09-13,0.0,32.2,19.2,51.4,0.23,8.0
1232,2,2024-09-14,0.0,37.8,19.9,61.6,0.32,8.2
1233,2,2024-09-15,0.0,32.5,20.2,58.0,0.344,17.7
1234,2,2024-09-16,0.0,34.5,23.3,61.4,0.224,8.4
1235,2,2024-09-17,38.7,37.1,23.8,50.9,0.336,7.9
1236,2,2024-09-18,30.5,34.3,21.0,66.7,0.34,17.3
1237,2,2024-09-19,0.0,34.3,20.8,60.8,0.183,6.1
1238,2,2024-09-20,0.0,33.5,22.0,48.2,0.242,15.4
1239,2,2024-09-21,0.0,32.2,20.2,48.6,0.274,26.4
1240,2,2024-09-22,0.0,37.7,21.3,46.3,0.264,16.3
1241,2,2024-09-23,0.0,33.5,18.5,69.6,0.254,11.7
1242,2,2024-09-24,0.0,33.8,22.7,48.0,0.273,19.3
1243,2,2024-09-25,11.8,32.9,21.5,62.4,0.21,8.6
1244,2,2024-09-26,29.7,33.0,20.0,48.0,0.267,14.9
1245,2,2024-09-27,0.0,33.3,21.7,69.4,0.308,12.5
1246,2,2024-09-28,0.0,32.7,20.4,50.1,0.259,16.4
1247,2,2024-09-29,0.0,33.3,20.8,69.0,0.346,11.7
1248,2,2024-09-30,0.0,33.5,21.9,61.9,0.326,9.4
1249,2,2024-10-01,0.0,36.7,23.4,52.5,0.209,14.5
1250,2,2024-10-02,0.0,33.1,18.4,64.5,0.216,17.0
1251,2,2024-10-03,0.0,35.1,22.5,45.5,0.349,16.2
1252,2,2024-10-04,0.0,37.7,22.4,51.3,0.221,12.5
1253,2,2024-10-05,0.0,32.1,22.8,48.6,0.22,8.9
1254,2,2024-10-06,0.0,37.9,19.3,45.5,0.347,7.0
1255,2,2024-10-07,0.0,34.2,22.9,63.4,0.33,4.1
1256,2,2024-10-08,0.0,37.3,23.9,52.2,0.331,12.2
1257,2,2024-10-09,0.0,33.2,19.2,49.8,0.231,10.1
1258,2,2024-10-10,0.0,33.6,21.6,55.1,0.287,13.8
1259,2,2024-10-11,0.0,35.8,22.4,58.2,0.245,10.1
1260,2,2024-10-12,0.0,37.6,20.1,61.0,0.285,5.1
1261,2,2024-10-13,0.0,33.8,19.0,54.6,0.286,11.2
1262,2,2024-10-14,0.0,32.9,18.5,61.4,0.217,13.5
1263,2,2024-10-15,0.0,37.5,21.7,56.0,0.266,12.7
1264,2,2024-10-16,0.0,37.8,18.2,47.2,0.304,11.0
1265,2,2024-10-17,0.0,32.9,21.5,69.3,0.319,13.3
1266,2,2024-10-18,0.1,34.2,20.5,63.7,0.25,9.7
1267,2,2024-10-19,4.0,36.5,20.8,68.2,0.26,8.2
1268,2,2024-10-20,0.0,32.7,19.0,45.2,0.335,24.1
1269,2,2024-10-21,0.2,34.7,19.2,58.0,0.213,14.3
1270,2,2024-10-22,0.0,33.1,18.8,51.4,0.214,6.9
1271,2,2024-10-23,0.0,33.5,20.6,56.0,0.253,16.0
1272,2,2024-10-24,0.0,34.5,23.2,65.6,0.292,19.8
1273,2,2024-10-25,0.0,35.9,23.7,49.7,0.259,10.1
1274,2,2024-10-26,0.0,33.6,18.8,51.3,0.3,14.0
1275,2,2024-10-27,0.0,33.4,19.7,60.3,0.263,2.8
1276,2,2024-10-28,0.0,32.3,21.3,66.2,0.249,10.5
1277,2,2024-10-29,0.0,37.4,20.9,59.0,0.19,9.8
1278,2,2024-10-30,0.0,35.1,18.2,55.3,0.3,16.6
1279,2,2024-10-31,0.0,34.8,19.9,55.8,0.289,19.3
1280,2,2024-11-01,0.0,32.1,21.3,57.8,0.328,11.7
1281,2,2024-11-02,0.0,33.6,18.5,59.8,0.196,6.0
1282,2,2024-11-03,0.0,36.5,19.4,57.6,0.278,16.0
1283,2,2024-11-04,0.0,36.7,18.4,69.8,0.215,10.6
1284,2,2024-11-05,0.0,36.0,22.6,69.8,0.202,11.8
1285,2,2024-11-06,0.0,35.2,19.7,63.9,0.226,13.5
1286,2,2024-11-07,0.0,35.7,23.3,46.8,0.285,13.0
1287,2,2024-11-08,0.0,35.5,24.0,50.3,0.299,9.4
1288,2,2024-11-09,0.0,33.3,18.0,64.6,0.234,19.5
1289,2,2024-11-10,0.0,33.1,21.7,53.0,0.196,19.3
1290,2,2024-11-11,0.0,36.2,20.2,66.1,0.232,14.0
1291,2,2024-11-12,0.0,34.4,21.6,53.8,0.295,14.2
1292,2,2024-11-13,0.0,36.3,20.1,47.5,0.299,22.3
1293,2,2024-11-14,0.3,34.7,23.8,63.8,0.212,9.5
1294,2,2024-11-15,0.0,33.9,23.0,67.7,0.325,9.4
1295,2,2024-11-16,0.0,32.4,19.0,66.4,0.287,16.7
1296,2,2024-11-17,0.0,37.1,23.1,59.8,0.212,7.8
1297,2,2024-11-18,0.0,33.3,21.4,59.4,0.283,9.1
1298,2,2024-11-19,0.0,33.4,19.2,56.5,0.279,9.4
1299,2,2024-11-20,0.0,33.3,23.2,62.1,0.244,22.2
1300,2,2024-11-21,0.0,33.7,18.9,62.4,0.346,14.2
1301,2,2024-11-22,0.0,33.5,19.3,56.7,0.188,15.3
1302,2,2024-11-23,0.0,35.3,21.7,57.0,0.31,15.9
1303,2,2024-11-24,0.0,36.5,23.8,64.7,0.239,10.8
1304,2,2024-11-25,0.0,34.6,21.8,50.0,0.307,8.4
1305,2,2024-11-26,0.0,34.2,22.3,63.7,0.334,17.9
1306,2,2024-11-27,0.0,37.2,19.3,65.1,0.227,11.7
1307,2,2024-11-28,0.0,37.0,18.1,64.8,0.296,9.6
1308,2,2024-11-29,0.0,32.6,21.6,64.6,0.221,16.5
1309,2,2024-11-30,0.0,35.8,23.4,53.6,0.33,14.6
1310,2,2024-12-01,0.0,26.3,13.6,44.9,0.212,14.5
1311,2,2024-12-02,0.0,30.4,11.0,44.7,0.252,12.2
1312,2,2024-12-03,0.0,30.4,9.7,45.2,0.175,12.9
1313,2,2024-12-04,0.0,28.1,9.4,48.8,0.212,3.5
1314,2,2024-12-05,0.0,28.9,12.9,51.2,0.236,8.8
1315,2,2024-12-06,0.0,27.2,9.1,40.7,0.16,11.2
1316,2,2024-12-07,0.0,30.3,14.3,55.9,0.203,11.0
1317,2,2024-12-08,0.0,27.4,12.3,43.9,0.269,13.9
1318,2,2024-12-09,0.0,29.2,13.0,59.2,0.228,12.9
1319,2,2024-12-10,0.0,29.3,10.6,60.6,0.162,18.8
1320,2,2024-12-11,0.0,30.4,10.2,50.2,0.258,8.3
1321,2,2024-12-12,0.0,26.9,13.7,61.1,0.165,13.4
1322,2,2024-12-13,0.0,26.5,9.1,47.0,0.151,13.1
1323,2,2024-12-14,0.0,26.3,10.9,52.2,0.233,7.1
1324,2,2024-12-15,0.0,30.1,9.4,61.9,0.219,11.2
1325,2,2024-12-16,0.0,28.5,14.1,42.4,0.22,8.4
1326,2,2024-12-17,0.0,27.2,10.3,45.8,0.22,17.7
1327,2,2024-12-18,0.0,26.0,14.1,48.2,0.277,16.9
1328,2,2024-12-19,0.0,27.1,10.8,53.3,0.241,6.4
1329,2,2024-12-20,0.3,29.9,10.4,54.5,0.261,11.1
1330,2,2024-12-21,0.0,27.4,12.3,59.3,0.217,15.8
1331,2,2024-12-22,0.0,26.1,10.5,41.9,0.185,14.0
1332,2,2024-12-23,0.0,29.2,12.6,49.1,0.242,7.1
1333,2,2024-12-24,0.0,26.4,11.1,44.3,0.246,15.3
1334,2,2024-12-25,0.0,27.8,13.5,61.6,0.222,13.3
1335,2,2024-12-26,0.0,27.3,13.7,60.6,0.231,12.4
1336,2,2024-12-27,0.0,26.7,10.9,54.1,0.275,7.9
1337,2,2024-12-28,0.0,28.8,14.2,57.5,0.237,10.3
1338,2,2024-12-29,0.0,27.5,11.0,53.7,0.234,10.0
1339,2,2024-12-30,0.0,27.4,13.5,58.2,0.218,2.0
1340,2,2024-12-31,0.0,26.7,11.6,46.8,0.215,9.0
1341,2,2025-01-01,0.0,29.6,11.3,42.9,0.165,15.8
1342,2,2025-01-02,0.0,29.7,11.1,57.4,0.215,14.4
1343,2,2025-01-03,0.0,27.7,9.7,47.7,0.188,6.9
1344,2,2025-01-04,0.0,28.8,12.2,40.1,0.25,13.4
1345,2,2025-01-05,0.0,26.6,12.3,41.8,0.188,6.3
1346,2,2025-01-06,0.0,30.1,12.6,50.9,0.221,13.4
1347,2,2025-01-07,0.0,29.1,10.9,41.8,0.183,19.4
1348,2,2025-01-08,0.0,30.2,12.8,54.6,0.243,16.2
1349,2,2025-01-09,0.0,29.9,11.7,49.8,0.279,15.4
1350,2,2025-01-10,0.0,29.3,13.3,44.7,0.195,20.9
1351,2,2025-01-11,0.0,29.1,12.1,56.2,0.182,4.8
1352,2,2025-01-12,0.0,26.9,11.1,53.4,0.165,15.0
1353,2,2025-01-13,0.0,26.6,12.9,48.4,0.276,5.1
1354,2,2025-01-14,0.0,27.5,12.9,58.5,0.241,2.0
1355,2,2025-01-15,0.0,29.0,11.1,40.3,0.237,13.5
1356,2,2025-01-16,0.0,26.3,12.8,61.5,0.199,17.9
1357,2,2025-01-17,0.0,29.0,13.6,60.4,0.239,10.7
1358,2,2025-01-18,0.0,28.3,9.5,49.2,0.268,12.4
1359,2,2025-01-19,0.0,26.9,10.7,47.2,0.195,11.9
1360,2,2025-01-20,0.0,28.3,14.3,52.5,0.202,4.0
1361,2,2025-01-21,0.0,29.5,13.5,52.1,0.157,6.5
1362,2,2025-01-22,0.0,26.8,9.8,59.8,0.168,12.1
1363,2,2025-01-23,0.0,29.1,12.9,52.8,0.244,16.0
1364,2,2025-01-24,0.0,28.8,10.6,57.4,0.266,22.5
1365,2,2025-01-25,0.0,28.2,12.6,47.4,0.276,14.0
1366,2,2025-01-26,0.0,27.7,9.3,53.2,0.199,11.7
1367,2,2025-01-27,3.0,30.1,14.3,50.3,0.155,8.4
1368,2,2025-01-28,0.0,28.9,9.6,55.9,0.176,17.9
1369,2,2025-01-29,0.0,27.8,12.8,53.8,0.249,10.7
1370,2,2025-01-30,0.0,30.2,14.1,51.1,0.16,8.8
1371,2,2025-01-31,0.0,30.4,12.1,50.8,0.274,15.3
1372,2,2025-02-01,0.5,34.7,22.5,58.3,0.236,8.6
1373,2,2025-02-02,0.0,34.6,20.7,57.6,0.218,2.0
1374,2,2025-02-03,0.0,35.6,21.6,63.1,0.186,18.2
1375,2,2025-02-04,0.0,36.7,22.3,69.6,0.307,16.4
1376,2,2025-02-05,0.0,37.5,18.1,68.3,0.297,9.1
1377,2,2025-02-06,0.0,33.3,18.2,45.8,0.32,12.0
1378,2,2025-02-07,0.0,35.5,20.5,63.3,0.294,13.3
1379,2,2025-02-08,0.0,35.8,20.4,53.0,0.251,8.3
1380,2,2025-02-09,0.0,34.9,21.7,68.0,0.291,15.7
1381,2,2025-02-10,0.0,34.4,18.0,46.0,0.303,7.5
1382,2,2025-02-11,2.8,32.5,20.6,47.9,0.209,9.8
1383,2,2025-02-12,0.0,37.8,18.2,53.9,0.313,11.1
1384,2,2025-02-13,0.0,35.7,18.1,62.8,0.304,13.9
1385,2,2025-02-14,0.0,32.8,22.2,52.4,0.223,17.0
1386,2,2025-02-15,0.0,32.7,21.4,55.3,0.204,10.9
1387,2,2025-02-16,0.0,37.1,23.6,66.7,0.268,13.7
1388,2,2025-02-17,0.0,36.3,22.1,48.0,0.247,8.4
1389,2,2025-02-18,0.4,32.9,18.7,58.4,0.219,12.2
1390,2,2025-02-19,0.0,34.6,20.9,56.7,0.305,14.2
1391,2,2025-02-20,0.0,34.2,21.5,65.4,0.343,10.6
1392,2,2025-02-21,0.0,33.6,20.1,55.3,0.266,11.8
1393,2,2025-02-22,0.0,35.8,23.4,50.8,0.226,9.6
1394,2,2025-02-23,1.1,33.7,19.6,68.3,0.197,5.6
1395,2,2025-02-24,0.0,34.9,21.4,50.7,0.254,5.8
1396,2,2025-02-25,0.0,35.0,20.3,61.3,0.316,12.2
1397,2,2025-02-26,0.0,34.6,23.2,69.7,0.322,5.5
1398,2,2025-02-27,0.0,32.1,19.6,66.3,0.326,24.7
1399,2,2025-02-28,0.0,35.1,21.0,63.8,0.252,12.9
1400,2,2025-03-01,0.0,35.3,19.8,60.9,0.259,7.7
1401,2,2025-03-02,0.0,33.7,19.3,51.4,0.275,10.1
1402,2,2025-03-03,0.0,32.9,18.1,56.8,0.289,12.1
1403,2,2025-03-04,0.0,37.7,21.3,68.1,0.319,13.6
1404,2,2025-03-05,0.0,35.0,19.4,66.2,0.182,14.2
1405,2,2025-03-06,0.0,36.6,23.7,50.8,0.293,14.3
1406,2,2025-03-07,0.0,32.3,21.4,63.7,0.322,10.6
1407,2,2025-03-08,0.0,37.0,18.8,65.4,0.262,9.2
1408,2,2025-03-09,0.0,36.1,20.5,68.6,0.242,18.4
1409,2,2025-03-10,0.0,36.8,18.0,46.3,0.277,10.1
1410,2,2025-03-11,0.0,34.4,23.7,51.0,0.311,12.2
1411,2,2025-03-12,0.0,33.8,18.9,50.5,0.301,16.3
1412,2,2025-03-13,0.0,35.6,20.1,57.0,0.273,8.4
1413,2,2025-03-14,0.0,33.1,23.0,67.0,0.304,6.7
1414,2,2025-03-15,0.0,33.7,22.8,58.7,0.314,14.9
1415,2,2025-03-16,0.0,32.1,20.7,68.1,0.308,10.2
1416,2,2025-03-17,0.0,32.1,22.7,68.4,0.208,16.2
1417,2,2025-03-18,0.0,35.7,18.4,46.4,0.33,10.7
1418,2,2025-03-19,0.0,36.8,23.1,56.7,0.316,11.7
1419,2,2025-03-20,0.0,37.7,19.2,69.7,0.221,6.6
1420,2,2025-03-21,0.0,32.6,21.2,48.5,0.2,9.8
1421,2,2025-03-22,0.0,37.2,22.3,58.1,0.21,11.8
1422,2,2025-03-23,0.0,36.2,23.6,51.2,0.184,10.5
1423,2,2025-03-24,0.0,34.9,22.4,62.6,0.312,16.4
1424,2,2025-03-25,0.0,34.7,20.1,46.0,0.319,14.5
1425,2,2025-03-26,0.0,33.2,21.7,60.0,0.327,17.6
1426,2,2025-03-27,0.0,33.4,21.0,49.9,0.297,7.9
1427,2,2025-03-28,0.0,37.0,20.8,58.2,0.242,12.5
1428,2,2025-03-29,0.0,34.5,22.0,47.9,0.212,17.2
1429,2,2025-03-30,0.0,37.2,23.0,47.3,0.185,16.5
1430,2,2025-03-31,0.0,35.9,19.9,54.7,0.237,18.4
1431,2,2025-04-01,0.0,43.7,29.3,24.2,0.12,12.8
1432,2,2025-04-02,0.0,43.4,28.2,24.8,0.093,14.1
1433,2,2025-04-03,0.0,45.6,29.4,22.0,0.172,14.4
1434,2,2025-04-04,0.0,45.1,29.3,29.7,0.156,11.3
1435,2,2025-04-05,0.0,45.8,29.7,25.9,0.133,4.7
1436,2,2025-04-06,0.0,45.5,29.9,34.3,0.151,20.7
1437,2,2025-04-07,0.0,42.5,29.6,26.2,0.141,14.9
1438,2,2025-04-08,0.0,43.6,26.9,37.3,0.158,7.7
1439,2,2025-04-09,0.0,45.0,28.5,37.4,0.126,11.4
1440,2,2025-04-10,0.0,42.0,29.6,26.4,0.18,16.3
1441,2,2025-04-11,0.0,45.5,27.8,24.9,0.117,16.4
1442,2,2025-04-12,0.0,43.5,27.0,24.6,0.136,8.8
1443,2,2025-04-13,0.0,44.0,30.7,27.1,0.158,3.8
1444,2,2025-04-14,0.0,42.9,27.2,29.6,0.128,19.9
1445,2,2025-04-15,0.0,43.1,30.0,24.4,0.125,14.8
1446,2,2025-04-16,0.0,41.5,30.0,30.4,0.114,9.9
1447,2,2025-04-17,0.0,46.1,29.9,33.4,0.172,16.4
1448,2,2025-04-18,0.0,43.9,30.4,36.0,0.151,10.2
1449,2,2025-04-19,0.0,42.1,29.9,21.8,0.099,7.8
1450,2,2025-04-20,3.0,44.9,28.5,33.8,0.156,16.1
1451,2,2025-04-21,0.0,42.1,26.5,36.3,0.151,11.3
1452,2,2025-04-22,0.0,44.8,27.5,25.9,0.178,7.6
1453,2,2025-04-23,0.0,45.3,27.5,31.0,0.101,7.6
1454,2,2025-04-24,0.0,44.4,28.3,22.6,0.146,9.3
1455,2,2025-04-25,0.0,45.3,28.6,37.1,0.173,3.4
1456,2,2025-04-26,0.0,42.7,27.0,29.4,0.099,11.8
1457,2,2025-04-27,0.0,44.8,27.5,28.3,0.128,16.5
1458,2,2025-04-28,0.0,41.3,26.8,21.5,0.162,14.4
1459,2,2025-04-29,0.0,42.1,29.6,32.4,0.104,11.5
1460,2,2025-04-30,0.0,44.0,29.2,37.0,0.104,11.9
1461,2,2025-05-01,0.0,41.7,26.8,29.4,0.155,12.2
1462,2,2025-05-02,0.0,43.4,28.6,30.5,0.131,17.2
1463,2,2025-05-03,0.0,43.5,27.0,33.7,0.157,20.5
1464,2,2025-05-04,0.0,41.7,26.7,34.7,0.179,9.2
1465,2,2025-05-05,0.0,44.1,26.4,28.7,0.094,3.7
1466,2,2025-05-06,0.0,45.5,27.2,29.6,0.091,18.3
1467,2,2025-05-07,0.0,44.3,30.8,35.1,0.169,15.4
1468,2,2025-05-08,0.0,43.4,29.1,20.3,0.148,14.4
1469,2,2025-05-09,0.0,41.9,27.1,32.9,0.112,16.9
1470,2,2025-05-10,0.0,43.3,29.8,36.6,0.152,15.9
1471,2,2025-05-11,0.0,42.9,30.8,25.2,0.168,10.9
1472,2,2025-05-12,0.0,45.0,27.8,25.7,0.146,6.1
1473,2,2025-05-13,0.0,43.0,27.6,37.0,0.11,10.8
1474,2,2025-05-14,0.0,44.2,26.7,25.0,0.158,11.8
1475,2,2025-05-15,0.0,44.7,27.2,22.3,0.128,6.8
1476,2,2025-05-16,0.0,42.1,26.7,20.3,0.109,13.5
1477,2,2025-05-17,0.0,43.9,26.8,23.5,0.146,11.3
1478,2,2025-05-18,3.1,43.9,26.0,33.7,0.103,16.1
1479,2,2025-05-19,0.0,41.6,28.7,22.4,0.124,11.9
1480,2,2025-05-20,0.0,46.2,29.9,34.2,0.136,15.3
1481,2,2025-05-21,0.0,45.6,27.1,21.3,0.146,9.9
1482,2,2025-05-22,0.0,44.9,30.6,28.0,0.159,12.3
1483,2,2025-05-23,0.0,45.1,30.8,35.3,0.105,7.8
1484,2,2025-05-24,0.0,43.9,27.2,30.6,0.13,7.6
1485,2,2025-05-25,0.0,43.4,30.5,30.1,0.152,6.1
1486,2,2025-05-26,0.0,45.1,29.5,34.0,0.146,15.1
1487,2,2025-05-27,0.0,46.1,28.9,25.0,0.136,10.3
1488,2,2025-05-28,1.4,46.1,26.1,27.0,0.169,14.7
1489,2,2025-05-29,0.0,41.5,26.9,27.5,0.166,16.5
1490,2,2025-05-30,0.0,45.2,26.9,33.9,0.102,9.9
1491,2,2025-05-31,0.0,45.4,27.3,22.6,0.084,11.9
1492,2,2025-06-01,0.0,36.7,23.6,56.2,0.215,3.8
1493,2,2025-06-02,17.5,37.6,21.2,62.8,0.207,10.0
1494,2,2025-06-03,0.0,33.1,20.0,60.2,0.312,10.7
1495,2,2025-06-04,41.1,36.0,19.8,54.8,0.293,7.6
1496,2,2025-06-05,0.0,34.0,18.3,61.6,0.289,20.0
1497,2,2025-06-06,0.0,37.8,23.8,46.0,0.319,12.0
1498,2,2025-06-07,0.0,35.1,23.1,56.8,0.264,12.8
1499,2,2025-06-08,0.0,35.4,21.2,59.2,0.228,16.0
1500,2,2025-06-09,0.0,33.8,18.7,52.7,0.194,11.8
1501,2,2025-06-10,0.0,36.9,20.6,49.3,0.304,18.2
1502,2,2025-06-11,15.0,34.1,22.8,47.4,0.305,12.4
1503,2,2025-06-12,3.0,32.8,19.6,69.7,0.27,14.9
1504,2,2025-06-13,0.0,35.6,23.6,60.5,0.236,9.7
1505,2,2025-06-14,0.0,34.7,23.2,67.5,0.201,10.8
1506,2,2025-06-15,0.0,33.3,23.3,57.9,0.289,18.1
1507,2,2025-06-16,11.8,36.5,20.7,59.5,0.267,15.4
1508,2,2025-06-17,14.2,32.0,21.8,65.0,0.222,10.1
1509,2,2025-06-18,0.0,33.8,20.0,51.3,0.205,9.3
1510,2,2025-06-19,16.5,35.9,19.8,53.6,0.231,2.1
1511,2,2025-06-20,0.0,36.7,20.5,50.2,0.216,9.0
1512,2,2025-06-21,7.5,33.2,23.4,59.4,0.298,21.8
1513,2,2025-06-22,0.0,34.1,19.4,68.3,0.284,9.1
1514,2,2025-06-23,0.0,36.2,20.0,55.0,0.34,18.8
1515,2,2025-06-24,0.0,35.3,19.4,60.1,0.241,17.3
1516,2,2025-06-25,52.8,34.6,23.7,62.5,0.349,9.4
1517,2,2025-06-26,15.5,32.1,21.5,60.9,0.186,2.0
1518,2,2025-06-27,0.0,36.8,22.2,66.9,0.292,18.8
1519,2,2025-06-28,17.1,32.7,23.6,69.3,0.188,6.3
1520,2,2025-06-29,0.0,36.1,21.2,54.6,0.202,13.1
1521,2,2025-06-30,0.0,34.5,21.0,47.6,0.249,9.6
1522,2,2025-07-01,75.7,30.5,25.2,91.7,0.937,14.5
1523,2,2025-07-02,54.4,30.9,24.9,100.0,0.8,10.6
1524,2,2025-07-03,25.5,28.6,23.6,100.0,0.614,7.1
1525,2,2025-07-04,42.0,32.4,23.4,93.2,0.72,12.4
1526,2,2025-07-05,86.6,32.4,23.6,97.7,1.0,15.1
1527,2,2025-07-06,1.0,32.9,24.1,87.2,0.456,11.2
1528,2,2025-07-07,1.1,30.5,24.0,78.9,0.457,5.5
1529,2,2025-07-08,52.2,32.6,24.6,87.4,0.786,10.0
1530,2,2025-07-09,26.3,30.7,25.2,90.1,0.619,14.5
1531,2,2025-07-10,52.2,28.6,24.5,97.3,0.786,8.2
1532,2,2025-07-11,47.5,31.6,23.9,89.1,0.755,8.6
1533,2,2025-07-12,1.9,28.6,24.2,78.1,0.462,12.5
1534,2,2025-07-13,2.7,31.0,24.3,83.0,0.467,20.4
1535,2,2025-07-14,1.3,31.1,24.9,87.1,0.458,12.3
1536,2,2025-07-15,70.0,29.9,24.8,100.0,0.9,10.7
1537,2,2025-07-16,32.8,31.1,23.5,93.8,0.661,12.8
1538,2,2025-07-17,19.2,30.5,24.4,95.5,0.573,14.7
1539,2,2025-07-18,1.9,31.9,25.6,91.1,0.462,9.2
1540,2,2025-07-19,27.5,32.2,25.0,84.8,0.627,13.2
1541,2,2025-07-20,42.9,28.9,25.4,86.5,0.726,14.2
1542,2,2025-07-21,21.6,30.0,23.4,96.6,0.589,9.0
1543,2,2025-07-22,45.1,31.7,23.4,90.9,0.74,13.7
1544,2,2025-07-23,41.8,29.8,25.5,93.5,0.719,9.6
1545,2,2025-07-24,1.8,31.1,23.9,92.1,0.462,5.3
1546,2,2025-07-25,44.5,31.6,25.7,100.0,0.736,11.9
1547,2,2025-07-26,0.2,29.2,25.5,87.3,0.451,9.3
1548,2,2025-07-27,57.9,28.3,23.1,99.6,0.822,10.6
1549,2,2025-07-28,24.8,28.3,24.8,86.8,0.609,6.4
1550,2,2025-07-29,1.6,28.4,24.2,84.6,0.46,10.3
1551,2,2025-07-30,21.8,30.4,25.3,83.1,0.59,10.2
1552,2,2025-07-31,34.6,32.4,25.9,100.0,0.672,14.5
1553,2,2025-08-01,43.2,28.6,23.2,85.8,0.728,16.6
1554,2,2025-08-02,1.4,28.7,23.4,92.9,0.459,5.6
1555,2,2025-08-03,0.3,28.6,23.7,80.6,0.452,9.9
1556,2,2025-08-04,1.2,30.9,23.6,77.8,0.458,7.6
1557,2,2025-08-05,87.6,31.9,25.6,100.0,1.0,13.3
1558,2,2025-08-06,80.4,28.9,25.0,99.9,0.967,15.3
1559,2,2025-08-07,1.8,32.6,23.2,88.3,0.462,13.4
1560,2,2025-08-08,39.9,29.3,26.0,92.7,0.707,12.0
1561,2,2025-08-09,16.4,28.7,25.5,91.5,0.555,13.3
1562,2,2025-08-10,106.1,31.5,23.3,100.0,1.0,11.2
1563,2,2025-08-11,2.9,28.4,23.7,82.0,0.469,13.4
1564,2,2025-08-12,1.6,28.6,23.5,88.9,0.46,8.0
1565,2,2025-08-13,2.7,28.2,23.7,78.0,0.467,14.1
1566,2,2025-08-14,77.6,30.7,23.5,100.0,0.949,14.1
1567,2,2025-08-15,0.4,30.7,23.2,89.6,0.453,11.7
1568,2,2025-08-16,42.5,30.6,25.8,95.6,0.723,10.5
1569,2,2025-08-17,0.9,28.2,24.7,90.3,0.456,12.5
1570,2,2025-08-18,48.8,30.4,23.9,93.8,0.764,16.4
1571,2,2025-08-19,1.1,29.5,23.8,85.2,0.457,13.2
1572,2,2025-08-20,167.8,32.5,24.1,100.0,1.0,13.5
1573,2,2025-08-21,118.9,30.9,25.9,100.0,1.0,6.6
1574,2,2025-08-22,49.6,31.9,25.6,100.0,0.769,6.8
1575,2,2025-08-23,35.1,28.9,23.5,93.8,0.676,9.9
1576,2,2025-08-24,2.3,31.7,23.9,76.5,0.465,18.0
1577,2,2025-08-25,43.8,32.9,24.7,91.3,0.732,14.2
1578,2,2025-08-26,18.1,29.1,25.7,90.6,0.566,15.2
1579,2,2025-08-27,45.5,32.4,24.5,86.3,0.743,17.0
1580,2,2025-08-28,41.7,28.8,23.9,92.8,0.718,9.4
1581,2,2025-08-29,112.2,29.7,24.6,100.0,1.0,14.7
1582,2,2025-08-30,51.5,32.7,23.3,88.3,0.781,7.2
1583,2,2025-08-31,45.1,28.2,23.2,98.0,0.74,13.0
1584,2,2025-09-01,59.8,35.6,18.3,58.6,0.182,13.5
1585,2,2025-09-02,22.1,35.0,22.2,55.9,0.265,15.7
1586,2,2025-09-03,0.0,32.5,22.6,63.0,0.228,16.1
1587,2,2025-09-04,0.0,36.8,19.8,56.6,0.33,16.3
1588,2,2025-09-05,17.1,37.6,19.1,54.9,0.271,13.3
1589,2,2025-09-06,29.2,36.4,19.4,59.7,0.229,10.6
1590,2,2025-09-07,0.0,33.2,22.7,63.4,0.198,17.9
1591,2,2025-09-08,0.0,33.3,21.3,45.8,0.296,11.4
1592,2,2025-09-09,0.0,35.9,23.1,53.0,0.348,18.4
1593,2,2025-09-10,0.0,34.6,23.8,62.7,0.233,9.8
1594,2,2025-09-11,0.0,32.7,22.5,52.1,0.333,12.6
1595,2,2025-09-12,0.0,35.4,20.3,60.2,0.224,14.4
1596,2,2025-09-13,23.1,33.4,22.8,57.6,0.238,13.1
1597,2,2025-09-14,0.0,34.9,18.0,59.0,0.263,9.7
1598,2,2025-09-15,0.0,36.0,22.6,59.4,0.331,8.4
1599,2,2025-09-16,0.0,37.9,19.7,58.7,0.285,14.2
1600,2,2025-09-17,25.9,36.7,22.9,54.4,0.327,6.6
1601,2,2025-09-18,22.7,35.5,23.2,63.3,0.32,15.0
1602,2,2025-09-19,0.0,34.3,19.7,49.1,0.216,12.2
1603,2,2025-09-20,0.0,35.8,21.0,61.6,0.289,13.8
1604,2,2025-09-21,0.0,35.7,21.2,52.6,0.265,5.9
1605,2,2025-09-22,71.2,33.5,18.7,52.4,0.237,7.7
1606,2,2025-09-23,24.5,35.9,18.6,66.1,0.35,13.7
1607,2,2025-09-24,0.0,37.5,18.4,62.3,0.221,14.7
1608,2,2025-09-25,8.9,33.4,21.2,53.3,0.252,12.2
1609,2,2025-09-26,0.0,35.8,19.7,66.5,0.24,16.3
1610,2,2025-09-27,0.0,37.7,21.9,54.0,0.269,12.0
1611,2,2025-09-28,43.4,33.8,20.6,69.6,0.264,7.8
1612,2,2025-09-29,0.0,33.2,20.1,67.8,0.2,19.8
1613,2,2025-09-30,0.0,34.7,18.8,62.6,0.272,11.3
1614,2,2025-10-01,0.0,32.2,20.1,58.9,0.278,7.0
1615,2,2025-10-02,0.0,33.9,19.3,68.2,0.307,13.9
1616,2,2025-10-03,0.0,37.9,22.1,45.5,0.341,10.3
1617,2,2025-10-04,0.0,35.0,19.4,67.4,0.276,9.2
1618,2,2025-10-05,0.0,34.6,20.9,50.1,0.323,10.2
1619,2,2025-10-06,0.0,33.5,21.2,65.8,0.228,10.2
1620,2,2025-10-07,3.6,34.7,18.4,48.4,0.196,6.5
1621,2,2025-10-08,0.0,35.0,22.8,63.9,0.25,10.0
1622,2,2025-10-09,0.0,32.6,18.2,46.6,0.235,17.6
1623,2,2025-10-10,0.0,37.9,19.6,45.4,0.214,14.4
1624,2,2025-10-11,0.0,36.9,19.6,68.1,0.217,20.5
1625,2,2025-10-12,0.0,37.5,20.1,58.3,0.342,8.3
1626,2,2025-10-13,0.0,34.8,22.5,57.4,0.335,8.4
1627,2,2025-10-14,3.4,32.5,18.4,51.3,0.244,18.9
1628,2,2025-10-15,0.0,35.2,23.4,62.3,0.334,16.5
1629,2,2025-10-16,0.0,37.8,18.3,56.5,0.269,11.5
1630,2,2025-10-17,0.0,33.0,21.0,62.7,0.296,3.3
1631,2,2025-10-18,0.0,37.0,18.2,46.7,0.229,12.3
1632,2,2025-10-19,3.6,35.6,20.8,47.0,0.338,17.1
1633,2,2025-10-20,0.2,33.3,20.2,67.9,0.209,8.9
1634,2,2025-10-21,2.7,35.8,22.5,47.7,0.315,7.9
1635,2,2025-10-22,0.0,36.5,22.1,49.6,0.271,6.9
1636,2,2025-10-23,0.0,32.1,23.1,61.7,0.235,10.0
1637,2,2025-10-24,0.0,33.1,18.3,55.5,0.307,9.0
1638,2,2025-10-25,0.0,32.0,23.8,68.9,0.204,17.3
1639,2,2025-10-26,0.0,37.6,19.1,54.0,0.193,3.2
1640,2,2025-10-27,5.4,33.7,23.0,61.2,0.221,9.7
1641,2,2025-10-28,0.0,34.9,18.0,58.3,0.266,21.0
1642,2,2025-10-29,0.0,37.9,19.1,65.7,0.347,13.4
1643,2,2025-10-30,0.0,36.8,21.2,48.1,0.232,10.0
1644,2,2025-10-31,0.0,37.1,23.7,66.4,0.209,6.2
1645,2,2025-11-01,5.9,34.4,19.1,45.6,0.206,15.1
1646,2,2025-11-02,0.0,35.4,20.5,64.5,0.235,18.7
1647,2,2025-11-03,0.0,32.6,19.6,62.9,0.236,18.5
1648,2,2025-11-04,0.0,33.2,19.1,59.2,0.199,14.8
1649,2,2025-11-05,0.0,33.2,18.7,68.8,0.32,12.7
1650,2,2025-11-06,0.0,37.5,22.4,59.4,0.22,12.9
1651,2,2025-11-07,0.0,32.7,20.8,69.4,0.237,14.4
1652,2,2025-11-08,0.0,34.3,22.6,62.5,0.338,5.6
1653,2,2025-11-09,0.0,36.4,18.2,46.6,0.232,6.7
1654,2,2025-11-10,0.0,32.0,19.1,50.8,0.252,6.4
1655,2,2025-11-11,0.0,35.6,23.4,51.0,0.273,21.1
1656,2,2025-11-12,0.0,34.0,19.5,55.6,0.298,7.2
1657,2,2025-11-13,0.0,36.9,22.2,55.4,0.198,8.7
1658,2,2025-11-14,0.0,32.9,19.6,56.0,0.252,13.8
1659,2,2025-11-15,0.0,32.0,18.8,46.1,0.254,9.2
1660,2,2025-11-16,0.0,34.0,22.6,46.3,0.295,14.1
1661,2,2025-11-17,0.0,36.4,22.7,65.4,0.214,7.1
1662,2,2025-11-18,2.0,34.9,18.0,47.6,0.2,9.8
1663,2,2025-11-19,0.0,32.5,19.0,67.8,0.335,11.1
1664,2,2025-11-20,0.0,34.3,19.3,52.2,0.276,13.6
1665,2,2025-11-21,0.0,33.2,22.4,63.9,0.309,10.4
1666,2,2025-11-22,0.0,37.7,20.2,55.4,0.239,8.7
1667,2,2025-11-23,5.9,34.3,22.1,59.9,0.206,12.3
1668,2,2025-11-24,1.3,32.8,20.4,65.1,0.321,13.9
1669,2,2025-11-25,0.0,33.3,18.5,46.7,0.259,19.5
1670,2,2025-11-26,0.0,37.2,19.4,61.9,0.346,16.7
1671,2,2025-11-27,0.0,37.0,21.9,51.5,0.267,15.8
1672,2,2025-11-28,0.0,36.7,20.7,48.9,0.184,8.7
1673,2,2025-11-29,0.0,37.5,20.6,48.0,0.242,8.6
1674,2,2025-11-30,0.0,34.7,20.8,58.9,0.339,9.0
1675,2,2025-12-01,0.0,26.5,9.9,58.9,0.177,11.5
1676,2,2025-12-02,0.0,26.1,12.9,50.5,0.225,2.0
1677,2,2025-12-03,0.0,30.2,11.0,50.8,0.189,19.3
1678,2,2025-12-04,0.0,29.8,10.2,59.7,0.233,6.3
1679,2,2025-12-05,0.0,28.8,12.8,58.9,0.257,13.4
1680,2,2025-12-06,0.0,26.7,13.6,54.9,0.189,15.3
1681,2,2025-12-07,0.0,29.7,12.5,58.0,0.277,7.5
1682,2,2025-12-08,1.6,30.1,11.7,41.4,0.173,10.8
1683,2,2025-12-09,0.0,29.1,13.6,58.0,0.25,8.1
1684,2,2025-12-10,0.1,26.7,12.1,42.2,0.208,18.4
1685,2,2025-12-11,0.0,28.5,14.3,47.5,0.187,8.3
1686,2,2025-12-12,0.7,27.5,14.0,61.4,0.165,7.0
1687,2,2025-12-13,0.0,26.2,10.9,50.4,0.172,7.0
1688,2,2025-12-14,0.0,26.6,13.3,60.3,0.25,16.9
1689,2,2025-12-15,0.0,28.2,13.2,43.7,0.251,8.3
1690,2,2025-12-16,0.0,27.6,11.5,40.0,0.218,17.7
1691,2,2025-12-17,0.0,29.2,9.8,57.0,0.159,12.5
1692,2,2025-12-18,0.0,26.1,12.4,41.3,0.272,22.3
1693,2,2025-12-19,0.0,28.9,11.8,57.0,0.244,13.6
1694,2,2025-12-20,0.0,29.9,10.4,47.8,0.225,14.6
1695,2,2025-12-21,0.0,27.8,9.7,53.5,0.223,14.4
1696,2,2025-12-22,3.3,29.8,11.0,42.1,0.21,15.0
1697,2,2025-12-23,0.0,28.3,9.6,55.7,0.249,14.7
1698,2,2025-12-24,0.0,29.2,12.0,60.8,0.216,12.0
1699,2,2025-12-25,0.0,28.8,13.1,59.2,0.182,8.0
1700,2,2025-12-26,0.0,27.9,14.4,54.1,0.21,10.7
1701,2,2025-12-27,0.0,26.1,11.9,40.4,0.229,10.2
1702,2,2025-12-28,0.0,30.2,13.1,45.2,0.182,14.8
1703,2,2025-12-29,0.0,26.9,12.1,51.0,0.19,3.2
1704,2,2025-12-30,0.0,28.5,13.1,42.4,0.221,12.6
1705,2,2025-12-31,0.0,29.4,13.7,51.5,0.183,12.1
1706,2,2026-01-01,0.0,30.4,13.9,56.7,0.156,13.7
1707,2,2026-01-02,0.0,27.5,11.3,52.0,0.239,5.9
1708,2,2026-01-03,0.0,27.3,12.4,55.1,0.278,13.0
1709,2,2026-01-04,0.0,27.4,10.4,50.9,0.171,11.7
1710,2,2026-01-05,0.0,28.8,14.2,43.8,0.27,7.4
1711,2,2026-01-06,0.0,28.8,10.8,50.6,0.2,10.5
1712,2,2026-01-07,0.0,28.8,13.9,55.3,0.176,7.0
1713,2,2026-01-08,0.0,27.1,13.9,53.9,0.242,9.5
1714,2,2026-01-09,0.0,28.9,11.0,49.9,0.273,10.8
1715,2,2026-01-10,0.0,29.9,13.5,43.7,0.243,19.2
1716,2,2026-01-11,0.0,28.0,9.3,46.2,0.215,14.4
1717,2,2026-01-12,0.0,28.5,12.8,52.6,0.225,18.4
1718,2,2026-01-13,0.0,26.2,13.2,57.8,0.278,14.1
1719,2,2026-01-14,0.0,29.7,9.2,46.0,0.167,14.1
1720,2,2026-01-15,0.0,29.7,14.5,47.0,0.185,21.5
1721,2,2026-01-16,0.0,26.3,12.1,53.2,0.223,13.5
1722,2,2026-01-17,0.0,28.0,9.2,55.6,0.151,9.1
1723,2,2026-01-18,0.0,28.9,9.6,53.0,0.219,11.0
1724,2,2026-01-19,0.0,27.8,10.2,46.1,0.253,12.3
1725,2,2026-01-20,0.0,27.2,11.6,48.0,0.245,14.4
1726,2,2026-01-21,0.0,28.5,10.3,61.5,0.215,13.7
1727,2,2026-01-22,0.0,26.4,11.7,50.7,0.253,9.2
1728,2,2026-01-23,0.1,27.2,9.8,58.6,0.247,9.1
1729,2,2026-01-24,0.0,28.2,10.7,49.7,0.244,20.2
1730,2,2026-01-25,0.0,29.1,11.5,41.6,0.195,4.8
1731,2,2026-01-26,0.0,28.7,9.7,57.1,0.251,6.4
1732,2,2026-01-27,0.0,27.5,14.4,47.4,0.181,11.1
1733,2,2026-01-28,0.0,27.3,12.2,43.6,0.22,8.0
1734,2,2026-01-29,0.0,26.4,14.2,61.6,0.275,11.5
1735,2,2026-01-30,0.0,30.0,10.9,58.4,0.22,12.9
1736,2,2026-01-31,0.0,29.3,11.8,43.7,0.167,9.5
1737,2,2026-02-01,0.0,35.7,18.6,62.7,0.236,10.4
1738,2,2026-02-02,0.0,36.6,22.1,55.1,0.307,13.6
1739,2,2026-02-03,0.0,36.1,23.9,66.3,0.295,9.1
1740,2,2026-02-04,0.0,34.8,19.2,53.7,0.279,19.3
1741,2,2026-02-05,0.0,36.8,20.8,47.4,0.214,4.0
1742,2,2026-02-06,0.0,33.9,19.5,66.1,0.208,14.9
1743,2,2026-02-07,0.0,35.1,22.2,69.2,0.278,7.4
1744,2,2026-02-08,0.0,33.3,19.2,61.2,0.322,2.9
1745,2,2026-02-09,0.0,33.7,20.7,61.2,0.191,12.5
1746,2,2026-02-10,0.0,33.9,22.0,55.6,0.191,22.2
1747,2,2026-02-11,0.0,37.9,21.7,68.0,0.224,10.9
1748,2,2026-02-12,0.0,33.8,20.0,50.9,0.322,6.8
1749,2,2026-02-13,0.0,32.3,22.5,69.3,0.199,9.1
1750,2,2026-02-14,0.0,33.7,18.4,60.6,0.234,10.8
1751,2,2026-02-15,0.0,34.3,19.1,50.2,0.318,13.1
1752,2,2026-02-16,0.0,37.8,22.0,64.8,0.232,16.0
1753,2,2026-02-17,0.0,36.8,22.0,67.9,0.258,19.6
1754,2,2026-02-18,0.2,32.0,22.5,58.4,0.305,3.4
1755,2,2026-02-19,0.0,34.5,21.4,67.0,0.27,12.6
1756,2,2026-02-20,0.0,33.7,23.8,57.0,0.22,10.1
1757,2,2026-02-21,0.0,34.1,21.9,49.3,0.283,8.0
1758,2,2026-02-22,0.0,33.1,23.3,49.6,0.226,17.8
1759,2,2026-02-23,0.0,32.8,21.5,67.6,0.233,9.0
1760,2,2026-02-24,0.0,34.0,23.9,46.7,0.217,10.0
1761,2,2026-02-25,0.0,32.2,22.8,53.2,0.275,8.8
1762,2,2026-02-26,0.0,36.2,23.2,68.8,0.337,17.0
1763,2,2026-02-27,0.0,36.8,20.6,65.9,0.218,9.7
1764,2,2026-02-28,0.0,37.8,19.6,54.1,0.191,10.9
1765,2,2026-03-01,0.0,32.3,18.7,68.1,0.243,9.9
1766,2,2026-03-02,0.0,33.7,20.3,64.0,0.269,13.0
1767,2,2026-03-03,0.0,36.3,22.0,59.2,0.317,16.0
1768,2,2026-03-04,0.0,35.0,23.4,61.8,0.329,10.8
1769,2,2026-03-05,0.0,36.3,21.8,58.6,0.319,17.4
1770,2,2026-03-06,0.0,35.0,22.9,66.1,0.21,18.7
1771,2,2026-03-07,0.0,32.0,18.3,62.6,0.254,11.1
1772,2,2026-03-08,0.0,33.4,20.0,68.8,0.196,14.4
1773,2,2026-03-09,0.0,35.6,21.4,68.5,0.227,17.4
1774,2,2026-03-10,0.0,34.0,20.7,58.9,0.192,15.4
1775,2,2026-03-11,0.0,32.2,20.3,65.2,0.273,4.8
1776,2,2026-03-12,0.0,34.3,23.6,54.9,0.256,14.2
1777,2,2026-03-13,0.0,33.5,23.9,49.3,0.208,12.9
1778,2,2026-03-14,1.1,36.3,22.3,63.6,0.29,14.7
1779,2,2026-03-15,0.0,36.5,23.1,69.1,0.252,18.3
1780,2,2026-03-16,0.0,32.6,19.8,51.5,0.349,8.1
1781,2,2026-03-17,0.0,33.0,20.2,67.7,0.228,12.7
1782,2,2026-03-18,0.0,35.6,23.5,50.6,0.183,16.2
1783,2,2026-03-19,0.0,35.5,20.4,54.3,0.199,13.5
1784,2,2026-03-20,0.0,36.1,21.0,66.1,0.284,12.2
1785,2,2026-03-21,0.0,36.0,21.3,60.4,0.341,7.5
1786,2,2026-03-22,0.0,34.5,19.4,60.2,0.265,5.9
1787,2,2026-03-23,0.0,34.8,20.9,58.6,0.343,9.4
1788,2,2026-03-24,0.0,34.3,22.8,55.4,0.32,19.1
1789,2,2026-03-25,0.0,35.2,20.1,61.8,0.307,8.3
1790,2,2026-03-26,0.0,36.9,23.9,61.3,0.312,9.6
1791,2,2026-03-27,0.0,32.4,19.2,63.5,0.217,12.2
1792,2,2026-03-28,0.0,37.0,23.8,65.7,0.226,12.0
1793,2,2026-03-29,0.0,35.6,21.1,63.0,0.326,7.4
1794,2,2026-03-30,0.0,34.9,18.1,64.7,0.32,10.4
1795,2,2026-03-31,0.0,37.7,20.4,59.0,0.189,18.8
1796,2,2026-04-01,0.0,41.3,29.5,30.6,0.098,8.6
1797,2,2026-04-02,0.0,44.4,29.8,22.1,0.105,9.2
1798,2,2026-04-03,0.0,44.5,30.9,28.7,0.119,3.2
1799,2,2026-04-04,0.0,44.0,30.6,36.1,0.096,16.6
1800,2,2026-04-05,0.0,46.0,28.6,32.3,0.143,17.1
1801,2,2026-04-06,0.0,44.4,30.9,35.7,0.167,15.9
1802,2,2026-04-07,0.0,43.3,29.5,36.9,0.155,19.0
1803,2,2026-04-08,0.0,43.9,26.5,35.0,0.144,7.7
1804,2,2026-04-09,0.0,46.3,27.2,27.3,0.17,6.0
1805,2,2026-04-10,0.0,44.1,30.3,20.3,0.132,4.7
1806,2,2026-04-11,0.0,41.5,30.3,29.3,0.168,5.7
1807,2,2026-04-12,0.0,42.1,30.4,31.8,0.14,7.1
1808,2,2026-04-13,0.0,45.4,30.3,20.3,0.11,9.5
1809,2,2026-04-14,0.0,46.0,28.0,31.3,0.102,4.3
1810,2,2026-04-15,0.0,41.1,27.6,29.8,0.113,14.9
1811,2,2026-04-16,0.0,44.7,29.7,23.0,0.121,14.2
1812,2,2026-04-17,0.0,46.4,28.9,30.0,0.135,17.8
1813,2,2026-04-18,0.1,44.0,30.2,27.6,0.143,8.9
1814,2,2026-04-19,0.0,46.3,30.3,32.3,0.084,2.4
1815,2,2026-04-20,0.0,43.3,30.1,30.5,0.168,16.2
1816,2,2026-04-21,0.0,42.1,29.5,32.5,0.172,2.0
1817,2,2026-04-22,0.0,41.1,30.5,22.5,0.102,9.8
1818,2,2026-04-23,0.0,44.9,28.7,34.8,0.163,15.3
1819,2,2026-04-24,0.0,44.3,29.4,21.7,0.168,8.7
1820,2,2026-04-25,0.0,42.7,30.2,26.6,0.115,12.6
1821,2,2026-04-26,0.0,44.9,30.4,31.1,0.104,14.9
1822,2,2026-04-27,0.0,45.7,29.7,20.1,0.085,14.2
1823,2,2026-04-28,0.0,45.7,30.1,24.7,0.102,18.6
1824,2,2026-04-29,0.0,44.7,27.6,27.7,0.107,14.7
1825,2,2026-04-30,0.0,42.5,29.2,27.3,0.107,8.5
1826,2,2026-05-01,0.0,45.2,28.9,23.6,0.173,12.5
1827,2,2026-05-02,0.0,42.3,27.4,28.9,0.136,8.2
1828,2,2026-05-03,0.0,45.8,28.2,34.0,0.18,13.7
1829,2,2026-05-04,0.0,43.4,27.2,26.6,0.144,4.7
1830,2,2026-05-05,0.0,42.8,26.1,28.8,0.154,21.2
1831,2,2026-05-06,0.0,45.8,30.3,37.7,0.165,2.0
1832,2,2026-05-07,0.0,45.5,27.8,23.6,0.123,8.4
1833,2,2026-05-08,0.0,45.5,30.3,25.2,0.146,12.2
1834,2,2026-05-09,0.0,42.1,26.9,22.8,0.172,18.2
1835,2,2026-05-10,0.0,41.3,27.3,22.5,0.164,18.1
1836,2,2026-05-11,0.0,43.3,29.1,26.2,0.088,5.1
1837,2,2026-05-12,0.0,43.4,27.1,24.7,0.156,6.7
1838,2,2026-05-13,0.0,44.5,29.5,32.9,0.092,7.8
1839,2,2026-05-14,0.0,45.4,29.9,29.7,0.09,15.6
1840,2,2026-05-15,0.0,45.8,29.0,24.4,0.13,6.7
1841,2,2026-05-16,0.0,41.6,29.8,30.5,0.139,15.1
1842,2,2026-05-17,0.0,41.2,27.9,35.8,0.127,12.9
1843,2,2026-05-18,0.0,44.2,30.6,36.3,0.099,18.0
1844,2,2026-05-19,0.0,43.8,30.8,27.4,0.113,7.1
1845,2,2026-05-20,0.5,46.3,28.8,33.3,0.15,7.6
1846,2,2026-05-21,0.0,44.6,26.7,30.7,0.174,17.1
1847,2,2026-05-22,0.0,41.6,26.9,21.6,0.16,18.0
1848,2,2026-05-23,0.0,43.0,26.9,35.1,0.092,16.3
1849,2,2026-05-24,0.0,44.3,27.4,36.8,0.144,9.9
1850,2,2026-05-25,0.0,43.9,30.7,31.9,0.115,10.7
1851,2,2026-05-26,0.0,41.6,30.4,21.6,0.169,12.9
1852,2,2026-05-27,0.0,44.7,30.8,22.5,0.141,13.6
1853,2,2026-05-28,0.0,43.3,28.4,34.6,0.124,9.3
1854,2,2026-05-29,0.0,43.7,30.3,35.1,0.179,9.6
1855,2,2026-05-30,0.0,44.1,30.3,34.7,0.176,9.4
1856,2,2026-05-31,0.0,44.0,28.0,32.4,0.158,14.0
1857,2,2026-06-01,0.0,32.2,21.9,51.7,0.319,13.6
1858,2,2026-06-02,58.2,33.3,22.2,55.6,0.296,14.2
1859,2,2026-06-03,0.0,35.8,21.4,50.4,0.234,16.4
1860,2,2026-06-04,10.4,35.2,20.3,48.2,0.281,5.6
1861,2,2026-06-05,7.5,34.0,22.1,67.8,0.342,17.3
1862,2,2026-06-06,0.0,33.9,20.9,51.7,0.264,10.7
1863,2,2026-06-07,0.0,32.2,20.4,56.7,0.263,14.9
1864,2,2026-06-08,27.5,34.7,23.8,47.9,0.256,13.3
1865,2,2026-06-09,0.0,36.9,22.9,51.7,0.215,11.1
1866,2,2026-06-10,0.0,33.0,21.4,56.2,0.262,2.0
1867,2,2026-06-11,0.0,35.4,21.3,45.4,0.277,9.2
1868,2,2026-06-12,45.0,35.9,21.5,59.9,0.276,6.5
1869,2,2026-06-13,0.0,37.9,23.1,51.1,0.22,16.8
1870,2,2026-06-14,6.4,32.0,24.0,63.1,0.348,12.3
1871,2,2026-06-15,0.0,35.2,19.2,49.9,0.211,11.9
1872,2,2026-06-16,0.0,37.4,23.3,67.5,0.184,5.4
1873,2,2026-06-17,35.3,33.3,20.1,69.3,0.295,17.4
1874,2,2026-06-18,40.1,34.6,21.2,65.4,0.246,7.6
1875,2,2026-06-19,0.0,36.1,18.2,46.6,0.315,24.0
1876,2,2026-06-20,0.0,34.7,23.2,59.3,0.202,6.0
1877,2,2026-06-21,0.0,33.7,22.7,64.6,0.218,10.9
1878,2,2026-06-22,12.2,37.6,22.3,66.6,0.25,9.3
1879,2,2026-06-23,0.0,32.8,18.3,54.0,0.208,7.4
1880,2,2026-06-24,55.8,36.2,22.1,65.3,0.182,11.8
1881,2,2026-06-25,0.0,37.6,20.8,67.8,0.21,13.2
1882,2,2026-06-26,18.6,37.6,23.9,51.0,0.276,6.0
1883,2,2026-06-27,0.0,36.4,20.0,68.8,0.243,2.0
1884,2,2026-06-28,0.0,37.3,18.9,49.0,0.286,6.5
1885,2,2026-06-29,0.0,33.0,23.0,64.6,0.314,11.8
1886,2,2026-06-30,23.5,32.1,20.7,68.8,0.331,10.1
1887,2,2026-07-01,2.4,30.5,23.4,90.3,0.465,7.7
1888,2,2026-07-02,37.5,28.1,23.6,100.0,0.691,10.8
1889,2,2026-07-03,2.9,29.4,25.6,81.5,0.469,15.8
1890,2,2026-07-04,1.8,30.9,24.4,84.8,0.462,9.8
1891,2,2026-07-05,43.0,29.6,25.0,87.9,0.726,12.1
1892,2,2026-07-06,29.0,32.3,24.3,100.0,0.636,20.3
1893,2,2026-07-07,14.9,28.1,23.1,94.3,0.546,18.6
1894,2,2026-07-08,41.2,30.5,25.3,100.0,0.715,8.6
1895,2,2026-07-09,43.8,32.5,24.8,98.7,0.732,14.3
1896,2,2026-07-10,66.1,30.2,25.9,99.4,0.875,16.0
1897,2,2026-07-11,90.1,32.6,23.8,96.7,1.0,2.4
1898,2,2026-07-12,1.4,29.6,25.0,78.5,0.459,11.7
1899,2,2026-07-13,0.9,29.9,24.7,91.5,0.456,11.2
1900,2,2026-07-14,30.9,32.4,24.5,90.1,0.649,7.2
1901,2,2026-07-15,24.6,30.0,23.6,97.9,0.608,18.9
1902,2,2026-07-16,12.0,32.8,23.8,79.5,0.527,21.5
1903,2,2026-07-17,1.6,29.2,25.5,94.4,0.46,13.1
1904,2,2026-07-18,35.7,29.1,24.0,95.3,0.679,8.3
1905,2,2026-07-19,0.5,32.4,24.9,93.6,0.453,2.0
1906,2,2026-07-20,19.3,28.6,23.3,90.3,0.574,6.3
1907,2,2026-07-21,0.0,28.2,23.7,90.0,0.45,12.8
1908,2,2026-07-22,60.7,31.8,23.1,100.0,0.84,12.6
1909,2,2026-07-23,1.5,32.7,23.4,94.0,0.46,15.7
1910,2,2026-07-24,0.8,32.4,25.4,80.0,0.455,4.0
1911,2,2026-07-25,55.8,29.7,23.6,100.0,0.809,2.0
1912,2,2026-07-26,47.1,30.5,23.3,85.7,0.753,17.4
1913,2,2026-07-27,28.7,30.4,24.5,94.5,0.635,12.1
1914,2,2026-07-28,85.1,28.7,24.1,97.2,0.997,2.0
1915,2,2026-07-29,1.9,29.4,24.8,87.9,0.462,2.0
1916,2,2026-07-30,29.7,30.1,24.5,86.2,0.641,6.0
1917,2,2026-07-31,2.4,30.5,23.8,88.4,0.465,15.2
1918,2,2026-08-01,59.7,28.9,25.9,100.0,0.834,13.9
1919,2,2026-08-02,0.4,30.7,24.8,90.8,0.453,16.0
1920,2,2026-08-03,0.9,28.2,25.5,92.0,0.456,12.5
1921,2,2026-08-04,0.4,32.0,24.4,77.1,0.453,11.3
1922,2,2026-08-05,0.3,32.4,23.6,89.7,0.452,13.2
1923,2,2026-08-06,123.1,31.6,23.3,100.0,1.0,15.9
1924,2,2026-08-07,2.6,30.4,23.8,90.3,0.467,18.1
1925,2,2026-08-08,1.3,28.3,23.5,84.0,0.458,4.7
1926,2,2026-08-09,37.8,30.4,23.6,97.3,0.693,8.5
1927,2,2026-08-10,1.5,32.8,23.2,88.3,0.46,18.5
1928,2,2026-08-11,0.6,31.5,23.6,85.0,0.454,18.1
1929,2,2026-08-12,69.2,29.8,23.9,91.1,0.895,7.7
1930,2,2026-08-13,28.6,32.5,25.2,86.4,0.634,15.6
1931,2,2026-08-14,46.1,31.5,25.1,96.3,0.746,16.6
1932,2,2026-08-15,1.1,30.3,23.7,87.0,0.457,10.7
1933,2,2026-08-16,69.1,28.9,25.3,96.1,0.894,3.3
1934,2,2026-08-17,28.7,32.7,24.3,88.4,0.635,13.6
1935,2,2026-08-18,83.1,30.2,25.6,97.9,0.984,10.4
1936,2,2026-08-19,2.9,29.0,25.3,75.6,0.469,2.0
1937,2,2026-08-20,41.5,29.9,23.7,100.0,0.717,17.3
1938,2,2026-08-21,1.0,32.2,23.3,95.2,0.456,14.8
1939,2,2026-08-22,2.3,29.2,23.9,87.6,0.465,9.5
1940,2,2026-08-23,46.3,30.1,25.2,86.9,0.748,12.7
1941,2,2026-08-24,72.6,29.8,24.1,92.4,0.917,7.3
1942,2,2026-08-25,1.6,31.3,25.2,85.4,0.46,11.5
1943,2,2026-08-26,20.7,28.7,23.5,87.3,0.583,13.9
1944,2,2026-08-27,2.7,31.1,24.7,83.6,0.467,10.4
1945,2,2026-08-28,2.6,30.4,24.0,87.8,0.467,13.3
1946,2,2026-08-29,25.8,31.1,25.9,84.0,0.616,11.6
1947,2,2026-08-30,34.7,28.8,25.4,89.2,0.673,14.1
1948,2,2026-08-31,12.9,30.4,24.0,93.2,0.533,13.4
1949,3,2024-01-01,0.0,29.6,13.8,49.4,0.205,14.9
1950,3,2024-01-02,0.0,26.6,10.0,49.8,0.188,11.4
1951,3,2024-01-03,0.0,26.0,10.7,48.2,0.195,12.4
1952,3,2024-01-04,0.0,28.8,11.1,50.0,0.253,9.6
1953,3,2024-01-05,0.0,28.4,10.8,41.5,0.24,17.3
1954,3,2024-01-06,0.0,28.2,11.3,45.9,0.185,6.2
1955,3,2024-01-07,0.0,27.5,11.6,50.7,0.229,12.2
1956,3,2024-01-08,0.0,30.3,11.0,50.2,0.153,8.1
1957,3,2024-01-09,0.0,29.8,13.2,47.7,0.208,17.8
1958,3,2024-01-10,0.0,27.0,12.4,57.8,0.186,8.1
1959,3,2024-01-11,0.0,28.0,12.4,44.1,0.219,11.6
1960,3,2024-01-12,0.0,28.4,9.1,52.7,0.186,10.5
1961,3,2024-01-13,0.0,26.1,12.6,43.4,0.241,11.5
1962,3,2024-01-14,0.0,29.0,11.3,43.6,0.169,12.5
1963,3,2024-01-15,1.5,26.9,13.4,46.6,0.256,11.4
1964,3,2024-01-16,0.0,26.0,14.3,48.0,0.208,11.3
1965,3,2024-01-17,0.0,29.0,13.3,40.7,0.245,6.3
1966,3,2024-01-18,0.0,26.5,9.5,40.9,0.241,11.9
1967,3,2024-01-19,0.0,30.4,13.1,49.9,0.183,12.0
1968,3,2024-01-20,0.0,27.4,13.0,60.7,0.209,3.2
1969,3,2024-01-21,0.0,28.1,9.9,58.1,0.196,11.1
1970,3,2024-01-22,0.0,26.0,12.4,50.0,0.237,16.5
1971,3,2024-01-23,0.0,27.1,13.2,41.7,0.196,21.3
1972,3,2024-01-24,0.0,27.6,11.9,57.5,0.275,16.8
1973,3,2024-01-25,0.0,27.7,13.8,55.5,0.267,13.4
1974,3,2024-01-26,0.0,26.3,10.3,52.1,0.261,10.2
1975,3,2024-01-27,0.0,26.4,10.8,52.7,0.26,10.4
1976,3,2024-01-28,0.0,30.4,10.2,44.6,0.164,10.6
1977,3,2024-01-29,0.0,26.7,9.6,52.6,0.187,13.2
1978,3,2024-01-30,0.0,26.8,10.7,57.7,0.15,8.7
1979,3,2024-01-31,0.0,27.3,14.2,58.3,0.23,11.2
1980,3,2024-02-01,0.0,35.3,22.5,49.7,0.341,6.6
1981,3,2024-02-02,0.0,34.0,19.3,59.3,0.316,16.9
1982,3,2024-02-03,0.0,32.8,18.8,52.0,0.327,7.2
1983,3,2024-02-04,0.0,34.3,18.2,64.7,0.234,11.5
1984,3,2024-02-05,0.0,34.8,23.6,47.5,0.181,13.4
1985,3,2024-02-06,0.0,32.8,21.6,68.1,0.301,10.6
1986,3,2024-02-07,0.2,34.5,20.0,53.8,0.291,16.1
1987,3,2024-02-08,0.0,32.1,20.8,45.4,0.236,18.1
1988,3,2024-02-09,0.0,32.5,22.3,52.7,0.202,10.2
1989,3,2024-02-10,0.0,35.8,20.5,63.8,0.184,16.3
1990,3,2024-02-11,0.0,34.0,18.9,45.4,0.293,19.2
1991,3,2024-02-12,0.0,35.5,23.8,52.9,0.341,11.8
1992,3,2024-02-13,0.0,32.1,21.8,55.7,0.227,9.4
1993,3,2024-02-14,0.0,37.7,18.8,61.4,0.279,8.5
1994,3,2024-02-15,0.0,37.2,19.1,46.6,0.307,10.3
1995,3,2024-02-16,0.0,32.6,19.2,59.7,0.331,19.3
1996,3,2024-02-17,0.0,34.9,22.8,66.0,0.248,14.1
1997,3,2024-02-18,0.0,34.8,21.7,47.8,0.246,15.4
1998,3,2024-02-19,0.0,35.8,23.8,58.9,0.258,7.8
1999,3,2024-02-20,0.0,32.1,22.5,61.2,0.196,15.9
2000,3,2024-02-21,0.0,34.5,18.3,45.9,0.196,13.6
2001,3,2024-02-22,0.0,34.8,22.9,45.5,0.279,6.7
2002,3,2024-02-23,0.0,32.7,23.2,53.1,0.188,18.8
2003,3,2024-02-24,0.0,37.3,20.5,49.7,0.266,9.1
2004,3,2024-02-25,0.0,37.3,23.0,65.4,0.32,17.6
2005,3,2024-02-26,0.0,37.7,18.1,57.7,0.212,12.7
2006,3,2024-02-27,0.0,36.2,22.4,48.0,0.346,10.7
2007,3,2024-02-28,0.0,36.2,20.9,61.7,0.205,11.9
2008,3,2024-02-29,0.0,35.4,20.2,48.4,0.23,16.0
2009,3,2024-03-01,0.0,35.4,21.0,54.7,0.34,20.3
2010,3,2024-03-02,0.0,33.7,21.7,58.9,0.226,11.3
2011,3,2024-03-03,0.0,33.9,22.3,56.5,0.346,11.0
2012,3,2024-03-04,0.0,37.7,19.5,47.2,0.266,11.6
2013,3,2024-03-05,0.0,36.3,19.1,54.1,0.302,7.3
2014,3,2024-03-06,0.0,32.8,21.9,64.4,0.346,14.4
2015,3,2024-03-07,0.0,32.5,23.0,50.9,0.344,7.7
2016,3,2024-03-08,0.0,37.8,18.9,54.3,0.337,6.8
2017,3,2024-03-09,0.0,37.7,18.9,54.7,0.208,5.8
2018,3,2024-03-10,0.0,34.5,20.7,63.7,0.247,15.8
2019,3,2024-03-11,0.0,32.3,20.8,53.3,0.318,11.7
2020,3,2024-03-12,0.0,34.5,20.5,64.4,0.215,4.9
2021,3,2024-03-13,0.0,35.9,22.4,54.6,0.248,11.7
2022,3,2024-03-14,0.0,33.1,22.0,60.7,0.247,18.0
2023,3,2024-03-15,0.0,36.3,22.8,47.8,0.216,7.4
2024,3,2024-03-16,0.0,33.0,21.1,66.7,0.284,15.8
2025,3,2024-03-17,0.0,36.2,19.2,69.4,0.294,7.5
2026,3,2024-03-18,0.0,38.0,23.4,45.4,0.28,11.2
2027,3,2024-03-19,0.0,37.7,21.9,58.2,0.251,6.0
2028,3,2024-03-20,0.0,34.7,19.1,64.8,0.31,11.6
2029,3,2024-03-21,0.0,32.2,22.4,47.9,0.234,19.3
2030,3,2024-03-22,0.0,33.6,21.1,64.9,0.276,13.0
2031,3,2024-03-23,0.0,37.3,23.6,45.3,0.328,5.8
2032,3,2024-03-24,0.0,32.4,19.7,49.2,0.277,4.7
2033,3,2024-03-25,0.0,36.4,18.3,63.1,0.298,11.6
2034,3,2024-03-26,0.0,32.7,20.4,53.0,0.238,9.9
2035,3,2024-03-27,0.0,35.9,21.4,57.1,0.202,6.8
2036,3,2024-03-28,0.0,35.9,20.5,60.2,0.321,12.9
2037,3,2024-03-29,0.0,34.5,23.7,65.7,0.349,10.6
2038,3,2024-03-30,0.0,34.3,21.7,52.2,0.282,11.7
2039,3,2024-03-31,0.0,33.2,20.3,45.3,0.314,11.2
2040,3,2024-04-01,0.0,43.3,27.6,31.8,0.168,10.6
2041,3,2024-04-02,0.0,45.9,27.5,27.8,0.142,10.6
2042,3,2024-04-03,0.0,44.2,28.1,27.4,0.167,8.8
2043,3,2024-04-04,0.0,45.7,28.2,36.7,0.17,10.6
2044,3,2024-04-05,0.0,41.6,27.1,29.0,0.095,7.6
2045,3,2024-04-06,0.0,46.4,29.9,23.1,0.097,14.9
2046,3,2024-04-07,0.0,41.8,27.4,36.2,0.153,15.2
2047,3,2024-04-08,0.0,41.9,27.3,28.0,0.093,13.7
2048,3,2024-04-09,0.0,42.9,26.6,37.3,0.146,8.2
2049,3,2024-04-10,0.0,44.2,29.8,37.6,0.14,13.9
2050,3,2024-04-11,0.0,42.7,30.4,29.9,0.107,10.0
2051,3,2024-04-12,0.0,44.5,27.8,32.4,0.151,9.9
2052,3,2024-04-13,0.0,41.6,26.7,36.1,0.156,4.1
2053,3,2024-04-14,0.0,43.6,27.0,21.0,0.168,14.3
2054,3,2024-04-15,0.0,42.7,29.5,28.6,0.09,3.9
2055,3,2024-04-16,0.0,42.6,30.9,31.5,0.156,16.9
2056,3,2024-04-17,0.0,42.8,28.0,31.5,0.146,12.3
2057,3,2024-04-18,0.0,44.7,27.7,32.4,0.177,11.6
2058,3,2024-04-19,0.0,46.1,29.3,34.7,0.103,13.0
2059,3,2024-04-20,0.0,41.8,27.0,35.2,0.165,9.4
2060,3,2024-04-21,0.0,44.6,26.4,30.5,0.146,17.6
2061,3,2024-04-22,0.0,45.7,30.0,34.5,0.112,4.4
2062,3,2024-04-23,0.0,42.0,26.8,26.3,0.104,8.0
2063,3,2024-04-24,0.0,41.4,30.6,34.0,0.169,10.2
2064,3,2024-04-25,0.0,45.2,28.8,28.8,0.098,11.2
2065,3,2024-04-26,0.0,43.4,27.2,34.8,0.161,12.1
2066,3,2024-04-27,0.0,46.4,28.5,23.1,0.131,10.8
2067,3,2024-04-28,0.0,44.9,28.8,22.3,0.134,10.1
2068,3,2024-04-29,0.0,43.4,27.0,25.7,0.179,14.7
2069,3,2024-04-30,0.0,42.0,26.1,32.7,0.148,2.0
2070,3,2024-05-01,0.0,42.0,26.0,27.7,0.081,12.6
2071,3,2024-05-02,0.0,45.1,27.2,25.8,0.134,9.0
2072,3,2024-05-03,0.0,43.5,29.2,32.6,0.086,8.4
2073,3,2024-05-04,0.0,42.1,29.2,29.3,0.177,19.6
2074,3,2024-05-05,0.0,43.4,29.5,25.5,0.166,11.9
2075,3,2024-05-06,0.0,45.0,29.8,36.4,0.098,17.5
2076,3,2024-05-07,0.0,46.1,27.6,29.8,0.094,9.6
2077,3,2024-05-08,0.0,43.9,28.2,34.5,0.152,23.0
2078,3,2024-05-09,0.0,43.2,29.2,22.6,0.12,7.5
2079,3,2024-05-10,0.0,44.8,28.0,37.7,0.15,15.2
2080,3,2024-05-11,0.0,43.7,27.4,32.6,0.123,17.9
2081,3,2024-05-12,0.0,44.8,28.7,20.2,0.133,16.2
2082,3,2024-05-13,0.0,44.4,27.7,30.1,0.146,15.2
2083,3,2024-05-14,0.0,45.2,27.1,22.7,0.136,13.9
2084,3,2024-05-15,0.3,41.5,26.3,25.7,0.1,7.3
2085,3,2024-05-16,0.0,42.8,28.3,30.0,0.118,2.0
2086,3,2024-05-17,1.7,42.4,29.2,28.9,0.124,11.7
2087,3,2024-05-18,0.0,41.2,30.8,34.4,0.168,11.8
2088,3,2024-05-19,0.0,44.8,27.1,21.4,0.143,11.3
2089,3,2024-05-20,0.0,45.0,26.3,34.1,0.099,13.9
2090,3,2024-05-21,0.0,44.7,29.5,26.7,0.162,7.2
2091,3,2024-05-22,0.0,41.7,29.1,27.0,0.082,8.7
2092,3,2024-05-23,0.0,41.5,29.2,21.3,0.083,19.1
2093,3,2024-05-24,0.0,44.1,30.9,36.6,0.131,12.6
2094,3,2024-05-25,0.0,46.2,29.4,31.2,0.13,7.0
2095,3,2024-05-26,0.0,46.5,28.6,35.1,0.121,17.1
2096,3,2024-05-27,0.0,45.6,30.3,30.3,0.15,5.3
2097,3,2024-05-28,0.0,44.6,28.4,21.0,0.107,15.8
2098,3,2024-05-29,0.0,42.3,27.7,36.6,0.101,13.5
2099,3,2024-05-30,0.0,42.9,30.2,32.0,0.096,10.1
2100,3,2024-05-31,0.0,42.0,30.6,21.7,0.082,14.9
2101,3,2024-06-01,0.0,33.7,21.3,65.4,0.34,12.5
2102,3,2024-06-02,0.0,35.5,18.9,56.5,0.237,9.3
2103,3,2024-06-03,0.0,32.8,20.2,65.6,0.191,12.6
2104,3,2024-06-04,0.0,35.2,20.9,48.8,0.226,17.6
2105,3,2024-06-05,0.0,37.1,18.6,65.6,0.211,10.0
2106,3,2024-06-06,0.0,34.2,18.7,49.3,0.325,14.2
2107,3,2024-06-07,0.0,32.6,21.8,57.9,0.237,12.5
2108,3,2024-06-08,23.6,34.5,20.5,50.3,0.343,8.6
2109,3,2024-06-09,0.0,34.3,23.9,60.4,0.221,7.7
2110,3,2024-06-10,0.0,36.3,21.5,46.7,0.222,22.6
2111,3,2024-06-11,40.2,35.4,19.7,46.5,0.25,7.3
2112,3,2024-06-12,29.6,35.2,21.9,45.1,0.189,8.5
2113,3,2024-06-13,0.0,34.9,18.3,52.5,0.188,13.8
2114,3,2024-06-14,0.0,36.8,20.2,66.5,0.244,5.8
2115,3,2024-06-15,18.2,38.0,18.5,54.3,0.257,8.0
2116,3,2024-06-16,22.0,34.1,18.5,57.9,0.192,16.0
2117,3,2024-06-17,30.1,35.1,23.1,65.7,0.334,13.2
2118,3,2024-06-18,0.0,34.9,23.2,69.5,0.291,15.1
2119,3,2024-06-19,0.0,34.6,19.2,66.7,0.194,11.9
2120,3,2024-06-20,0.0,35.3,19.1,45.1,0.301,11.3
2121,3,2024-06-21,19.6,36.7,22.7,49.9,0.287,15.8
2122,3,2024-06-22,0.0,33.8,20.3,64.1,0.259,17.0
2123,3,2024-06-23,0.0,33.2,20.2,45.7,0.348,10.0
2124,3,2024-06-24,20.4,32.4,20.1,50.2,0.273,7.0
2125,3,2024-06-25,38.6,35.9,20.3,64.7,0.265,4.0
2126,3,2024-06-26,0.0,36.9,20.9,50.4,0.293,8.5
2127,3,2024-06-27,29.4,35.0,22.3,63.8,0.252,17.4
2128,3,2024-06-28,0.0,37.4,18.9,45.8,0.309,8.7
2129,3,2024-06-29,0.0,35.3,22.7,69.4,0.217,11.0
2130,3,2024-06-30,17.4,36.8,23.9,53.3,0.191,15.2
2131,3,2024-07-01,42.7,29.6,23.3,85.9,0.725,12.5
2132,3,2024-07-02,57.8,32.3,23.2,87.1,0.822,14.8
2133,3,2024-07-03,59.1,30.6,25.7,97.8,0.83,7.9
2134,3,2024-07-04,53.2,32.5,24.6,100.0,0.792,5.9
2135,3,2024-07-05,54.6,31.1,25.1,93.6,0.801,11.9
2136,3,2024-07-06,2.0,28.9,23.1,91.0,0.463,9.6
2137,3,2024-07-07,23.4,29.0,24.7,97.7,0.6,5.3
2138,3,2024-07-08,81.4,28.3,25.8,91.8,0.973,10.6
2139,3,2024-07-09,2.6,32.8,24.2,81.1,0.467,7.9
2140,3,2024-07-10,72.5,31.1,23.5,100.0,0.916,6.9
2141,3,2024-07-11,33.6,30.4,23.8,87.7,0.666,2.4
2142,3,2024-07-12,34.5,32.6,24.5,92.0,0.672,4.7
2143,3,2024-07-13,3.0,29.4,23.7,85.7,0.469,3.9
2144,3,2024-07-14,83.6,32.6,24.3,99.7,0.987,12.0
2145,3,2024-07-15,0.3,28.3,25.5,92.3,0.452,11.4
2146,3,2024-07-16,65.4,29.9,24.8,91.5,0.87,22.9
2147,3,2024-07-17,70.8,32.2,25.8,100.0,0.905,3.3
2148,3,2024-07-18,9.8,31.7,23.8,94.9,0.513,8.7
2149,3,2024-07-19,19.0,32.1,25.5,87.1,0.572,8.9
2150,3,2024-07-20,1.7,32.1,25.3,85.4,0.461,11.1
2151,3,2024-07-21,0.8,31.1,23.6,86.7,0.455,8.5
2152,3,2024-07-22,42.9,32.7,24.9,89.6,0.726,10.7
2153,3,2024-07-23,31.6,29.4,24.5,81.9,0.653,12.7
2154,3,2024-07-24,24.0,28.6,23.9,96.4,0.604,11.8
2155,3,2024-07-25,42.4,30.2,23.3,100.0,0.723,13.2
2156,3,2024-07-26,2.3,32.0,25.8,83.6,0.465,21.6
2157,3,2024-07-27,35.5,29.1,24.9,91.9,0.678,17.1
2158,3,2024-07-28,107.5,30.3,23.3,100.0,1.0,10.4
2159,3,2024-07-29,1.1,32.1,23.8,84.7,0.457,15.1
2160,3,2024-07-30,70.4,30.9,24.9,100.0,0.903,8.3
2161,3,2024-07-31,12.9,30.8,23.8,94.2,0.533,7.6
2162,3,2024-08-01,78.9,31.2,23.0,100.0,0.957,14.0
2163,3,2024-08-02,55.9,30.1,23.0,94.5,0.809,12.2
2164,3,2024-08-03,88.8,31.0,24.7,98.4,1.0,12.3
2165,3,2024-08-04,59.8,28.5,24.3,90.0,0.834,8.3
2166,3,2024-08-05,1.6,31.1,25.2,93.6,0.46,7.8
2167,3,2024-08-06,39.4,31.4,25.4,86.5,0.703,9.1
2168,3,2024-08-07,126.2,30.1,25.7,100.0,1.0,11.4
2169,3,2024-08-08,57.6,31.1,24.1,100.0,0.82,5.3
2170,3,2024-08-09,36.5,28.9,24.5,95.7,0.685,13.6
2171,3,2024-08-10,0.6,31.3,24.9,81.9,0.454,13.1
2172,3,2024-08-11,78.4,32.3,23.6,100.0,0.954,7.6
2173,3,2024-08-12,57.8,28.5,23.8,100.0,0.822,13.7
2174,3,2024-08-13,12.6,28.5,23.3,86.6,0.531,15.6
2175,3,2024-08-14,35.3,28.2,24.6,87.8,0.677,10.0
2176,3,2024-08-15,73.5,32.6,24.3,98.9,0.923,15.2
2177,3,2024-08-16,0.9,28.2,26.0,92.8,0.456,20.1
2178,3,2024-08-17,1.4,30.2,24.1,78.3,0.459,13.5
2179,3,2024-08-18,2.8,28.9,24.8,95.5,0.468,12.2
2180,3,2024-08-19,1.1,31.0,23.7,94.4,0.457,14.1
2181,3,2024-08-20,41.9,28.1,23.3,95.2,0.719,12.4
2182,3,2024-08-21,79.0,30.5,24.5,100.0,0.958,12.2
2183,3,2024-08-22,62.7,32.4,24.5,100.0,0.853,14.0
2184,3,2024-08-23,2.2,28.2,23.4,81.1,0.464,12.1
2185,3,2024-08-24,96.7,32.3,25.3,97.7,1.0,11.7
2186,3,2024-08-25,1.3,31.4,24.9,81.8,0.458,9.7
2187,3,2024-08-26,109.9,28.7,24.8,100.0,1.0,18.6
2188,3,2024-08-27,155.6,29.9,23.0,100.0,1.0,9.6
2189,3,2024-08-28,57.2,32.6,25.2,98.4,0.818,14.2
2190,3,2024-08-29,38.2,31.9,25.9,95.9,0.696,12.8
2191,3,2024-08-30,45.0,31.4,24.4,84.9,0.739,12.8
2192,3,2024-08-31,94.4,28.0,25.6,100.0,1.0,16.3
2193,3,2024-09-01,18.8,37.3,18.3,66.7,0.238,15.2
2194,3,2024-09-02,28.3,37.1,19.3,52.1,0.266,19.8
2195,3,2024-09-03,0.0,35.4,18.7,63.4,0.185,21.7
2196,3,2024-09-04,11.5,36.2,20.4,54.5,0.316,12.4
2197,3,2024-09-05,0.0,36.5,18.9,57.5,0.235,15.9
2198,3,2024-09-06,29.0,36.0,19.8,53.4,0.284,9.6
2199,3,2024-09-07,0.0,34.6,21.5,45.9,0.325,10.1
2200,3,2024-09-08,6.5,32.5,19.5,57.6,0.295,8.4
2201,3,2024-09-09,0.0,35.7,19.8,52.0,0.251,9.6
2202,3,2024-09-10,0.0,37.8,21.3,63.7,0.263,12.1
2203,3,2024-09-11,26.7,33.9,23.7,62.7,0.218,5.6
2204,3,2024-09-12,29.6,36.8,23.4,60.6,0.348,8.8
2205,3,2024-09-13,0.0,33.7,18.6,50.4,0.186,13.5
2206,3,2024-09-14,0.0,37.3,21.0,59.2,0.343,7.1
2207,3,2024-09-15,0.0,35.4,18.9,62.6,0.211,12.8
2208,3,2024-09-16,30.0,35.3,21.9,46.8,0.265,10.2
2209,3,2024-09-17,41.7,32.2,18.0,63.9,0.265,16.5
2210,3,2024-09-18,42.1,36.7,23.4,48.4,0.268,17.0
2211,3,2024-09-19,6.4,34.0,19.9,64.3,0.242,13.4
2212,3,2024-09-20,11.9,37.1,23.5,48.3,0.19,16.0
2213,3,2024-09-21,0.0,33.6,20.7,46.1,0.33,2.0
2214,3,2024-09-22,15.4,37.8,22.8,68.0,0.296,13.5
2215,3,2024-09-23,0.0,35.5,22.7,52.7,0.207,16.8
2216,3,2024-09-24,0.0,35.0,23.4,51.2,0.181,11.2
2217,3,2024-09-25,33.7,34.3,18.6,46.8,0.33,8.7
2218,3,2024-09-26,37.7,35.8,19.9,65.3,0.207,3.5
2219,3,2024-09-27,0.0,33.2,21.1,55.6,0.276,16.9
2220,3,2024-09-28,28.1,34.9,23.6,69.5,0.35,14.8
2221,3,2024-09-29,16.0,36.0,21.8,57.2,0.226,3.3
2222,3,2024-09-30,70.6,32.3,22.3,49.5,0.185,22.3
2223,3,2024-10-01,0.0,32.8,18.1,68.5,0.227,16.2
2224,3,2024-10-02,0.0,35.5,19.5,45.0,0.282,10.8
2225,3,2024-10-03,0.0,35.5,18.1,49.8,0.207,5.5
2226,3,2024-10-04,0.0,37.5,18.7,54.2,0.291,2.0
2227,3,2024-10-05,0.1,34.3,18.2,46.6,0.317,10.6
2228,3,2024-10-06,0.0,34.7,22.0,48.8,0.32,14.3
2229,3,2024-10-07,0.0,38.0,21.7,54.8,0.221,12.7
2230,3,2024-10-08,0.0,32.7,18.0,46.5,0.225,16.9
2231,3,2024-10-09,10.5,32.1,22.7,52.6,0.203,2.0
2232,3,2024-10-10,0.0,33.5,21.2,69.2,0.268,16.8
2233,3,2024-10-11,3.2,35.2,23.8,56.0,0.194,12.4
2234,3,2024-10-12,0.0,35.5,19.5,54.1,0.297,13.7
2235,3,2024-10-13,0.0,32.8,19.7,57.5,0.312,9.8
2236,3,2024-10-14,0.0,35.3,23.5,48.0,0.256,14.9
2237,3,2024-10-15,0.0,36.1,20.7,56.1,0.319,11.8
2238,3,2024-10-16,0.0,37.3,21.5,57.4,0.265,6.6
2239,3,2024-10-17,0.0,36.4,21.1,58.7,0.255,23.5
2240,3,2024-10-18,0.0,35.0,20.9,62.8,0.288,7.7
2241,3,2024-10-19,0.0,34.7,23.6,59.5,0.317,15.2
2242,3,2024-10-20,0.0,37.1,21.7,69.7,0.236,11.8
2243,3,2024-10-21,0.0,33.2,23.4,54.9,0.279,16.9
2244,3,2024-10-22,0.6,32.3,23.0,66.6,0.285,10.6
2245,3,2024-10-23,10.4,32.9,21.6,60.8,0.32,10.3
2246,3,2024-10-24,0.0,36.3,19.5,64.9,0.204,18.5
2247,3,2024-10-25,0.0,32.7,19.4,64.1,0.186,9.4
2248,3,2024-10-26,0.0,35.3,19.4,52.2,0.343,7.9
2249,3,2024-10-27,0.0,34.6,22.7,61.4,0.218,15.6
2250,3,2024-10-28,0.0,34.3,20.2,65.8,0.195,11.6
2251,3,2024-10-29,0.0,32.1,21.4,46.0,0.277,2.0
2252,3,2024-10-30,0.0,37.9,18.5,67.0,0.18,9.2
2253,3,2024-10-31,0.0,34.5,22.0,67.9,0.257,8.9
2254,3,2024-11-01,0.0,32.9,22.3,54.6,0.23,10.1
2255,3,2024-11-02,0.0,37.0,23.0,60.5,0.33,10.2
2256,3,2024-11-03,0.0,35.7,20.4,46.3,0.288,8.3
2257,3,2024-11-04,0.0,33.8,18.3,64.8,0.323,12.9
2258,3,2024-11-05,0.0,36.1,23.7,54.3,0.219,14.1
2259,3,2024-11-06,0.0,34.0,18.1,50.3,0.227,10.3
2260,3,2024-11-07,0.0,32.4,22.0,62.2,0.29,6.9
2261,3,2024-11-08,0.0,34.1,22.0,59.8,0.266,12.8
2262,3,2024-11-09,0.0,37.5,20.9,58.7,0.321,3.9
2263,3,2024-11-10,0.0,32.1,23.7,56.0,0.213,12.3
2264,3,2024-11-11,0.0,36.2,20.4,61.9,0.225,8.7
2265,3,2024-11-12,0.0,37.5,20.7,68.9,0.273,7.5
2266,3,2024-11-13,0.0,32.4,19.5,69.7,0.328,16.2
2267,3,2024-11-14,0.0,34.1,21.3,62.8,0.292,3.1
2268,3,2024-11-15,0.0,33.1,21.9,64.0,0.293,18.8
2269,3,2024-11-16,0.0,33.2,18.7,48.6,0.279,16.9
2270,3,2024-11-17,0.0,37.7,21.8,63.5,0.186,13.4
2271,3,2024-11-18,0.0,35.7,21.2,49.5,0.293,17.8
2272,3,2024-11-19,0.0,36.9,24.0,59.6,0.328,8.7
2273,3,2024-11-20,0.0,34.9,18.6,58.2,0.287,16.7
2274,3,2024-11-21,0.0,36.8,21.2,51.8,0.202,11.5
2275,3,2024-11-22,0.0,36.6,20.4,52.8,0.239,13.8
2276,3,2024-11-23,0.0,35.1,20.7,60.0,0.261,14.0
2277,3,2024-11-24,0.0,33.7,21.3,69.5,0.219,12.9
2278,3,2024-11-25,0.0,35.1,19.0,57.7,0.309,8.2
2279,3,2024-11-26,0.0,37.8,21.5,45.8,0.206,16.2
2280,3,2024-11-27,3.0,36.2,19.6,51.0,0.273,16.4
2281,3,2024-11-28,0.0,34.9,21.3,69.1,0.188,8.4
2282,3,2024-11-29,0.0,36.6,23.0,49.4,0.222,8.2
2283,3,2024-11-30,0.0,35.3,22.4,58.4,0.348,16.5
2284,3,2024-12-01,0.0,30.0,11.9,47.7,0.279,16.1
2285,3,2024-12-02,0.0,30.5,11.0,61.5,0.171,5.9
2286,3,2024-12-03,0.0,26.7,9.7,56.8,0.187,9.9
2287,3,2024-12-04,0.0,29.2,9.4,43.9,0.238,9.6
2288,3,2024-12-05,0.0,28.3,9.4,48.1,0.256,18.6
2289,3,2024-12-06,0.0,27.9,10.8,62.0,0.186,7.7
2290,3,2024-12-07,0.0,27.5,12.5,43.0,0.194,6.4
2291,3,2024-12-08,0.0,27.0,9.5,48.5,0.158,13.5
2292,3,2024-12-09,0.0,26.6,13.2,48.0,0.155,10.1
2293,3,2024-12-10,0.0,28.4,9.6,49.1,0.232,3.6
2294,3,2024-12-11,0.0,29.9,13.0,59.4,0.155,11.0
2295,3,2024-12-12,0.0,28.3,11.1,59.4,0.195,10.1
2296,3,2024-12-13,0.0,28.4,9.2,43.6,0.247,16.6
2297,3,2024-12-14,0.0,30.2,13.8,56.1,0.245,15.8
2298,3,2024-12-15,0.0,26.5,13.8,44.7,0.261,5.8
2299,3,2024-12-16,0.0,26.5,10.6,43.6,0.188,9.7
2300,3,2024-12-17,0.0,26.5,11.1,52.4,0.215,13.3
2301,3,2024-12-18,0.0,26.0,10.9,54.4,0.223,13.2
2302,3,2024-12-19,0.0,27.8,9.2,49.0,0.199,16.4
2303,3,2024-12-20,0.0,29.4,9.6,58.2,0.23,17.0
2304,3,2024-12-21,0.0,26.6,14.2,40.3,0.216,8.5
2305,3,2024-12-22,0.0,29.0,9.8,55.0,0.19,13.6
2306,3,2024-12-23,0.0,28.7,9.5,59.9,0.263,13.0
2307,3,2024-12-24,0.0,27.0,13.0,45.8,0.208,10.9
2308,3,2024-12-25,0.0,27.4,13.2,49.0,0.227,10.5
2309,3,2024-12-26,0.0,27.7,10.8,50.5,0.274,7.0
2310,3,2024-12-27,0.0,27.8,10.4,56.1,0.191,11.6
2311,3,2024-12-28,0.0,30.2,13.1,53.9,0.19,17.0
2312,3,2024-12-29,0.0,30.1,10.2,46.8,0.165,3.6
2313,3,2024-12-30,0.0,27.2,10.8,43.7,0.229,13.5
2314,3,2024-12-31,0.0,27.7,14.3,42.4,0.242,7.4
2315,3,2025-01-01,0.0,29.8,13.4,56.9,0.251,7.9
2316,3,2025-01-02,0.0,26.7,12.1,41.7,0.186,20.5
2317,3,2025-01-03,0.0,26.8,14.1,44.0,0.229,8.2
2318,3,2025-01-04,0.0,29.2,11.7,56.4,0.157,11.1
2319,3,2025-01-05,0.0,28.7,13.9,49.9,0.255,14.1
2320,3,2025-01-06,0.0,29.3,9.4,44.3,0.183,9.2
2321,3,2025-01-07,0.0,26.4,13.6,42.2,0.264,12.9
2322,3,2025-01-08,0.0,27.2,10.3,50.7,0.245,16.8
2323,3,2025-01-09,0.0,29.9,13.9,44.0,0.233,10.6
2324,3,2025-01-10,0.0,27.6,10.0,41.2,0.268,21.0
2325,3,2025-01-11,0.0,26.3,13.0,60.6,0.182,16.5
2326,3,2025-01-12,0.0,27.0,9.9,53.6,0.24,13.6
2327,3,2025-01-13,0.0,28.6,13.8,60.7,0.191,17.1
2328,3,2025-01-14,0.0,28.0,9.4,51.5,0.228,13.3
2329,3,2025-01-15,0.0,26.3,12.8,45.7,0.185,12.1
2330,3,2025-01-16,0.0,28.9,14.3,48.7,0.168,12.4
2331,3,2025-01-17,0.0,26.3,13.8,44.8,0.196,13.1
2332,3,2025-01-18,2.5,28.4,12.5,54.0,0.27,3.3
2333,3,2025-01-19,0.0,26.2,13.5,54.8,0.211,3.3
2334,3,2025-01-20,0.0,29.5,14.4,58.5,0.265,10.3
2335,3,2025-01-21,0.0,26.0,11.7,51.5,0.263,11.4
2336,3,2025-01-22,0.0,30.5,11.7,51.8,0.256,12.9
2337,3,2025-01-23,0.0,30.3,12.8,43.5,0.152,11.5
2338,3,2025-01-24,0.0,26.8,11.3,53.0,0.199,14.6
2339,3,2025-01-25,0.0,29.0,11.2,61.3,0.241,11.4
2340,3,2025-01-26,0.0,28.5,13.7,43.0,0.21,5.7
2341,3,2025-01-27,0.0,28.3,12.9,43.9,0.157,12.3
2342,3,2025-01-28,0.0,26.1,10.6,60.6,0.185,3.3
2343,3,2025-01-29,0.0,26.5,11.2,61.7,0.256,15.2
2344,3,2025-01-30,0.0,29.1,9.2,49.0,0.253,11.7
2345,3,2025-01-31,0.0,30.1,13.4,50.8,0.207,17.1
2346,3,2025-02-01,0.0,32.6,21.6,52.1,0.309,9.7
2347,3,2025-02-02,0.0,37.3,21.9,48.1,0.257,10.6
2348,3,2025-02-03,0.0,36.1,23.6,62.8,0.321,16.6
2349,3,2025-02-04,0.0,32.5,20.2,56.4,0.212,13.6
2350,3,2025-02-05,0.0,36.4,20.1,46.8,0.318,11.5
2351,3,2025-02-06,0.0,35.3,19.2,48.6,0.264,18.9
2352,3,2025-02-07,0.0,36.7,21.8,56.4,0.275,4.4
2353,3,2025-02-08,0.0,34.6,21.6,67.2,0.249,12.6
2354,3,2025-02-09,0.0,37.1,20.0,51.5,0.266,18.5
2355,3,2025-02-10,0.0,32.2,18.4,49.8,0.303,10.8
2356,3,2025-02-11,0.0,34.6,19.1,67.9,0.228,18.9
2357,3,2025-02-12,0.0,34.9,21.0,51.5,0.213,19.4
2358,3,2025-02-13,0.0,35.7,22.9,59.5,0.263,3.5
2359,3,2025-02-14,0.0,34.0,18.6,54.0,0.232,17.7
2360,3,2025-02-15,0.0,36.3,21.4,67.8,0.317,14.5
2361,3,2025-02-16,0.0,37.9,19.7,70.0,0.304,7.4
2362,3,2025-02-17,0.0,35.8,21.5,62.3,0.3,6.0
2363,3,2025-02-18,0.0,32.3,21.0,63.1,0.324,14.1
2364,3,2025-02-19,0.0,32.9,20.5,45.9,0.261,8.9
2365,3,2025-02-20,0.0,35.5,22.0,47.8,0.21,8.0
2366,3,2025-02-21,0.0,34.6,19.9,45.2,0.284,15.1
2367,3,2025-02-22,0.0,36.1,18.8,52.8,0.197,11.9
2368,3,2025-02-23,0.0,37.9,23.4,54.1,0.285,14.3
2369,3,2025-02-24,0.0,33.1,22.7,48.6,0.286,20.2
2370,3,2025-02-25,0.0,34.9,22.0,64.7,0.315,15.3
2371,3,2025-02-26,0.0,32.6,21.4,69.0,0.325,14.4
2372,3,2025-02-27,0.0,36.3,21.4,47.5,0.289,7.7
2373,3,2025-02-28,0.0,36.2,23.0,53.4,0.277,7.5
2374,3,2025-03-01,0.0,35.0,20.1,51.3,0.249,8.3
2375,3,2025-03-02,0.0,36.8,20.8,60.8,0.237,2.5
2376,3,2025-03-03,0.0,32.9,23.6,52.8,0.188,9.0
2377,3,2025-03-04,0.0,33.0,22.4,52.9,0.223,18.4
2378,3,2025-03-05,2.7,32.8,22.8,62.2,0.215,11.3
2379,3,2025-03-06,0.0,32.6,21.7,47.5,0.309,24.2
2380,3,2025-03-07,0.0,36.3,23.9,55.7,0.296,4.8
2381,3,2025-03-08,0.0,32.7,20.0,51.6,0.322,14.0
2382,3,2025-03-09,0.0,38.0,21.9,62.1,0.238,6.5
2383,3,2025-03-10,0.0,33.5,20.9,56.4,0.196,8.3
2384,3,2025-03-11,0.0,34.2,20.4,46.3,0.184,12.8
2385,3,2025-03-12,0.0,36.3,19.4,57.0,0.239,7.4
2386,3,2025-03-13,0.0,36.2,22.1,50.8,0.281,6.6
2387,3,2025-03-14,0.0,34.5,19.1,54.4,0.33,11.3
2388,3,2025-03-15,0.0,32.2,18.7,65.9,0.309,6.7
2389,3,2025-03-16,0.0,35.9,21.8,49.6,0.326,8.9
2390,3,2025-03-17,0.0,34.3,18.8,61.4,0.244,13.5
2391,3,2025-03-18,0.0,33.7,20.8,60.7,0.324,5.9
2392,3,2025-03-19,0.0,35.4,22.7,63.6,0.316,21.3
2393,3,2025-03-20,0.0,34.5,22.7,47.8,0.331,13.9
2394,3,2025-03-21,0.0,32.3,21.0,61.6,0.234,8.8
2395,3,2025-03-22,0.0,32.0,22.6,49.1,0.268,9.7
2396,3,2025-03-23,0.0,34.6,22.7,54.9,0.199,5.1
2397,3,2025-03-24,0.0,33.7,18.1,56.8,0.193,15.0
2398,3,2025-03-25,0.0,32.2,23.3,58.2,0.219,10.0
2399,3,2025-03-26,0.3,33.8,24.0,67.3,0.245,8.5
2400,3,2025-03-27,0.0,32.2,19.7,55.5,0.211,6.2
2401,3,2025-03-28,0.0,34.4,23.3,63.5,0.312,8.9
2402,3,2025-03-29,0.0,34.7,20.6,50.4,0.191,12.9
2403,3,2025-03-30,0.0,35.6,23.0,60.6,0.304,12.4
2404,3,2025-03-31,0.0,36.4,19.7,54.7,0.329,3.3
2405,3,2025-04-01,0.0,43.1,28.6,36.7,0.145,11.7
2406,3,2025-04-02,0.0,45.4,28.5,30.7,0.146,6.7
2407,3,2025-04-03,0.0,43.5,30.7,37.5,0.158,13.9
2408,3,2025-04-04,0.0,41.1,30.0,23.1,0.098,11.7
2409,3,2025-04-05,0.0,44.2,26.0,33.9,0.127,4.0
2410,3,2025-04-06,0.0,45.2,26.2,35.2,0.091,16.8
2411,3,2025-04-07,0.0,44.0,27.1,33.1,0.107,22.6
2412,3,2025-04-08,0.0,42.6,28.9,30.4,0.103,14.1
2413,3,2025-04-09,0.0,46.2,28.2,23.0,0.141,16.4
2414,3,2025-04-10,0.0,44.0,28.1,32.4,0.172,18.8
2415,3,2025-04-11,0.0,43.3,27.6,29.5,0.104,12.5
2416,3,2025-04-12,0.0,42.1,29.0,30.1,0.134,7.6
2417,3,2025-04-13,0.0,43.4,28.3,24.5,0.15,10.9
2418,3,2025-04-14,0.0,42.8,27.2,36.2,0.166,7.8
2419,3,2025-04-15,0.0,43.5,29.0,30.3,0.097,8.8
2420,3,2025-04-16,0.0,42.4,26.2,21.9,0.119,2.0
2421,3,2025-04-17,0.0,43.1,29.9,28.3,0.176,13.4
2422,3,2025-04-18,0.0,46.3,29.1,32.1,0.152,15.0
2423,3,2025-04-19,0.0,46.3,28.4,22.2,0.092,6.8
2424,3,2025-04-20,0.0,45.6,27.1,35.6,0.094,11.9
2425,3,2025-04-21,0.0,42.7,26.3,36.2,0.131,8.8
2426,3,2025-04-22,0.0,42.9,29.1,28.1,0.12,11.9
2427,3,2025-04-23,0.0,42.0,29.4,23.2,0.1,17.2
2428,3,2025-04-24,0.0,45.1,28.1,32.4,0.169,20.3
2429,3,2025-04-25,0.0,41.7,27.8,36.1,0.151,7.7
2430,3,2025-04-26,0.0,42.9,29.1,25.7,0.088,16.6
2431,3,2025-04-27,0.0,45.6,26.3,32.0,0.106,7.5
2432,3,2025-04-28,0.0,45.2,28.8,36.4,0.143,10.6
2433,3,2025-04-29,0.0,41.2,29.8,36.4,0.18,8.7
2434,3,2025-04-30,0.0,43.4,27.2,21.7,0.085,10.9
2435,3,2025-05-01,0.0,44.7,31.0,26.6,0.124,15.7
2436,3,2025-05-02,0.0,41.2,27.9,37.7,0.167,6.7
2437,3,2025-05-03,0.0,44.7,30.0,26.2,0.159,7.5
2438,3,2025-05-04,0.0,44.9,30.3,36.1,0.177,8.1
2439,3,2025-05-05,0.0,43.7,29.1,36.2,0.166,8.6
2440,3,2025-05-06,0.0,46.1,30.2,32.0,0.116,13.3
2441,3,2025-05-07,0.0,46.0,29.0,27.9,0.145,8.7
2442,3,2025-05-08,0.0,45.2,27.7,20.3,0.163,12.7
2443,3,2025-05-09,0.0,44.1,30.6,30.6,0.095,5.2
2444,3,2025-05-10,0.0,45.6,28.1,20.7,0.151,9.0
2445,3,2025-05-11,0.0,42.1,28.2,25.9,0.127,8.0
2446,3,2025-05-12,0.0,42.7,29.4,30.8,0.121,8.3
2447,3,2025-05-13,0.0,41.6,28.1,37.6,0.103,9.2
2448,3,2025-05-14,0.0,45.6,26.6,28.8,0.128,15.0
2449,3,2025-05-15,0.0,45.0,27.7,26.8,0.129,16.6
2450,3,2025-05-16,0.0,45.4,28.7,37.3,0.101,11.2
2451,3,2025-05-17,0.0,42.8,29.5,23.6,0.103,9.9
2452,3,2025-05-18,0.0,43.4,29.0,32.8,0.148,13.6
2453,3,2025-05-19,0.0,42.8,26.9,34.1,0.154,18.0
2454,3,2025-05-20,0.0,41.8,29.7,20.5,0.114,13.5
2455,3,2025-05-21,0.0,41.7,29.8,25.0,0.087,14.2
2456,3,2025-05-22,0.0,41.9,29.4,27.3,0.119,12.8
2457,3,2025-05-23,0.0,44.5,26.5,37.1,0.085,15.1
2458,3,2025-05-24,0.0,46.4,28.3,34.6,0.114,8.6
2459,3,2025-05-25,0.0,46.2,30.2,37.2,0.169,15.7
2460,3,2025-05-26,0.0,44.5,26.4,35.5,0.177,13.3
2461,3,2025-05-27,0.0,45.4,26.8,25.6,0.108,10.4
2462,3,2025-05-28,0.0,43.3,26.3,32.3,0.146,7.4
2463,3,2025-05-29,0.0,43.2,27.3,34.9,0.155,16.1
2464,3,2025-05-30,0.0,42.5,27.6,35.7,0.139,9.8
2465,3,2025-05-31,0.9,42.9,30.9,26.3,0.08,10.5
2466,3,2025-06-01,37.7,37.2,19.2,51.1,0.294,10.6
2467,3,2025-06-02,0.0,36.9,19.5,59.6,0.314,4.2
2468,3,2025-06-03,14.8,34.5,18.2,61.0,0.22,7.9
2469,3,2025-06-04,0.0,33.2,22.3,52.3,0.255,2.0
2470,3,2025-06-05,20.5,37.1,23.0,69.2,0.311,7.9
2471,3,2025-06-06,0.0,37.4,20.5,48.2,0.275,17.1
2472,3,2025-06-07,7.6,33.3,19.9,64.5,0.329,10.7
2473,3,2025-06-08,0.0,35.4,19.0,51.5,0.275,13.0
2474,3,2025-06-09,0.0,32.7,21.1,45.7,0.285,15.2
2475,3,2025-06-10,0.0,38.0,22.6,69.1,0.282,17.2
2476,3,2025-06-11,25.1,35.6,19.8,52.7,0.239,13.9
2477,3,2025-06-12,0.0,33.2,20.1,57.9,0.275,4.3
2478,3,2025-06-13,51.9,34.6,23.1,48.8,0.286,20.8
2479,3,2025-06-14,28.5,35.4,23.1,52.0,0.244,5.8
2480,3,2025-06-15,0.0,34.2,20.5,54.5,0.265,21.5
2481,3,2025-06-16,0.0,33.5,20.5,55.9,0.227,13.8
2482,3,2025-06-17,27.1,37.0,23.1,53.9,0.261,10.5
2483,3,2025-06-18,0.0,34.2,21.5,56.0,0.254,13.4
2484,3,2025-06-19,0.0,36.6,23.3,48.9,0.28,8.1
2485,3,2025-06-20,0.0,32.4,18.4,53.2,0.303,15.7
2486,3,2025-06-21,23.1,37.4,23.5,60.4,0.193,9.8
2487,3,2025-06-22,10.5,33.8,20.9,53.8,0.189,13.2
2488,3,2025-06-23,22.9,36.3,22.2,66.8,0.319,5.8
2489,3,2025-06-24,0.0,33.3,18.6,47.4,0.21,15.3
2490,3,2025-06-25,0.0,35.4,18.4,53.3,0.256,5.4
2491,3,2025-06-26,0.0,36.4,23.2,66.3,0.345,15.2
2492,3,2025-06-27,0.0,36.7,22.0,59.5,0.265,11.5
2493,3,2025-06-28,25.4,35.3,23.4,64.0,0.247,7.0
2494,3,2025-06-29,25.5,34.4,19.9,54.3,0.304,12.2
2495,3,2025-06-30,21.8,33.5,18.7,63.7,0.284,6.1
2496,3,2025-07-01,1.1,28.9,25.8,83.9,0.457,2.6
2497,3,2025-07-02,24.9,30.9,25.4,90.2,0.61,2.0
2498,3,2025-07-03,86.1,28.8,24.9,100.0,1.0,12.2
2499,3,2025-07-04,30.7,28.4,25.8,98.3,0.647,4.5
2500,3,2025-07-05,2.9,32.3,23.1,76.2,0.469,17.8
2501,3,2025-07-06,78.3,31.6,25.7,93.8,0.953,10.3
2502,3,2025-07-07,21.3,29.9,23.0,89.4,0.587,2.0
2503,3,2025-07-08,102.6,28.8,25.0,100.0,1.0,13.2
2504,3,2025-07-09,79.1,30.6,24.5,92.2,0.958,13.2
2505,3,2025-07-10,0.8,31.2,23.7,83.2,0.455,12.2
2506,3,2025-07-11,53.5,30.6,23.8,89.8,0.794,15.2
2507,3,2025-07-12,56.8,28.7,23.0,92.7,0.815,12.2
2508,3,2025-07-13,1.2,28.7,25.3,88.8,0.458,13.3
2509,3,2025-07-14,60.0,32.7,25.4,93.4,0.836,8.7
2510,3,2025-07-15,53.2,31.1,23.5,98.5,0.792,8.1
2511,3,2025-07-16,0.6,30.3,24.0,84.0,0.454,6.0
2512,3,2025-07-17,34.3,32.2,23.4,97.8,0.67,12.7
2513,3,2025-07-18,1.0,30.8,24.6,83.7,0.456,13.6
2514,3,2025-07-19,0.6,32.1,24.7,84.9,0.454,10.0
2515,3,2025-07-20,72.6,32.1,25.4,98.9,0.917,11.2
2516,3,2025-07-21,73.9,29.8,23.7,97.8,0.925,12.1
2517,3,2025-07-22,47.8,32.7,24.4,99.7,0.757,11.9
2518,3,2025-07-23,99.9,29.4,25.1,100.0,1.0,10.4
2519,3,2025-07-24,76.1,32.8,23.2,92.5,0.939,20.1
2520,3,2025-07-25,85.6,29.5,24.0,95.9,1.0,15.1
2521,3,2025-07-26,75.7,29.1,25.4,100.0,0.937,10.3
2522,3,2025-07-27,2.2,30.6,24.2,82.8,0.464,12.5
2523,3,2025-07-28,30.5,28.0,24.5,94.3,0.646,14.9
2524,3,2025-07-29,2.3,32.1,25.7,82.0,0.465,13.4
2525,3,2025-07-30,40.3,31.1,23.7,85.4,0.709,13.3
2526,3,2025-07-31,1.7,31.2,25.6,90.8,0.461,12.6
2527,3,2025-08-01,75.7,31.3,23.0,100.0,0.937,15.2
2528,3,2025-08-02,2.5,28.3,24.8,83.4,0.466,17.7
2529,3,2025-08-03,75.1,32.4,23.9,100.0,0.933,14.8
2530,3,2025-08-04,1.3,28.5,25.0,95.7,0.458,9.6
2531,3,2025-08-05,1.0,31.0,24.1,75.2,0.456,15.9
2532,3,2025-08-06,3.0,32.8,24.2,89.3,0.469,17.1
2533,3,2025-08-07,2.6,30.9,25.3,82.5,0.467,14.1
2534,3,2025-08-08,0.9,32.8,24.9,80.8,0.456,20.9
2535,3,2025-08-09,41.6,32.5,25.6,100.0,0.717,9.7
2536,3,2025-08-10,21.1,32.7,24.6,83.3,0.586,17.1
2537,3,2025-08-11,2.5,32.3,25.2,84.5,0.466,14.9
2538,3,2025-08-12,41.4,30.0,23.9,94.5,0.716,14.8
2539,3,2025-08-13,1.2,30.7,24.0,78.6,0.458,10.6
2540,3,2025-08-14,42.1,29.6,25.8,100.0,0.721,8.3
2541,3,2025-08-15,1.8,30.0,23.8,93.5,0.462,13.8
2542,3,2025-08-16,61.2,31.0,24.5,99.1,0.843,14.9
2543,3,2025-08-17,31.3,30.3,23.1,96.1,0.651,20.1
2544,3,2025-08-18,65.1,30.6,23.2,91.4,0.869,12.5
2545,3,2025-08-19,68.1,28.4,24.1,98.2,0.888,13.3
2546,3,2025-08-20,0.1,28.9,25.3,78.6,0.451,19.0
2547,3,2025-08-21,0.7,30.8,25.8,79.1,0.455,10.8
2548,3,2025-08-22,1.3,30.5,25.8,86.8,0.458,16.3
2549,3,2025-08-23,2.8,28.1,23.8,82.6,0.468,7.7
2550,3,2025-08-24,52.8,29.5,25.2,89.0,0.789,6.1
2551,3,2025-08-25,35.9,32.5,24.4,96.5,0.681,12.3
2552,3,2025-08-26,57.7,28.4,23.7,97.4,0.821,14.7
2553,3,2025-08-27,0.9,28.8,23.7,94.0,0.456,16.9
2554,3,2025-08-28,1.9,32.5,24.0,76.8,0.462,21.7
2555,3,2025-08-29,45.4,32.8,24.2,94.3,0.742,25.7
2556,3,2025-08-30,1.1,29.4,24.8,79.5,0.457,14.8
2557,3,2025-08-31,36.6,32.6,24.7,93.8,0.685,12.4
2558,3,2025-09-01,0.0,32.0,23.1,68.7,0.337,18.1
2559,3,2025-09-02,0.0,35.7,20.3,50.4,0.229,6.3
2560,3,2025-09-03,20.0,33.6,22.1,59.5,0.306,20.3
2561,3,2025-09-04,0.0,32.5,23.8,49.9,0.341,7.2
2562,3,2025-09-05,45.7,37.1,19.6,67.3,0.293,11.0
2563,3,2025-09-06,0.0,37.6,21.9,55.6,0.265,14.8
2564,3,2025-09-07,0.0,32.3,22.5,65.3,0.205,2.7
2565,3,2025-09-08,0.0,37.6,20.0,47.0,0.217,11.1
2566,3,2025-09-09,0.0,32.2,23.3,64.9,0.288,17.2
2567,3,2025-09-10,0.0,36.4,23.6,60.2,0.272,15.5
2568,3,2025-09-11,0.0,33.4,21.7,51.1,0.333,10.6
2569,3,2025-09-12,11.4,37.4,19.4,58.3,0.319,15.4
2570,3,2025-09-13,23.2,36.5,19.7,57.8,0.316,9.3
2571,3,2025-09-14,0.0,36.4,19.3,45.4,0.344,7.4
2572,3,2025-09-15,0.0,36.4,21.3,49.3,0.33,7.2
2573,3,2025-09-16,0.0,35.9,21.1,55.5,0.183,19.3
2574,3,2025-09-17,0.0,36.1,24.0,58.6,0.309,12.0
2575,3,2025-09-18,0.0,34.3,23.3,61.5,0.192,9.9
2576,3,2025-09-19,17.0,37.1,21.5,63.3,0.282,7.7
2577,3,2025-09-20,0.0,35.8,21.6,45.9,0.307,5.1
2578,3,2025-09-21,0.0,32.1,21.2,69.0,0.184,16.0
2579,3,2025-09-22,17.0,32.1,20.8,55.1,0.263,13.2
2580,3,2025-09-23,12.0,37.8,22.4,47.2,0.19,15.6
2581,3,2025-09-24,0.0,33.8,21.6,52.5,0.29,10.7
2582,3,2025-09-25,0.0,34.1,22.6,69.3,0.29,7.2
2583,3,2025-09-26,14.9,34.9,19.8,60.1,0.249,7.0
2584,3,2025-09-27,17.4,37.9,18.5,68.0,0.31,22.1
2585,3,2025-09-28,0.0,36.0,18.1,53.8,0.346,2.1
2586,3,2025-09-29,5.2,34.9,23.8,55.7,0.186,18.5
2587,3,2025-09-30,24.0,35.0,22.9,45.8,0.194,8.3
2588,3,2025-10-01,0.0,34.5,18.8,50.6,0.337,7.8
2589,3,2025-10-02,0.0,37.8,19.6,67.5,0.184,15.3
2590,3,2025-10-03,0.0,36.9,18.9,63.5,0.339,7.4
2591,3,2025-10-04,1.0,37.6,18.2,48.3,0.285,14.9
2592,3,2025-10-05,0.0,32.3,19.3,67.7,0.192,9.3
2593,3,2025-10-06,0.0,36.0,18.5,60.1,0.239,2.0
2594,3,2025-10-07,0.0,32.1,19.0,69.7,0.315,2.2
2595,3,2025-10-08,2.0,35.4,22.4,52.8,0.188,8.8
2596,3,2025-10-09,0.0,37.7,18.6,55.7,0.325,19.2
2597,3,2025-10-10,0.0,36.0,21.1,61.5,0.235,15.2
2598,3,2025-10-11,1.7,35.5,21.7,68.7,0.238,15.0
2599,3,2025-10-12,0.0,36.2,20.7,54.2,0.246,15.1
2600,3,2025-10-13,0.0,35.8,19.1,67.2,0.232,14.7
2601,3,2025-10-14,0.0,36.9,22.7,67.2,0.274,11.3
2602,3,2025-10-15,0.0,36.0,20.8,68.0,0.181,9.4
2603,3,2025-10-16,0.0,33.1,18.6,48.8,0.21,14.7
2604,3,2025-10-17,0.0,32.6,20.6,58.4,0.189,4.1
2605,3,2025-10-18,0.0,32.6,20.3,48.4,0.269,10.2
2606,3,2025-10-19,0.0,32.2,21.7,62.4,0.344,6.5
2607,3,2025-10-20,0.0,37.0,18.1,64.8,0.212,9.2
2608,3,2025-10-21,0.0,32.7,21.7,62.2,0.255,18.7
2609,3,2025-10-22,0.0,34.5,20.6,51.6,0.319,16.4
2610,3,2025-10-23,0.0,32.5,18.3,45.9,0.312,4.8
2611,3,2025-10-24,0.0,35.0,21.0,58.7,0.201,11.6
2612,3,2025-10-25,0.0,36.0,23.1,61.5,0.195,19.4
2613,3,2025-10-26,0.0,35.5,20.4,61.0,0.27,7.6
2614,3,2025-10-27,0.0,33.9,18.4,49.1,0.316,9.2
2615,3,2025-10-28,0.0,37.3,20.5,49.8,0.189,12.7
2616,3,2025-10-29,0.0,37.3,19.4,54.3,0.314,22.1
2617,3,2025-10-30,0.0,34.7,19.0,53.4,0.276,17.1
2618,3,2025-10-31,0.0,32.5,18.1,62.5,0.297,13.2
2619,3,2025-11-01,0.0,32.2,21.7,51.2,0.217,7.2
2620,3,2025-11-02,5.5,32.0,19.8,69.7,0.279,12.7
2621,3,2025-11-03,4.9,36.3,21.3,55.9,0.267,12.5
2622,3,2025-11-04,1.2,37.6,22.5,66.8,0.219,13.2
2623,3,2025-11-05,0.0,37.5,18.9,58.3,0.266,18.0
2624,3,2025-11-06,0.0,36.3,19.6,51.0,0.333,13.6
2625,3,2025-11-07,0.0,34.5,20.2,63.4,0.273,10.6
2626,3,2025-11-08,0.0,36.2,18.8,55.3,0.337,11.8
2627,3,2025-11-09,0.0,33.4,23.4,63.4,0.244,11.5
2628,3,2025-11-10,0.0,36.1,22.7,49.8,0.286,8.6
2629,3,2025-11-11,0.0,35.1,19.2,52.6,0.22,15.4
2630,3,2025-11-12,0.0,34.3,21.8,54.2,0.33,11.6
2631,3,2025-11-13,0.0,33.1,20.4,68.1,0.205,9.6
2632,3,2025-11-14,0.0,33.7,18.4,60.0,0.219,8.0
2633,3,2025-11-15,0.0,35.8,21.5,64.6,0.316,16.5
2634,3,2025-11-16,0.0,37.3,23.5,50.3,0.303,6.3
2635,3,2025-11-17,0.0,33.9,20.4,60.8,0.299,15.7
2636,3,2025-11-18,0.0,32.7,21.5,65.5,0.312,6.4
2637,3,2025-11-19,0.0,32.2,18.5,55.6,0.186,10.3
2638,3,2025-11-20,0.0,37.8,21.3,63.9,0.215,17.4
2639,3,2025-11-21,0.0,33.2,18.2,46.7,0.215,8.5
2640,3,2025-11-22,0.0,37.9,23.3,60.1,0.322,13.0
2641,3,2025-11-23,0.0,33.5,22.3,51.7,0.324,10.3
2642,3,2025-11-24,0.0,33.9,21.7,56.2,0.281,15.7
2643,3,2025-11-25,0.0,35.4,21.0,64.0,0.255,9.9
2644,3,2025-11-26,0.0,34.0,23.1,66.6,0.213,7.7
2645,3,2025-11-27,4.1,35.6,21.6,53.4,0.22,12.7
2646,3,2025-11-28,0.0,32.8,18.5,60.8,0.32,2.0
2647,3,2025-11-29,0.0,37.5,21.5,66.8,0.309,13.3
2648,3,2025-11-30,0.0,35.7,19.8,48.0,0.225,7.4
2649,3,2025-12-01,0.0,28.7,12.0,60.1,0.263,11.4
2650,3,2025-12-02,0.0,28.1,13.8,57.4,0.254,20.2
2651,3,2025-12-03,0.0,26.5,12.6,60.1,0.25,13.4
2652,3,2025-12-04,0.0,29.2,12.8,44.0,0.184,14.0
2653,3,2025-12-05,0.0,26.2,13.0,54.0,0.164,8.0
2654,3,2025-12-06,0.0,28.9,9.9,57.9,0.174,11.9
2655,3,2025-12-07,0.0,26.7,12.3,40.0,0.257,9.3
2656,3,2025-12-08,0.0,29.2,10.6,61.3,0.192,11.4
2657,3,2025-12-09,0.0,27.0,9.4,53.0,0.272,11.9
2658,3,2025-12-10,0.0,26.7,13.1,40.1,0.235,13.1
2659,3,2025-12-11,0.0,30.4,10.4,59.5,0.21,4.7
2660,3,2025-12-12,0.0,28.1,13.1,50.1,0.184,4.0
2661,3,2025-12-13,0.0,29.2,12.7,57.8,0.244,11.3
2662,3,2025-12-14,0.1,26.8,9.8,46.0,0.182,11.1
2663,3,2025-12-15,0.0,29.8,10.1,57.5,0.264,12.4
2664,3,2025-12-16,0.0,30.0,9.7,47.9,0.193,14.2
2665,3,2025-12-17,0.0,29.9,14.3,47.8,0.223,15.1
2666,3,2025-12-18,0.0,26.8,13.6,50.0,0.157,8.5
2667,3,2025-12-19,0.0,27.6,12.2,56.6,0.266,6.5
2668,3,2025-12-20,0.0,28.0,10.4,53.8,0.219,18.2
2669,3,2025-12-21,0.0,28.7,10.7,46.3,0.195,12.2
2670,3,2025-12-22,0.0,27.7,9.5,59.0,0.271,7.8
2671,3,2025-12-23,0.0,29.6,9.3,57.5,0.225,11.1
2672,3,2025-12-24,0.0,27.0,10.7,45.9,0.172,17.1
2673,3,2025-12-25,0.6,30.3,9.4,53.7,0.186,10.0
2674,3,2025-12-26,0.0,30.0,13.2,43.7,0.199,19.9
2675,3,2025-12-27,0.0,29.8,12.0,54.1,0.257,17.8
2676,3,2025-12-28,0.0,27.4,12.6,58.2,0.179,12.0
2677,3,2025-12-29,0.0,29.5,10.9,57.7,0.268,5.7
2678,3,2025-12-30,0.0,26.8,13.9,46.6,0.229,25.2
2679,3,2025-12-31,0.0,27.9,11.0,61.7,0.244,4.3
2680,3,2026-01-01,0.0,27.6,14.5,57.8,0.181,14.8
2681,3,2026-01-02,0.0,26.3,14.0,54.7,0.263,15.2
2682,3,2026-01-03,0.0,28.6,11.9,56.0,0.195,11.6
2683,3,2026-01-04,0.0,28.0,11.8,49.9,0.173,11.6
2684,3,2026-01-05,0.0,27.3,11.4,52.5,0.201,7.8
2685,3,2026-01-06,0.0,29.6,9.1,54.4,0.246,11.9
2686,3,2026-01-07,0.0,26.5,12.8,41.0,0.271,10.0
2687,3,2026-01-08,0.0,30.0,10.6,50.8,0.28,14.8
2688,3,2026-01-09,0.0,27.0,13.4,53.8,0.244,5.8
2689,3,2026-01-10,0.0,29.4,10.6,61.5,0.193,11.6
2690,3,2026-01-11,0.0,27.4,14.2,49.2,0.193,10.0
2691,3,2026-01-12,0.0,26.8,11.0,61.1,0.214,10.8
2692,3,2026-01-13,0.0,27.8,10.1,59.5,0.237,9.9
2693,3,2026-01-14,0.7,27.1,13.0,57.4,0.153,8.5
2694,3,2026-01-15,0.0,29.4,11.6,45.9,0.27,16.2
2695,3,2026-01-16,1.9,26.2,14.1,40.6,0.176,12.5
2696,3,2026-01-17,0.0,30.3,9.7,54.2,0.213,7.1
2697,3,2026-01-18,0.0,29.8,13.5,55.4,0.155,4.7
2698,3,2026-01-19,0.7,30.2,12.2,56.6,0.174,12.0
2699,3,2026-01-20,0.0,27.8,12.2,61.1,0.198,22.2
2700,3,2026-01-21,0.0,29.3,11.5,57.9,0.229,12.7
2701,3,2026-01-22,0.0,26.9,10.4,41.5,0.167,7.2
2702,3,2026-01-23,0.0,27.1,9.9,43.9,0.223,7.5
2703,3,2026-01-24,0.0,29.3,11.9,50.8,0.238,14.3
2704,3,2026-01-25,0.0,28.2,13.2,43.1,0.189,12.0
2705,3,2026-01-26,0.0,30.4,9.6,41.8,0.253,11.4
2706,3,2026-01-27,0.0,28.5,10.7,61.8,0.167,8.7
2707,3,2026-01-28,0.0,26.6,11.3,57.6,0.214,3.8
2708,3,2026-01-29,0.0,29.5,11.1,59.3,0.168,8.4
2709,3,2026-01-30,0.0,29.6,11.2,43.1,0.215,12.7
2710,3,2026-01-31,0.0,26.5,14.1,41.4,0.248,13.4
2711,3,2026-02-01,0.0,37.3,21.0,61.9,0.198,11.0
2712,3,2026-02-02,0.0,37.5,20.0,46.9,0.318,9.8
2713,3,2026-02-03,1.2,35.6,18.5,57.4,0.237,5.9
2714,3,2026-02-04,1.4,35.5,20.2,52.7,0.296,13.0
2715,3,2026-02-05,0.0,35.3,23.9,60.6,0.181,8.0
2716,3,2026-02-06,0.0,33.1,18.1,46.9,0.251,20.0
2717,3,2026-02-07,0.0,35.0,19.5,67.5,0.23,8.4
2718,3,2026-02-08,0.0,35.4,23.1,54.6,0.225,13.1
2719,3,2026-02-09,0.0,35.0,22.0,63.8,0.317,4.5
2720,3,2026-02-10,0.0,36.7,22.0,60.9,0.312,9.0
2721,3,2026-02-11,0.0,35.0,20.8,45.3,0.335,2.7
2722,3,2026-02-12,0.0,36.2,18.6,60.4,0.248,10.1
2723,3,2026-02-13,0.0,32.9,23.1,61.9,0.321,18.2
2724,3,2026-02-14,0.0,37.9,18.6,60.1,0.2,17.0
2725,3,2026-02-15,0.0,33.0,22.4,56.2,0.299,12.3
2726,3,2026-02-16,0.0,35.5,22.3,45.5,0.289,6.2
2727,3,2026-02-17,0.0,35.8,19.3,61.1,0.187,13.8
2728,3,2026-02-18,0.0,32.7,20.5,68.0,0.21,12.2
2729,3,2026-02-19,0.0,35.5,18.8,58.5,0.249,9.8
2730,3,2026-02-20,0.0,35.0,21.5,60.9,0.325,13.9
2731,3,2026-02-21,0.0,35.4,21.5,66.8,0.197,9.7
2732,3,2026-02-22,0.0,32.4,22.7,68.2,0.201,6.4
2733,3,2026-02-23,0.0,35.7,18.9,61.9,0.295,13.8
2734,3,2026-02-24,0.0,36.3,19.6,49.5,0.262,17.9
2735,3,2026-02-25,0.0,37.9,22.7,58.2,0.338,11.3
2736,3,2026-02-26,0.0,36.3,22.1,57.9,0.34,12.5
2737,3,2026-02-27,0.0,35.0,21.0,57.5,0.224,15.9
2738,3,2026-02-28,0.0,36.7,18.3,69.8,0.228,13.3
2739,3,2026-03-01,0.0,36.6,19.4,52.7,0.277,9.8
2740,3,2026-03-02,0.0,32.2,20.1,55.4,0.302,12.9
2741,3,2026-03-03,0.0,32.6,22.3,50.4,0.346,10.8
2742,3,2026-03-04,0.0,35.0,19.9,59.0,0.345,16.3
2743,3,2026-03-05,0.0,32.8,20.4,67.1,0.338,13.1
2744,3,2026-03-06,0.0,37.9,21.2,49.6,0.188,7.1
2745,3,2026-03-07,0.0,35.4,18.7,52.5,0.297,12.2
2746,3,2026-03-08,0.0,34.1,19.4,68.8,0.313,17.4
2747,3,2026-03-09,0.0,37.9,18.5,50.4,0.339,3.5
2748,3,2026-03-10,1.0,37.2,18.3,63.4,0.26,8.5
2749,3,2026-03-11,0.0,37.4,20.0,58.5,0.334,10.4
2750,3,2026-03-12,0.0,37.1,23.1,48.2,0.345,10.5
2751,3,2026-03-13,0.0,32.3,19.3,51.9,0.306,13.2
2752,3,2026-03-14,0.0,34.5,23.9,64.4,0.303,8.9
2753,3,2026-03-15,0.0,33.8,23.4,50.5,0.246,15.7
2754,3,2026-03-16,0.0,37.4,19.8,45.9,0.192,14.1
2755,3,2026-03-17,0.0,37.1,22.1,55.3,0.292,12.8
2756,3,2026-03-18,0.0,33.9,20.9,67.1,0.282,11.4
2757,3,2026-03-19,1.5,33.1,19.9,53.3,0.201,16.4
2758,3,2026-03-20,0.0,36.0,23.1,67.6,0.26,14.1
2759,3,2026-03-21,0.0,34.4,22.0,46.5,0.25,15.0
2760,3,2026-03-22,0.0,35.4,22.7,50.3,0.264,14.9
2761,3,2026-03-23,0.0,32.5,22.7,52.8,0.242,11.3
2762,3,2026-03-24,0.0,35.6,19.1,54.1,0.22,20.3
2763,3,2026-03-25,0.0,34.5,22.4,67.5,0.213,15.2
2764,3,2026-03-26,0.0,32.6,21.8,58.2,0.232,7.8
2765,3,2026-03-27,0.0,35.8,23.5,68.9,0.317,11.0
2766,3,2026-03-28,0.5,32.6,21.9,45.6,0.329,4.2
2767,3,2026-03-29,0.0,34.5,19.0,67.1,0.336,3.9
2768,3,2026-03-30,0.0,37.5,19.3,65.9,0.295,13.6
2769,3,2026-03-31,0.0,35.6,22.4,49.9,0.3,2.0
2770,3,2026-04-01,0.0,44.7,28.9,33.0,0.141,7.6
2771,3,2026-04-02,0.0,43.9,29.4,29.9,0.116,11.0
2772,3,2026-04-03,2.1,43.6,26.4,33.7,0.153,5.8
2773,3,2026-04-04,0.0,44.7,29.2,37.0,0.152,9.3
2774,3,2026-04-05,0.0,43.3,30.0,26.1,0.161,13.7
2775,3,2026-04-06,0.0,42.1,26.6,25.4,0.103,2.0
2776,3,2026-04-07,0.0,43.7,26.7,27.7,0.143,8.8
2777,3,2026-04-08,0.0,44.9,27.6,34.7,0.124,12.5
2778,3,2026-04-09,0.0,42.5,28.1,33.3,0.177,2.0
2779,3,2026-04-10,0.0,42.2,26.8,27.3,0.087,7.0
2780,3,2026-04-11,0.0,42.4,27.6,33.7,0.159,18.5
2781,3,2026-04-12,0.0,45.4,27.6,26.2,0.145,12.3
2782,3,2026-04-13,0.0,43.3,26.5,25.4,0.091,10.5
2783,3,2026-04-14,0.0,42.5,27.6,34.4,0.156,15.9
2784,3,2026-04-15,0.0,44.3,30.5,34.7,0.141,13.7
2785,3,2026-04-16,0.0,42.5,29.4,26.7,0.151,12.6
2786,3,2026-04-17,0.0,42.1,29.6,34.6,0.14,11.2
2787,3,2026-04-18,0.0,46.3,30.7,33.7,0.161,11.8
2788,3,2026-04-19,0.0,46.4,27.9,33.5,0.109,7.7
2789,3,2026-04-20,0.0,43.1,30.1,37.0,0.146,9.9
2790,3,2026-04-21,0.0,41.7,26.4,30.1,0.102,11.3
2791,3,2026-04-22,2.5,42.0,27.9,26.2,0.089,13.4
2792,3,2026-04-23,0.0,43.0,29.5,34.5,0.094,7.8
2793,3,2026-04-24,0.0,44.4,26.5,24.2,0.115,10.5
2794,3,2026-04-25,0.0,43.9,29.5,21.7,0.108,8.4
2795,3,2026-04-26,0.0,45.2,26.7,27.1,0.107,8.1
2796,3,2026-04-27,0.0,46.0,30.2,20.3,0.145,11.3
2797,3,2026-04-28,0.0,44.5,28.8,36.4,0.08,2.0
2798,3,2026-04-29,0.0,44.6,26.4,32.1,0.158,6.1
2799,3,2026-04-30,0.0,41.4,27.3,34.1,0.088,10.5
2800,3,2026-05-01,0.0,45.1,26.2,35.0,0.092,9.5
2801,3,2026-05-02,0.0,42.3,28.0,21.5,0.141,10.0
2802,3,2026-05-03,0.0,44.1,29.8,32.4,0.116,11.8
2803,3,2026-05-04,0.0,41.5,29.1,21.4,0.156,13.0
2804,3,2026-05-05,0.0,41.4,26.6,32.2,0.166,9.0
2805,3,2026-05-06,0.0,42.8,26.0,32.6,0.135,10.4
2806,3,2026-05-07,0.0,45.1,29.3,27.0,0.133,8.9
2807,3,2026-05-08,0.0,44.2,27.6,32.1,0.138,13.9
2808,3,2026-05-09,0.0,42.3,28.3,33.3,0.085,10.6
2809,3,2026-05-10,0.0,43.1,29.0,33.7,0.17,14.2
2810,3,2026-05-11,0.0,46.4,27.4,35.2,0.13,9.0
2811,3,2026-05-12,0.0,41.4,30.9,22.2,0.133,13.6
2812,3,2026-05-13,0.0,46.5,28.3,31.4,0.131,11.4
2813,3,2026-05-14,0.0,44.6,30.5,20.1,0.161,18.2
2814,3,2026-05-15,0.0,43.3,26.6,36.8,0.093,15.2
2815,3,2026-05-16,0.0,46.1,28.1,31.5,0.109,14.1
2816,3,2026-05-17,0.0,44.6,29.9,27.8,0.117,16.6
2817,3,2026-05-18,0.0,44.7,27.8,28.3,0.094,9.9
2818,3,2026-05-19,0.0,41.8,30.1,37.2,0.085,12.1
2819,3,2026-05-20,0.0,41.2,30.3,27.9,0.086,9.9
2820,3,2026-05-21,0.0,46.0,30.0,24.9,0.151,7.4
2821,3,2026-05-22,0.0,41.3,29.4,23.5,0.107,10.2
2822,3,2026-05-23,0.0,43.4,29.5,36.0,0.1,3.4
2823,3,2026-05-24,0.0,42.3,26.6,36.5,0.135,17.9
2824,3,2026-05-25,0.0,43.1,30.9,26.2,0.087,9.3
2825,3,2026-05-26,0.0,44.3,29.5,29.7,0.111,18.8
2826,3,2026-05-27,0.0,42.1,27.1,22.7,0.083,13.4
2827,3,2026-05-28,0.0,42.0,27.2,35.5,0.178,17.3
2828,3,2026-05-29,0.0,44.1,28.0,24.3,0.147,14.1
2829,3,2026-05-30,0.0,46.3,28.5,28.9,0.164,5.3
2830,3,2026-05-31,0.0,41.2,29.9,35.0,0.15,15.5
2831,3,2026-06-01,64.0,32.9,23.9,55.3,0.226,16.3
2832,3,2026-06-02,13.0,33.0,19.3,50.2,0.29,19.3
2833,3,2026-06-03,0.0,32.5,18.4,47.0,0.233,9.7
2834,3,2026-06-04,36.4,36.4,19.6,61.1,0.292,6.1
2835,3,2026-06-05,17.9,37.8,19.4,62.2,0.233,7.4
2836,3,2026-06-06,0.0,37.2,23.8,61.5,0.292,13.0
2837,3,2026-06-07,0.0,37.9,23.8,59.9,0.338,15.3
2838,3,2026-06-08,0.0,34.3,21.8,48.2,0.326,13.2
2839,3,2026-06-09,0.0,33.9,23.1,66.3,0.301,15.5
2840,3,2026-06-10,0.0,37.4,20.5,51.5,0.254,7.5
2841,3,2026-06-11,0.0,32.9,18.8,69.1,0.349,11.5
2842,3,2026-06-12,0.0,35.1,22.0,47.6,0.289,13.9
2843,3,2026-06-13,0.0,35.5,18.4,52.7,0.307,9.3
2844,3,2026-06-14,0.0,32.6,22.7,63.7,0.21,14.9
2845,3,2026-06-15,28.7,34.2,18.5,49.5,0.226,9.7
2846,3,2026-06-16,0.0,35.8,20.3,54.1,0.273,6.7
2847,3,2026-06-17,19.0,34.5,22.5,63.3,0.207,14.5
2848,3,2026-06-18,13.6,36.6,22.4,47.0,0.227,12.0
2849,3,2026-06-19,0.0,32.7,19.2,61.4,0.209,8.3
2850,3,2026-06-20,0.0,34.6,22.9,62.4,0.257,4.7
2851,3,2026-06-21,0.0,32.8,21.1,48.9,0.231,8.8
2852,3,2026-06-22,0.0,33.3,23.4,59.6,0.324,14.7
2853,3,2026-06-23,0.0,37.1,22.3,69.6,0.325,10.0
2854,3,2026-06-24,10.9,34.6,20.1,66.0,0.297,6.9
2855,3,2026-06-25,21.3,35.9,18.3,55.4,0.264,17.1
2856,3,2026-06-26,15.1,34.4,21.9,64.0,0.218,21.6
2857,3,2026-06-27,12.5,35.4,22.5,49.0,0.226,11.7
2858,3,2026-06-28,17.1,33.6,22.1,55.7,0.244,15.1
2859,3,2026-06-29,26.6,35.6,19.0,65.4,0.275,14.0
2860,3,2026-06-30,13.0,36.8,22.3,55.5,0.341,4.2
2861,3,2026-07-01,44.5,32.3,23.0,97.1,0.736,12.4
2862,3,2026-07-02,2.0,29.0,24.5,93.1,0.463,16.8
2863,3,2026-07-03,49.3,31.8,23.9,89.8,0.767,9.7
2864,3,2026-07-04,1.7,29.5,23.5,87.1,0.461,13.0
2865,3,2026-07-05,1.5,32.6,24.9,94.9,0.46,5.8
2866,3,2026-07-06,1.3,29.3,25.7,88.1,0.458,14.7
2867,3,2026-07-07,27.1,29.3,24.5,84.1,0.624,9.6
2868,3,2026-07-08,2.3,31.7,25.8,87.9,0.465,13.7
2869,3,2026-07-09,45.6,28.5,24.6,100.0,0.743,12.7
2870,3,2026-07-10,1.1,29.4,25.0,80.2,0.457,11.6
2871,3,2026-07-11,0.5,31.0,23.6,94.2,0.453,14.6
2872,3,2026-07-12,2.5,32.7,23.8,86.7,0.466,2.0
2873,3,2026-07-13,33.8,28.5,24.8,87.3,0.667,11.9
2874,3,2026-07-14,27.0,31.1,24.3,99.1,0.624,17.4
2875,3,2026-07-15,2.8,28.6,23.4,84.4,0.468,10.7
2876,3,2026-07-16,74.4,30.5,25.6,97.4,0.928,9.2
2877,3,2026-07-17,81.1,31.6,23.0,100.0,0.971,9.8
2878,3,2026-07-18,147.1,32.7,24.9,100.0,1.0,9.4
2879,3,2026-07-19,40.5,28.2,24.0,85.7,0.71,12.5
2880,3,2026-07-20,43.9,30.0,25.8,86.4,0.732,11.6
2881,3,2026-07-21,45.8,30.3,25.7,84.4,0.744,14.4
2882,3,2026-07-22,33.6,32.9,24.7,100.0,0.666,16.9
2883,3,2026-07-23,33.6,29.1,25.7,87.3,0.666,18.4
2884,3,2026-07-24,71.2,32.9,25.2,94.1,0.908,8.7
2885,3,2026-07-25,0.8,29.3,24.5,90.1,0.455,17.1
2886,3,2026-07-26,36.9,31.9,23.3,98.8,0.687,7.4
2887,3,2026-07-27,106.4,30.8,25.4,100.0,1.0,10.7
2888,3,2026-07-28,62.2,32.7,24.0,100.0,0.85,11.2
2889,3,2026-07-29,2.6,28.8,24.3,84.4,0.467,9.1
2890,3,2026-07-30,33.4,31.0,24.6,84.6,0.665,7.5
2891,3,2026-07-31,33.8,28.2,25.8,82.6,0.667,12.7
2892,3,2026-08-01,38.3,29.0,23.3,95.8,0.696,13.5
2893,3,2026-08-02,0.5,32.6,23.5,80.6,0.453,14.4
2894,3,2026-08-03,1.8,30.3,25.8,82.1,0.462,8.3
2895,3,2026-08-04,1.1,31.5,23.0,94.3,0.457,10.2
2896,3,2026-08-05,47.7,32.1,24.4,100.0,0.757,5.3
2897,3,2026-08-06,2.4,31.1,24.2,89.6,0.465,4.6
2898,3,2026-08-07,45.4,31.6,25.0,90.4,0.742,12.7
2899,3,2026-08-08,2.6,28.4,24.4,91.5,0.467,9.1
2900,3,2026-08-09,70.7,29.2,25.1,100.0,0.905,19.3
2901,3,2026-08-10,20.6,32.9,24.3,94.5,0.582,10.9
2902,3,2026-08-11,56.1,30.0,24.8,100.0,0.811,12.1
2903,3,2026-08-12,103.8,31.0,23.5,100.0,1.0,12.2
2904,3,2026-08-13,0.6,32.7,23.9,80.8,0.454,8.6
2905,3,2026-08-14,112.0,32.3,24.2,100.0,1.0,7.6
2906,3,2026-08-15,2.5,28.1,23.3,86.8,0.466,11.4
2907,3,2026-08-16,32.8,28.1,24.2,100.0,0.661,10.1
2908,3,2026-08-17,51.2,30.5,24.1,100.0,0.779,11.1
2909,3,2026-08-18,40.9,30.6,25.6,98.7,0.713,3.3
2910,3,2026-08-19,0.9,28.8,25.3,78.5,0.456,12.7
2911,3,2026-08-20,1.7,31.4,23.9,93.1,0.461,13.1
2912,3,2026-08-21,44.2,31.2,25.3,89.8,0.734,13.9
2913,3,2026-08-22,11.2,29.5,25.8,93.5,0.522,16.7
2914,3,2026-08-23,19.2,30.6,24.4,96.1,0.573,11.9
2915,3,2026-08-24,1.4,29.2,24.4,92.8,0.459,22.8
2916,3,2026-08-25,1.3,31.6,24.0,92.5,0.458,9.5
2917,3,2026-08-26,2.6,28.7,23.1,93.4,0.467,11.0
2918,3,2026-08-27,2.3,30.6,23.9,94.5,0.465,7.8
2919,3,2026-08-28,67.2,29.4,24.5,100.0,0.882,7.5
2920,3,2026-08-29,1.7,31.4,23.0,91.9,0.461,12.0
2921,3,2026-08-30,39.1,30.1,25.7,99.2,0.701,18.5
2922,3,2026-08-31,1.9,32.0,25.7,86.7,0.462,2.0
2923,4,2024-01-01,0.0,27.8,10.8,58.3,0.243,11.8
2924,4,2024-01-02,0.0,30.1,9.2,61.8,0.155,19.9
2925,4,2024-01-03,0.0,27.3,12.8,56.6,0.194,11.0
2926,4,2024-01-04,0.0,28.2,13.5,50.4,0.167,16.7
2927,4,2024-01-05,0.0,26.4,10.0,47.4,0.229,10.9
2928,4,2024-01-06,0.0,30.5,11.3,45.3,0.175,15.7
2929,4,2024-01-07,0.0,27.0,13.1,55.0,0.231,4.5
2930,4,2024-01-08,0.0,27.2,12.8,41.0,0.246,15.2
2931,4,2024-01-09,0.0,27.3,10.2,47.1,0.245,12.7
2932,4,2024-01-10,0.0,29.1,12.2,44.0,0.151,12.6
2933,4,2024-01-11,0.0,30.5,14.1,58.6,0.171,2.0
2934,4,2024-01-12,0.0,30.3,11.5,41.6,0.218,15.4
2935,4,2024-01-13,0.0,27.9,9.4,41.3,0.161,4.9
2936,4,2024-01-14,0.0,26.2,13.0,43.6,0.256,13.8
2937,4,2024-01-15,0.0,28.6,12.0,40.3,0.192,13.6
2938,4,2024-01-16,0.0,27.1,9.4,60.4,0.254,13.6
2939,4,2024-01-17,0.0,29.7,9.6,42.1,0.184,9.2
2940,4,2024-01-18,0.0,29.0,12.7,43.5,0.23,13.2
2941,4,2024-01-19,0.0,29.3,13.1,43.9,0.15,12.7
2942,4,2024-01-20,0.0,27.6,13.9,54.1,0.214,19.2
2943,4,2024-01-21,0.0,28.6,11.6,52.2,0.248,8.8
2944,4,2024-01-22,0.0,27.7,10.6,49.2,0.186,11.0
2945,4,2024-01-23,0.0,28.4,12.2,61.5,0.216,17.9
2946,4,2024-01-24,0.0,27.8,10.0,57.3,0.187,16.4
2947,4,2024-01-25,0.0,27.3,9.2,41.8,0.222,6.8
2948,4,2024-01-26,0.0,29.3,9.3,43.2,0.212,16.5
2949,4,2024-01-27,0.0,28.0,12.9,41.3,0.259,16.2
2950,4,2024-01-28,1.2,28.3,10.0,59.6,0.235,10.6
2951,4,2024-01-29,0.0,26.2,14.2,48.3,0.273,9.1
2952,4,2024-01-30,0.0,26.3,13.4,47.6,0.269,18.0
2953,4,2024-01-31,0.0,28.8,10.9,58.5,0.207,14.7
2954,4,2024-02-01,0.0,37.1,18.5,45.2,0.196,11.9
2955,4,2024-02-02,0.0,35.0,21.5,51.1,0.232,6.6
2956,4,2024-02-03,0.0,34.3,19.3,63.9,0.266,16.6
2957,4,2024-02-04,0.0,37.6,23.0,63.6,0.23,19.1
2958,4,2024-02-05,0.0,35.6,22.2,51.6,0.291,9.9
2959,4,2024-02-06,0.4,37.1,23.1,59.6,0.335,13.2
2960,4,2024-02-07,0.0,36.6,21.5,63.3,0.246,9.5
2961,4,2024-02-08,0.0,33.3,22.9,57.2,0.199,8.2
2962,4,2024-02-09,0.0,35.8,18.4,52.9,0.181,9.3
2963,4,2024-02-10,0.0,37.2,18.0,52.0,0.21,2.0
2964,4,2024-02-11,0.0,33.3,23.3,48.7,0.283,9.9
2965,4,2024-02-12,0.0,37.3,21.7,48.8,0.183,12.1
2966,4,2024-02-13,0.0,34.1,22.2,55.6,0.232,9.7
2967,4,2024-02-14,0.0,33.0,19.0,52.2,0.311,13.0
2968,4,2024-02-15,0.0,34.1,22.2,56.7,0.194,6.2
2969,4,2024-02-16,0.0,36.0,21.2,69.3,0.258,12.3
2970,4,2024-02-17,0.0,34.6,19.1,65.1,0.189,7.9
2971,4,2024-02-18,0.0,34.4,21.0,46.9,0.295,8.0
2972,4,2024-02-19,0.0,35.1,23.2,51.2,0.304,8.8
2973,4,2024-02-20,0.0,33.3,22.8,66.4,0.259,15.3
2974,4,2024-02-21,0.0,34.4,18.6,68.0,0.211,11.0
2975,4,2024-02-22,0.0,35.9,23.2,67.9,0.239,3.9
2976,4,2024-02-23,0.0,32.2,19.3,68.0,0.319,9.7
2977,4,2024-02-24,0.0,32.2,22.3,60.7,0.238,7.4
2978,4,2024-02-25,0.0,34.4,18.5,58.0,0.312,8.9
2979,4,2024-02-26,0.0,35.6,21.3,61.0,0.33,19.2
2980,4,2024-02-27,0.0,37.8,20.1,67.4,0.225,6.9
2981,4,2024-02-28,0.0,37.7,18.9,65.2,0.325,21.7
2982,4,2024-02-29,0.0,32.7,23.4,63.5,0.229,8.4
2983,4,2024-03-01,0.0,37.5,21.3,55.0,0.297,13.5
2984,4,2024-03-02,0.0,32.9,18.8,45.4,0.225,14.2
2985,4,2024-03-03,0.0,36.9,23.9,55.2,0.287,21.6
2986,4,2024-03-04,0.0,32.5,20.0,62.5,0.327,17.5
2987,4,2024-03-05,0.0,36.9,19.3,68.4,0.335,11.8
2988,4,2024-03-06,0.0,32.0,19.1,62.4,0.346,8.3
2989,4,2024-03-07,0.0,37.6,22.0,62.3,0.196,12.5
2990,4,2024-03-08,0.0,35.4,19.7,63.9,0.25,7.0
2991,4,2024-03-09,0.0,36.5,21.1,62.9,0.215,12.2
2992,4,2024-03-10,0.0,36.1,19.8,46.9,0.189,9.2
2993,4,2024-03-11,0.0,35.5,18.5,59.3,0.232,15.5
2994,4,2024-03-12,0.0,35.1,22.5,66.1,0.324,5.9
2995,4,2024-03-13,0.0,35.2,18.8,46.7,0.318,14.9
2996,4,2024-03-14,0.0,32.3,20.3,57.2,0.285,16.8
2997,4,2024-03-15,0.0,36.4,24.0,61.1,0.216,12.8
2998,4,2024-03-16,0.0,32.2,21.6,54.4,0.293,3.7
2999,4,2024-03-17,1.1,33.4,22.8,64.4,0.291,13.4
3000,4,2024-03-18,0.0,32.2,18.2,64.2,0.329,16.0
3001,4,2024-03-19,0.0,37.5,18.3,47.2,0.229,13.1
3002,4,2024-03-20,0.0,37.9,21.6,45.8,0.303,10.8
3003,4,2024-03-21,0.0,36.8,21.8,50.9,0.215,10.9
3004,4,2024-03-22,0.0,35.0,23.1,68.1,0.348,4.1
3005,4,2024-03-23,0.0,33.4,19.3,51.6,0.339,4.8
3006,4,2024-03-24,0.0,32.3,23.8,69.6,0.221,9.9
3007,4,2024-03-25,0.0,33.7,20.9,60.2,0.308,8.5
3008,4,2024-03-26,2.1,33.6,20.2,51.7,0.284,8.1
3009,4,2024-03-27,0.0,35.3,21.0,67.1,0.242,17.0
3010,4,2024-03-28,0.0,37.3,22.0,55.3,0.275,12.8
3011,4,2024-03-29,0.0,32.5,18.5,68.3,0.181,5.9
3012,4,2024-03-30,0.0,33.3,18.6,67.9,0.209,22.5
3013,4,2024-03-31,0.0,36.9,22.9,59.1,0.324,8.0
3014,4,2024-04-01,0.0,43.8,29.5,27.5,0.106,15.1
3015,4,2024-04-02,0.0,44.7,27.8,21.5,0.126,9.2
3016,4,2024-04-03,0.0,41.0,29.1,37.6,0.126,9.9
3017,4,2024-04-04,0.0,43.5,29.1,35.5,0.113,14.4
3018,4,2024-04-05,1.3,44.4,30.6,36.4,0.119,9.9
3019,4,2024-04-06,0.0,45.9,27.2,30.9,0.129,7.1
3020,4,2024-04-07,0.0,42.4,31.0,29.2,0.098,17.1
3021,4,2024-04-08,0.0,41.2,30.5,25.1,0.111,5.7
3022,4,2024-04-09,0.0,44.4,26.9,28.3,0.131,18.1
3023,4,2024-04-10,0.0,44.8,28.8,32.9,0.156,8.2
3024,4,2024-04-11,0.0,44.6,27.7,25.5,0.166,6.0
3025,4,2024-04-12,0.0,41.8,29.6,36.0,0.103,19.5
3026,4,2024-04-13,0.0,46.2,28.1,34.3,0.088,7.6
3027,4,2024-04-14,0.0,42.7,29.6,30.0,0.128,8.8
3028,4,2024-04-15,0.0,44.7,26.3,32.3,0.107,12.3
3029,4,2024-04-16,0.0,45.3,26.2,30.9,0.087,17.5
3030,4,2024-04-17,0.0,41.7,26.3,37.7,0.108,8.0
3031,4,2024-04-18,0.0,44.9,30.9,21.4,0.112,5.6
3032,4,2024-04-19,0.0,42.4,29.3,33.2,0.08,12.3
3033,4,2024-04-20,0.0,44.4,30.1,29.0,0.168,11.9
3034,4,2024-04-21,0.0,41.7,29.4,27.0,0.108,17.6
3035,4,2024-04-22,0.0,42.1,28.0,35.8,0.172,10.9
3036,4,2024-04-23,0.6,43.8,29.8,34.1,0.146,8.0
3037,4,2024-04-24,0.0,45.6,30.9,36.1,0.11,7.2
3038,4,2024-04-25,0.0,42.1,26.1,26.1,0.125,14.0
3039,4,2024-04-26,0.0,43.4,27.0,30.6,0.161,5.7
3040,4,2024-04-27,0.0,43.8,30.2,21.8,0.111,12.3
3041,4,2024-04-28,0.0,44.9,27.3,36.2,0.133,13.8
3042,4,2024-04-29,0.0,46.0,28.7,30.6,0.137,11.3
3043,4,2024-04-30,0.0,42.2,28.7,30.3,0.091,20.2
3044,4,2024-05-01,0.0,41.4,28.2,22.3,0.142,12.2
3045,4,2024-05-02,0.0,43.9,27.2,33.9,0.09,11.7
3046,4,2024-05-03,0.7,46.2,28.7,27.7,0.099,16.4
3047,4,2024-05-04,0.0,44.7,27.6,24.1,0.162,3.1
3048,4,2024-05-05,0.0,45.2,26.8,21.6,0.143,14.9
3049,4,2024-05-06,0.0,45.1,28.8,29.8,0.138,6.9
3050,4,2024-05-07,0.0,46.0,27.2,24.5,0.135,8.9
3051,4,2024-05-08,0.0,41.1,27.2,23.8,0.091,23.5
3052,4,2024-05-09,0.0,42.5,29.7,34.4,0.133,8.6
3053,4,2024-05-10,0.0,46.4,28.8,32.1,0.091,15.4
3054,4,2024-05-11,0.0,45.5,30.5,34.5,0.135,5.6
3055,4,2024-05-12,0.0,41.2,29.5,26.2,0.159,4.2
3056,4,2024-05-13,0.0,42.2,28.0,36.7,0.101,10.0
3057,4,2024-05-14,0.0,44.0,30.1,27.4,0.15,7.1
3058,4,2024-05-15,0.0,42.8,29.0,29.7,0.154,17.0
3059,4,2024-05-16,0.0,43.6,29.9,27.8,0.094,12.5
3060,4,2024-05-17,0.0,44.8,29.8,34.4,0.144,6.2
3061,4,2024-05-18,0.0,42.0,26.4,27.1,0.142,12.4
3062,4,2024-05-19,0.0,41.6,28.0,34.5,0.107,18.1
3063,4,2024-05-20,0.0,43.8,27.3,23.8,0.174,12.7
3064,4,2024-05-21,0.0,45.5,28.3,29.8,0.104,10.7
3065,4,2024-05-22,0.0,41.8,26.0,24.4,0.131,9.0
3066,4,2024-05-23,0.0,44.6,29.5,22.2,0.099,12.9
3067,4,2024-05-24,0.0,45.8,28.5,37.4,0.128,7.9
3068,4,2024-05-25,0.0,45.8,29.3,35.0,0.106,10.4
3069,4,2024-05-26,0.0,46.0,28.9,27.5,0.123,13.1
3070,4,2024-05-27,0.0,42.9,28.8,24.5,0.112,7.7
3071,4,2024-05-28,0.0,41.3,28.1,22.5,0.083,3.9
3072,4,2024-05-29,0.0,43.5,26.7,27.8,0.129,10.8
3073,4,2024-05-30,0.0,42.7,26.0,28.1,0.16,11.9
3074,4,2024-05-31,0.0,42.7,29.2,30.1,0.143,10.0
3075,4,2024-06-01,0.0,34.8,23.1,65.3,0.3,13.2
3076,4,2024-06-02,14.9,35.9,20.5,50.7,0.317,5.7
3077,4,2024-06-03,17.9,36.5,23.4,66.0,0.343,4.4
3078,4,2024-06-04,0.0,37.5,20.4,52.3,0.243,7.5
3079,4,2024-06-05,0.0,36.5,22.6,61.7,0.314,12.0
3080,4,2024-06-06,4.5,34.5,19.4,47.4,0.258,11.2
3081,4,2024-06-07,0.0,32.0,20.4,49.9,0.304,16.5
3082,4,2024-06-08,18.4,32.7,23.5,49.1,0.208,20.5
3083,4,2024-06-09,0.0,35.2,21.3,48.6,0.335,11.1
3084,4,2024-06-10,0.0,33.3,21.3,59.0,0.197,16.3
3085,4,2024-06-11,0.0,33.2,21.3,66.4,0.194,10.2
3086,4,2024-06-12,0.0,36.1,18.4,57.7,0.297,11.3
3087,4,2024-06-13,0.0,33.5,19.6,46.4,0.249,16.1
3088,4,2024-06-14,0.0,34.2,18.5,65.1,0.309,6.7
3089,4,2024-06-15,21.2,36.2,18.3,68.0,0.186,14.8
3090,4,2024-06-16,0.0,36.4,20.4,54.3,0.282,18.1
3091,4,2024-06-17,0.0,35.8,20.6,62.6,0.238,13.2
3092,4,2024-06-18,26.4,32.4,22.1,59.4,0.212,6.9
3093,4,2024-06-19,24.3,34.1,23.1,58.9,0.328,6.8
3094,4,2024-06-20,0.0,34.3,19.6,62.9,0.25,9.3
3095,4,2024-06-21,9.3,36.3,22.2,52.7,0.291,13.4
3096,4,2024-06-22,0.0,33.2,19.6,65.9,0.221,9.2
3097,4,2024-06-23,0.0,33.9,22.5,61.3,0.24,13.4
3098,4,2024-06-24,0.0,36.4,22.8,52.7,0.206,2.0
3099,4,2024-06-25,0.0,37.5,18.1,66.4,0.258,11.1
3100,4,2024-06-26,20.8,37.8,23.9,58.3,0.313,13.2
3101,4,2024-06-27,0.0,34.9,22.3,48.9,0.334,13.0
3102,4,2024-06-28,11.7,33.5,23.8,45.0,0.257,6.1
3103,4,2024-06-29,10.8,32.5,22.8,56.8,0.186,15.2
3104,4,2024-06-30,0.0,33.4,22.5,69.3,0.18,13.0
3105,4,2024-07-01,51.2,30.5,25.0,86.3,0.779,13.1
3106,4,2024-07-02,123.4,28.6,25.7,100.0,1.0,10.1
3107,4,2024-07-03,69.3,28.9,24.7,100.0,0.895,15.0
3108,4,2024-07-04,35.4,32.4,23.9,97.0,0.678,10.0
3109,4,2024-07-05,30.3,31.0,25.5,100.0,0.645,6.6
3110,4,2024-07-06,2.9,29.0,23.5,87.2,0.469,9.8
3111,4,2024-07-07,1.6,32.4,24.6,90.0,0.46,14.9
3112,4,2024-07-08,30.7,30.8,24.3,99.0,0.647,9.9
3113,4,2024-07-09,45.0,28.1,24.2,93.4,0.739,16.6
3114,4,2024-07-10,85.2,32.0,25.5,96.1,0.998,18.0
3115,4,2024-07-11,70.5,28.7,24.1,100.0,0.903,11.8
3116,4,2024-07-12,1.2,29.3,25.4,92.0,0.458,19.9
3117,4,2024-07-13,138.4,30.1,23.5,100.0,1.0,12.3
3118,4,2024-07-14,0.3,30.1,25.2,93.5,0.452,13.8
3119,4,2024-07-15,1.2,32.3,24.3,87.8,0.458,6.4
3120,4,2024-07-16,30.3,29.1,24.1,95.9,0.645,18.4
3121,4,2024-07-17,39.9,32.5,24.0,97.0,0.707,4.7
3122,4,2024-07-18,1.2,28.9,23.9,83.1,0.458,10.9
3123,4,2024-07-19,62.0,28.4,23.8,96.3,0.849,11.4
3124,4,2024-07-20,100.5,30.1,23.2,98.6,1.0,10.4
3125,4,2024-07-21,53.9,31.7,23.5,100.0,0.796,2.0
3126,4,2024-07-22,1.5,31.7,23.7,86.7,0.46,12.9
3127,4,2024-07-23,2.4,29.9,23.9,92.3,0.465,6.5
3128,4,2024-07-24,49.0,30.8,25.2,92.5,0.765,7.8
3129,4,2024-07-25,70.8,31.4,25.0,93.8,0.905,8.2
3130,4,2024-07-26,0.0,30.2,25.8,95.1,0.45,6.9
3131,4,2024-07-27,1.4,31.0,24.6,89.8,0.459,10.9
3132,4,2024-07-28,19.6,28.7,25.7,92.4,0.576,8.6
3133,4,2024-07-29,104.1,31.6,24.1,96.3,1.0,2.0
3134,4,2024-07-30,59.3,31.7,23.0,99.1,0.831,14.3
3135,4,2024-07-31,2.5,30.3,25.3,91.3,0.466,12.9
3136,4,2024-08-01,51.4,29.2,23.4,100.0,0.78,12.2
3137,4,2024-08-02,1.1,30.1,25.3,90.1,0.457,16.0
3138,4,2024-08-03,75.8,32.4,24.0,100.0,0.937,5.4
3139,4,2024-08-04,2.5,32.3,24.2,83.0,0.466,15.3
3140,4,2024-08-05,41.8,29.0,24.6,84.2,0.719,12.7
3141,4,2024-08-06,54.5,30.5,24.6,90.1,0.8,4.9
3142,4,2024-08-07,2.8,33.0,24.3,83.6,0.468,10.5
3143,4,2024-08-08,1.7,31.8,25.0,85.0,0.461,13.8
3144,4,2024-08-09,1.2,31.2,25.0,88.5,0.458,12.1
3145,4,2024-08-10,1.3,28.4,25.6,92.8,0.458,10.6
3146,4,2024-08-11,0.4,32.4,24.2,76.2,0.453,10.2
3147,4,2024-08-12,75.7,28.7,23.4,100.0,0.937,2.6
3148,4,2024-08-13,2.6,30.2,23.2,81.5,0.467,13.3
3149,4,2024-08-14,39.8,30.7,25.4,98.5,0.706,11.6
3150,4,2024-08-15,119.4,32.4,23.3,100.0,1.0,18.8
3151,4,2024-08-16,66.7,32.6,23.9,99.2,0.879,12.7
3152,4,2024-08-17,1.6,29.8,25.5,93.2,0.46,16.9
3153,4,2024-08-18,2.2,28.2,25.5,82.8,0.464,3.8
3154,4,2024-08-19,3.0,30.3,24.6,92.6,0.469,13.0
3155,4,2024-08-20,46.1,31.5,25.5,100.0,0.746,15.7
3156,4,2024-08-21,96.3,30.9,23.6,100.0,1.0,6.9
3157,4,2024-08-22,74.7,30.7,23.2,100.0,0.93,10.6
3158,4,2024-08-23,40.1,32.1,23.7,100.0,0.708,14.0
3159,4,2024-08-24,61.8,31.0,25.2,100.0,0.847,16.1
3160,4,2024-08-25,40.6,29.0,23.9,97.5,0.711,12.9
3161,4,2024-08-26,26.6,29.7,25.2,92.2,0.621,11.9
3162,4,2024-08-27,0.8,31.8,24.0,94.0,0.455,13.7
3163,4,2024-08-28,13.1,29.6,25.5,78.4,0.534,12.2
3164,4,2024-08-29,2.8,32.3,24.2,78.3,0.468,17.9
3165,4,2024-08-30,30.1,28.6,24.0,100.0,0.643,12.1
3166,4,2024-08-31,53.6,28.2,24.6,86.9,0.795,15.7
3167,4,2024-09-01,0.0,35.6,19.6,66.3,0.276,18.3
3168,4,2024-09-02,22.0,33.6,22.6,63.6,0.195,11.0
3169,4,2024-09-03,0.0,34.2,22.1,59.0,0.227,17.5
3170,4,2024-09-04,23.0,32.5,21.6,56.3,0.273,17.5
3171,4,2024-09-05,27.7,34.1,23.2,54.5,0.29,4.1
3172,4,2024-09-06,28.9,36.7,20.8,51.0,0.247,9.2
3173,4,2024-09-07,0.0,32.6,18.4,50.1,0.336,14.7
3174,4,2024-09-08,26.6,35.9,18.9,52.5,0.282,12.8
3175,4,2024-09-09,0.0,35.8,18.2,66.8,0.277,12.5
3176,4,2024-09-10,20.8,33.9,21.0,60.4,0.254,15.7
3177,4,2024-09-11,22.4,37.7,18.3,55.2,0.325,19.4
3178,4,2024-09-12,46.5,36.2,23.9,60.0,0.336,10.6
3179,4,2024-09-13,22.0,34.5,19.6,50.4,0.294,6.2
3180,4,2024-09-14,0.0,35.1,22.8,49.2,0.221,11.4
3181,4,2024-09-15,0.0,37.5,19.4,53.1,0.327,20.2
3182,4,2024-09-16,9.1,34.7,20.7,54.7,0.31,8.1
3183,4,2024-09-17,15.7,37.2,19.3,64.1,0.344,9.2
3184,4,2024-09-18,0.0,35.2,21.5,47.7,0.302,13.8
3185,4,2024-09-19,0.0,37.9,23.8,65.9,0.267,10.6
3186,4,2024-09-20,0.0,35.9,20.0,48.5,0.324,11.9
3187,4,2024-09-21,28.5,33.5,21.7,47.0,0.212,2.0
3188,4,2024-09-22,32.1,33.1,22.3,56.4,0.21,8.1
3189,4,2024-09-23,36.7,36.8,18.9,50.3,0.302,13.9
3190,4,2024-09-24,0.0,35.3,21.1,63.4,0.22,13.7
3191,4,2024-09-25,4.1,36.9,23.0,65.0,0.236,9.4
3192,4,2024-09-26,0.0,34.7,19.8,59.6,0.34,13.1
3193,4,2024-09-27,53.0,36.5,23.1,63.5,0.327,8.6
3194,4,2024-09-28,0.0,35.2,19.8,48.9,0.194,12.2
3195,4,2024-09-29,0.0,34.8,23.8,47.8,0.284,9.3
3196,4,2024-09-30,0.0,34.2,21.2,69.9,0.286,18.2
3197,4,2024-10-01,0.0,34.0,22.9,48.6,0.196,3.5
3198,4,2024-10-02,0.0,34.6,19.2,61.7,0.263,15.0
3199,4,2024-10-03,0.0,34.6,21.9,53.0,0.344,11.2
3200,4,2024-10-04,0.0,37.5,21.7,50.9,0.248,9.0
3201,4,2024-10-05,0.0,37.2,18.1,45.9,0.253,9.6
3202,4,2024-10-06,0.0,35.2,20.6,47.0,0.199,12.9
3203,4,2024-10-07,1.0,34.5,23.8,51.6,0.253,13.1
3204,4,2024-10-08,0.0,32.1,21.7,46.1,0.302,11.9
3205,4,2024-10-09,6.8,36.3,23.3,61.3,0.337,6.8
3206,4,2024-10-10,8.3,34.9,22.1,62.7,0.297,13.9
3207,4,2024-10-11,0.0,34.5,20.7,69.0,0.268,2.0
3208,4,2024-10-12,0.0,32.3,21.7,50.4,0.207,6.9
3209,4,2024-10-13,0.0,34.2,21.7,63.5,0.291,13.8
3210,4,2024-10-14,1.5,36.4,19.6,61.3,0.252,6.3
3211,4,2024-10-15,0.0,37.4,18.1,68.1,0.321,14.1
3212,4,2024-10-16,0.0,37.3,22.7,52.9,0.284,10.4
3213,4,2024-10-17,0.0,36.0,23.2,67.6,0.234,19.9
3214,4,2024-10-18,0.0,37.2,22.5,66.5,0.287,5.4
3215,4,2024-10-19,0.0,35.3,19.6,53.5,0.196,13.2
3216,4,2024-10-20,0.0,35.8,18.2,52.4,0.294,14.4
3217,4,2024-10-21,0.0,35.6,19.5,52.5,0.194,20.2
3218,4,2024-10-22,0.0,37.9,20.9,67.7,0.217,8.3
3219,4,2024-10-23,0.1,32.1,18.4,69.0,0.335,9.0
3220,4,2024-10-24,0.0,34.6,20.3,69.9,0.315,15.8
3221,4,2024-10-25,0.0,35.5,23.1,54.5,0.24,9.3
3222,4,2024-10-26,0.0,36.1,23.2,60.3,0.212,8.6
3223,4,2024-10-27,0.0,32.8,18.4,51.2,0.196,18.6
3224,4,2024-10-28,0.0,32.9,22.9,56.2,0.309,13.3
3225,4,2024-10-29,0.0,35.9,21.2,51.0,0.21,15.4
3226,4,2024-10-30,0.0,35.3,19.2,53.2,0.259,19.6
3227,4,2024-10-31,0.0,36.2,20.6,65.1,0.305,10.1
3228,4,2024-11-01,0.0,37.8,20.5,65.5,0.225,12.7
3229,4,2024-11-02,0.0,37.5,21.1,56.2,0.254,6.2
3230,4,2024-11-03,0.0,37.1,18.4,68.8,0.281,11.1
3231,4,2024-11-04,0.0,36.7,23.7,50.6,0.256,9.0
3232,4,2024-11-05,0.0,32.5,19.9,61.5,0.285,6.6
3233,4,2024-11-06,0.0,33.0,19.4,65.1,0.217,7.1
3234,4,2024-11-07,0.0,34.6,19.9,56.3,0.279,13.0
3235,4,2024-11-08,0.0,32.1,19.1,48.9,0.232,7.4
3236,4,2024-11-09,0.0,33.3,19.6,61.8,0.261,10.7
3237,4,2024-11-10,0.0,34.6,18.9,50.7,0.189,9.5
3238,4,2024-11-11,0.0,34.9,23.6,45.2,0.26,14.3
3239,4,2024-11-12,0.0,32.0,22.4,63.0,0.278,15.3
3240,4,2024-11-13,0.0,36.9,18.5,61.8,0.237,8.4
3241,4,2024-11-14,0.0,33.8,19.4,60.3,0.274,5.4
3242,4,2024-11-15,0.0,33.0,23.4,65.6,0.25,20.4
3243,4,2024-11-16,0.0,35.4,22.4,48.9,0.28,7.7
3244,4,2024-11-17,0.0,37.9,20.0,46.8,0.245,14.3
3245,4,2024-11-18,0.0,32.1,23.9,57.7,0.262,10.8
3246,4,2024-11-19,3.6,32.6,23.7,69.1,0.295,12.6
3247,4,2024-11-20,0.0,36.2,21.9,46.0,0.275,14.3
3248,4,2024-11-21,0.0,33.4,22.9,59.7,0.265,3.6
3249,4,2024-11-22,0.0,33.6,22.0,60.0,0.249,8.1
3250,4,2024-11-23,0.0,36.5,21.4,66.9,0.227,10.8
3251,4,2024-11-24,0.0,36.2,21.5,55.0,0.345,6.9
3252,4,2024-11-25,0.0,37.3,21.9,57.3,0.206,15.5
3253,4,2024-11-26,0.0,34.4,23.3,45.7,0.321,2.0
3254,4,2024-11-27,2.9,36.0,20.6,69.9,0.27,8.7
3255,4,2024-11-28,6.2,35.6,18.9,55.1,0.254,7.5
3256,4,2024-11-29,0.0,37.8,23.7,69.2,0.242,12.4
3257,4,2024-11-30,0.0,34.9,19.0,50.5,0.213,14.6
3258,4,2024-12-01,0.0,27.2,13.9,50.3,0.213,9.0
3259,4,2024-12-02,0.0,27.0,14.3,58.6,0.232,6.7
3260,4,2024-12-03,0.0,30.4,12.9,45.9,0.205,13.7
3261,4,2024-12-04,0.0,28.5,13.2,49.4,0.169,14.7
3262,4,2024-12-05,0.0,30.1,12.9,46.3,0.216,16.8
3263,4,2024-12-06,0.0,27.7,10.2,53.5,0.218,16.8
3264,4,2024-12-07,0.0,26.9,10.8,42.1,0.188,15.8
3265,4,2024-12-08,0.0,30.4,10.3,45.9,0.208,12.5
3266,4,2024-12-09,0.0,28.0,10.1,56.7,0.162,17.5
3267,4,2024-12-10,0.0,29.9,13.4,57.8,0.247,5.2
3268,4,2024-12-11,0.0,27.6,14.0,50.4,0.232,5.6
3269,4,2024-12-12,0.0,26.8,14.3,40.9,0.155,8.8
3270,4,2024-12-13,0.0,27.0,12.6,52.0,0.19,16.2
3271,4,2024-12-14,0.0,26.0,12.6,51.1,0.177,10.0
3272,4,2024-12-15,0.0,27.7,12.2,57.4,0.247,9.4
3273,4,2024-12-16,0.0,28.6,12.7,52.4,0.154,14.6
3274,4,2024-12-17,0.0,30.1,12.4,54.2,0.151,13.9
3275,4,2024-12-18,0.9,29.7,10.9,45.1,0.272,9.3
3276,4,2024-12-19,2.7,27.9,9.3,55.6,0.23,12.4
3277,4,2024-12-20,0.0,29.6,11.2,49.4,0.215,8.9
3278,4,2024-12-21,0.0,27.9,13.9,52.4,0.158,18.3
3279,4,2024-12-22,0.0,29.7,14.4,54.9,0.264,19.9
3280,4,2024-12-23,0.0,29.3,9.8,42.6,0.258,12.7
3281,4,2024-12-24,0.0,26.2,9.0,51.6,0.222,10.7
3282,4,2024-12-25,0.0,30.2,10.4,57.1,0.186,19.6
3283,4,2024-12-26,0.0,29.2,10.1,46.7,0.172,16.4
3284,4,2024-12-27,0.0,29.1,13.1,40.9,0.244,10.3
3285,4,2024-12-28,0.0,29.2,13.4,55.8,0.214,6.2
3286,4,2024-12-29,0.0,26.8,10.1,54.3,0.243,5.9
3287,4,2024-12-30,0.0,27.7,14.3,47.1,0.267,13.1
3288,4,2024-12-31,0.0,26.7,10.8,42.8,0.212,14.6
3289,4,2025-01-01,0.0,28.9,10.0,42.0,0.249,4.8
3290,4,2025-01-02,0.0,30.0,10.5,61.2,0.269,9.6
3291,4,2025-01-03,0.0,29.1,11.6,46.1,0.192,11.6
3292,4,2025-01-04,0.0,28.0,12.3,59.5,0.191,10.4
3293,4,2025-01-05,0.3,29.3,9.8,46.0,0.274,13.6
3294,4,2025-01-06,0.0,27.6,10.4,53.1,0.193,18.5
3295,4,2025-01-07,0.0,29.0,11.2,60.8,0.22,17.8
3296,4,2025-01-08,0.0,30.2,11.7,40.7,0.174,14.6
3297,4,2025-01-09,0.0,29.3,9.8,40.9,0.224,10.4
3298,4,2025-01-10,0.0,28.1,11.7,60.2,0.261,9.5
3299,4,2025-01-11,0.0,28.4,9.4,47.2,0.196,12.0
3300,4,2025-01-12,0.0,26.2,11.5,46.2,0.229,2.9
3301,4,2025-01-13,0.0,28.1,11.5,41.6,0.268,15.3
3302,4,2025-01-14,0.0,28.7,9.5,55.0,0.151,9.4
3303,4,2025-01-15,0.0,27.8,14.3,60.4,0.175,10.8
3304,4,2025-01-16,0.0,28.7,12.8,55.7,0.225,10.2
3305,4,2025-01-17,0.0,29.9,11.0,55.3,0.195,14.2
3306,4,2025-01-18,0.0,26.6,12.9,48.5,0.174,16.2
3307,4,2025-01-19,0.0,29.9,9.8,58.9,0.168,2.0
3308,4,2025-01-20,0.0,26.6,12.6,53.1,0.261,17.5
3309,4,2025-01-21,0.0,27.5,9.4,43.5,0.157,11.1
3310,4,2025-01-22,0.0,30.0,11.1,43.1,0.179,11.9
3311,4,2025-01-23,0.0,26.9,14.4,51.6,0.239,9.0
3312,4,2025-01-24,0.0,26.1,9.5,44.4,0.218,8.3
3313,4,2025-01-25,0.0,27.2,10.9,56.3,0.187,7.5
3314,4,2025-01-26,0.0,28.7,10.5,55.2,0.221,10.9
3315,4,2025-01-27,0.0,27.1,12.1,56.7,0.22,9.5
3316,4,2025-01-28,0.0,26.0,10.9,62.0,0.192,14.0
3317,4,2025-01-29,0.0,27.6,9.6,40.2,0.234,8.4
3318,4,2025-01-30,0.0,28.4,10.2,61.7,0.279,7.0
3319,4,2025-01-31,0.0,27.5,11.7,44.0,0.171,12.6
3320,4,2025-02-01,0.0,34.7,23.9,61.3,0.2,9.0
3321,4,2025-02-02,0.0,33.9,23.0,51.4,0.254,10.9
3322,4,2025-02-03,0.0,32.6,19.4,62.5,0.278,9.5
3323,4,2025-02-04,0.0,32.3,20.5,58.8,0.215,10.6
3324,4,2025-02-05,0.0,34.0,21.9,62.8,0.2,10.4
3325,4,2025-02-06,0.0,33.9,21.2,65.2,0.197,19.4
3326,4,2025-02-07,0.0,33.6,23.3,49.9,0.218,17.5
3327,4,2025-02-08,0.0,33.9,18.8,64.3,0.265,11.5
3328,4,2025-02-09,0.0,34.5,21.8,53.6,0.258,12.5
3329,4,2025-02-10,0.0,35.2,22.8,65.4,0.201,15.8
3330,4,2025-02-11,0.0,34.3,22.1,56.6,0.214,14.3
3331,4,2025-02-12,0.0,35.5,19.4,50.3,0.203,11.7
3332,4,2025-02-13,0.0,36.8,23.3,67.0,0.305,12.2
3333,4,2025-02-14,0.0,37.6,21.3,61.1,0.32,4.5
3334,4,2025-02-15,0.0,37.7,21.2,53.6,0.333,8.2
3335,4,2025-02-16,0.0,35.6,22.3,45.5,0.302,4.4
3336,4,2025-02-17,0.0,35.1,21.9,52.9,0.181,7.9
3337,4,2025-02-18,0.8,32.2,22.4,68.1,0.24,9.4
3338,4,2025-02-19,0.0,33.9,23.4,64.2,0.273,8.3
3339,4,2025-02-20,0.0,36.4,20.9,55.9,0.276,4.5
3340,4,2025-02-21,0.0,37.0,18.7,45.4,0.184,9.9
3341,4,2025-02-22,0.0,35.6,19.7,67.8,0.224,12.6
3342,4,2025-02-23,0.0,35.4,23.2,60.0,0.246,14.6
3343,4,2025-02-24,0.0,32.2,21.0,56.2,0.201,13.2
3344,4,2025-02-25,0.0,35.4,19.3,48.8,0.276,17.3
3345,4,2025-02-26,0.0,37.2,18.4,66.3,0.302,9.6
3346,4,2025-02-27,0.0,35.5,23.0,46.2,0.347,14.3
3347,4,2025-02-28,0.0,34.0,23.6,64.3,0.222,15.5
3348,4,2025-03-01,0.0,37.2,22.6,65.5,0.307,9.7
3349,4,2025-03-02,0.0,33.5,19.6,69.1,0.303,12.3
3350,4,2025-03-03,0.6,35.6,22.8,61.0,0.296,11.5
3351,4,2025-03-04,0.0,33.7,22.4,62.4,0.332,7.8
3352,4,2025-03-05,0.0,35.5,18.7,47.2,0.249,3.5
3353,4,2025-03-06,0.0,33.3,21.0,67.2,0.235,13.4
3354,4,2025-03-07,0.0,36.0,22.9,59.0,0.19,12.8
3355,4,2025-03-08,0.0,36.0,23.8,64.7,0.226,12.2
3356,4,2025-03-09,0.0,33.7,22.8,64.9,0.201,13.5
3357,4,2025-03-10,0.0,33.8,23.0,57.9,0.201,6.4
3358,4,2025-03-11,0.0,36.7,18.6,67.4,0.32,13.6
3359,4,2025-03-12,0.0,36.0,19.7,62.3,0.216,11.3
3360,4,2025-03-13,0.0,33.3,24.0,69.9,0.324,11.6
3361,4,2025-03-14,0.0,37.0,22.4,53.2,0.218,15.2
3362,4,2025-03-15,0.5,35.8,21.5,63.9,0.347,10.2
3363,4,2025-03-16,0.0,37.3,24.0,62.5,0.196,8.3
3364,4,2025-03-17,0.0,34.5,19.5,69.3,0.28,12.6
3365,4,2025-03-18,0.0,32.6,23.0,61.5,0.301,13.2
3366,4,2025-03-19,3.3,36.8,18.4,58.4,0.239,12.5
3367,4,2025-03-20,0.0,32.8,18.2,59.5,0.345,13.2
3368,4,2025-03-21,0.0,35.9,22.5,68.5,0.184,13.1
3369,4,2025-03-22,0.0,35.2,23.5,59.3,0.181,5.5
3370,4,2025-03-23,0.0,35.0,20.2,54.5,0.187,16.7
3371,4,2025-03-24,0.0,33.9,19.3,51.2,0.258,13.7
3372,4,2025-03-25,0.0,36.5,22.1,56.3,0.322,14.6
3373,4,2025-03-26,0.0,35.1,22.0,54.0,0.263,2.2
3374,4,2025-03-27,0.0,33.1,20.2,66.3,0.299,7.9
3375,4,2025-03-28,0.0,36.4,20.5,65.6,0.2,12.5
3376,4,2025-03-29,0.0,36.1,21.5,58.0,0.316,11.7
3377,4,2025-03-30,0.0,34.7,19.5,60.2,0.193,11.5
3378,4,2025-03-31,0.0,35.4,18.7,49.8,0.29,8.2
3379,4,2025-04-01,0.0,45.2,27.1,32.0,0.169,7.4
3380,4,2025-04-02,0.0,44.8,26.1,31.7,0.105,13.3
3381,4,2025-04-03,0.0,44.1,26.1,37.5,0.135,11.1
3382,4,2025-04-04,0.0,42.7,30.5,29.1,0.118,15.0
3383,4,2025-04-05,0.0,44.5,27.1,30.6,0.148,10.4
3384,4,2025-04-06,0.0,44.7,28.0,26.4,0.123,8.2
3385,4,2025-04-07,0.0,45.0,28.7,38.0,0.174,3.4
3386,4,2025-04-08,0.0,43.3,28.0,27.0,0.086,10.8
3387,4,2025-04-09,0.0,41.8,30.2,20.8,0.089,14.3
3388,4,2025-04-10,0.0,46.2,26.1,37.2,0.173,13.7
3389,4,2025-04-11,0.0,45.9,30.7,26.0,0.117,12.8
3390,4,2025-04-12,0.0,43.8,29.4,31.3,0.174,13.0
3391,4,2025-04-13,0.0,41.8,26.3,34.3,0.14,9.9
3392,4,2025-04-14,0.0,43.0,29.1,29.4,0.125,18.3
3393,4,2025-04-15,0.0,43.0,26.7,21.3,0.117,8.4
3394,4,2025-04-16,0.0,41.8,30.7,36.3,0.118,7.2
3395,4,2025-04-17,0.0,44.0,30.7,29.8,0.159,8.1
3396,4,2025-04-18,0.0,45.8,27.0,28.6,0.142,16.9
3397,4,2025-04-19,0.0,45.7,28.1,29.0,0.102,16.6
3398,4,2025-04-20,0.0,45.6,27.0,26.7,0.141,3.8
3399,4,2025-04-21,0.0,42.7,27.4,31.3,0.112,10.5
3400,4,2025-04-22,0.0,42.3,29.9,23.2,0.088,7.7
3401,4,2025-04-23,0.0,42.3,26.4,25.0,0.11,6.1
3402,4,2025-04-24,0.0,42.6,30.1,34.3,0.147,10.3
3403,4,2025-04-25,0.0,45.8,28.2,35.1,0.18,5.6
3404,4,2025-04-26,0.0,42.0,27.5,37.2,0.177,12.0
3405,4,2025-04-27,0.0,43.2,27.8,33.8,0.132,2.9
3406,4,2025-04-28,0.0,44.5,27.6,20.5,0.159,11.2
3407,4,2025-04-29,0.0,41.3,26.9,21.9,0.084,9.5
3408,4,2025-04-30,0.0,45.0,28.8,29.6,0.087,9.9
3409,4,2025-05-01,0.0,45.6,27.2,36.3,0.169,12.0
3410,4,2025-05-02,0.0,45.8,28.4,28.1,0.132,13.9
3411,4,2025-05-03,0.0,46.4,29.1,34.0,0.089,18.1
3412,4,2025-05-04,0.0,42.3,28.2,31.8,0.089,12.2
3413,4,2025-05-05,0.0,43.9,28.7,33.2,0.084,13.9
3414,4,2025-05-06,0.0,42.8,29.3,24.8,0.09,18.0
3415,4,2025-05-07,0.0,43.9,27.0,36.4,0.179,7.4
3416,4,2025-05-08,4.9,42.9,27.0,28.8,0.116,12.1
3417,4,2025-05-09,0.0,43.4,29.0,21.1,0.111,15.9
3418,4,2025-05-10,0.0,45.4,27.1,37.6,0.084,14.0
3419,4,2025-05-11,0.0,44.2,26.9,31.6,0.105,11.4
3420,4,2025-05-12,0.0,41.3,26.9,25.9,0.1,9.9
3421,4,2025-05-13,0.0,44.2,27.9,21.3,0.171,10.8
3422,4,2025-05-14,0.0,44.6,30.9,21.2,0.101,14.5
3423,4,2025-05-15,0.0,42.0,30.9,35.2,0.146,10.0
3424,4,2025-05-16,0.0,45.5,26.1,27.8,0.09,8.6
3425,4,2025-05-17,0.0,41.1,29.0,22.4,0.112,16.9
3426,4,2025-05-18,0.0,46.1,27.1,31.3,0.095,7.9
3427,4,2025-05-19,0.0,41.6,28.0,37.9,0.108,12.9
3428,4,2025-05-20,0.0,43.2,26.6,36.9,0.155,14.0
3429,4,2025-05-21,0.0,43.7,27.4,26.0,0.17,11.6
3430,4,2025-05-22,1.5,42.6,26.5,25.7,0.139,4.9
3431,4,2025-05-23,0.0,42.4,29.2,27.4,0.1,8.5
3432,4,2025-05-24,0.0,42.2,30.6,20.2,0.156,16.3
3433,4,2025-05-25,0.0,43.3,29.5,23.0,0.112,4.2
3434,4,2025-05-26,0.0,41.1,26.6,22.4,0.131,11.1
3435,4,2025-05-27,0.0,43.0,30.7,32.8,0.138,7.4
3436,4,2025-05-28,0.0,46.2,27.3,20.6,0.107,10.9
3437,4,2025-05-29,0.0,45.8,29.7,20.3,0.104,15.7
3438,4,2025-05-30,0.0,45.3,30.0,24.9,0.155,4.2
3439,4,2025-05-31,0.0,44.2,30.9,29.2,0.163,7.0
3440,4,2025-06-01,0.0,35.4,20.8,49.7,0.205,6.1
3441,4,2025-06-02,0.0,34.7,21.1,49.3,0.188,8.4
3442,4,2025-06-03,0.0,36.7,23.1,59.1,0.24,11.5
3443,4,2025-06-04,0.0,37.8,20.4,63.3,0.314,16.8
3444,4,2025-06-05,0.0,37.8,23.6,58.0,0.268,5.9
3445,4,2025-06-06,0.0,32.8,21.5,45.6,0.223,14.5
3446,4,2025-06-07,33.9,32.8,23.6,57.6,0.307,8.3
3447,4,2025-06-08,0.0,32.7,21.0,54.1,0.205,12.4
3448,4,2025-06-09,0.0,34.0,20.6,46.0,0.32,10.6
3449,4,2025-06-10,0.0,33.2,24.0,51.9,0.301,6.1
3450,4,2025-06-11,38.3,33.8,21.1,62.1,0.212,7.9
3451,4,2025-06-12,0.0,36.9,18.7,64.5,0.2,4.7
3452,4,2025-06-13,0.0,37.2,18.8,57.4,0.199,7.2
3453,4,2025-06-14,0.0,36.1,23.3,65.1,0.229,11.4
3454,4,2025-06-15,23.9,32.5,20.8,50.0,0.184,16.2
3455,4,2025-06-16,0.0,35.7,21.5,61.3,0.323,15.4
3456,4,2025-06-17,0.0,35.3,18.2,69.4,0.259,12.7
3457,4,2025-06-18,0.0,37.8,20.8,50.2,0.323,17.2
3458,4,2025-06-19,0.0,34.3,23.9,53.2,0.205,13.8
3459,4,2025-06-20,0.0,33.0,22.7,59.3,0.188,9.0
3460,4,2025-06-21,0.0,37.9,22.9,53.6,0.25,2.0
3461,4,2025-06-22,16.7,35.5,19.0,54.5,0.314,15.4
3462,4,2025-06-23,42.4,36.4,22.6,48.0,0.189,4.3
3463,4,2025-06-24,0.0,34.7,23.2,68.6,0.215,11.4
3464,4,2025-06-25,0.0,33.7,21.7,68.4,0.274,11.0
3465,4,2025-06-26,6.6,37.2,20.4,59.7,0.297,17.9
3466,4,2025-06-27,42.8,36.0,22.8,45.0,0.322,8.7
3467,4,2025-06-28,37.4,35.4,23.6,48.0,0.301,16.2
3468,4,2025-06-29,0.0,36.4,21.3,52.6,0.334,7.6
3469,4,2025-06-30,0.0,33.9,20.4,63.2,0.256,10.6
3470,4,2025-07-01,2.9,30.0,24.2,83.7,0.469,15.8
3471,4,2025-07-02,17.7,29.6,25.4,96.5,0.564,13.7
3472,4,2025-07-03,24.5,31.2,25.8,83.9,0.608,10.2
3473,4,2025-07-04,52.0,30.0,24.1,98.5,0.784,10.5
3474,4,2025-07-05,38.5,30.6,23.6,93.9,0.698,6.3
3475,4,2025-07-06,43.1,30.5,25.3,86.6,0.727,16.7
3476,4,2025-07-07,28.3,31.6,25.1,93.3,0.632,4.4
3477,4,2025-07-08,50.3,31.7,24.6,98.4,0.773,5.7
3478,4,2025-07-09,2.0,28.1,24.6,91.0,0.463,3.0
3479,4,2025-07-10,45.1,32.4,25.2,92.5,0.74,6.0
3480,4,2025-07-11,53.8,31.7,23.2,98.8,0.796,17.0
3481,4,2025-07-12,30.1,28.1,25.7,85.1,0.643,12.8
3482,4,2025-07-13,24.7,30.8,25.4,84.2,0.609,10.2
3483,4,2025-07-14,64.6,28.9,25.7,99.3,0.865,16.6
3484,4,2025-07-15,1.1,29.6,23.8,83.4,0.457,10.9
3485,4,2025-07-16,55.5,28.2,24.1,100.0,0.807,11.5
3486,4,2025-07-17,18.3,29.6,24.4,97.0,0.568,14.0
3487,4,2025-07-18,1.1,31.7,23.4,93.1,0.457,9.3
3488,4,2025-07-19,112.1,29.7,25.7,100.0,1.0,15.2
3489,4,2025-07-20,39.0,28.6,24.9,93.0,0.701,9.5
3490,4,2025-07-21,49.6,32.7,23.5,100.0,0.769,8.4
3491,4,2025-07-22,23.2,28.3,25.8,99.7,0.599,10.3
3492,4,2025-07-23,20.5,28.9,24.2,86.4,0.582,13.0
3493,4,2025-07-24,59.1,32.7,24.5,98.7,0.83,9.2
3494,4,2025-07-25,94.9,30.5,25.5,100.0,1.0,14.3
3495,4,2025-07-26,34.4,31.3,25.3,90.6,0.671,14.4
3496,4,2025-07-27,40.1,29.5,25.3,89.7,0.708,19.0
3497,4,2025-07-28,53.5,32.9,24.4,87.4,0.794,16.2
3498,4,2025-07-29,84.5,30.3,25.1,100.0,0.993,10.0
3499,4,2025-07-30,1.9,28.7,23.1,86.1,0.462,15.7
3500,4,2025-07-31,2.3,32.4,25.9,83.8,0.465,14.6
3501,4,2025-08-01,2.9,30.5,25.5,77.9,0.469,23.2
3502,4,2025-08-02,39.5,31.2,25.4,86.1,0.704,5.4
3503,4,2025-08-03,70.9,29.2,24.9,98.0,0.906,3.2
3504,4,2025-08-04,0.8,30.7,23.9,86.0,0.455,14.3
3505,4,2025-08-05,53.3,31.7,24.9,100.0,0.793,8.2
3506,4,2025-08-06,59.9,32.1,25.7,90.5,0.835,5.2
3507,4,2025-08-07,46.3,29.3,23.4,87.1,0.748,13.9
3508,4,2025-08-08,0.3,30.3,25.0,88.1,0.452,9.4
3509,4,2025-08-09,42.4,31.8,24.0,84.7,0.723,20.6
3510,4,2025-08-10,14.7,28.9,25.3,89.8,0.544,8.3
3511,4,2025-08-11,46.0,30.2,23.2,92.0,0.746,17.5
3512,4,2025-08-12,20.5,28.6,24.0,82.3,0.582,8.0
3513,4,2025-08-13,47.5,28.5,23.8,97.4,0.755,12.2
3514,4,2025-08-14,2.3,29.7,25.8,85.1,0.465,3.4
3515,4,2025-08-15,41.0,30.7,25.4,98.3,0.714,17.5
3516,4,2025-08-16,53.4,29.9,23.1,100.0,0.793,6.3
3517,4,2025-08-17,2.8,28.1,24.1,95.8,0.468,11.4
3518,4,2025-08-18,123.3,28.5,24.6,100.0,1.0,11.3
3519,4,2025-08-19,26.8,31.7,23.4,95.5,0.622,7.4
3520,4,2025-08-20,66.3,29.5,24.0,88.7,0.876,10.7
3521,4,2025-08-21,78.1,29.8,23.1,97.2,0.952,12.2
3522,4,2025-08-22,0.1,33.0,24.9,79.4,0.451,7.9
3523,4,2025-08-23,43.0,28.3,25.3,87.7,0.726,10.5
3524,4,2025-08-24,53.7,28.7,25.4,100.0,0.795,14.8
3525,4,2025-08-25,54.0,30.3,23.9,86.6,0.797,4.9
3526,4,2025-08-26,1.6,28.3,24.4,90.6,0.46,10.3
3527,4,2025-08-27,44.7,30.7,24.1,100.0,0.737,5.4
3528,4,2025-08-28,21.8,31.0,24.1,79.6,0.59,8.5
3529,4,2025-08-29,33.6,28.8,25.1,84.9,0.666,9.0
3530,4,2025-08-30,88.8,31.9,25.8,99.2,1.0,15.2
3531,4,2025-08-31,30.6,31.3,23.1,100.0,0.647,13.7
3532,4,2025-09-01,37.3,37.1,20.7,64.4,0.255,8.7
3533,4,2025-09-02,30.9,34.5,23.4,65.0,0.301,14.0
3534,4,2025-09-03,16.3,35.1,22.2,59.6,0.263,7.0
3535,4,2025-09-04,0.0,34.3,19.3,58.7,0.282,7.6
3536,4,2025-09-05,0.0,36.3,21.3,55.3,0.337,10.4
3537,4,2025-09-06,15.6,37.1,22.7,59.6,0.331,14.0
3538,4,2025-09-07,0.0,36.9,23.5,45.4,0.182,10.3
3539,4,2025-09-08,0.0,32.3,19.2,53.9,0.237,13.3
3540,4,2025-09-09,0.0,36.3,22.5,61.0,0.338,5.0
3541,4,2025-09-10,0.0,33.7,20.4,56.7,0.321,18.1
3542,4,2025-09-11,0.0,32.4,19.1,62.3,0.191,9.0
3543,4,2025-09-12,0.0,34.0,18.3,64.0,0.313,2.0
3544,4,2025-09-13,0.0,32.1,18.5,64.0,0.304,8.3
3545,4,2025-09-14,0.0,33.5,21.2,68.7,0.324,11.1
3546,4,2025-09-15,38.2,35.1,23.0,48.8,0.332,11.3
3547,4,2025-09-16,28.2,34.2,23.1,64.8,0.3,3.3
3548,4,2025-09-17,0.0,32.2,22.0,58.4,0.292,12.2
3549,4,2025-09-18,0.0,37.5,18.4,65.0,0.326,15.9
3550,4,2025-09-19,48.9,35.2,22.8,63.9,0.274,13.5
3551,4,2025-09-20,0.0,37.8,20.3,51.1,0.311,18.7
3552,4,2025-09-21,0.0,35.8,23.4,61.2,0.293,8.4
3553,4,2025-09-22,13.8,37.7,22.4,54.0,0.347,7.3
3554,4,2025-09-23,0.0,35.9,20.6,54.3,0.342,10.8
3555,4,2025-09-24,0.0,35.6,19.1,62.4,0.334,7.8
3556,4,2025-09-25,0.0,33.4,22.2,61.1,0.329,13.1
3557,4,2025-09-26,0.0,34.5,22.9,62.8,0.278,20.3
3558,4,2025-09-27,62.3,33.3,23.5,57.2,0.33,14.3
3559,4,2025-09-28,0.0,35.6,23.4,53.5,0.299,12.2
3560,4,2025-09-29,27.8,32.1,20.8,58.6,0.214,17.5
3561,4,2025-09-30,0.0,34.6,21.7,64.5,0.269,7.0
3562,4,2025-10-01,0.0,37.9,22.7,45.2,0.226,15.0
3563,4,2025-10-02,0.0,38.0,21.5,46.4,0.32,12.3
3564,4,2025-10-03,0.0,34.5,20.7,57.8,0.239,8.2
3565,4,2025-10-04,0.0,33.1,23.0,62.7,0.233,10.4
3566,4,2025-10-05,0.0,36.4,18.1,53.0,0.201,19.0
3567,4,2025-10-06,0.0,35.7,21.6,59.8,0.306,13.3
3568,4,2025-10-07,0.0,35.1,23.9,68.4,0.199,13.6
3569,4,2025-10-08,0.9,37.9,19.8,56.9,0.274,15.7
3570,4,2025-10-09,0.0,35.4,19.8,56.9,0.281,9.0
3571,4,2025-10-10,0.0,36.7,22.9,46.3,0.348,14.5
3572,4,2025-10-11,0.0,33.7,19.4,53.4,0.189,13.6
3573,4,2025-10-12,2.2,37.9,21.5,55.2,0.2,5.0
3574,4,2025-10-13,0.0,32.4,18.6,69.9,0.251,10.6
3575,4,2025-10-14,0.0,34.7,22.9,47.9,0.35,9.8
3576,4,2025-10-15,0.0,32.6,23.3,47.0,0.295,8.3
3577,4,2025-10-16,0.0,33.0,19.0,48.1,0.329,13.7
3578,4,2025-10-17,0.0,34.5,23.6,64.9,0.212,10.4
3579,4,2025-10-18,0.0,36.8,22.4,48.2,0.183,2.4
3580,4,2025-10-19,0.0,35.3,21.9,60.6,0.292,10.4
3581,4,2025-10-20,0.0,35.0,23.2,63.4,0.314,14.5
3582,4,2025-10-21,0.0,36.3,20.8,63.0,0.189,5.9
3583,4,2025-10-22,0.0,35.6,20.4,49.2,0.307,12.5
3584,4,2025-10-23,0.0,34.3,23.5,51.6,0.258,13.9
3585,4,2025-10-24,0.0,34.3,23.6,65.9,0.303,6.9
3586,4,2025-10-25,0.0,33.1,22.4,61.1,0.282,7.4
3587,4,2025-10-26,0.0,35.5,18.7,46.0,0.259,18.0
3588,4,2025-10-27,0.0,35.6,19.3,52.7,0.305,14.6
3589,4,2025-10-28,0.0,34.6,18.9,68.8,0.227,11.9
3590,4,2025-10-29,0.0,36.6,23.8,61.0,0.319,13.1
3591,4,2025-10-30,0.0,34.6,18.6,56.3,0.285,2.0
3592,4,2025-10-31,6.9,32.9,21.3,63.6,0.268,5.0
3593,4,2025-11-01,0.0,35.9,20.9,46.3,0.251,17.8
3594,4,2025-11-02,0.0,36.0,19.2,56.1,0.262,6.9
3595,4,2025-11-03,0.0,32.0,18.6,59.8,0.295,9.9
3596,4,2025-11-04,0.0,36.9,23.0,68.8,0.277,10.2
3597,4,2025-11-05,0.0,32.1,19.5,55.8,0.245,11.4
3598,4,2025-11-06,0.0,34.1,23.2,62.8,0.31,11.4
3599,4,2025-11-07,0.0,34.4,22.4,53.5,0.32,17.5
3600,4,2025-11-08,0.0,35.0,23.6,64.8,0.214,16.3
3601,4,2025-11-09,0.0,32.5,19.7,60.1,0.235,5.6
3602,4,2025-11-10,0.0,34.2,20.6,56.8,0.342,15.1
3603,4,2025-11-11,0.1,37.5,19.9,46.0,0.301,7.5
3604,4,2025-11-12,0.0,37.5,19.3,59.9,0.343,5.0
3605,4,2025-11-13,0.0,37.9,19.6,56.0,0.2,5.5
3606,4,2025-11-14,0.0,32.1,20.1,51.1,0.291,12.1
3607,4,2025-11-15,0.0,36.2,19.3,57.7,0.297,19.0
3608,4,2025-11-16,0.0,34.5,19.7,47.8,0.295,15.0
3609,4,2025-11-17,0.0,33.3,19.9,49.4,0.254,6.4
3610,4,2025-11-18,0.0,37.1,23.5,57.3,0.316,8.5
3611,4,2025-11-19,0.0,32.1,19.2,67.2,0.285,12.3
3612,4,2025-11-20,0.0,37.3,20.8,48.8,0.212,3.7
3613,4,2025-11-21,0.0,34.6,19.4,60.2,0.252,10.8
3614,4,2025-11-22,0.0,34.8,23.3,49.3,0.332,11.7
3615,4,2025-11-23,0.0,37.6,23.8,62.2,0.328,10.4
3616,4,2025-11-24,0.0,34.7,21.5,57.8,0.259,9.9
3617,4,2025-11-25,0.0,36.3,22.4,53.8,0.256,13.4
3618,4,2025-11-26,0.0,35.7,19.3,57.9,0.338,13.6
3619,4,2025-11-27,0.0,32.3,19.3,53.1,0.27,14.0
3620,4,2025-11-28,0.0,37.2,18.0,67.0,0.214,13.6
3621,4,2025-11-29,0.0,37.4,23.4,46.2,0.309,11.1
3622,4,2025-11-30,0.0,37.8,21.4,65.7,0.271,11.2
3623,4,2025-12-01,0.0,26.3,14.3,57.2,0.172,7.3
3624,4,2025-12-02,0.0,29.6,9.9,44.3,0.25,8.3
3625,4,2025-12-03,0.0,28.1,9.4,50.9,0.184,15.2
3626,4,2025-12-04,0.0,30.3,10.4,40.5,0.277,6.1
3627,4,2025-12-05,0.0,27.9,12.9,43.0,0.251,24.8
3628,4,2025-12-06,0.0,28.7,12.3,46.2,0.158,2.0
3629,4,2025-12-07,0.0,28.9,9.1,58.8,0.186,13.3
3630,4,2025-12-08,0.0,29.6,14.0,61.9,0.203,5.3
3631,4,2025-12-09,0.1,30.2,13.0,41.0,0.204,12.0
3632,4,2025-12-10,0.0,27.7,12.2,50.0,0.215,5.0
3633,4,2025-12-11,0.0,26.6,11.2,50.7,0.157,5.7
3634,4,2025-12-12,0.0,28.7,13.5,55.2,0.204,4.3
3635,4,2025-12-13,0.0,28.6,10.7,49.3,0.174,11.8
3636,4,2025-12-14,0.0,29.6,9.4,46.3,0.181,6.9
3637,4,2025-12-15,0.0,29.7,11.6,46.4,0.187,13.7
3638,4,2025-12-16,0.0,30.5,10.0,52.8,0.21,11.8
3639,4,2025-12-17,0.0,29.8,9.2,50.2,0.253,10.0
3640,4,2025-12-18,0.0,26.7,9.9,42.2,0.162,7.8
3641,4,2025-12-19,0.0,26.7,14.0,47.1,0.277,8.3
3642,4,2025-12-20,0.0,30.1,9.1,61.1,0.24,9.6
3643,4,2025-12-21,0.0,30.3,9.6,51.8,0.2,7.0
3644,4,2025-12-22,0.0,26.6,12.2,46.4,0.199,14.0
3645,4,2025-12-23,0.0,30.2,13.7,58.8,0.222,9.7
3646,4,2025-12-24,0.0,26.5,9.3,51.0,0.207,8.3
3647,4,2025-12-25,0.0,29.9,10.3,52.9,0.256,14.3
3648,4,2025-12-26,0.0,28.0,14.5,57.7,0.265,13.7
3649,4,2025-12-27,0.0,29.2,14.2,40.4,0.165,2.6
3650,4,2025-12-28,0.0,28.6,13.7,44.0,0.171,4.4
3651,4,2025-12-29,0.0,27.9,11.4,56.8,0.164,8.0
3652,4,2025-12-30,0.0,27.4,12.6,52.4,0.227,9.8
3653,4,2025-12-31,0.0,30.0,9.0,43.6,0.187,15.6
3654,4,2026-01-01,0.0,26.2,11.6,57.9,0.231,12.2
3655,4,2026-01-02,0.0,30.2,10.4,60.8,0.153,11.8
3656,4,2026-01-03,0.0,27.0,10.7,48.0,0.243,15.5
3657,4,2026-01-04,0.0,30.4,9.2,51.9,0.28,7.6
3658,4,2026-01-05,0.0,26.4,11.1,59.5,0.24,5.9
3659,4,2026-01-06,0.0,30.3,14.1,55.5,0.251,15.3
3660,4,2026-01-07,0.0,26.6,12.6,45.8,0.183,6.2
3661,4,2026-01-08,0.0,29.1,13.9,47.7,0.19,13.3
3662,4,2026-01-09,0.0,26.5,12.5,44.4,0.164,5.3
3663,4,2026-01-10,0.0,27.1,10.5,53.0,0.263,22.1
3664,4,2026-01-11,0.0,27.9,13.4,52.4,0.181,14.6
3665,4,2026-01-12,0.0,27.2,11.3,43.9,0.276,11.2
3666,4,2026-01-13,0.0,28.5,13.4,42.3,0.227,2.0
3667,4,2026-01-14,0.0,27.4,12.6,42.7,0.2,9.3
3668,4,2026-01-15,0.0,27.2,13.2,47.4,0.22,15.6
3669,4,2026-01-16,0.0,27.0,14.1,56.0,0.204,12.6
3670,4,2026-01-17,0.0,29.5,14.3,57.9,0.235,13.9
3671,4,2026-01-18,0.0,29.0,9.7,60.7,0.197,2.8
3672,4,2026-01-19,0.0,28.3,13.8,60.5,0.256,11.9
3673,4,2026-01-20,0.0,29.7,11.7,53.4,0.245,7.6
3674,4,2026-01-21,0.0,26.6,10.0,54.9,0.275,8.5
3675,4,2026-01-22,0.0,30.3,13.6,61.1,0.244,7.9
3676,4,2026-01-23,0.0,29.3,12.1,55.7,0.172,18.2
3677,4,2026-01-24,0.0,26.9,12.7,61.9,0.215,14.2
3678,4,2026-01-25,0.0,29.9,9.7,58.1,0.203,6.1
3679,4,2026-01-26,0.0,28.7,11.5,42.2,0.154,11.8
3680,4,2026-01-27,0.0,27.4,10.5,48.2,0.157,13.2
3681,4,2026-01-28,0.0,29.4,9.7,59.8,0.191,14.7
3682,4,2026-01-29,1.8,30.1,12.2,42.7,0.237,12.1
3683,4,2026-01-30,0.0,28.6,13.4,59.6,0.187,8.5
3684,4,2026-01-31,0.0,26.6,11.1,55.8,0.256,19.2
3685,4,2026-02-01,0.0,32.6,21.0,65.4,0.195,13.6
3686,4,2026-02-02,0.0,32.1,22.6,56.3,0.286,8.7
3687,4,2026-02-03,0.0,33.0,20.5,68.2,0.303,6.7
3688,4,2026-02-04,0.0,34.8,22.7,69.2,0.308,13.9
3689,4,2026-02-05,0.0,36.2,20.5,62.1,0.287,14.2
3690,4,2026-02-06,0.0,37.8,19.9,68.4,0.233,7.1
3691,4,2026-02-07,0.0,37.3,21.1,45.6,0.291,11.3
3692,4,2026-02-08,0.0,38.0,23.1,61.6,0.236,7.6
3693,4,2026-02-09,0.0,33.8,18.3,45.9,0.338,8.7
3694,4,2026-02-10,0.0,34.2,18.8,50.9,0.329,23.4
3695,4,2026-02-11,0.0,33.3,21.2,48.4,0.301,9.9
3696,4,2026-02-12,0.0,33.2,23.1,62.1,0.187,7.7
3697,4,2026-02-13,0.0,35.4,18.2,58.1,0.198,17.2
3698,4,2026-02-14,0.0,32.8,19.9,69.9,0.301,8.9
3699,4,2026-02-15,0.0,37.7,22.9,60.3,0.235,8.5
3700,4,2026-02-16,0.0,37.3,23.7,62.2,0.276,15.4
3701,4,2026-02-17,0.0,35.4,21.2,55.0,0.181,11.8
3702,4,2026-02-18,0.0,32.7,19.4,69.7,0.305,8.5
3703,4,2026-02-19,0.0,32.2,20.0,51.8,0.258,8.5
3704,4,2026-02-20,0.0,35.7,18.5,45.8,0.288,12.0
3705,4,2026-02-21,0.0,33.9,23.9,54.5,0.311,17.4
3706,4,2026-02-22,0.0,32.1,20.0,50.2,0.191,11.2
3707,4,2026-02-23,0.0,34.4,23.2,49.8,0.272,9.8
3708,4,2026-02-24,0.0,36.1,23.6,52.3,0.258,6.3
3709,4,2026-02-25,0.0,34.2,21.7,55.2,0.258,7.3
3710,4,2026-02-26,0.0,36.2,23.9,50.7,0.303,8.2
3711,4,2026-02-27,0.0,33.6,18.2,46.9,0.285,12.1
3712,4,2026-02-28,0.0,34.0,20.0,63.7,0.319,12.3
3713,4,2026-03-01,0.0,33.8,23.2,50.1,0.21,7.8
3714,4,2026-03-02,0.0,34.7,22.3,50.6,0.243,9.6
3715,4,2026-03-03,0.0,32.9,22.4,57.9,0.244,3.6
3716,4,2026-03-04,0.0,34.8,23.2,49.8,0.312,12.9
3717,4,2026-03-05,0.0,37.3,19.7,68.6,0.209,12.6
3718,4,2026-03-06,0.0,35.2,19.3,46.4,0.327,13.9
3719,4,2026-03-07,0.0,32.2,21.8,66.5,0.316,15.1
3720,4,2026-03-08,0.0,32.4,20.3,54.7,0.259,18.5
3721,4,2026-03-09,0.0,32.9,23.1,65.4,0.25,8.7
3722,4,2026-03-10,0.0,35.1,19.0,51.9,0.273,10.8
3723,4,2026-03-11,0.0,35.4,23.2,49.8,0.23,10.3
3724,4,2026-03-12,0.0,35.0,23.6,59.2,0.213,15.9
3725,4,2026-03-13,0.0,34.8,22.2,54.6,0.207,17.0
3726,4,2026-03-14,0.0,33.6,19.0,57.3,0.187,18.9
3727,4,2026-03-15,0.0,35.1,23.9,58.2,0.22,6.0
3728,4,2026-03-16,0.0,33.1,20.2,54.7,0.306,14.2
3729,4,2026-03-17,0.0,34.6,21.9,64.7,0.303,7.4
3730,4,2026-03-18,0.0,37.2,22.1,64.5,0.311,11.4
3731,4,2026-03-19,0.0,37.7,19.7,52.5,0.296,2.0
3732,4,2026-03-20,0.0,32.6,20.2,52.0,0.261,10.9
3733,4,2026-03-21,0.0,34.4,21.3,47.3,0.194,13.0
3734,4,2026-03-22,0.0,33.0,18.1,58.3,0.187,11.8
3735,4,2026-03-23,0.0,36.1,19.7,61.0,0.21,11.8
3736,4,2026-03-24,0.0,33.4,18.9,52.6,0.222,14.6
3737,4,2026-03-25,0.0,36.2,18.3,55.3,0.296,11.0
3738,4,2026-03-26,0.0,36.7,21.8,56.7,0.283,15.9
3739,4,2026-03-27,0.0,35.5,21.0,47.8,0.252,9.4
3740,4,2026-03-28,0.0,36.6,20.4,53.2,0.316,8.6
3741,4,2026-03-29,0.0,37.0,22.0,53.3,0.275,6.2
3742,4,2026-03-30,0.0,35.0,23.4,61.4,0.274,11.0
3743,4,2026-03-31,0.0,34.0,23.9,53.3,0.267,14.0
3744,4,2026-04-01,0.0,44.0,28.9,29.3,0.115,13.8
3745,4,2026-04-02,0.0,45.3,28.6,36.0,0.168,4.0
3746,4,2026-04-03,0.0,44.5,28.6,24.5,0.134,16.8
3747,4,2026-04-04,0.0,46.5,30.0,29.6,0.09,7.3
3748,4,2026-04-05,0.0,43.2,26.9,28.6,0.082,17.8
3749,4,2026-04-06,0.0,42.6,30.5,30.0,0.156,9.3
3750,4,2026-04-07,1.2,45.2,28.4,36.1,0.168,11.0
3751,4,2026-04-08,0.0,45.5,30.7,25.4,0.09,7.7
3752,4,2026-04-09,0.0,45.0,30.0,23.2,0.104,18.3
3753,4,2026-04-10,0.0,41.3,30.3,28.2,0.084,14.6
3754,4,2026-04-11,0.0,44.9,27.8,27.9,0.101,14.0
3755,4,2026-04-12,0.0,45.9,30.9,23.1,0.172,14.3
3756,4,2026-04-13,0.0,42.6,30.2,24.8,0.155,19.5
3757,4,2026-04-14,0.0,44.2,29.0,24.7,0.159,5.9
3758,4,2026-04-15,0.0,45.0,27.9,28.9,0.102,16.1
3759,4,2026-04-16,0.0,44.6,26.1,33.6,0.148,8.8
3760,4,2026-04-17,0.0,41.1,29.3,35.6,0.125,9.4
3761,4,2026-04-18,0.0,42.9,29.2,21.0,0.157,9.2
3762,4,2026-04-19,0.0,45.3,27.1,20.1,0.104,6.4
3763,4,2026-04-20,0.0,45.9,30.3,34.6,0.09,16.9
3764,4,2026-04-21,0.0,46.2,29.0,34.3,0.093,10.6
3765,4,2026-04-22,0.0,44.7,26.8,25.4,0.125,3.7
3766,4,2026-04-23,0.0,41.3,26.8,23.8,0.141,2.0
3767,4,2026-04-24,0.0,45.1,29.8,35.0,0.114,14.9
3768,4,2026-04-25,0.0,42.5,30.9,26.3,0.172,10.0
3769,4,2026-04-26,0.0,42.7,27.6,29.3,0.108,17.6
3770,4,2026-04-27,0.0,41.6,27.1,34.0,0.137,13.5
3771,4,2026-04-28,0.0,43.0,30.0,28.0,0.087,7.0
3772,4,2026-04-29,0.0,41.4,28.2,31.9,0.168,11.3
3773,4,2026-04-30,0.0,44.5,29.8,27.7,0.154,10.6
3774,4,2026-05-01,0.0,42.5,30.4,36.3,0.099,13.9
3775,4,2026-05-02,0.0,43.9,30.5,37.5,0.126,7.7
3776,4,2026-05-03,0.0,45.8,28.3,28.0,0.123,13.0
3777,4,2026-05-04,0.0,43.1,29.2,33.3,0.107,6.3
3778,4,2026-05-05,0.0,41.3,26.7,26.2,0.118,7.6
3779,4,2026-05-06,0.0,42.8,30.2,25.8,0.103,11.6
3780,4,2026-05-07,0.0,42.9,26.4,27.7,0.165,14.3
3781,4,2026-05-08,0.0,45.5,28.0,20.1,0.123,24.1
3782,4,2026-05-09,0.0,42.4,28.0,27.3,0.091,15.8
3783,4,2026-05-10,0.0,45.9,30.7,32.8,0.096,13.7
3784,4,2026-05-11,0.0,41.5,29.7,27.2,0.085,12.8
3785,4,2026-05-12,0.0,41.9,27.7,26.3,0.161,5.2
3786,4,2026-05-13,0.0,42.5,30.7,27.7,0.102,13.6
3787,4,2026-05-14,0.0,46.2,30.8,20.4,0.129,14.4
3788,4,2026-05-15,0.0,42.2,26.0,22.0,0.147,6.3
3789,4,2026-05-16,0.0,46.2,30.1,30.8,0.113,9.8
3790,4,2026-05-17,0.0,43.3,28.2,21.8,0.102,10.7
3791,4,2026-05-18,0.0,46.3,30.5,36.3,0.158,11.7
3792,4,2026-05-19,0.0,44.6,30.5,22.8,0.097,10.8
3793,4,2026-05-20,0.0,43.9,31.0,21.7,0.086,11.3
3794,4,2026-05-21,0.0,44.1,29.8,35.5,0.16,5.4
3795,4,2026-05-22,0.0,44.5,28.6,21.8,0.087,9.5
3796,4,2026-05-23,0.0,41.3,30.5,25.0,0.134,5.0
3797,4,2026-05-24,0.0,42.8,27.5,26.7,0.095,15.9
3798,4,2026-05-25,0.0,41.9,28.0,25.7,0.11,4.7
3799,4,2026-05-26,0.0,46.1,28.3,28.2,0.093,11.7
3800,4,2026-05-27,0.0,41.5,30.2,27.2,0.178,18.4
3801,4,2026-05-28,0.0,43.5,27.5,25.4,0.178,15.5
3802,4,2026-05-29,0.0,42.1,28.7,28.5,0.092,11.2
3803,4,2026-05-30,0.0,41.6,26.4,30.4,0.114,2.0
3804,4,2026-05-31,0.0,43.0,27.3,29.1,0.134,10.2
3805,4,2026-06-01,25.6,36.9,20.5,55.2,0.34,14.4
3806,4,2026-06-02,0.0,32.6,21.2,66.0,0.227,10.6
3807,4,2026-06-03,0.0,36.0,19.3,64.9,0.327,13.1
3808,4,2026-06-04,20.0,33.7,21.1,62.2,0.216,7.2
3809,4,2026-06-05,0.0,36.6,21.8,69.3,0.262,7.4
3810,4,2026-06-06,0.0,34.6,20.9,65.4,0.348,10.0
3811,4,2026-06-07,30.5,36.2,21.8,48.5,0.335,10.6
3812,4,2026-06-08,23.5,34.1,20.3,58.8,0.322,14.7
3813,4,2026-06-09,0.0,33.3,20.1,66.6,0.184,7.5
3814,4,2026-06-10,0.0,33.5,20.0,52.0,0.198,16.4
3815,4,2026-06-11,28.3,36.2,20.5,51.4,0.29,10.9
3816,4,2026-06-12,0.0,37.0,23.0,47.5,0.211,12.6
3817,4,2026-06-13,0.0,36.8,19.1,55.9,0.3,7.5
3818,4,2026-06-14,0.0,37.4,20.3,57.3,0.319,6.7
3819,4,2026-06-15,27.7,36.1,19.5,52.8,0.316,4.4
3820,4,2026-06-16,0.0,35.1,18.6,67.2,0.262,10.2
3821,4,2026-06-17,0.0,34.5,21.7,63.8,0.314,2.0
3822,4,2026-06-18,10.5,36.9,23.2,63.0,0.263,9.5
3823,4,2026-06-19,0.0,32.3,20.4,54.8,0.301,13.8
3824,4,2026-06-20,28.4,37.8,19.7,62.6,0.344,6.0
3825,4,2026-06-21,0.0,38.0,23.0,55.8,0.271,14.4
3826,4,2026-06-22,0.0,36.3,21.2,58.3,0.193,9.4
3827,4,2026-06-23,0.0,37.7,22.0,45.6,0.18,5.9
3828,4,2026-06-24,33.2,32.6,23.5,51.1,0.267,12.1
3829,4,2026-06-25,0.0,34.9,19.4,54.8,0.336,17.1
3830,4,2026-06-26,0.0,37.7,22.5,65.2,0.326,10.1
3831,4,2026-06-27,14.1,33.5,22.3,57.3,0.234,17.4
3832,4,2026-06-28,14.0,35.0,22.4,50.3,0.243,16.7
3833,4,2026-06-29,0.0,32.9,22.4,62.1,0.287,19.6
3834,4,2026-06-30,0.0,32.3,22.1,58.1,0.25,8.8
3835,4,2026-07-01,0.1,31.5,25.0,87.1,0.451,5.7
3836,4,2026-07-02,17.5,31.7,23.9,97.2,0.562,8.2
3837,4,2026-07-03,18.7,29.4,23.7,81.1,0.57,15.0
3838,4,2026-07-04,18.2,30.4,23.2,97.5,0.567,18.3
3839,4,2026-07-05,2.0,30.2,23.7,89.8,0.463,6.9
3840,4,2026-07-06,2.6,32.8,24.0,91.2,0.467,15.0
3841,4,2026-07-07,55.5,32.6,24.2,100.0,0.807,10.4
3842,4,2026-07-08,24.5,28.1,25.3,85.3,0.608,19.0
3843,4,2026-07-09,2.9,31.2,23.8,94.7,0.469,23.0
3844,4,2026-07-10,47.0,29.1,25.7,100.0,0.752,10.6
3845,4,2026-07-11,0.7,29.3,25.5,93.5,0.455,8.9
3846,4,2026-07-12,91.8,31.2,25.4,93.8,1.0,7.8
3847,4,2026-07-13,2.9,30.3,25.9,82.9,0.469,12.8
3848,4,2026-07-14,0.8,32.0,23.4,95.2,0.455,4.0
3849,4,2026-07-15,53.5,31.3,23.2,96.4,0.794,9.4
3850,4,2026-07-16,1.7,29.2,25.0,90.0,0.461,4.7
3851,4,2026-07-17,2.7,28.0,24.3,82.0,0.467,11.8
3852,4,2026-07-18,42.1,31.9,24.1,98.0,0.721,11.3
3853,4,2026-07-19,61.3,31.3,25.9,98.9,0.844,12.6
3854,4,2026-07-20,45.8,29.2,25.0,100.0,0.744,12.2
3855,4,2026-07-21,32.3,31.1,25.1,100.0,0.658,7.2
3856,4,2026-07-22,70.0,32.4,23.8,95.5,0.9,16.9
3857,4,2026-07-23,39.3,28.5,25.7,100.0,0.703,15.2
3858,4,2026-07-24,27.8,30.9,24.5,91.2,0.629,9.9
3859,4,2026-07-25,103.3,30.3,23.8,100.0,1.0,22.6
3860,4,2026-07-26,64.9,32.7,24.3,97.9,0.867,15.4
3861,4,2026-07-27,57.9,30.8,25.9,100.0,0.822,6.2
3862,4,2026-07-28,0.3,28.6,25.9,92.5,0.452,15.0
3863,4,2026-07-29,1.3,29.5,24.7,79.0,0.458,16.6
3864,4,2026-07-30,33.2,29.7,24.7,96.1,0.663,8.6
3865,4,2026-07-31,46.5,32.7,23.3,94.0,0.749,11.1
3866,4,2026-08-01,2.4,31.8,25.6,95.9,0.465,11.4
3867,4,2026-08-02,44.4,32.2,23.7,100.0,0.735,10.7
3868,4,2026-08-03,41.5,31.7,25.2,95.4,0.717,7.3
3869,4,2026-08-04,21.1,28.6,23.6,79.6,0.586,15.8
3870,4,2026-08-05,88.2,28.1,25.7,94.6,1.0,2.0
3871,4,2026-08-06,10.0,32.7,25.0,87.0,0.514,10.6
3872,4,2026-08-07,86.2,31.5,25.0,100.0,1.0,15.3
3873,4,2026-08-08,11.9,28.1,25.8,84.7,0.526,8.0
3874,4,2026-08-09,25.6,30.5,24.2,88.1,0.615,7.7
3875,4,2026-08-10,2.3,28.9,23.7,82.3,0.465,12.6
3876,4,2026-08-11,45.1,28.4,24.3,94.4,0.74,11.6
3877,4,2026-08-12,19.6,32.8,23.1,88.8,0.576,9.7
3878,4,2026-08-13,78.5,32.0,25.6,100.0,0.955,18.8
3879,4,2026-08-14,2.4,30.5,25.3,79.2,0.465,12.1
3880,4,2026-08-15,0.7,28.8,24.1,95.6,0.455,15.7
3881,4,2026-08-16,0.0,28.3,24.6,77.7,0.45,4.5
3882,4,2026-08-17,46.5,28.7,24.0,91.2,0.749,9.3
3883,4,2026-08-18,83.2,30.1,25.4,99.5,0.985,11.1
3884,4,2026-08-19,73.2,32.0,23.8,100.0,0.921,10.9
3885,4,2026-08-20,2.1,28.6,23.6,85.8,0.464,7.0
3886,4,2026-08-21,0.8,31.9,24.2,76.0,0.455,6.6
3887,4,2026-08-22,114.9,32.4,24.9,100.0,1.0,5.5
3888,4,2026-08-23,68.3,32.0,25.3,100.0,0.889,11.0
3889,4,2026-08-24,2.6,30.0,24.1,83.4,0.467,17.8
3890,4,2026-08-25,67.3,31.1,24.4,89.7,0.883,17.9
3891,4,2026-08-26,144.9,30.2,24.1,100.0,1.0,8.5
3892,4,2026-08-27,51.1,29.0,24.8,96.7,0.778,8.6
3893,4,2026-08-28,61.7,30.8,25.6,97.5,0.847,17.2
3894,4,2026-08-29,45.7,30.3,23.5,87.1,0.744,11.2
3895,4,2026-08-30,1.0,30.8,23.6,94.5,0.456,10.8
3896,4,2026-08-31,128.1,29.0,24.6,100.0,1.0,12.1
3897,5,2024-01-01,0.0,27.2,13.5,53.1,0.227,17.3
3898,5,2024-01-02,0.0,30.0,10.9,61.9,0.27,5.6
3899,5,2024-01-03,0.0,27.5,13.3,54.0,0.178,15.4
3900,5,2024-01-04,0.0,28.3,12.2,43.5,0.25,14.9
3901,5,2024-01-05,0.0,29.8,13.3,48.9,0.227,14.3
3902,5,2024-01-06,0.0,27.0,10.2,46.2,0.24,4.0
3903,5,2024-01-07,0.0,30.2,9.7,44.1,0.164,11.7
3904,5,2024-01-08,0.0,29.7,13.1,61.2,0.17,9.1
3905,5,2024-01-09,0.0,26.9,13.6,55.3,0.179,11.9
3906,5,2024-01-10,0.0,27.2,11.7,52.9,0.151,11.2
3907,5,2024-01-11,0.0,26.6,10.5,42.9,0.165,11.2
3908,5,2024-01-12,0.0,27.1,9.6,50.4,0.261,10.3
3909,5,2024-01-13,2.6,27.6,13.5,47.8,0.212,3.9
3910,5,2024-01-14,0.0,29.5,12.0,55.3,0.249,6.5
3911,5,2024-01-15,0.0,27.8,10.3,56.1,0.199,13.8
3912,5,2024-01-16,0.0,29.7,11.8,48.0,0.278,10.4
3913,5,2024-01-17,0.0,29.0,13.1,49.6,0.22,13.2
3914,5,2024-01-18,0.0,27.5,10.9,55.1,0.27,12.0
3915,5,2024-01-19,0.0,28.2,9.1,43.6,0.223,8.2
3916,5,2024-01-20,0.0,28.7,12.9,51.4,0.272,8.7
3917,5,2024-01-21,0.0,28.8,11.0,48.2,0.213,16.8
3918,5,2024-01-22,0.0,30.2,13.0,44.4,0.264,9.8
3919,5,2024-01-23,0.0,28.3,13.6,53.6,0.19,12.0
3920,5,2024-01-24,0.0,29.8,12.8,50.9,0.22,8.7
3921,5,2024-01-25,0.0,29.4,10.1,60.6,0.168,5.2
3922,5,2024-01-26,0.0,27.1,9.7,46.8,0.248,17.8
3923,5,2024-01-27,0.0,30.2,9.0,46.0,0.189,16.0
3924,5,2024-01-28,0.0,27.8,11.9,60.7,0.262,6.3
3925,5,2024-01-29,0.0,29.1,9.9,57.4,0.24,12.1
3926,5,2024-01-30,0.0,30.5,9.7,54.6,0.199,7.4
3927,5,2024-01-31,0.0,29.2,9.3,48.0,0.2,6.1
3928,5,2024-02-01,0.0,32.1,22.4,69.5,0.246,15.1
3929,5,2024-02-02,0.0,33.9,23.8,67.6,0.347,8.8
3930,5,2024-02-03,1.8,34.8,22.7,68.0,0.34,10.7
3931,5,2024-02-04,0.0,37.7,23.1,62.9,0.28,13.1
3932,5,2024-02-05,0.0,34.5,19.8,45.3,0.291,17.0
3933,5,2024-02-06,0.0,37.9,23.0,46.5,0.282,21.3
3934,5,2024-02-07,0.0,33.1,23.6,48.5,0.313,17.0
3935,5,2024-02-08,0.0,37.0,21.0,52.0,0.227,12.0
3936,5,2024-02-09,0.0,32.9,20.3,68.7,0.277,15.2
3937,5,2024-02-10,0.0,32.7,19.2,66.3,0.226,15.5
3938,5,2024-02-11,0.0,37.0,21.3,53.2,0.304,9.3
3939,5,2024-02-12,0.0,33.2,21.6,65.0,0.275,15.7
3940,5,2024-02-13,0.0,34.3,20.9,59.7,0.335,15.8
3941,5,2024-02-14,0.0,34.1,21.5,52.0,0.199,16.8
3942,5,2024-02-15,0.0,35.8,19.2,48.5,0.311,8.2
3943,5,2024-02-16,0.0,32.5,18.5,47.6,0.237,9.8
3944,5,2024-02-17,0.0,37.7,18.1,61.9,0.231,17.0
3945,5,2024-02-18,0.0,36.8,22.9,64.9,0.195,5.7
3946,5,2024-02-19,0.0,33.5,21.4,53.5,0.222,15.3
3947,5,2024-02-20,0.0,36.3,21.4,57.6,0.222,16.1
3948,5,2024-02-21,0.0,33.4,19.1,47.0,0.274,13.5
3949,5,2024-02-22,0.0,35.7,23.0,65.2,0.338,19.3
3950,5,2024-02-23,0.0,32.8,21.7,53.7,0.277,12.6
3951,5,2024-02-24,0.0,33.3,21.8,62.4,0.251,13.0
3952,5,2024-02-25,0.0,33.0,19.6,49.9,0.244,14.2
3953,5,2024-02-26,0.0,35.2,20.8,49.5,0.2,10.0
3954,5,2024-02-27,0.0,33.2,22.6,57.2,0.271,11.6
3955,5,2024-02-28,0.0,33.4,18.7,51.6,0.321,2.4
3956,5,2024-02-29,0.0,32.2,19.9,68.0,0.276,22.0
3957,5,2024-03-01,0.0,37.5,18.9,64.6,0.265,10.2
3958,5,2024-03-02,0.0,37.0,21.8,60.1,0.318,11.6
3959,5,2024-03-03,0.0,35.3,21.1,52.9,0.235,7.5
3960,5,2024-03-04,0.0,33.0,23.8,57.0,0.317,14.8
3961,5,2024-03-05,0.0,35.6,19.8,66.8,0.281,11.2
3962,5,2024-03-06,0.0,37.5,20.8,64.0,0.281,16.1
3963,5,2024-03-07,0.0,33.4,23.7,64.5,0.233,4.9
3964,5,2024-03-08,0.1,35.1,21.9,50.3,0.282,13.1
3965,5,2024-03-09,2.2,35.0,22.5,57.8,0.311,10.5
3966,5,2024-03-10,0.0,36.8,21.1,52.4,0.221,13.5
3967,5,2024-03-11,0.0,35.2,23.7,65.3,0.301,8.8
3968,5,2024-03-12,0.0,33.4,22.6,64.2,0.322,5.3
3969,5,2024-03-13,0.0,37.5,18.5,47.2,0.289,21.9
3970,5,2024-03-14,0.0,32.5,22.7,45.3,0.269,14.9
3971,5,2024-03-15,0.0,34.4,23.5,52.1,0.199,15.4
3972,5,2024-03-16,0.0,32.8,18.5,63.7,0.302,5.1
3973,5,2024-03-17,0.0,33.7,22.3,68.3,0.231,11.8
3974,5,2024-03-18,0.0,33.2,18.9,62.7,0.203,15.5
3975,5,2024-03-19,0.0,33.6,22.7,69.8,0.319,13.8
3976,5,2024-03-20,0.0,35.8,22.4,58.4,0.326,2.1
3977,5,2024-03-21,0.0,36.0,18.2,48.5,0.265,7.5
3978,5,2024-03-22,0.0,37.1,23.1,64.4,0.242,10.3
3979,5,2024-03-23,0.0,36.7,18.1,47.6,0.237,9.2
3980,5,2024-03-24,0.0,32.9,20.0,46.0,0.26,17.9
3981,5,2024-03-25,0.0,36.8,20.0,48.1,0.183,18.1
3982,5,2024-03-26,0.0,34.4,18.3,57.7,0.306,7.0
3983,5,2024-03-27,0.0,36.1,18.7,67.2,0.235,12.6
3984,5,2024-03-28,0.0,34.3,18.0,55.0,0.289,12.0
3985,5,2024-03-29,0.0,37.9,20.6,59.1,0.198,8.8
3986,5,2024-03-30,0.0,37.3,21.6,54.8,0.22,17.5
3987,5,2024-03-31,0.0,36.4,21.4,60.8,0.245,18.7
3988,5,2024-04-01,0.0,46.2,29.1,25.4,0.104,14.0
3989,5,2024-04-02,0.0,41.8,30.2,22.0,0.113,13.0
3990,5,2024-04-03,0.0,45.6,31.0,21.1,0.157,21.9
3991,5,2024-04-04,0.0,45.9,26.7,35.2,0.105,8.8
3992,5,2024-04-05,0.0,42.0,29.3,30.2,0.085,16.1
3993,5,2024-04-06,0.0,44.3,30.7,22.3,0.143,8.1
3994,5,2024-04-07,0.0,45.8,27.1,22.7,0.154,12.0
3995,5,2024-04-08,0.0,41.4,27.7,36.4,0.174,7.6
3996,5,2024-04-09,0.0,45.7,28.2,26.8,0.16,11.5
3997,5,2024-04-10,0.0,44.1,26.9,21.0,0.087,9.0
3998,5,2024-04-11,0.0,45.5,27.4,29.7,0.095,10.9
3999,5,2024-04-12,0.8,45.5,29.8,27.7,0.127,9.6
4000,5,2024-04-13,0.0,43.4,28.6,27.9,0.118,14.0
4001,5,2024-04-14,0.0,43.8,26.9,24.7,0.177,12.0
4002,5,2024-04-15,0.0,43.5,27.2,29.0,0.161,14.6
4003,5,2024-04-16,0.0,46.5,28.4,34.6,0.096,10.2
4004,5,2024-04-17,0.0,45.9,29.7,29.5,0.12,10.1
4005,5,2024-04-18,0.0,41.2,26.7,22.1,0.153,10.9
4006,5,2024-04-19,0.0,46.0,27.2,22.8,0.16,11.6
4007,5,2024-04-20,0.0,43.6,29.6,27.8,0.152,6.2
4008,5,2024-04-21,0.0,42.7,29.4,29.5,0.135,9.9
4009,5,2024-04-22,0.0,41.4,28.4,26.1,0.103,8.4
4010,5,2024-04-23,0.0,42.2,28.7,25.0,0.162,4.9
4011,5,2024-04-24,1.7,46.1,26.5,21.8,0.172,12.5
4012,5,2024-04-25,0.0,41.6,28.5,32.7,0.166,6.3
4013,5,2024-04-26,0.0,45.7,27.9,26.0,0.098,14.5
4014,5,2024-04-27,1.6,45.4,26.1,27.7,0.124,5.6
4015,5,2024-04-28,0.0,45.0,28.8,32.7,0.102,11.7
4016,5,2024-04-29,0.2,42.2,26.4,36.2,0.126,12.3
4017,5,2024-04-30,0.0,42.2,27.2,20.0,0.15,6.7
4018,5,2024-05-01,0.0,41.9,28.6,36.8,0.143,16.1
4019,5,2024-05-02,0.0,46.1,30.0,21.6,0.171,11.0
4020,5,2024-05-03,0.0,44.1,27.0,23.9,0.082,3.5
4021,5,2024-05-04,0.0,44.7,26.7,31.8,0.106,14.4
4022,5,2024-05-05,0.8,46.0,29.0,27.8,0.106,10.7
4023,5,2024-05-06,0.0,41.0,28.0,21.7,0.12,12.1
4024,5,2024-05-07,0.0,45.2,28.6,24.6,0.108,15.1
4025,5,2024-05-08,0.0,42.1,27.1,29.0,0.112,12.6
4026,5,2024-05-09,0.0,43.9,26.1,27.9,0.128,10.8
4027,5,2024-05-10,0.0,45.3,30.5,21.1,0.115,13.3
4028,5,2024-05-11,0.0,46.1,30.9,29.0,0.083,9.7
4029,5,2024-05-12,0.0,44.5,31.0,36.4,0.125,4.1
4030,5,2024-05-13,0.0,43.9,28.8,21.2,0.168,10.1
4031,5,2024-05-14,0.0,41.9,30.3,36.8,0.172,12.0
4032,5,2024-05-15,0.0,46.2,26.8,23.1,0.103,11.0
4033,5,2024-05-16,0.0,45.6,29.1,28.0,0.133,15.6
4034,5,2024-05-17,0.0,41.1,26.8,35.3,0.102,9.3
4035,5,2024-05-18,0.0,45.9,26.7,24.6,0.155,9.9
4036,5,2024-05-19,0.0,43.9,30.2,32.5,0.094,19.5
4037,5,2024-05-20,0.0,45.5,26.1,27.4,0.108,7.8
4038,5,2024-05-21,0.0,45.6,29.7,29.8,0.107,17.3
4039,5,2024-05-22,0.0,45.1,26.7,32.0,0.175,11.7
4040,5,2024-05-23,0.0,42.5,26.8,20.0,0.093,13.7
4041,5,2024-05-24,0.0,45.9,29.0,25.6,0.095,7.8
4042,5,2024-05-25,0.0,45.3,30.4,30.3,0.11,10.5
4043,5,2024-05-26,0.0,43.8,26.4,28.4,0.155,15.7
4044,5,2024-05-27,0.0,44.2,30.0,30.6,0.121,3.5
4045,5,2024-05-28,0.0,42.5,27.2,31.0,0.12,13.0
4046,5,2024-05-29,0.0,41.4,30.8,31.2,0.129,10.2
4047,5,2024-05-30,0.0,43.0,26.7,34.4,0.172,13.7
4048,5,2024-05-31,0.0,44.0,30.0,29.7,0.137,6.3
4049,5,2024-06-01,0.0,36.0,23.3,47.3,0.258,13.8
4050,5,2024-06-02,26.1,32.9,20.7,54.9,0.195,12.4
4051,5,2024-06-03,0.0,32.8,21.2,62.8,0.212,11.3
4052,5,2024-06-04,0.0,33.9,22.1,56.7,0.198,16.5
4053,5,2024-06-05,0.0,35.0,20.1,50.3,0.335,15.4
4054,5,2024-06-06,0.0,37.7,20.4,49.1,0.261,11.4
4055,5,2024-06-07,0.0,33.2,18.3,63.6,0.205,15.6
4056,5,2024-06-08,21.5,37.7,21.8,59.8,0.311,13.5
4057,5,2024-06-09,0.0,32.5,22.7,65.1,0.345,7.5
4058,5,2024-06-10,0.0,35.7,21.8,67.0,0.181,22.5
4059,5,2024-06-11,0.0,37.8,23.8,58.2,0.198,12.0
4060,5,2024-06-12,0.0,36.6,23.2,45.2,0.341,10.4
4061,5,2024-06-13,0.0,35.9,23.9,46.4,0.276,11.8
4062,5,2024-06-14,18.6,36.1,22.8,46.9,0.266,10.2
4063,5,2024-06-15,0.0,35.0,23.8,65.0,0.318,9.6
4064,5,2024-06-16,0.0,33.9,21.8,48.7,0.348,14.8
4065,5,2024-06-17,21.5,35.6,22.4,54.0,0.344,10.9
4066,5,2024-06-18,18.1,35.9,19.6,64.1,0.318,3.9
4067,5,2024-06-19,15.5,34.2,22.3,45.9,0.346,13.1
4068,5,2024-06-20,0.0,35.5,22.8,67.6,0.209,12.5
4069,5,2024-06-21,0.0,35.9,18.9,61.8,0.324,12.4
4070,5,2024-06-22,0.0,33.6,21.5,49.6,0.261,8.6
4071,5,2024-06-23,0.0,34.3,23.5,55.3,0.209,7.7
4072,5,2024-06-24,0.0,37.5,20.9,66.3,0.346,3.6
4073,5,2024-06-25,33.6,36.9,22.5,53.7,0.255,10.4
4074,5,2024-06-26,22.4,37.8,23.6,50.7,0.239,15.4
4075,5,2024-06-27,0.0,37.2,23.7,49.8,0.335,19.2
4076,5,2024-06-28,0.0,34.9,22.8,52.0,0.183,20.0
4077,5,2024-06-29,0.0,35.3,22.9,52.0,0.284,13.7
4078,5,2024-06-30,0.0,34.4,21.4,62.4,0.2,11.3
4079,5,2024-07-01,28.2,32.8,24.0,81.6,0.631,3.7
4080,5,2024-07-02,41.6,31.2,25.1,95.9,0.717,12.0
4081,5,2024-07-03,59.7,32.0,23.1,100.0,0.834,15.3
4082,5,2024-07-04,2.2,29.0,23.8,80.9,0.464,4.6
4083,5,2024-07-05,0.5,32.0,24.6,84.3,0.453,3.4
4084,5,2024-07-06,33.9,30.7,24.1,100.0,0.668,19.2
4085,5,2024-07-07,0.7,29.2,25.5,78.8,0.455,7.0
4086,5,2024-07-08,89.6,29.0,23.3,100.0,1.0,10.5
4087,5,2024-07-09,19.8,31.7,24.6,91.5,0.577,10.3
4088,5,2024-07-10,3.0,29.2,25.4,79.8,0.469,7.1
4089,5,2024-07-11,0.5,31.2,25.4,83.9,0.453,17.8
4090,5,2024-07-12,39.5,29.4,23.9,87.4,0.704,7.8
4091,5,2024-07-13,44.6,28.0,23.8,100.0,0.737,20.6
4092,5,2024-07-14,112.0,30.9,24.2,100.0,1.0,14.7
4093,5,2024-07-15,1.1,31.3,23.7,92.1,0.457,8.3
4094,5,2024-07-16,2.1,28.1,25.2,87.1,0.464,10.1
4095,5,2024-07-17,61.6,29.4,24.8,100.0,0.846,12.7
4096,5,2024-07-18,29.7,31.7,24.5,89.0,0.641,11.9
4097,5,2024-07-19,31.5,29.2,24.8,93.9,0.653,20.6
4098,5,2024-07-20,50.0,30.5,23.5,100.0,0.771,14.8
4099,5,2024-07-21,2.5,29.0,24.5,76.3,0.466,11.2
4100,5,2024-07-22,1.1,29.6,24.4,78.4,0.457,9.7
4101,5,2024-07-23,47.6,32.8,25.8,87.4,0.756,8.8
4102,5,2024-07-24,0.5,30.7,23.5,91.2,0.453,20.2
4103,5,2024-07-25,46.0,30.8,23.7,85.1,0.746,12.4
4104,5,2024-07-26,62.1,32.9,25.7,98.6,0.849,15.7
4105,5,2024-07-27,55.9,31.6,24.6,89.1,0.809,15.8
4106,5,2024-07-28,77.8,32.8,23.4,100.0,0.95,11.9
4107,5,2024-07-29,40.3,31.1,24.3,83.7,0.709,15.2
4108,5,2024-07-30,47.5,30.3,23.4,95.8,0.755,7.8
4109,5,2024-07-31,26.6,31.5,25.3,85.1,0.621,5.1
4110,5,2024-08-01,29.3,31.7,24.4,96.5,0.638,17.8
4111,5,2024-08-02,14.6,30.8,23.6,90.4,0.544,3.3
4112,5,2024-08-03,26.7,30.0,25.1,100.0,0.622,16.7
4113,5,2024-08-04,22.3,29.6,25.9,83.6,0.593,17.5
4114,5,2024-08-05,36.6,28.6,24.6,96.1,0.685,8.9
4115,5,2024-08-06,0.9,28.8,25.5,92.2,0.456,15.5
4116,5,2024-08-07,33.1,31.9,25.8,84.0,0.663,4.9
4117,5,2024-08-08,35.3,30.9,24.4,90.7,0.677,3.9
4118,5,2024-08-09,14.9,28.1,23.3,78.5,0.546,2.0
4119,5,2024-08-10,59.5,31.0,24.0,100.0,0.833,3.9
4120,5,2024-08-11,39.6,30.1,23.1,95.8,0.705,8.4
4121,5,2024-08-12,32.2,31.6,25.0,91.1,0.657,16.9
4122,5,2024-08-13,16.5,28.8,25.5,90.4,0.556,5.1
4123,5,2024-08-14,18.3,28.4,23.2,99.2,0.568,11.3
4124,5,2024-08-15,41.1,28.7,24.8,100.0,0.714,16.0
4125,5,2024-08-16,40.0,29.0,23.3,92.4,0.707,10.2
4126,5,2024-08-17,55.1,31.6,23.6,100.0,0.804,4.0
4127,5,2024-08-18,48.1,30.9,25.0,88.3,0.759,9.5
4128,5,2024-08-19,25.4,32.7,23.6,99.9,0.613,18.8
4129,5,2024-08-20,1.2,29.0,24.6,82.5,0.458,10.4
4130,5,2024-08-21,40.0,31.8,25.6,91.2,0.707,13.6
4131,5,2024-08-22,22.6,28.5,24.4,90.0,0.595,18.8
4132,5,2024-08-23,47.2,29.0,25.4,100.0,0.753,9.7
4133,5,2024-08-24,1.6,30.1,24.3,91.8,0.46,10.6
4134,5,2024-08-25,2.8,31.0,24.7,83.9,0.468,7.8
4135,5,2024-08-26,47.4,32.4,24.0,94.5,0.755,8.0
4136,5,2024-08-27,69.3,32.4,24.9,95.0,0.895,14.3
4137,5,2024-08-28,44.2,28.1,23.3,97.7,0.734,9.4
4138,5,2024-08-29,80.1,29.2,24.5,100.0,0.965,17.3
4139,5,2024-08-30,1.4,29.4,24.6,82.3,0.459,7.1
4140,5,2024-08-31,2.7,32.0,23.7,76.6,0.467,4.9
4141,5,2024-09-01,0.0,37.0,19.2,57.9,0.292,16.0
4142,5,2024-09-02,0.0,36.7,22.8,48.6,0.28,14.6
4143,5,2024-09-03,38.2,36.1,21.3,55.2,0.324,16.8
4144,5,2024-09-04,16.7,32.6,20.7,46.3,0.266,13.0
4145,5,2024-09-05,0.0,35.8,23.7,52.3,0.201,14.9
4146,5,2024-09-06,0.0,33.5,19.7,46.1,0.244,5.6
4147,5,2024-09-07,0.0,34.3,23.0,67.4,0.295,14.6
4148,5,2024-09-08,0.0,34.6,22.7,45.6,0.336,11.4
4149,5,2024-09-09,14.8,36.5,22.8,63.5,0.319,16.2
4150,5,2024-09-10,11.8,33.3,22.8,64.8,0.336,19.1
4151,5,2024-09-11,0.0,37.4,18.8,60.9,0.224,14.6
4152,5,2024-09-12,0.0,33.3,21.1,63.1,0.198,11.5
4153,5,2024-09-13,0.0,32.7,18.3,61.2,0.185,12.3
4154,5,2024-09-14,0.0,33.9,18.5,61.8,0.266,12.4
4155,5,2024-09-15,0.0,35.8,19.0,47.6,0.222,18.8
4156,5,2024-09-16,0.0,37.0,18.1,53.9,0.208,10.5
4157,5,2024-09-17,0.0,36.5,22.7,63.7,0.18,19.3
4158,5,2024-09-18,0.0,32.8,21.7,59.1,0.247,14.1
4159,5,2024-09-19,0.0,36.8,19.0,63.2,0.264,8.3
4160,5,2024-09-20,16.3,36.5,21.1,54.7,0.21,3.9
4161,5,2024-09-21,0.0,35.5,23.5,61.1,0.191,13.4
4162,5,2024-09-22,0.0,33.6,20.9,61.3,0.253,14.1
4163,5,2024-09-23,0.0,32.5,18.4,46.7,0.288,17.5
4164,5,2024-09-24,0.0,32.9,22.1,65.7,0.219,14.2
4165,5,2024-09-25,0.0,37.9,20.4,57.5,0.332,8.0
4166,5,2024-09-26,0.0,34.8,23.6,63.1,0.22,18.8
4167,5,2024-09-27,0.0,34.2,22.2,45.0,0.326,5.8
4168,5,2024-09-28,0.0,34.1,23.5,58.9,0.26,18.0
4169,5,2024-09-29,0.0,34.5,19.9,58.9,0.307,16.2
4170,5,2024-09-30,26.4,34.7,22.3,48.2,0.303,6.9
4171,5,2024-10-01,0.0,33.8,20.1,54.3,0.18,2.4
4172,5,2024-10-02,0.0,36.7,21.5,54.0,0.263,11.5
4173,5,2024-10-03,0.0,34.2,20.5,45.4,0.187,13.6
4174,5,2024-10-04,0.0,35.9,20.4,48.5,0.229,12.3
4175,5,2024-10-05,0.0,37.2,23.7,63.7,0.339,5.3
4176,5,2024-10-06,0.0,33.0,18.4,64.7,0.253,7.9
4177,5,2024-10-07,0.0,35.8,22.9,49.9,0.284,10.2
4178,5,2024-10-08,0.0,35.5,20.3,51.3,0.287,11.4
4179,5,2024-10-09,0.0,34.8,21.1,46.6,0.209,9.2
4180,5,2024-10-10,0.0,32.8,20.7,67.6,0.19,8.8
4181,5,2024-10-11,0.0,33.9,21.9,52.4,0.277,10.9
4182,5,2024-10-12,0.0,35.2,24.0,59.5,0.212,5.0
4183,5,2024-10-13,0.0,37.5,21.7,54.3,0.275,14.0
4184,5,2024-10-14,0.0,32.6,19.8,59.9,0.283,12.1
4185,5,2024-10-15,1.4,34.1,23.4,55.0,0.194,7.4
4186,5,2024-10-16,0.0,33.4,21.7,48.0,0.328,13.0
4187,5,2024-10-17,0.0,36.4,20.5,47.7,0.23,11.6
4188,5,2024-10-18,0.0,34.0,21.6,68.7,0.181,6.6
4189,5,2024-10-19,0.0,33.7,19.2,55.0,0.209,11.6
4190,5,2024-10-20,0.0,34.1,21.0,47.3,0.251,9.8
4191,5,2024-10-21,0.0,35.3,21.0,51.3,0.276,9.0
4192,5,2024-10-22,0.0,34.0,22.4,62.2,0.342,14.9
4193,5,2024-10-23,0.0,34.7,20.5,55.8,0.327,13.6
4194,5,2024-10-24,0.0,37.1,24.0,46.4,0.21,15.2
4195,5,2024-10-25,0.0,37.1,22.7,46.1,0.269,7.0
4196,5,2024-10-26,0.0,33.4,19.9,57.2,0.301,16.6
4197,5,2024-10-27,0.0,33.7,18.9,51.3,0.346,14.2
4198,5,2024-10-28,0.0,35.0,19.9,63.1,0.189,13.4
4199,5,2024-10-29,0.0,32.3,21.3,46.6,0.281,6.2
4200,5,2024-10-30,0.0,32.3,22.4,65.0,0.217,10.9
4201,5,2024-10-31,0.0,37.8,23.6,55.1,0.321,5.1
4202,5,2024-11-01,0.0,32.8,23.8,49.1,0.254,14.7
4203,5,2024-11-02,0.0,37.2,19.3,66.4,0.309,13.7
4204,5,2024-11-03,0.0,37.9,20.7,56.8,0.329,5.6
4205,5,2024-11-04,1.8,34.3,23.8,59.3,0.32,7.2
4206,5,2024-11-05,0.0,32.7,23.4,53.4,0.311,8.6
4207,5,2024-11-06,0.0,36.2,18.1,48.7,0.345,11.3
4208,5,2024-11-07,0.0,35.5,20.5,65.2,0.312,13.6
4209,5,2024-11-08,0.0,35.2,22.7,60.6,0.219,13.3
4210,5,2024-11-09,0.0,34.1,23.8,51.0,0.285,12.3
4211,5,2024-11-10,0.0,36.7,20.4,49.5,0.21,9.6
4212,5,2024-11-11,0.0,36.8,20.1,68.9,0.182,12.5
4213,5,2024-11-12,0.0,34.4,20.2,61.6,0.289,2.0
4214,5,2024-11-13,0.0,35.8,20.9,57.0,0.303,24.2
4215,5,2024-11-14,0.0,35.4,18.8,52.1,0.345,14.6
4216,5,2024-11-15,0.0,33.6,18.8,63.0,0.34,14.3
4217,5,2024-11-16,0.0,37.1,21.2,46.3,0.23,12.0
4218,5,2024-11-17,0.0,36.7,23.4,48.1,0.32,15.2
4219,5,2024-11-18,0.0,34.4,21.0,48.4,0.262,6.8
4220,5,2024-11-19,0.0,36.9,18.6,65.1,0.343,19.4
4221,5,2024-11-20,0.0,33.5,22.7,51.8,0.209,21.7
4222,5,2024-11-21,0.0,34.1,22.3,53.8,0.237,10.6
4223,5,2024-11-22,0.0,36.5,23.3,61.8,0.308,15.9
4224,5,2024-11-23,0.0,35.4,21.5,45.8,0.199,22.1
4225,5,2024-11-24,0.0,34.1,18.5,60.6,0.205,7.8
4226,5,2024-11-25,0.0,37.1,22.1,64.3,0.302,5.5
4227,5,2024-11-26,0.0,33.5,22.2,60.0,0.3,11.8
4228,5,2024-11-27,0.0,37.4,21.4,69.0,0.244,10.2
4229,5,2024-11-28,0.0,35.5,18.7,62.0,0.348,9.9
4230,5,2024-11-29,0.0,35.4,22.8,52.9,0.211,15.8
4231,5,2024-11-30,0.0,32.0,18.5,49.2,0.189,17.2
4232,5,2024-12-01,0.0,26.9,10.9,44.9,0.271,10.8
4233,5,2024-12-02,0.0,28.0,10.3,52.8,0.26,13.3
4234,5,2024-12-03,0.0,27.2,9.3,44.0,0.243,11.5
4235,5,2024-12-04,0.0,28.9,14.3,61.9,0.236,9.3
4236,5,2024-12-05,0.0,29.4,14.0,58.9,0.255,12.6
4237,5,2024-12-06,0.0,28.2,11.9,60.8,0.183,9.2
4238,5,2024-12-07,1.4,26.9,14.0,61.0,0.211,3.1
4239,5,2024-12-08,0.0,28.2,13.1,42.0,0.211,11.0
4240,5,2024-12-09,0.0,27.0,9.3,52.0,0.252,6.2
4241,5,2024-12-10,0.0,26.5,11.3,51.7,0.264,2.0
4242,5,2024-12-11,0.0,28.7,12.0,56.3,0.197,8.7
4243,5,2024-12-12,0.0,27.5,12.2,47.2,0.26,9.5
4244,5,2024-12-13,0.0,28.2,9.4,61.3,0.251,17.7
4245,5,2024-12-14,0.0,29.3,10.4,40.8,0.18,17.1
4246,5,2024-12-15,0.0,27.0,11.0,55.9,0.263,8.6
4247,5,2024-12-16,0.0,28.4,12.8,61.8,0.26,10.0
4248,5,2024-12-17,0.0,29.9,9.6,57.7,0.203,11.3
4249,5,2024-12-18,0.0,29.1,14.4,61.9,0.184,11.6
4250,5,2024-12-19,0.0,28.0,12.4,58.4,0.225,9.9
4251,5,2024-12-20,0.0,26.7,13.9,46.7,0.185,11.3
4252,5,2024-12-21,0.0,28.2,14.3,51.0,0.279,8.5
4253,5,2024-12-22,0.0,29.1,13.9,40.5,0.277,16.2
4254,5,2024-12-23,0.0,27.8,14.2,47.2,0.204,2.0
4255,5,2024-12-24,0.0,30.5,11.6,61.9,0.2,11.8
4256,5,2024-12-25,0.0,26.7,14.5,61.3,0.199,7.3
4257,5,2024-12-26,0.0,30.1,13.5,49.7,0.25,10.2
4258,5,2024-12-27,0.0,27.9,11.7,45.5,0.242,16.4
4259,5,2024-12-28,0.0,26.5,13.5,56.4,0.237,3.1
4260,5,2024-12-29,0.0,26.8,12.0,47.5,0.186,10.6
4261,5,2024-12-30,0.0,27.8,10.0,57.7,0.166,19.4
4262,5,2024-12-31,1.1,29.2,10.0,41.6,0.255,9.6
4263,5,2025-01-01,0.0,29.6,9.1,48.3,0.251,10.2
4264,5,2025-01-02,1.5,30.2,12.1,56.1,0.207,13.9
4265,5,2025-01-03,0.0,27.4,13.2,50.2,0.165,12.6
4266,5,2025-01-04,0.0,29.4,13.0,55.2,0.279,13.3
4267,5,2025-01-05,0.0,27.4,12.4,57.2,0.174,17.3
4268,5,2025-01-06,0.0,26.5,13.1,44.8,0.256,2.3
4269,5,2025-01-07,0.0,28.9,10.5,46.2,0.165,8.4
4270,5,2025-01-08,0.0,28.9,10.3,54.0,0.257,17.7
4271,5,2025-01-09,0.0,28.8,9.6,52.9,0.212,12.1
4272,5,2025-01-10,2.7,30.1,12.5,42.0,0.232,8.9
4273,5,2025-01-11,0.0,28.2,11.9,40.6,0.258,2.6
4274,5,2025-01-12,0.0,27.5,9.9,44.1,0.228,17.1
4275,5,2025-01-13,0.0,28.0,10.3,54.8,0.208,15.5
4276,5,2025-01-14,0.0,27.4,14.1,56.3,0.213,12.9
4277,5,2025-01-15,0.0,27.8,13.5,41.6,0.164,8.3
4278,5,2025-01-16,0.0,29.6,12.9,49.1,0.198,11.7
4279,5,2025-01-17,0.0,30.4,9.7,59.3,0.276,7.8
4280,5,2025-01-18,0.0,28.8,11.5,48.0,0.197,10.8
4281,5,2025-01-19,0.0,27.6,13.9,40.2,0.227,12.4
4282,5,2025-01-20,0.0,29.9,11.2,55.8,0.164,14.2
4283,5,2025-01-21,0.0,30.1,10.1,56.1,0.222,13.4
4284,5,2025-01-22,0.0,27.6,9.9,41.8,0.177,12.8
4285,5,2025-01-23,0.0,29.5,12.2,47.8,0.158,7.1
4286,5,2025-01-24,0.0,26.3,13.7,57.7,0.273,7.6
4287,5,2025-01-25,0.0,28.3,9.8,48.9,0.268,6.6
4288,5,2025-01-26,0.0,28.5,14.1,60.9,0.261,8.8
4289,5,2025-01-27,0.0,26.5,14.2,46.8,0.196,11.6
4290,5,2025-01-28,0.0,28.3,11.6,40.5,0.163,6.0
4291,5,2025-01-29,0.0,27.9,13.8,42.6,0.25,17.7
4292,5,2025-01-30,0.0,30.3,12.5,41.0,0.226,14.6
4293,5,2025-01-31,0.0,30.2,9.5,44.5,0.192,11.5
4294,5,2025-02-01,0.0,32.6,20.3,62.6,0.21,3.9
4295,5,2025-02-02,1.5,37.9,18.5,49.2,0.183,6.9
4296,5,2025-02-03,0.0,35.1,20.1,66.7,0.326,14.5
4297,5,2025-02-04,0.0,36.3,22.4,67.2,0.267,11.4
4298,5,2025-02-05,0.0,32.8,23.2,47.2,0.206,7.7
4299,5,2025-02-06,0.0,35.2,23.6,68.5,0.331,12.2
4300,5,2025-02-07,0.0,34.9,20.5,60.4,0.251,15.3
4301,5,2025-02-08,0.0,35.5,23.1,56.8,0.269,7.7
4302,5,2025-02-09,0.0,34.0,23.2,68.0,0.253,15.4
4303,5,2025-02-10,0.0,35.8,21.4,61.0,0.286,10.6
4304,5,2025-02-11,0.0,34.0,18.2,70.0,0.246,17.2
4305,5,2025-02-12,5.2,32.3,18.1,62.6,0.214,8.9
4306,5,2025-02-13,0.0,35.6,23.6,47.1,0.35,17.0
4307,5,2025-02-14,0.0,34.4,21.5,46.8,0.275,2.7
4308,5,2025-02-15,0.0,37.1,21.9,63.1,0.28,15.4
4309,5,2025-02-16,0.0,32.4,19.5,46.1,0.236,10.5
4310,5,2025-02-17,0.0,36.1,23.1,56.8,0.231,12.4
4311,5,2025-02-18,2.2,34.7,23.6,56.1,0.349,12.4
4312,5,2025-02-19,0.0,36.2,21.2,62.5,0.183,7.6
4313,5,2025-02-20,0.0,33.4,22.1,57.2,0.326,16.5
4314,5,2025-02-21,0.0,33.5,19.4,67.3,0.307,14.1
4315,5,2025-02-22,0.0,35.5,18.5,63.2,0.245,16.4
4316,5,2025-02-23,0.0,34.9,23.4,45.0,0.334,18.6
4317,5,2025-02-24,0.0,33.2,18.7,46.7,0.301,11.1
4318,5,2025-02-25,0.0,33.5,20.9,63.9,0.238,18.9
4319,5,2025-02-26,0.2,35.4,23.4,46.1,0.292,15.4
4320,5,2025-02-27,0.0,34.1,19.0,57.0,0.225,17.8
4321,5,2025-02-28,0.0,33.6,18.9,57.8,0.224,10.5
4322,5,2025-03-01,0.0,37.1,20.5,68.6,0.259,11.5
4323,5,2025-03-02,0.0,33.7,22.4,57.1,0.299,9.5
4324,5,2025-03-03,0.0,36.1,18.6,57.8,0.204,11.8
4325,5,2025-03-04,0.0,36.9,22.7,60.4,0.247,10.3
4326,5,2025-03-05,0.0,36.2,22.2,46.4,0.258,11.8
4327,5,2025-03-06,0.0,34.7,19.1,65.8,0.325,10.0
4328,5,2025-03-07,0.0,37.9,22.2,66.9,0.221,17.3
4329,5,2025-03-08,0.0,36.0,21.0,53.9,0.219,6.9
4330,5,2025-03-09,0.0,36.8,18.6,67.3,0.334,12.7
4331,5,2025-03-10,0.0,36.7,19.5,60.2,0.27,16.7
4332,5,2025-03-11,0.0,33.5,20.5,52.9,0.295,12.5
4333,5,2025-03-12,0.0,34.2,21.3,52.6,0.239,9.5
4334,5,2025-03-13,0.0,32.0,23.6,56.5,0.203,8.0
4335,5,2025-03-14,0.0,36.7,19.9,67.4,0.243,11.2
4336,5,2025-03-15,0.0,34.1,19.0,67.7,0.24,9.5
4337,5,2025-03-16,0.0,33.4,22.0,57.7,0.284,10.1
4338,5,2025-03-17,0.0,36.6,21.4,59.0,0.319,6.6
4339,5,2025-03-18,0.0,35.0,19.7,49.9,0.286,12.5
4340,5,2025-03-19,0.0,33.6,21.3,49.5,0.192,10.9
4341,5,2025-03-20,0.0,32.2,19.3,65.7,0.28,16.8
4342,5,2025-03-21,0.0,35.5,22.3,57.7,0.296,10.9
4343,5,2025-03-22,0.0,34.4,18.1,45.4,0.297,6.3
4344,5,2025-03-23,0.0,34.2,20.8,51.7,0.256,8.3
4345,5,2025-03-24,0.0,35.4,21.2,48.0,0.235,17.9
4346,5,2025-03-25,0.0,34.1,19.9,48.5,0.314,17.4
4347,5,2025-03-26,0.5,34.2,22.4,68.2,0.269,18.0
4348,5,2025-03-27,0.0,34.8,20.7,52.4,0.323,20.0
4349,5,2025-03-28,0.0,37.7,19.3,47.0,0.305,10.7
4350,5,2025-03-29,0.0,32.6,18.9,63.5,0.193,12.3
4351,5,2025-03-30,0.0,37.0,18.3,46.9,0.26,16.3
4352,5,2025-03-31,0.0,36.1,18.5,57.7,0.192,8.6
4353,5,2025-04-01,0.0,43.0,28.8,20.1,0.141,16.4
4354,5,2025-04-02,0.0,43.1,30.5,32.1,0.101,8.2
4355,5,2025-04-03,0.0,45.1,27.1,24.6,0.087,16.2
4356,5,2025-04-04,0.0,42.8,29.8,36.2,0.121,8.7
4357,5,2025-04-05,0.0,45.0,26.7,32.9,0.149,12.9
4358,5,2025-04-06,0.0,42.6,26.3,34.3,0.175,18.0
4359,5,2025-04-07,0.0,44.1,28.5,28.3,0.154,11.5
4360,5,2025-04-08,0.0,46.4,29.4,32.6,0.17,9.9
4361,5,2025-04-09,0.0,42.2,29.8,24.5,0.105,9.8
4362,5,2025-04-10,0.0,41.6,26.8,28.9,0.097,6.0
4363,5,2025-04-11,0.0,41.6,30.2,23.7,0.139,9.1
4364,5,2025-04-12,0.0,44.4,26.5,36.5,0.173,21.6
4365,5,2025-04-13,0.0,41.3,27.1,22.2,0.167,11.4
4366,5,2025-04-14,0.0,46.5,28.7,34.8,0.082,17.4
4367,5,2025-04-15,0.0,46.3,26.9,21.1,0.146,12.9
4368,5,2025-04-16,0.0,46.4,26.1,32.1,0.089,13.7
4369,5,2025-04-17,0.0,45.0,28.8,37.5,0.131,15.1
4370,5,2025-04-18,0.0,45.4,26.5,33.1,0.115,7.3
4371,5,2025-04-19,0.0,41.8,29.5,27.5,0.13,13.6
4372,5,2025-04-20,0.0,45.2,26.9,28.2,0.138,16.7
4373,5,2025-04-21,0.0,44.6,27.9,34.6,0.175,14.4
4374,5,2025-04-22,0.0,44.8,29.9,22.7,0.14,15.1
4375,5,2025-04-23,0.0,44.1,28.1,36.6,0.108,13.4
4376,5,2025-04-24,0.0,45.2,30.5,29.8,0.155,7.7
4377,5,2025-04-25,0.0,41.2,28.3,26.1,0.148,10.2
4378,5,2025-04-26,0.0,44.7,29.9,35.4,0.111,12.1
4379,5,2025-04-27,0.0,41.9,29.4,20.6,0.103,15.6
4380,5,2025-04-28,0.0,41.6,29.2,37.7,0.178,15.9
4381,5,2025-04-29,0.0,46.4,28.6,20.8,0.082,13.6
4382,5,2025-04-30,0.0,41.6,28.7,30.7,0.121,16.6
4383,5,2025-05-01,0.0,46.2,28.9,26.6,0.082,15.3
4384,5,2025-05-02,0.0,44.5,28.1,34.0,0.145,23.8
4385,5,2025-05-03,0.0,42.0,29.6,26.5,0.107,14.8
4386,5,2025-05-04,0.0,45.8,28.6,29.6,0.132,12.0
4387,5,2025-05-05,0.0,42.7,29.1,35.6,0.121,10.1
4388,5,2025-05-06,0.0,41.2,28.9,22.8,0.133,10.0
4389,5,2025-05-07,0.0,41.6,28.3,26.4,0.165,4.6
4390,5,2025-05-08,0.0,43.7,26.0,27.7,0.139,16.1
4391,5,2025-05-09,0.0,45.5,27.2,36.6,0.086,3.5
4392,5,2025-05-10,0.0,42.6,30.0,20.9,0.157,4.9
4393,5,2025-05-11,0.0,45.2,28.9,37.0,0.159,11.2
4394,5,2025-05-12,0.0,46.4,27.9,34.4,0.104,5.5
4395,5,2025-05-13,0.0,44.8,29.6,23.6,0.08,9.8
4396,5,2025-05-14,0.0,44.1,30.1,24.5,0.153,13.9
4397,5,2025-05-15,0.0,42.7,29.6,27.1,0.108,15.1
4398,5,2025-05-16,0.0,44.8,26.5,27.3,0.178,13.2
4399,5,2025-05-17,0.0,42.5,27.3,28.3,0.13,3.5
4400,5,2025-05-18,0.0,46.5,26.8,30.7,0.121,8.6
4401,5,2025-05-19,0.0,43.6,27.3,30.5,0.134,14.1
4402,5,2025-05-20,0.0,45.7,30.1,33.9,0.165,6.3
4403,5,2025-05-21,0.0,43.5,27.9,27.0,0.171,9.2
4404,5,2025-05-22,0.0,44.9,30.7,23.4,0.105,19.3
4405,5,2025-05-23,1.3,41.2,29.6,33.8,0.121,14.9
4406,5,2025-05-24,0.0,41.7,29.0,37.0,0.093,12.2
4407,5,2025-05-25,0.0,42.0,30.3,34.1,0.088,7.9
4408,5,2025-05-26,0.0,42.6,31.0,33.4,0.168,12.9
4409,5,2025-05-27,0.0,43.4,27.8,27.8,0.126,15.0
4410,5,2025-05-28,0.0,42.8,27.8,35.4,0.167,8.0
4411,5,2025-05-29,0.0,44.4,26.8,20.4,0.147,10.7
4412,5,2025-05-30,0.0,42.4,29.8,33.9,0.177,13.5
4413,5,2025-05-31,0.0,41.2,30.7,25.4,0.112,9.7
4414,5,2025-06-01,0.0,33.7,20.2,47.2,0.292,6.3
4415,5,2025-06-02,8.5,34.5,18.5,60.6,0.231,9.4
4416,5,2025-06-03,0.0,32.3,22.4,45.3,0.187,13.2
4417,5,2025-06-04,8.4,34.6,22.5,50.1,0.255,14.7
4418,5,2025-06-05,11.5,35.8,21.3,61.4,0.341,11.1
4419,5,2025-06-06,0.0,32.5,23.7,56.7,0.241,15.7
4420,5,2025-06-07,19.6,34.8,21.9,58.5,0.229,20.2
4421,5,2025-06-08,0.0,33.8,22.2,67.4,0.344,19.6
4422,5,2025-06-09,16.3,35.7,23.2,50.9,0.335,16.3
4423,5,2025-06-10,0.0,36.4,21.8,58.2,0.207,14.4
4424,5,2025-06-11,0.0,34.7,22.9,53.3,0.27,13.4
4425,5,2025-06-12,20.0,34.1,19.3,66.0,0.258,12.6
4426,5,2025-06-13,0.0,36.3,23.2,64.2,0.237,24.7
4427,5,2025-06-14,0.0,32.6,22.1,63.2,0.277,2.0
4428,5,2025-06-15,0.0,35.5,19.4,50.0,0.211,10.4
4429,5,2025-06-16,0.0,35.6,21.6,51.4,0.22,19.2
4430,5,2025-06-17,23.0,37.0,20.8,65.0,0.346,15.1
4431,5,2025-06-18,0.0,37.4,19.0,69.4,0.21,15.1
4432,5,2025-06-19,0.0,37.9,23.9,61.3,0.268,13.9
4433,5,2025-06-20,0.0,37.9,21.3,68.6,0.235,17.7
4434,5,2025-06-21,0.0,34.0,20.8,54.2,0.214,10.5
4435,5,2025-06-22,17.5,34.9,22.2,64.9,0.247,13.4
4436,5,2025-06-23,11.5,32.4,22.0,61.5,0.289,18.0
4437,5,2025-06-24,0.0,37.6,18.8,55.4,0.33,19.3
4438,5,2025-06-25,0.0,34.7,21.4,66.1,0.225,12.2
4439,5,2025-06-26,0.0,33.6,20.0,54.6,0.3,14.7
4440,5,2025-06-27,0.0,37.5,19.3,68.0,0.226,20.1
4441,5,2025-06-28,0.0,37.1,22.4,53.3,0.192,15.6
4442,5,2025-06-29,0.0,35.2,22.0,64.4,0.349,9.1
4443,5,2025-06-30,28.8,37.8,21.1,52.5,0.251,20.2
4444,5,2025-07-01,1.4,32.0,24.5,75.9,0.459,18.5
4445,5,2025-07-02,0.7,31.2,23.9,84.2,0.455,14.2
4446,5,2025-07-03,57.6,28.9,24.4,92.4,0.82,15.8
4447,5,2025-07-04,92.2,31.1,24.8,100.0,1.0,11.5
4448,5,2025-07-05,37.9,28.6,24.9,86.6,0.694,12.0
4449,5,2025-07-06,1.6,30.4,25.2,84.6,0.46,11.8
4450,5,2025-07-07,0.0,30.9,23.1,76.1,0.45,10.4
4451,5,2025-07-08,39.5,28.3,24.6,97.2,0.704,8.5
4452,5,2025-07-09,60.8,29.6,24.9,88.6,0.841,12.1
4453,5,2025-07-10,0.1,28.4,25.2,93.9,0.451,13.2
4454,5,2025-07-11,16.6,32.9,25.7,98.2,0.557,6.8
4455,5,2025-07-12,18.3,32.8,25.1,89.9,0.568,11.9
4456,5,2025-07-13,0.7,32.4,25.7,86.7,0.455,15.9
4457,5,2025-07-14,1.1,32.1,25.0,79.9,0.457,9.5
4458,5,2025-07-15,0.3,31.0,25.2,94.1,0.452,10.0
4459,5,2025-07-16,39.2,32.8,25.7,100.0,0.702,10.1
4460,5,2025-07-17,52.3,32.1,24.8,90.8,0.786,11.1
4461,5,2025-07-18,21.6,30.4,23.9,94.0,0.589,8.2
4462,5,2025-07-19,66.8,32.3,25.2,100.0,0.879,12.4
4463,5,2025-07-20,25.3,32.1,23.2,96.8,0.613,6.2
4464,5,2025-07-21,2.0,30.3,23.6,81.5,0.463,7.0
4465,5,2025-07-22,53.1,29.3,25.7,89.5,0.791,11.8
4466,5,2025-07-23,19.4,28.6,25.4,80.4,0.575,16.5
4467,5,2025-07-24,162.4,29.3,25.1,100.0,1.0,9.8
4468,5,2025-07-25,33.5,28.4,23.2,97.3,0.665,10.8
4469,5,2025-07-26,58.2,31.3,24.8,100.0,0.824,6.6
4470,5,2025-07-27,0.3,30.9,24.9,79.1,0.452,15.0
4471,5,2025-07-28,80.6,28.9,24.9,100.0,0.968,5.1
4472,5,2025-07-29,13.1,31.4,24.7,87.6,0.534,8.2
4473,5,2025-07-30,68.1,30.4,25.4,100.0,0.888,11.0
4474,5,2025-07-31,56.6,30.0,24.3,98.8,0.814,11.6
4475,5,2025-08-01,36.1,30.6,25.6,84.9,0.682,18.6
4476,5,2025-08-02,71.2,30.2,25.9,100.0,0.908,8.2
4477,5,2025-08-03,26.1,31.0,25.6,91.9,0.618,11.2
4478,5,2025-08-04,1.1,28.5,25.5,93.6,0.457,14.0
4479,5,2025-08-05,73.8,32.9,23.7,100.0,0.924,8.5
4480,5,2025-08-06,2.7,31.0,24.1,79.5,0.467,13.9
4481,5,2025-08-07,31.0,29.0,25.0,94.9,0.649,12.1
4482,5,2025-08-08,51.0,32.1,25.1,99.5,0.778,13.9
4483,5,2025-08-09,101.3,32.0,24.9,95.7,1.0,7.2
4484,5,2025-08-10,82.1,28.7,23.2,97.9,0.978,8.5
4485,5,2025-08-11,94.0,32.4,24.9,100.0,1.0,6.1
4486,5,2025-08-12,2.0,28.9,23.4,90.0,0.463,10.5
4487,5,2025-08-13,1.2,31.0,25.5,84.8,0.458,17.6
4488,5,2025-08-14,21.7,32.2,23.1,94.1,0.59,2.2
4489,5,2025-08-15,1.0,30.9,25.4,75.6,0.456,12.3
4490,5,2025-08-16,73.5,30.8,24.2,100.0,0.923,15.8
4491,5,2025-08-17,43.1,30.0,23.2,100.0,0.727,2.9
4492,5,2025-08-18,35.4,29.4,23.1,98.6,0.678,7.0
4493,5,2025-08-19,26.2,30.3,24.1,86.9,0.618,2.0
4494,5,2025-08-20,88.8,32.5,25.4,100.0,1.0,11.7
4495,5,2025-08-21,18.6,32.7,25.8,84.2,0.57,6.2
4496,5,2025-08-22,63.6,30.5,24.8,100.0,0.859,11.0
4497,5,2025-08-23,0.1,29.6,24.5,92.1,0.451,14.7
4498,5,2025-08-24,67.8,32.5,25.8,100.0,0.886,16.6
4499,5,2025-08-25,0.7,32.7,23.9,86.9,0.455,13.7
4500,5,2025-08-26,1.9,29.5,24.1,91.8,0.462,4.2
4501,5,2025-08-27,41.4,31.9,25.4,100.0,0.716,8.3
4502,5,2025-08-28,59.2,28.8,23.4,100.0,0.831,8.4
4503,5,2025-08-29,67.1,32.3,23.5,92.7,0.881,13.3
4504,5,2025-08-30,37.8,29.9,24.1,100.0,0.693,16.9
4505,5,2025-08-31,2.2,32.8,25.1,87.4,0.464,9.0
4506,5,2025-09-01,0.0,33.0,18.1,66.5,0.251,8.6
4507,5,2025-09-02,0.0,33.5,21.8,61.1,0.337,12.3
4508,5,2025-09-03,0.0,33.5,20.7,68.8,0.207,18.2
4509,5,2025-09-04,13.5,36.4,21.5,47.6,0.226,5.5
4510,5,2025-09-05,15.0,32.8,23.2,65.9,0.259,2.0
4511,5,2025-09-06,22.2,37.5,23.2,52.2,0.309,15.3
4512,5,2025-09-07,0.0,36.8,21.2,62.3,0.297,10.5
4513,5,2025-09-08,0.0,32.6,20.7,69.6,0.322,14.7
4514,5,2025-09-09,0.0,32.2,18.6,62.6,0.332,11.1
4515,5,2025-09-10,0.0,34.9,19.7,48.7,0.272,21.7
4516,5,2025-09-11,30.3,34.9,22.3,47.1,0.241,5.2
4517,5,2025-09-12,23.0,32.5,20.8,68.9,0.257,10.5
4518,5,2025-09-13,58.3,35.9,20.9,49.4,0.275,19.0
4519,5,2025-09-14,0.0,36.2,19.1,53.8,0.335,10.6
4520,5,2025-09-15,0.0,33.6,21.4,52.7,0.284,9.1
4521,5,2025-09-16,0.0,33.9,20.5,48.0,0.285,12.9
4522,5,2025-09-17,48.6,35.2,22.0,52.2,0.208,12.7
4523,5,2025-09-18,23.6,33.2,20.1,49.4,0.332,15.4
4524,5,2025-09-19,13.1,35.7,23.4,66.9,0.345,13.0
4525,5,2025-09-20,0.0,35.0,20.3,55.4,0.3,9.2
4526,5,2025-09-21,0.0,32.2,20.5,53.6,0.322,8.8
4527,5,2025-09-22,0.0,34.6,23.9,66.5,0.321,7.2
4528,5,2025-09-23,0.0,35.2,20.8,46.1,0.308,11.3
4529,5,2025-09-24,0.0,34.4,22.6,47.4,0.236,7.8
4530,5,2025-09-25,0.0,33.0,23.8,52.5,0.315,9.4
4531,5,2025-09-26,8.7,34.7,19.1,56.8,0.195,12.6
4532,5,2025-09-27,20.7,33.7,23.3,66.7,0.254,11.3
4533,5,2025-09-28,0.0,32.4,21.5,60.3,0.297,11.2
4534,5,2025-09-29,0.0,33.5,22.4,63.5,0.255,20.5
4535,5,2025-09-30,16.7,34.2,23.4,51.5,0.255,12.6
4536,5,2025-10-01,0.0,36.1,21.9,65.3,0.197,13.9
4537,5,2025-10-02,0.0,32.1,20.9,56.6,0.217,9.8
4538,5,2025-10-03,0.0,37.0,23.2,46.9,0.257,14.9
4539,5,2025-10-04,0.0,37.8,21.7,57.1,0.214,2.0
4540,5,2025-10-05,0.0,36.6,23.3,53.3,0.297,18.9
4541,5,2025-10-06,0.0,35.0,23.7,67.6,0.265,15.6
4542,5,2025-10-07,0.0,34.7,20.3,47.4,0.216,20.1
4543,5,2025-10-08,0.0,34.6,18.4,45.6,0.271,8.7
4544,5,2025-10-09,0.0,34.4,21.8,68.5,0.325,16.2
4545,5,2025-10-10,0.0,35.8,19.6,69.5,0.195,8.5
4546,5,2025-10-11,0.0,34.2,23.9,47.1,0.23,10.8
4547,5,2025-10-12,0.0,35.4,19.5,50.3,0.211,19.8
4548,5,2025-10-13,0.0,32.5,20.8,68.4,0.338,16.6
4549,5,2025-10-14,0.0,37.9,20.8,64.2,0.302,10.4
4550,5,2025-10-15,5.8,32.8,20.6,56.6,0.201,11.1
4551,5,2025-10-16,0.0,36.6,21.1,68.7,0.264,13.3
4552,5,2025-10-17,0.0,33.9,20.6,58.9,0.33,15.1
4553,5,2025-10-18,0.0,32.0,22.5,68.1,0.196,12.5
4554,5,2025-10-19,0.0,33.3,19.5,63.2,0.21,7.8
4555,5,2025-10-20,0.0,35.5,18.0,63.8,0.301,17.6
4556,5,2025-10-21,0.0,33.5,20.9,57.5,0.302,8.4
4557,5,2025-10-22,0.0,36.7,20.4,57.8,0.284,12.6
4558,5,2025-10-23,0.0,33.4,20.8,55.7,0.343,11.2
4559,5,2025-10-24,0.0,37.0,20.7,45.7,0.235,6.7
4560,5,2025-10-25,0.0,34.4,19.3,65.4,0.186,5.6
4561,5,2025-10-26,0.0,36.4,19.3,61.3,0.342,10.6
4562,5,2025-10-27,2.9,35.6,20.2,47.6,0.259,14.3
4563,5,2025-10-28,0.0,32.7,18.9,46.0,0.31,19.3
4564,5,2025-10-29,0.0,33.1,22.8,66.6,0.218,11.7
4565,5,2025-10-30,0.0,34.0,22.3,58.1,0.263,7.5
4566,5,2025-10-31,0.0,35.0,20.9,70.0,0.307,7.1
4567,5,2025-11-01,0.0,35.2,21.7,60.0,0.259,12.2
4568,5,2025-11-02,0.0,33.6,23.3,46.5,0.264,11.6
4569,5,2025-11-03,0.0,32.9,18.6,55.0,0.186,12.7
4570,5,2025-11-04,0.0,36.5,19.7,63.8,0.182,4.3
4571,5,2025-11-05,0.0,33.3,23.9,67.6,0.237,10.6
4572,5,2025-11-06,0.0,37.2,18.5,62.3,0.229,16.5
4573,5,2025-11-07,0.0,32.4,23.2,65.1,0.323,6.5
4574,5,2025-11-08,0.0,37.9,21.1,58.7,0.253,3.1
4575,5,2025-11-09,0.0,33.8,18.5,53.7,0.313,11.6
4576,5,2025-11-10,0.0,34.1,21.8,53.8,0.227,13.4
4577,5,2025-11-11,0.0,38.0,19.6,68.2,0.213,19.7
4578,5,2025-11-12,0.0,33.1,20.1,47.7,0.186,13.8
4579,5,2025-11-13,0.0,32.4,22.7,51.5,0.223,9.3
4580,5,2025-11-14,0.0,34.7,21.1,63.9,0.343,14.1
4581,5,2025-11-15,0.0,34.0,21.7,54.0,0.28,13.3
4582,5,2025-11-16,0.0,37.5,18.4,66.4,0.22,5.0
4583,5,2025-11-17,0.0,35.2,19.8,68.7,0.335,6.8
4584,5,2025-11-18,0.0,33.4,20.4,52.2,0.307,10.4
4585,5,2025-11-19,0.0,33.0,21.2,55.5,0.184,20.0
4586,5,2025-11-20,0.0,34.8,22.8,49.6,0.258,15.1
4587,5,2025-11-21,0.0,36.2,23.9,60.6,0.209,15.2
4588,5,2025-11-22,0.0,37.9,21.4,57.1,0.265,10.6
4589,5,2025-11-23,0.0,36.3,22.7,54.8,0.284,9.7
4590,5,2025-11-24,0.0,35.3,21.1,50.8,0.24,3.3
4591,5,2025-11-25,0.0,33.5,21.4,67.3,0.207,17.1
4592,5,2025-11-26,0.0,32.5,19.2,54.9,0.188,12.7
4593,5,2025-11-27,0.0,35.3,22.3,48.1,0.329,17.1
4594,5,2025-11-28,0.0,33.0,18.3,62.8,0.31,9.7
4595,5,2025-11-29,0.0,35.0,23.6,45.8,0.343,10.9
4596,5,2025-11-30,0.0,32.0,20.9,61.0,0.32,12.9
4597,5,2025-12-01,0.0,26.1,13.3,47.0,0.197,11.0
4598,5,2025-12-02,0.0,29.6,13.3,46.6,0.187,5.4
4599,5,2025-12-03,0.0,30.0,10.4,52.6,0.255,3.8
4600,5,2025-12-04,0.0,27.2,13.3,52.2,0.226,5.9
4601,5,2025-12-05,1.9,28.4,9.2,46.2,0.151,7.0
4602,5,2025-12-06,0.0,27.1,14.5,59.3,0.185,5.8
4603,5,2025-12-07,0.0,29.4,11.4,54.7,0.265,6.9
4604,5,2025-12-08,0.0,28.8,12.5,56.4,0.16,9.9
4605,5,2025-12-09,0.0,28.2,13.7,58.4,0.238,10.8
4606,5,2025-12-10,0.0,27.4,9.2,43.0,0.174,10.4
4607,5,2025-12-11,0.0,29.4,12.3,61.9,0.263,6.9
4608,5,2025-12-12,0.0,30.4,12.5,53.6,0.172,2.0
4609,5,2025-12-13,0.0,29.2,12.8,57.7,0.166,10.0
4610,5,2025-12-14,0.0,27.6,11.3,61.6,0.191,7.5
4611,5,2025-12-15,0.0,30.3,11.8,57.2,0.187,8.5
4612,5,2025-12-16,0.0,27.1,13.9,52.7,0.232,4.0
4613,5,2025-12-17,0.0,28.8,10.9,45.4,0.245,14.2
4614,5,2025-12-18,0.0,27.0,12.8,42.2,0.271,10.4
4615,5,2025-12-19,0.0,30.3,12.7,54.3,0.172,17.1
4616,5,2025-12-20,0.0,29.8,9.1,41.1,0.253,16.4
4617,5,2025-12-21,0.0,28.4,9.9,42.1,0.264,12.7
4618,5,2025-12-22,0.0,29.4,10.2,41.0,0.226,12.4
4619,5,2025-12-23,0.0,26.6,10.2,48.6,0.162,17.5
4620,5,2025-12-24,0.0,27.4,12.4,56.2,0.173,12.3
4621,5,2025-12-25,0.0,27.0,11.7,41.9,0.163,9.6
4622,5,2025-12-26,0.0,29.9,11.4,46.6,0.177,6.5
4623,5,2025-12-27,0.0,29.8,9.7,60.3,0.269,8.9
4624,5,2025-12-28,0.0,28.0,9.9,48.5,0.254,11.6
4625,5,2025-12-29,0.0,28.3,12.2,45.0,0.165,8.3
4626,5,2025-12-30,0.0,27.4,13.8,47.5,0.258,2.3
4627,5,2025-12-31,0.0,27.1,12.9,53.0,0.267,9.6
4628,5,2026-01-01,0.0,30.2,9.5,55.2,0.211,8.5
4629,5,2026-01-02,0.0,29.5,11.0,51.1,0.233,9.9
4630,5,2026-01-03,0.0,29.6,10.2,47.8,0.163,11.7
4631,5,2026-01-04,0.0,27.3,10.8,50.0,0.185,10.8
4632,5,2026-01-05,0.0,30.2,13.6,53.1,0.168,10.6
4633,5,2026-01-06,0.0,26.3,13.5,40.8,0.246,5.8
4634,5,2026-01-07,0.0,27.0,10.3,51.2,0.229,12.3
4635,5,2026-01-08,0.0,28.3,11.2,53.0,0.221,5.6
4636,5,2026-01-09,0.0,28.8,10.5,44.4,0.178,11.7
4637,5,2026-01-10,0.0,29.0,12.6,50.4,0.275,10.2
4638,5,2026-01-11,0.0,30.0,12.7,41.2,0.246,9.8
4639,5,2026-01-12,0.0,26.4,10.5,54.4,0.236,16.7
4640,5,2026-01-13,0.0,28.1,11.6,51.0,0.18,17.7
4641,5,2026-01-14,0.0,29.3,13.0,53.2,0.16,9.2
4642,5,2026-01-15,0.0,27.3,13.7,54.2,0.252,14.9
4643,5,2026-01-16,0.0,30.1,13.6,42.0,0.229,5.8
4644,5,2026-01-17,0.0,26.1,9.5,61.5,0.253,18.3
4645,5,2026-01-18,0.0,26.2,13.7,42.3,0.154,8.3
4646,5,2026-01-19,0.0,28.0,13.7,57.6,0.258,14.1
4647,5,2026-01-20,0.0,28.3,12.1,44.7,0.249,4.5
4648,5,2026-01-21,0.0,28.2,12.5,56.7,0.177,17.3
4649,5,2026-01-22,0.0,29.9,12.8,45.7,0.226,15.1
4650,5,2026-01-23,0.0,27.0,13.5,53.4,0.179,12.0
4651,5,2026-01-24,0.0,29.4,13.2,49.8,0.151,11.0
4652,5,2026-01-25,0.0,30.4,11.8,40.1,0.162,13.2
4653,5,2026-01-26,0.0,29.4,13.2,45.5,0.222,10.5
4654,5,2026-01-27,0.0,29.2,9.7,48.7,0.278,11.1
4655,5,2026-01-28,0.0,28.1,9.6,43.2,0.208,13.1
4656,5,2026-01-29,0.0,29.7,12.7,54.8,0.277,10.5
4657,5,2026-01-30,0.0,28.6,9.4,42.3,0.181,2.0
4658,5,2026-01-31,0.0,28.1,10.6,53.0,0.187,5.7
4659,5,2026-02-01,0.0,35.8,19.6,55.5,0.271,9.0
4660,5,2026-02-02,0.0,36.6,20.6,68.9,0.225,5.7
4661,5,2026-02-03,0.0,34.8,18.6,52.8,0.269,14.1
4662,5,2026-02-04,0.0,34.7,18.4,58.2,0.276,6.6
4663,5,2026-02-05,0.0,34.1,22.7,57.8,0.254,6.8
4664,5,2026-02-06,0.0,37.1,22.9,52.1,0.298,18.0
4665,5,2026-02-07,0.0,33.1,23.9,51.0,0.183,18.1
4666,5,2026-02-08,0.0,32.3,19.4,60.7,0.326,16.3
4667,5,2026-02-09,0.0,34.1,20.6,67.8,0.266,15.3
4668,5,2026-02-10,0.0,37.2,23.5,63.3,0.266,11.6
4669,5,2026-02-11,0.0,35.4,18.5,58.0,0.198,5.3
4670,5,2026-02-12,0.0,32.7,23.6,64.0,0.274,9.2
4671,5,2026-02-13,0.0,37.5,18.0,50.0,0.287,13.5
4672,5,2026-02-14,0.0,32.4,20.4,55.0,0.193,16.3
4673,5,2026-02-15,0.0,33.6,23.6,66.1,0.292,17.3
4674,5,2026-02-16,0.0,35.8,20.0,49.7,0.248,5.8
4675,5,2026-02-17,0.0,37.0,19.4,48.5,0.207,15.2
4676,5,2026-02-18,0.0,34.4,19.4,60.7,0.346,15.0
4677,5,2026-02-19,0.0,34.3,20.1,69.3,0.199,13.3
4678,5,2026-02-20,0.0,33.3,24.0,48.1,0.181,13.3
4679,5,2026-02-21,0.0,32.4,23.4,57.0,0.287,13.1
4680,5,2026-02-22,0.0,36.5,22.4,68.7,0.304,7.8
4681,5,2026-02-23,0.0,32.0,19.1,51.2,0.343,10.0
4682,5,2026-02-24,0.0,37.9,22.4,53.8,0.278,12.6
4683,5,2026-02-25,0.2,34.4,20.8,56.7,0.278,13.2
4684,5,2026-02-26,0.0,37.9,21.4,48.8,0.212,9.6
4685,5,2026-02-27,0.0,37.3,19.9,49.4,0.245,9.3
4686,5,2026-02-28,0.0,34.8,18.4,66.0,0.275,5.6
4687,5,2026-03-01,0.0,36.8,21.6,48.8,0.229,10.3
4688,5,2026-03-02,0.0,34.0,18.2,52.7,0.333,13.6
4689,5,2026-03-03,3.3,36.3,20.9,53.4,0.238,10.2
4690,5,2026-03-04,0.0,37.9,18.5,46.6,0.193,5.2
4691,5,2026-03-05,0.0,33.5,18.8,57.7,0.307,14.6
4692,5,2026-03-06,0.0,34.6,23.9,67.9,0.225,12.4
4693,5,2026-03-07,0.0,35.0,19.8,56.4,0.193,9.1
4694,5,2026-03-08,0.0,32.9,21.4,65.8,0.247,11.7
4695,5,2026-03-09,0.0,37.5,21.5,66.5,0.203,13.2
4696,5,2026-03-10,0.0,37.6,23.5,52.4,0.323,11.5
4697,5,2026-03-11,0.0,37.6,19.7,63.7,0.234,10.6
4698,5,2026-03-12,1.3,33.7,19.3,47.7,0.2,5.8
4699,5,2026-03-13,0.0,35.0,20.7,55.6,0.314,17.0
4700,5,2026-03-14,0.0,37.7,21.7,47.5,0.285,11.7
4701,5,2026-03-15,0.0,34.5,18.3,57.9,0.239,11.2
4702,5,2026-03-16,0.0,37.9,21.9,63.9,0.217,17.7
4703,5,2026-03-17,0.0,32.8,22.6,58.5,0.325,13.0
4704,5,2026-03-18,0.0,33.2,20.1,65.7,0.324,14.3
4705,5,2026-03-19,0.0,35.2,20.4,62.5,0.199,8.1
4706,5,2026-03-20,0.0,34.3,21.8,65.8,0.185,14.0
4707,5,2026-03-21,0.0,33.9,23.5,48.1,0.211,17.2
4708,5,2026-03-22,0.0,35.4,22.6,61.1,0.304,7.7
4709,5,2026-03-23,0.0,34.3,19.6,58.7,0.193,9.7
4710,5,2026-03-24,0.0,32.3,21.2,63.2,0.204,14.2
4711,5,2026-03-25,0.0,36.1,22.4,59.7,0.296,15.2
4712,5,2026-03-26,0.0,34.8,21.4,50.3,0.258,11.0
4713,5,2026-03-27,0.0,33.7,21.9,53.1,0.205,6.1
4714,5,2026-03-28,0.0,35.1,19.3,50.8,0.183,9.9
4715,5,2026-03-29,0.0,36.1,22.3,52.5,0.276,15.7
4716,5,2026-03-30,0.0,35.5,19.4,64.6,0.304,7.1
4717,5,2026-03-31,0.0,34.9,23.4,59.4,0.293,13.7
4718,5,2026-04-01,0.0,44.5,28.3,21.9,0.087,11.0
4719,5,2026-04-02,0.0,41.7,30.0,25.0,0.175,8.6
4720,5,2026-04-03,0.0,42.3,30.2,30.8,0.114,10.7
4721,5,2026-04-04,0.0,43.9,29.1,24.2,0.172,20.3
4722,5,2026-04-05,0.0,42.7,29.4,30.1,0.131,14.7
4723,5,2026-04-06,0.0,45.5,30.5,26.1,0.116,12.2
4724,5,2026-04-07,0.0,44.6,30.9,24.4,0.175,11.2
4725,5,2026-04-08,0.0,41.1,27.2,36.3,0.165,10.1
4726,5,2026-04-09,0.0,42.5,29.9,30.1,0.131,11.3
4727,5,2026-04-10,0.6,45.1,28.2,27.5,0.179,12.7
4728,5,2026-04-11,0.0,43.4,27.0,28.5,0.091,14.6
4729,5,2026-04-12,0.0,42.4,30.1,26.3,0.165,10.3
4730,5,2026-04-13,0.0,41.4,29.7,26.2,0.179,15.1
4731,5,2026-04-14,0.0,44.3,29.8,37.9,0.115,13.2
4732,5,2026-04-15,0.0,44.7,29.7,25.1,0.128,17.8
4733,5,2026-04-16,0.0,45.4,30.5,33.4,0.114,11.4
4734,5,2026-04-17,0.0,41.2,27.1,34.8,0.109,8.7
4735,5,2026-04-18,0.0,45.6,27.1,29.0,0.087,7.6
4736,5,2026-04-19,0.8,41.7,30.4,29.7,0.116,7.5
4737,5,2026-04-20,0.0,44.4,26.1,33.2,0.114,13.0
4738,5,2026-04-21,0.0,41.8,27.9,29.7,0.118,20.6
4739,5,2026-04-22,1.2,45.4,28.9,35.7,0.093,12.1
4740,5,2026-04-23,0.0,44.7,26.7,26.5,0.094,18.3
4741,5,2026-04-24,0.0,46.0,29.7,32.3,0.097,12.3
4742,5,2026-04-25,0.0,42.9,28.1,31.6,0.176,13.8
4743,5,2026-04-26,0.0,45.4,29.6,21.2,0.166,14.4
4744,5,2026-04-27,0.0,42.3,30.8,24.4,0.083,16.3
4745,5,2026-04-28,0.0,43.2,26.5,22.9,0.157,12.8
4746,5,2026-04-29,0.0,42.9,26.7,37.8,0.134,4.7
4747,5,2026-04-30,0.0,45.9,27.0,35.0,0.109,10.6
4748,5,2026-05-01,0.0,43.6,30.1,30.8,0.089,12.6
4749,5,2026-05-02,0.0,45.6,28.3,25.9,0.103,2.1
4750,5,2026-05-03,0.0,41.5,28.6,36.3,0.136,13.9
4751,5,2026-05-04,0.0,43.1,26.2,20.9,0.108,11.5
4752,5,2026-05-05,0.0,41.1,26.7,28.6,0.143,12.7
4753,5,2026-05-06,0.0,41.6,30.9,20.1,0.105,8.3
4754,5,2026-05-07,0.0,42.6,29.9,23.8,0.08,16.9
4755,5,2026-05-08,0.0,43.9,29.1,25.7,0.12,3.8
4756,5,2026-05-09,0.0,41.4,29.6,26.4,0.143,10.2
4757,5,2026-05-10,0.0,41.6,27.1,33.8,0.111,4.5
4758,5,2026-05-11,0.0,46.3,27.8,31.8,0.119,14.3
4759,5,2026-05-12,0.0,42.8,29.8,21.0,0.09,9.5
4760,5,2026-05-13,0.0,44.8,26.6,27.4,0.17,8.1
4761,5,2026-05-14,0.0,46.2,29.2,25.1,0.097,7.1
4762,5,2026-05-15,0.0,42.8,27.3,28.7,0.136,7.4
4763,5,2026-05-16,0.0,46.4,30.8,37.6,0.142,17.3
4764,5,2026-05-17,0.0,45.7,26.5,37.3,0.115,14.8
4765,5,2026-05-18,0.0,44.3,30.4,22.7,0.18,18.2
4766,5,2026-05-19,0.0,43.5,27.2,25.0,0.098,2.7
4767,5,2026-05-20,0.0,42.9,28.5,34.3,0.16,5.9
4768,5,2026-05-21,0.0,43.5,30.5,21.2,0.119,8.0
4769,5,2026-05-22,0.0,44.9,28.0,34.6,0.096,16.0
4770,5,2026-05-23,0.0,44.4,26.5,25.0,0.156,6.0
4771,5,2026-05-24,0.0,42.3,30.4,25.5,0.106,8.0
4772,5,2026-05-25,0.0,44.6,26.7,33.9,0.159,10.2
4773,5,2026-05-26,0.0,41.2,28.6,29.0,0.169,14.7
4774,5,2026-05-27,0.0,42.8,26.9,21.4,0.089,15.4
4775,5,2026-05-28,0.0,45.2,29.1,21.6,0.132,9.2
4776,5,2026-05-29,0.0,42.4,30.6,29.4,0.133,17.4
4777,5,2026-05-30,2.8,41.0,27.2,30.8,0.172,15.8
4778,5,2026-05-31,1.9,45.3,26.9,36.9,0.154,16.9
4779,5,2026-06-01,0.0,36.6,23.7,63.9,0.22,11.7
4780,5,2026-06-02,11.3,36.5,23.0,65.6,0.324,16.0
4781,5,2026-06-03,17.3,34.9,20.2,46.5,0.213,8.1
4782,5,2026-06-04,0.0,34.2,23.3,69.8,0.321,13.3
4783,5,2026-06-05,14.5,36.0,18.4,51.6,0.181,8.7
4784,5,2026-06-06,0.0,33.0,20.2,61.9,0.293,11.5
4785,5,2026-06-07,0.0,34.5,21.1,65.2,0.311,8.5
4786,5,2026-06-08,13.5,35.2,21.2,49.4,0.186,20.8
4787,5,2026-06-09,9.2,34.5,20.7,67.5,0.34,11.7
4788,5,2026-06-10,21.9,37.4,19.2,48.7,0.265,13.1
4789,5,2026-06-11,0.0,36.4,18.1,64.7,0.28,16.3
4790,5,2026-06-12,0.0,37.9,21.4,47.1,0.286,8.2
4791,5,2026-06-13,0.0,34.4,20.0,61.7,0.229,15.7
4792,5,2026-06-14,0.0,37.8,23.1,68.0,0.248,13.8
4793,5,2026-06-15,9.5,33.1,22.2,47.3,0.233,12.7
4794,5,2026-06-16,0.0,34.8,19.6,53.5,0.239,17.3
4795,5,2026-06-17,17.1,32.2,20.0,51.1,0.24,7.8
4796,5,2026-06-18,27.7,35.9,19.5,55.6,0.185,9.3
4797,5,2026-06-19,71.0,32.3,22.0,54.6,0.284,8.2
4798,5,2026-06-20,0.0,33.6,18.4,48.2,0.262,17.1
4799,5,2026-06-21,33.3,37.2,23.1,53.5,0.344,17.1
4800,5,2026-06-22,14.4,36.3,20.7,64.9,0.218,9.0
4801,5,2026-06-23,0.0,37.0,22.0,65.1,0.304,8.8
4802,5,2026-06-24,0.0,34.8,19.8,53.2,0.264,8.6
4803,5,2026-06-25,0.0,34.6,23.4,66.7,0.185,13.2
4804,5,2026-06-26,0.0,34.1,20.8,66.9,0.215,16.6
4805,5,2026-06-27,0.0,37.9,22.3,61.7,0.222,11.3
4806,5,2026-06-28,0.0,32.4,23.3,66.7,0.274,15.2
4807,5,2026-06-29,19.4,35.5,21.4,45.7,0.232,14.2
4808,5,2026-06-30,19.4,37.2,20.4,66.7,0.26,7.3
4809,5,2026-07-01,44.2,30.9,25.9,89.1,0.734,9.5
4810,5,2026-07-02,27.7,29.8,23.8,89.6,0.628,17.9
4811,5,2026-07-03,49.4,31.8,25.1,92.4,0.768,12.7
4812,5,2026-07-04,45.6,32.7,24.8,100.0,0.743,8.5
4813,5,2026-07-05,36.9,31.8,26.0,92.8,0.687,14.2
4814,5,2026-07-06,0.9,29.0,23.5,92.9,0.456,9.6
4815,5,2026-07-07,1.8,28.4,23.9,86.4,0.462,5.9
4816,5,2026-07-08,1.9,28.6,25.3,90.2,0.462,12.3
4817,5,2026-07-09,39.0,30.9,23.7,88.1,0.701,7.0
4818,5,2026-07-10,44.7,29.9,25.7,100.0,0.737,9.5
4819,5,2026-07-11,91.4,28.5,26.0,100.0,1.0,6.7
4820,5,2026-07-12,50.6,31.5,24.5,100.0,0.775,10.8
4821,5,2026-07-13,70.8,31.0,24.1,100.0,0.905,14.6
4822,5,2026-07-14,2.5,31.3,24.8,82.1,0.466,9.1
4823,5,2026-07-15,2.3,30.4,25.1,79.0,0.465,17.8
4824,5,2026-07-16,33.8,32.0,24.0,84.7,0.667,13.5
4825,5,2026-07-17,1.8,30.2,24.1,89.6,0.462,4.9
4826,5,2026-07-18,37.0,31.0,25.2,83.8,0.688,10.6
4827,5,2026-07-19,2.8,31.5,25.2,85.9,0.468,14.3
4828,5,2026-07-20,44.2,32.2,23.4,100.0,0.734,5.4
4829,5,2026-07-21,1.2,30.0,23.1,78.1,0.458,11.5
4830,5,2026-07-22,61.3,29.4,23.2,90.2,0.844,8.9
4831,5,2026-07-23,54.9,30.7,24.3,100.0,0.803,12.2
4832,5,2026-07-24,32.7,28.2,23.5,98.4,0.66,15.9
4833,5,2026-07-25,49.7,30.0,24.2,94.2,0.77,13.9
4834,5,2026-07-26,84.8,31.3,25.1,100.0,0.995,12.4
4835,5,2026-07-27,55.9,28.8,24.5,90.3,0.809,11.3
4836,5,2026-07-28,79.0,32.5,24.1,100.0,0.958,11.2
4837,5,2026-07-29,40.8,28.3,23.4,100.0,0.712,12.7
4838,5,2026-07-30,2.3,28.7,23.1,92.2,0.465,11.1
4839,5,2026-07-31,0.8,29.8,24.6,79.8,0.455,11.8
4840,5,2026-08-01,2.7,30.9,25.2,90.9,0.467,14.1
4841,5,2026-08-02,46.5,30.0,24.1,100.0,0.749,12.8
4842,5,2026-08-03,10.6,31.7,25.5,87.1,0.518,12.5
4843,5,2026-08-04,21.2,31.9,25.0,80.2,0.586,15.7
4844,5,2026-08-05,80.1,30.7,25.7,100.0,0.965,16.8
4845,5,2026-08-06,34.8,31.3,24.7,85.8,0.674,9.1
4846,5,2026-08-07,0.4,28.6,23.3,85.7,0.453,6.3
4847,5,2026-08-08,48.3,32.5,24.3,97.8,0.76,9.7
4848,5,2026-08-09,19.4,30.9,25.6,97.0,0.575,11.5
4849,5,2026-08-10,2.5,29.0,23.8,76.3,0.466,4.3
4850,5,2026-08-11,40.4,29.5,23.3,84.7,0.71,16.9
4851,5,2026-08-12,0.4,29.7,24.6,95.3,0.453,13.5
4852,5,2026-08-13,29.2,28.9,24.5,93.0,0.638,10.0
4853,5,2026-08-14,21.3,32.2,23.1,83.8,0.587,7.7
4854,5,2026-08-15,28.5,32.4,24.4,84.4,0.633,10.8
4855,5,2026-08-16,37.9,31.0,23.0,100.0,0.694,16.3
4856,5,2026-08-17,97.9,28.5,23.4,95.4,1.0,14.1
4857,5,2026-08-18,45.5,31.9,24.6,100.0,0.743,16.1
4858,5,2026-08-19,2.2,30.3,23.7,82.0,0.464,15.3
4859,5,2026-08-20,31.4,32.9,24.7,93.0,0.652,12.3
4860,5,2026-08-21,86.0,29.3,24.8,100.0,1.0,11.6
4861,5,2026-08-22,1.0,30.7,24.3,90.4,0.456,16.5
4862,5,2026-08-23,23.5,29.0,23.5,90.8,0.601,12.3
4863,5,2026-08-24,0.8,29.2,24.6,89.0,0.455,9.6
4864,5,2026-08-25,45.8,30.6,25.3,87.0,0.744,13.5
4865,5,2026-08-26,14.6,29.2,23.3,97.2,0.544,14.8
4866,5,2026-08-27,95.5,31.2,26.0,94.9,1.0,17.3
4867,5,2026-08-28,28.8,30.1,24.0,83.3,0.635,12.6
4868,5,2026-08-29,135.2,31.0,23.2,100.0,1.0,6.4
4869,5,2026-08-30,2.6,28.0,23.1,78.9,0.467,10.5
4870,5,2026-08-31,57.8,28.7,25.4,99.5,0.822,13.6
4871,6,2024-01-01,0.0,29.3,9.3,61.1,0.229,12.3
4872,6,2024-01-02,0.0,28.1,12.0,56.5,0.165,14.4
4873,6,2024-01-03,0.0,30.0,10.8,42.7,0.185,16.6
4874,6,2024-01-04,0.0,29.1,13.5,53.0,0.229,9.6
4875,6,2024-01-05,0.0,30.3,11.2,43.9,0.272,16.7
4876,6,2024-01-06,0.0,28.8,14.0,52.4,0.175,13.2
4877,6,2024-01-07,0.0,28.2,14.4,48.1,0.248,9.1
4878,6,2024-01-08,0.0,29.5,14.5,42.1,0.196,9.6
4879,6,2024-01-09,0.0,29.3,14.2,59.1,0.251,16.6
4880,6,2024-01-10,0.0,29.2,12.1,40.9,0.248,17.1
4881,6,2024-01-11,0.0,29.3,9.3,61.3,0.187,9.4
4882,6,2024-01-12,0.0,28.5,9.5,42.8,0.271,6.2
4883,6,2024-01-13,0.0,28.5,12.0,53.4,0.169,10.3
4884,6,2024-01-14,0.0,27.9,12.2,56.7,0.214,14.4
4885,6,2024-01-15,0.0,29.5,12.5,48.5,0.25,11.5
4886,6,2024-01-16,0.0,29.7,11.6,60.6,0.248,10.6
4887,6,2024-01-17,0.0,30.0,9.3,61.1,0.172,9.5
4888,6,2024-01-18,0.0,26.6,10.3,41.2,0.274,14.2
4889,6,2024-01-19,0.0,30.0,11.5,52.9,0.239,10.0
4890,6,2024-01-20,0.0,29.4,13.9,47.1,0.234,10.3
4891,6,2024-01-21,0.0,26.5,9.0,47.9,0.154,8.7
4892,6,2024-01-22,0.0,26.9,9.3,52.1,0.23,13.6
4893,6,2024-01-23,0.0,27.7,12.9,58.2,0.233,10.7
4894,6,2024-01-24,0.0,30.1,9.1,44.9,0.221,13.3
4895,6,2024-01-25,0.0,28.9,13.9,42.7,0.223,10.3
4896,6,2024-01-26,0.0,28.1,12.2,50.8,0.15,12.1
4897,6,2024-01-27,0.0,26.0,11.1,50.2,0.178,18.4
4898,6,2024-01-28,0.0,29.6,13.0,52.3,0.262,15.8
4899,6,2024-01-29,0.0,27.0,13.5,48.5,0.267,10.2
4900,6,2024-01-30,0.0,26.4,13.5,55.1,0.19,10.8
4901,6,2024-01-31,0.0,26.3,12.5,44.2,0.156,13.0
4902,6,2024-02-01,0.0,35.2,19.8,66.5,0.339,8.5
4903,6,2024-02-02,0.0,37.3,21.1,60.7,0.221,8.9
4904,6,2024-02-03,0.0,36.0,21.2,50.1,0.278,3.8
4905,6,2024-02-04,0.0,34.7,22.5,45.9,0.243,5.0
4906,6,2024-02-05,0.0,37.4,21.9,54.2,0.344,14.0
4907,6,2024-02-06,0.0,36.1,23.3,68.5,0.294,14.7
4908,6,2024-02-07,0.0,33.6,18.3,57.2,0.204,9.8
4909,6,2024-02-08,0.0,34.0,21.9,50.8,0.205,14.5
4910,6,2024-02-09,0.0,35.7,18.9,46.4,0.249,8.4
4911,6,2024-02-10,0.0,34.4,23.5,66.8,0.239,11.5
4912,6,2024-02-11,0.0,34.2,22.9,66.7,0.208,14.1
4913,6,2024-02-12,4.5,32.9,18.9,66.9,0.186,13.5
4914,6,2024-02-13,0.0,36.8,24.0,58.3,0.267,13.6
4915,6,2024-02-14,0.0,35.3,19.4,69.1,0.246,16.6
4916,6,2024-02-15,0.0,32.6,22.4,51.0,0.322,12.0
4917,6,2024-02-16,0.0,34.1,23.9,53.9,0.203,9.8
4918,6,2024-02-17,0.0,34.2,20.8,49.4,0.216,17.6
4919,6,2024-02-18,0.0,33.5,18.1,48.1,0.182,10.7
4920,6,2024-02-19,0.0,33.9,23.2,58.7,0.25,13.5
4921,6,2024-02-20,0.0,32.9,23.5,69.1,0.335,12.4
4922,6,2024-02-21,0.0,36.2,19.9,50.6,0.187,22.9
4923,6,2024-02-22,0.0,33.8,23.8,65.4,0.323,16.4
4924,6,2024-02-23,0.0,38.0,22.9,65.1,0.228,12.1
4925,6,2024-02-24,0.0,32.3,19.8,52.6,0.305,6.3
4926,6,2024-02-25,0.0,37.2,23.0,55.8,0.255,17.8
4927,6,2024-02-26,0.0,36.9,23.2,47.9,0.343,14.7
4928,6,2024-02-27,0.0,34.0,23.0,52.7,0.195,14.1
4929,6,2024-02-28,0.0,37.9,20.2,60.7,0.347,21.0
4930,6,2024-02-29,2.2,35.4,23.8,51.7,0.204,12.3
4931,6,2024-03-01,0.0,32.6,21.8,69.5,0.347,18.0
4932,6,2024-03-02,0.0,37.2,18.9,62.8,0.239,16.2
4933,6,2024-03-03,0.0,35.3,18.2,51.1,0.194,13.2
4934,6,2024-03-04,0.0,35.8,18.4,60.7,0.188,11.1
4935,6,2024-03-05,0.0,32.6,20.1,60.9,0.257,13.4
4936,6,2024-03-06,0.0,37.9,24.0,56.4,0.238,6.2
4937,6,2024-03-07,0.0,34.9,18.1,67.1,0.304,15.8
4938,6,2024-03-08,0.0,34.4,21.1,45.7,0.253,12.8
4939,6,2024-03-09,0.0,36.7,18.5,66.8,0.247,10.5
4940,6,2024-03-10,0.0,33.6,22.9,51.3,0.235,20.5
4941,6,2024-03-11,0.0,32.6,20.9,61.8,0.195,12.9
4942,6,2024-03-12,0.0,33.6,19.5,46.9,0.297,16.6
4943,6,2024-03-13,0.3,37.8,19.1,45.1,0.2,4.7
4944,6,2024-03-14,0.0,36.8,20.1,56.7,0.215,15.0
4945,6,2024-03-15,0.0,37.2,20.0,60.9,0.203,8.8
4946,6,2024-03-16,0.0,36.8,22.0,46.2,0.308,4.5
4947,6,2024-03-17,0.0,37.5,22.6,56.7,0.295,11.8
4948,6,2024-03-18,0.0,33.5,22.6,54.8,0.294,10.0
4949,6,2024-03-19,0.0,33.2,19.1,67.0,0.219,13.9
4950,6,2024-03-20,0.0,34.6,22.5,64.4,0.343,4.3
4951,6,2024-03-21,0.0,35.6,22.6,66.7,0.25,9.0
4952,6,2024-03-22,0.0,32.2,20.2,50.6,0.202,14.9
4953,6,2024-03-23,2.4,33.7,19.7,63.8,0.287,15.2
4954,6,2024-03-24,0.0,37.2,18.1,51.8,0.331,15.0
4955,6,2024-03-25,0.0,36.3,19.1,53.3,0.348,13.8
4956,6,2024-03-26,0.0,34.7,18.1,65.2,0.274,7.6
4957,6,2024-03-27,1.8,32.4,20.2,55.0,0.293,9.1
4958,6,2024-03-28,0.0,34.6,18.4,62.5,0.341,9.6
4959,6,2024-03-29,0.0,32.5,22.1,64.1,0.274,10.8
4960,6,2024-03-30,0.0,33.2,20.5,52.3,0.237,6.6
4961,6,2024-03-31,0.0,34.3,21.6,54.3,0.27,10.5
4962,6,2024-04-01,0.0,43.6,26.7,28.2,0.164,15.4
4963,6,2024-04-02,0.0,45.2,28.9,28.1,0.131,13.4
4964,6,2024-04-03,0.0,42.4,26.6,29.5,0.095,15.2
4965,6,2024-04-04,0.0,43.8,30.5,33.5,0.158,10.0
4966,6,2024-04-05,0.0,44.0,29.2,37.7,0.163,9.0
4967,6,2024-04-06,0.0,44.5,28.2,24.9,0.167,12.5
4968,6,2024-04-07,0.0,44.7,30.4,30.5,0.102,9.0
4969,6,2024-04-08,0.0,43.0,29.5,21.3,0.144,13.7
4970,6,2024-04-09,0.0,42.9,26.1,29.8,0.141,14.0
4971,6,2024-04-10,0.0,41.3,27.0,22.0,0.104,16.1
4972,6,2024-04-11,0.0,46.0,31.0,20.8,0.126,12.7
4973,6,2024-04-12,0.0,42.8,26.1,29.7,0.108,14.5
4974,6,2024-04-13,0.0,46.3,27.6,20.4,0.152,7.9
4975,6,2024-04-14,0.0,44.7,27.2,21.9,0.127,11.4
4976,6,2024-04-15,0.0,45.0,29.0,22.3,0.134,20.0
4977,6,2024-04-16,1.5,44.0,28.8,29.6,0.104,15.5
4978,6,2024-04-17,0.0,45.9,29.3,28.7,0.091,9.0
4979,6,2024-04-18,0.0,44.4,27.1,26.4,0.17,16.5
4980,6,2024-04-19,0.0,45.1,30.4,30.7,0.103,15.6
4981,6,2024-04-20,0.0,44.9,28.8,29.5,0.167,15.4
4982,6,2024-04-21,0.1,41.4,29.7,23.1,0.094,12.5
4983,6,2024-04-22,0.0,42.5,29.4,23.6,0.166,6.9
4984,6,2024-04-23,0.0,46.3,30.3,32.6,0.108,9.8
4985,6,2024-04-24,0.0,42.2,28.7,26.2,0.14,13.6
4986,6,2024-04-25,0.0,42.4,29.1,36.0,0.099,8.6
4987,6,2024-04-26,0.0,41.2,26.1,29.1,0.12,6.8
4988,6,2024-04-27,0.0,41.5,27.4,32.5,0.103,16.6
4989,6,2024-04-28,0.0,44.1,28.6,34.7,0.147,8.4
4990,6,2024-04-29,0.0,45.8,28.5,24.1,0.179,25.8
4991,6,2024-04-30,0.0,43.8,26.4,31.0,0.096,20.1
4992,6,2024-05-01,0.0,45.1,26.6,35.3,0.128,10.8
4993,6,2024-05-02,0.0,42.1,27.3,27.7,0.134,7.9
4994,6,2024-05-03,0.0,44.9,28.3,24.4,0.162,6.5
4995,6,2024-05-04,0.0,44.8,29.7,37.8,0.088,11.4
4996,6,2024-05-05,0.0,43.8,30.6,36.2,0.125,11.8
4997,6,2024-05-06,0.0,42.6,28.7,34.5,0.178,19.3
4998,6,2024-05-07,0.0,43.3,29.8,31.8,0.083,11.4
4999,6,2024-05-08,0.0,43.7,27.8,25.6,0.163,7.2
5000,6,2024-05-09,1.0,41.8,26.8,24.8,0.115,7.9
5001,6,2024-05-10,0.0,43.3,30.0,33.1,0.164,11.0
5002,6,2024-05-11,0.0,42.1,26.7,25.5,0.108,4.7
5003,6,2024-05-12,0.0,41.6,29.8,37.6,0.172,4.8
5004,6,2024-05-13,0.0,45.8,27.4,27.5,0.163,11.0
5005,6,2024-05-14,0.0,43.2,27.5,33.7,0.126,13.3
5006,6,2024-05-15,0.0,45.9,30.4,30.4,0.122,6.6
5007,6,2024-05-16,0.0,44.1,30.8,20.1,0.178,8.9
5008,6,2024-05-17,0.0,43.4,28.9,31.9,0.125,12.5
5009,6,2024-05-18,0.0,42.1,28.6,21.4,0.141,8.9
5010,6,2024-05-19,0.0,42.5,30.6,29.9,0.082,14.5
5011,6,2024-05-20,0.0,46.1,27.8,27.1,0.175,11.2
5012,6,2024-05-21,0.0,41.9,29.3,32.8,0.117,15.4
5013,6,2024-05-22,0.0,42.2,30.5,27.6,0.168,13.6
5014,6,2024-05-23,0.0,44.2,26.5,24.4,0.086,11.6
5015,6,2024-05-24,0.0,46.1,28.8,37.3,0.12,9.1
5016,6,2024-05-25,0.0,42.9,26.1,20.7,0.139,3.7
5017,6,2024-05-26,0.0,42.4,30.6,35.2,0.179,12.5
5018,6,2024-05-27,0.0,44.9,26.7,33.9,0.103,13.1
5019,6,2024-05-28,0.0,45.9,27.3,30.8,0.132,5.0
5020,6,2024-05-29,0.0,45.7,30.6,20.4,0.171,7.0
5021,6,2024-05-30,0.0,42.4,29.3,24.8,0.105,14.9
5022,6,2024-05-31,0.0,41.2,30.1,33.5,0.097,4.5
5023,6,2024-06-01,0.0,37.5,18.1,52.8,0.186,17.1
5024,6,2024-06-02,25.0,38.0,19.6,63.5,0.258,5.5
5025,6,2024-06-03,0.0,32.4,23.6,69.9,0.293,10.3
5026,6,2024-06-04,26.7,37.3,23.3,68.2,0.243,12.6
5027,6,2024-06-05,0.0,37.0,19.0,47.2,0.294,13.4
5028,6,2024-06-06,0.0,37.4,20.5,50.2,0.227,10.4
5029,6,2024-06-07,0.0,37.0,18.3,51.2,0.191,14.3
5030,6,2024-06-08,0.0,33.9,23.6,53.1,0.251,10.4
5031,6,2024-06-09,34.3,33.2,18.3,68.5,0.339,13.2
5032,6,2024-06-10,30.3,36.1,21.8,69.5,0.303,3.9
5033,6,2024-06-11,14.5,33.8,23.7,60.5,0.211,12.8
5034,6,2024-06-12,24.9,32.1,18.1,60.0,0.213,8.6
5035,6,2024-06-13,0.0,35.7,24.0,64.3,0.266,10.2
5036,6,2024-06-14,0.0,32.5,23.7,61.1,0.335,7.0
5037,6,2024-06-15,0.0,36.4,21.2,60.9,0.258,14.7
5038,6,2024-06-16,0.0,35.7,19.7,62.4,0.278,16.2
5039,6,2024-06-17,0.0,34.5,20.9,64.9,0.24,16.2
5040,6,2024-06-18,0.0,32.4,23.4,53.3,0.317,4.8
5041,6,2024-06-19,0.0,34.1,19.2,58.0,0.212,20.9
5042,6,2024-06-20,0.0,36.8,23.5,48.8,0.206,8.7
5043,6,2024-06-21,0.0,32.5,21.6,61.6,0.296,10.8
5044,6,2024-06-22,0.0,35.6,23.1,56.9,0.191,17.1
5045,6,2024-06-23,0.0,37.9,22.0,70.0,0.347,13.8
5046,6,2024-06-24,0.0,36.7,23.9,53.1,0.326,12.3
5047,6,2024-06-25,0.0,32.0,21.7,48.6,0.323,18.9
5048,6,2024-06-26,0.0,32.4,20.2,51.5,0.299,12.2
5049,6,2024-06-27,7.3,34.2,18.7,58.8,0.185,7.4
5050,6,2024-06-28,4.2,35.2,20.4,46.9,0.249,7.5
5051,6,2024-06-29,0.0,33.7,21.2,60.8,0.295,14.2
5052,6,2024-06-30,0.0,35.7,18.9,55.0,0.289,15.2
5053,6,2024-07-01,33.7,29.0,24.0,93.4,0.667,13.1
5054,6,2024-07-02,41.9,32.3,24.8,86.4,0.719,20.4
5055,6,2024-07-03,1.1,31.3,23.2,78.1,0.457,17.9
5056,6,2024-07-04,41.7,31.8,24.8,90.5,0.718,10.1
5057,6,2024-07-05,46.8,31.8,25.6,84.4,0.751,12.1
5058,6,2024-07-06,0.4,29.5,24.3,93.4,0.453,18.0
5059,6,2024-07-07,0.7,32.4,23.3,91.3,0.455,12.1
5060,6,2024-07-08,0.6,32.4,23.1,93.2,0.454,13.2
5061,6,2024-07-09,22.2,32.3,25.0,82.2,0.593,5.2
5062,6,2024-07-10,0.5,31.9,23.3,91.6,0.453,14.8
5063,6,2024-07-11,26.6,32.1,24.5,97.8,0.621,12.2
5064,6,2024-07-12,2.4,31.5,23.4,82.6,0.465,9.5
5065,6,2024-07-13,38.5,28.3,23.6,97.6,0.698,9.6
5066,6,2024-07-14,46.0,29.9,24.6,100.0,0.746,6.0
5067,6,2024-07-15,2.1,29.8,25.3,83.9,0.464,17.7
5068,6,2024-07-16,77.1,30.2,23.2,92.3,0.946,12.9
5069,6,2024-07-17,18.4,30.0,25.1,92.8,0.568,6.8
5070,6,2024-07-18,1.7,32.6,25.9,77.0,0.461,15.8
5071,6,2024-07-19,2.2,32.3,24.0,93.9,0.464,5.8
5072,6,2024-07-20,1.4,28.7,23.9,95.8,0.459,2.0
5073,6,2024-07-21,0.7,31.1,25.1,82.5,0.455,14.2
5074,6,2024-07-22,59.2,29.0,23.2,98.2,0.831,14.3
5075,6,2024-07-23,1.6,31.5,25.0,87.4,0.46,2.7
5076,6,2024-07-24,54.9,32.1,23.9,90.6,0.803,16.1
5077,6,2024-07-25,2.6,31.1,23.9,76.8,0.467,8.4
5078,6,2024-07-26,41.2,30.9,25.6,90.2,0.715,2.0
5079,6,2024-07-27,38.1,31.0,23.6,88.8,0.695,10.6
5080,6,2024-07-28,77.1,29.7,23.7,99.6,0.946,3.6
5081,6,2024-07-29,20.6,28.2,25.0,81.3,0.582,7.8
5082,6,2024-07-30,2.7,30.5,25.2,92.6,0.467,17.2
5083,6,2024-07-31,64.3,30.5,23.7,93.3,0.863,8.5
5084,6,2024-08-01,88.7,30.8,24.9,100.0,1.0,7.6
5085,6,2024-08-02,1.2,29.0,23.7,95.8,0.458,19.1
5086,6,2024-08-03,57.8,29.2,25.6,98.0,0.822,12.9
5087,6,2024-08-04,36.3,28.6,23.3,89.4,0.683,3.1
5088,6,2024-08-05,2.1,28.1,23.9,75.7,0.464,12.8
5089,6,2024-08-06,100.8,29.8,25.0,100.0,1.0,17.0
5090,6,2024-08-07,93.0,28.3,24.5,100.0,1.0,13.9
5091,6,2024-08-08,0.0,32.4,23.8,89.7,0.45,16.3
5092,6,2024-08-09,0.6,31.8,24.7,87.8,0.454,2.0
5093,6,2024-08-10,0.2,29.0,24.3,90.3,0.451,19.3
5094,6,2024-08-11,13.5,31.5,24.6,86.4,0.537,10.8
5095,6,2024-08-12,55.8,28.4,23.0,96.8,0.809,12.7
5096,6,2024-08-13,58.2,28.2,24.3,89.2,0.824,6.5
5097,6,2024-08-14,1.1,32.0,23.8,83.5,0.457,10.6
5098,6,2024-08-15,56.6,30.6,24.3,100.0,0.814,12.5
5099,6,2024-08-16,1.6,32.9,25.5,86.7,0.46,15.8
5100,6,2024-08-17,125.0,28.6,23.1,100.0,1.0,14.4
5101,6,2024-08-18,75.1,30.3,25.5,94.1,0.933,10.1
5102,6,2024-08-19,15.4,32.5,25.3,83.8,0.549,13.0
5103,6,2024-08-20,1.5,29.9,23.5,89.0,0.46,8.6
5104,6,2024-08-21,2.8,28.5,24.6,81.0,0.468,9.6
5105,6,2024-08-22,1.7,30.1,24.4,93.5,0.461,8.5
5106,6,2024-08-23,29.5,29.6,24.9,93.4,0.64,9.8
5107,6,2024-08-24,2.6,28.7,25.5,95.6,0.467,12.9
5108,6,2024-08-25,26.2,32.6,25.8,88.9,0.618,17.8
5109,6,2024-08-26,14.9,30.7,25.3,97.6,0.546,18.4
5110,6,2024-08-27,50.3,29.0,25.3,93.4,0.773,20.1
5111,6,2024-08-28,2.4,30.4,24.2,95.2,0.465,13.8
5112,6,2024-08-29,109.0,31.9,24.4,100.0,1.0,9.0
5113,6,2024-08-30,106.1,28.9,24.0,100.0,1.0,15.9
5114,6,2024-08-31,29.0,30.0,24.8,100.0,0.636,14.4
5115,6,2024-09-01,0.0,34.0,18.3,49.1,0.216,11.7
5116,6,2024-09-02,25.3,37.0,20.4,52.3,0.213,2.1
5117,6,2024-09-03,0.0,34.7,18.8,64.8,0.232,12.9
5118,6,2024-09-04,0.0,35.0,21.9,51.5,0.25,2.6
5119,6,2024-09-05,0.0,35.5,19.3,47.9,0.335,9.9
5120,6,2024-09-06,33.2,36.8,22.2,58.9,0.329,15.7
5121,6,2024-09-07,0.0,34.2,21.7,50.9,0.306,4.9
5122,6,2024-09-08,23.0,34.2,23.7,63.2,0.196,19.7
5123,6,2024-09-09,13.7,33.6,18.2,52.6,0.316,7.0
5124,6,2024-09-10,0.0,36.6,22.1,47.7,0.302,11.7
5125,6,2024-09-11,0.0,33.4,20.1,64.4,0.348,6.6
5126,6,2024-09-12,0.0,35.3,19.7,48.1,0.259,2.4
5127,6,2024-09-13,0.0,35.8,18.9,48.7,0.22,14.1
5128,6,2024-09-14,0.0,36.8,18.3,62.0,0.232,11.3
5129,6,2024-09-15,27.5,36.0,19.1,56.0,0.26,27.4
5130,6,2024-09-16,0.0,32.3,19.0,66.3,0.22,5.3
5131,6,2024-09-17,0.0,35.7,21.8,59.6,0.321,10.9
5132,6,2024-09-18,18.9,32.2,19.8,64.3,0.328,12.0
5133,6,2024-09-19,0.0,37.9,23.3,47.8,0.326,10.7
5134,6,2024-09-20,0.0,36.2,19.9,55.2,0.298,10.9
5135,6,2024-09-21,34.2,33.2,23.0,49.9,0.327,13.8
5136,6,2024-09-22,0.0,32.6,23.6,68.2,0.3,14.6
5137,6,2024-09-23,0.0,32.7,19.4,69.3,0.189,14.5
5138,6,2024-09-24,0.0,34.2,21.7,61.1,0.185,8.0
5139,6,2024-09-25,0.0,33.7,22.9,65.6,0.34,13.3
5140,6,2024-09-26,41.3,36.7,19.4,50.8,0.346,11.8
5141,6,2024-09-27,35.1,33.8,21.5,51.1,0.234,16.1
5142,6,2024-09-28,0.0,36.5,22.2,67.6,0.216,15.4
5143,6,2024-09-29,0.0,37.5,21.2,64.5,0.307,13.4
5144,6,2024-09-30,8.2,36.7,23.1,64.8,0.223,12.6
5145,6,2024-10-01,0.0,36.6,20.8,56.1,0.22,9.6
5146,6,2024-10-02,0.0,34.9,19.0,47.9,0.214,15.9
5147,6,2024-10-03,0.0,33.1,23.7,57.5,0.322,7.2
5148,6,2024-10-04,0.0,33.5,22.0,55.4,0.254,11.1
5149,6,2024-10-05,9.5,36.5,22.7,47.4,0.307,9.7
5150,6,2024-10-06,0.0,33.9,19.2,68.8,0.311,8.0
5151,6,2024-10-07,3.3,37.2,22.7,54.0,0.255,9.2
5152,6,2024-10-08,0.0,32.2,20.7,46.3,0.313,13.3
5153,6,2024-10-09,0.0,37.6,24.0,46.5,0.215,16.1
5154,6,2024-10-10,0.0,36.8,20.0,47.9,0.206,8.7
5155,6,2024-10-11,0.0,37.0,19.8,53.5,0.204,16.8
5156,6,2024-10-12,0.0,33.2,23.9,54.9,0.318,4.5
5157,6,2024-10-13,0.0,37.5,19.3,59.4,0.308,13.2
5158,6,2024-10-14,0.0,34.3,22.9,55.0,0.342,9.3
5159,6,2024-10-15,2.1,34.5,19.6,58.3,0.235,8.0
5160,6,2024-10-16,0.0,37.9,19.9,61.8,0.288,9.5
5161,6,2024-10-17,0.0,36.6,18.3,59.7,0.235,12.3
5162,6,2024-10-18,0.0,36.9,23.4,64.1,0.255,15.2
5163,6,2024-10-19,0.0,36.1,19.2,50.3,0.235,3.4
5164,6,2024-10-20,0.0,33.2,20.9,61.9,0.312,8.5
5165,6,2024-10-21,0.0,34.9,22.7,52.3,0.304,18.4
5166,6,2024-10-22,0.0,32.4,23.0,47.2,0.18,10.0
5167,6,2024-10-23,0.0,33.9,22.8,54.2,0.212,16.5
5168,6,2024-10-24,0.0,33.2,18.3,47.8,0.335,12.7
5169,6,2024-10-25,0.0,33.4,23.1,62.9,0.18,8.8
5170,6,2024-10-26,0.0,36.9,21.7,56.9,0.349,17.4
5171,6,2024-10-27,0.0,35.8,18.3,67.6,0.267,3.2
5172,6,2024-10-28,0.0,37.6,18.3,63.0,0.218,8.1
5173,6,2024-10-29,0.0,33.0,21.3,68.3,0.243,2.0
5174,6,2024-10-30,0.1,36.8,22.0,45.3,0.267,3.0
5175,6,2024-10-31,0.0,34.4,19.9,63.4,0.255,8.1
5176,6,2024-11-01,0.0,35.5,20.4,48.7,0.256,6.1
5177,6,2024-11-02,3.1,33.8,18.0,65.9,0.274,10.6
5178,6,2024-11-03,0.0,37.2,21.4,66.3,0.254,2.9
5179,6,2024-11-04,0.0,35.5,23.4,66.0,0.233,12.6
5180,6,2024-11-05,0.0,36.2,21.4,65.0,0.219,14.3
5181,6,2024-11-06,0.0,33.7,20.2,53.8,0.186,5.4
5182,6,2024-11-07,0.0,37.1,19.7,55.3,0.294,10.5
5183,6,2024-11-08,0.0,35.8,23.2,55.9,0.274,12.4
5184,6,2024-11-09,0.0,36.1,18.7,57.5,0.184,11.7
5185,6,2024-11-10,0.0,37.5,20.5,53.3,0.338,10.2
5186,6,2024-11-11,0.0,33.4,22.8,66.8,0.273,7.6
5187,6,2024-11-12,0.0,34.2,22.3,59.3,0.305,14.0
5188,6,2024-11-13,0.0,35.4,22.4,47.2,0.294,2.2
5189,6,2024-11-14,0.0,37.4,23.2,65.0,0.206,8.9
5190,6,2024-11-15,0.0,32.7,21.9,52.1,0.31,12.6
5191,6,2024-11-16,0.0,32.5,20.2,57.2,0.302,7.9
5192,6,2024-11-17,0.0,36.1,21.9,53.9,0.33,12.3
5193,6,2024-11-18,0.0,32.9,20.8,47.2,0.323,6.2
5194,6,2024-11-19,0.0,34.1,21.9,62.3,0.327,17.5
5195,6,2024-11-20,0.0,34.9,22.3,61.4,0.285,12.3
5196,6,2024-11-21,0.0,32.9,20.4,69.8,0.296,13.3
5197,6,2024-11-22,0.0,35.0,18.3,45.6,0.185,17.7
5198,6,2024-11-23,0.0,33.6,19.0,56.3,0.329,16.2
5199,6,2024-11-24,0.0,36.9,23.3,59.7,0.262,14.4
5200,6,2024-11-25,0.0,32.7,23.3,50.9,0.321,11.2
5201,6,2024-11-26,0.0,34.6,20.9,52.9,0.222,19.6
5202,6,2024-11-27,0.0,35.7,20.1,52.4,0.348,17.7
5203,6,2024-11-28,0.0,35.5,21.5,67.3,0.317,9.3
5204,6,2024-11-29,0.0,37.4,23.9,54.9,0.236,19.1
5205,6,2024-11-30,0.0,34.6,21.8,59.4,0.194,9.2
5206,6,2024-12-01,0.0,28.5,11.1,47.6,0.21,14.2
5207,6,2024-12-02,0.0,28.2,13.7,42.2,0.213,3.0
5208,6,2024-12-03,0.0,27.9,14.2,47.5,0.25,12.3
5209,6,2024-12-04,0.0,27.0,13.4,61.2,0.244,12.0
5210,6,2024-12-05,0.0,27.6,11.7,40.1,0.251,23.1
5211,6,2024-12-06,0.0,29.3,12.6,60.3,0.182,15.5
5212,6,2024-12-07,0.0,26.5,14.3,45.9,0.252,16.3
5213,6,2024-12-08,0.0,26.5,9.5,45.6,0.22,5.4
5214,6,2024-12-09,0.0,26.5,11.9,57.0,0.194,12.7
5215,6,2024-12-10,0.0,27.7,14.3,46.0,0.219,19.8
5216,6,2024-12-11,0.0,26.3,13.9,51.6,0.246,13.5
5217,6,2024-12-12,0.0,30.0,10.5,40.3,0.155,5.1
5218,6,2024-12-13,0.0,28.0,13.5,54.0,0.168,16.9
5219,6,2024-12-14,0.0,27.7,10.6,49.9,0.198,6.8
5220,6,2024-12-15,0.0,29.8,11.9,49.7,0.165,9.6
5221,6,2024-12-16,0.0,29.6,14.2,61.0,0.24,20.1
5222,6,2024-12-17,0.0,29.0,13.1,43.9,0.171,2.0
5223,6,2024-12-18,0.0,28.3,13.5,40.6,0.166,13.6
5224,6,2024-12-19,0.0,30.2,9.4,41.3,0.193,15.3
5225,6,2024-12-20,0.0,28.1,9.2,56.7,0.268,11.4
5226,6,2024-12-21,0.0,27.1,11.3,46.5,0.204,17.2
5227,6,2024-12-22,0.0,26.4,13.5,60.8,0.278,11.7
5228,6,2024-12-23,0.0,27.9,14.1,58.7,0.18,4.9
5229,6,2024-12-24,0.0,30.4,11.3,40.6,0.239,13.3
5230,6,2024-12-25,0.0,26.2,9.0,46.6,0.165,19.9
5231,6,2024-12-26,0.0,29.7,9.3,58.9,0.199,17.8
5232,6,2024-12-27,0.0,27.5,12.2,60.5,0.165,15.2
5233,6,2024-12-28,0.0,27.3,9.7,45.4,0.23,13.7
5234,6,2024-12-29,1.6,30.1,11.5,49.4,0.179,9.0
5235,6,2024-12-30,0.0,30.4,12.5,43.5,0.261,10.8
5236,6,2024-12-31,0.0,29.6,12.4,52.8,0.192,13.8
5237,6,2025-01-01,0.0,26.5,14.0,58.0,0.165,10.1
5238,6,2025-01-02,0.0,29.0,9.1,41.6,0.263,19.6
5239,6,2025-01-03,0.0,28.5,10.9,47.7,0.2,8.5
5240,6,2025-01-04,0.0,30.1,9.0,60.3,0.189,16.1
5241,6,2025-01-05,0.2,26.9,9.7,58.6,0.205,7.1
5242,6,2025-01-06,0.0,27.3,13.3,45.2,0.205,7.1
5243,6,2025-01-07,0.0,26.9,14.4,43.1,0.262,13.0
5244,6,2025-01-08,0.0,28.3,11.2,45.1,0.173,7.5
5245,6,2025-01-09,0.0,27.8,10.5,56.0,0.244,9.9
5246,6,2025-01-10,0.0,26.7,9.6,53.3,0.205,10.9
5247,6,2025-01-11,0.0,28.0,10.8,46.4,0.192,13.3
5248,6,2025-01-12,0.0,26.9,12.1,51.8,0.269,6.2
5249,6,2025-01-13,0.0,28.4,11.4,45.0,0.264,11.5
5250,6,2025-01-14,1.4,29.0,10.3,45.9,0.195,18.5
5251,6,2025-01-15,0.0,29.9,11.2,48.2,0.162,10.6
5252,6,2025-01-16,0.0,26.1,10.0,58.1,0.258,9.8
5253,6,2025-01-17,0.0,27.6,12.8,60.0,0.25,14.3
5254,6,2025-01-18,0.0,26.5,9.6,60.3,0.167,7.0
5255,6,2025-01-19,0.0,26.9,11.5,45.4,0.193,13.6
5256,6,2025-01-20,0.0,29.7,13.9,59.0,0.274,17.6
5257,6,2025-01-21,1.2,26.0,11.6,52.9,0.277,5.6
5258,6,2025-01-22,0.0,29.2,11.0,49.5,0.153,14.5
5259,6,2025-01-23,0.0,26.9,13.4,57.3,0.151,6.6
5260,6,2025-01-24,0.0,29.9,12.4,42.2,0.165,12.2
5261,6,2025-01-25,1.8,29.6,9.3,54.5,0.175,11.8
5262,6,2025-01-26,0.0,26.9,11.7,60.1,0.27,11.8
5263,6,2025-01-27,0.0,30.5,14.1,55.4,0.232,11.7
5264,6,2025-01-28,0.0,30.0,10.9,46.5,0.215,6.3
5265,6,2025-01-29,0.0,28.6,12.0,44.1,0.161,14.0
5266,6,2025-01-30,0.0,27.2,13.8,43.8,0.262,11.6
5267,6,2025-01-31,0.0,28.8,12.4,55.0,0.26,2.0
5268,6,2025-02-01,0.0,33.9,19.7,59.3,0.344,13.5
5269,6,2025-02-02,0.0,36.4,21.3,60.7,0.246,8.7
5270,6,2025-02-03,0.0,36.7,22.3,60.0,0.192,12.5
5271,6,2025-02-04,0.0,32.8,20.0,52.0,0.27,20.8
5272,6,2025-02-05,0.0,32.8,20.0,48.0,0.23,14.4
5273,6,2025-02-06,0.0,36.4,22.5,54.3,0.34,15.4
5274,6,2025-02-07,0.0,36.3,20.7,54.1,0.269,15.9
5275,6,2025-02-08,0.0,32.2,18.5,62.3,0.271,16.0
5276,6,2025-02-09,0.0,33.5,20.4,63.3,0.277,7.5
5277,6,2025-02-10,0.0,35.2,18.7,68.3,0.326,4.1
5278,6,2025-02-11,0.0,36.4,22.0,66.2,0.24,7.6
5279,6,2025-02-12,0.0,33.6,18.7,53.6,0.215,9.8
5280,6,2025-02-13,0.0,35.8,23.0,67.5,0.322,22.0
5281,6,2025-02-14,2.5,35.4,20.7,68.1,0.329,23.5
5282,6,2025-02-15,0.0,35.1,21.6,55.9,0.224,5.5
5283,6,2025-02-16,0.0,36.7,21.4,58.2,0.295,14.2
5284,6,2025-02-17,0.0,34.0,21.1,46.7,0.228,7.4
5285,6,2025-02-18,0.5,38.0,19.2,56.4,0.306,15.4
5286,6,2025-02-19,0.0,35.5,23.6,69.4,0.208,18.4
5287,6,2025-02-20,0.0,34.1,22.6,45.0,0.233,17.6
5288,6,2025-02-21,0.0,36.2,20.2,59.9,0.311,8.6
5289,6,2025-02-22,0.0,35.8,20.4,51.6,0.192,20.1
5290,6,2025-02-23,0.0,38.0,18.3,62.5,0.22,7.1
5291,6,2025-02-24,0.0,37.0,21.1,65.1,0.198,16.9
5292,6,2025-02-25,0.0,36.7,23.9,63.1,0.346,16.9
5293,6,2025-02-26,0.0,35.5,20.1,50.9,0.19,11.3
5294,6,2025-02-27,0.0,33.0,21.8,53.8,0.262,12.2
5295,6,2025-02-28,0.0,32.6,23.6,55.5,0.316,5.7
5296,6,2025-03-01,0.0,35.8,18.5,47.9,0.181,8.4
5297,6,2025-03-02,0.0,37.7,22.0,58.0,0.189,18.6
5298,6,2025-03-03,0.8,36.2,21.4,52.2,0.218,21.8
5299,6,2025-03-04,0.0,36.2,20.2,57.1,0.333,10.3
5300,6,2025-03-05,0.0,37.0,18.6,50.1,0.316,10.6
5301,6,2025-03-06,0.0,37.1,21.2,58.6,0.243,13.1
5302,6,2025-03-07,0.0,32.2,18.4,48.6,0.263,10.6
5303,6,2025-03-08,0.0,32.6,21.5,68.3,0.263,11.5
5304,6,2025-03-09,0.0,33.0,22.8,55.7,0.198,10.4
5305,6,2025-03-10,0.0,36.6,22.0,48.1,0.338,13.6
5306,6,2025-03-11,0.0,33.8,18.2,58.0,0.258,8.8
5307,6,2025-03-12,0.4,35.0,19.7,68.6,0.307,13.5
5308,6,2025-03-13,0.0,37.5,23.4,64.7,0.215,9.3
5309,6,2025-03-14,0.0,34.8,20.7,52.4,0.184,12.1
5310,6,2025-03-15,0.0,32.8,23.8,49.8,0.271,7.6
5311,6,2025-03-16,0.0,33.7,21.3,61.7,0.253,8.1
5312,6,2025-03-17,0.0,33.9,22.9,49.1,0.262,8.5
5313,6,2025-03-18,0.0,36.7,18.3,66.8,0.204,4.6
5314,6,2025-03-19,0.0,35.2,22.1,46.1,0.2,11.3
5315,6,2025-03-20,0.0,33.3,20.4,53.1,0.334,10.7
5316,6,2025-03-21,0.0,32.2,19.5,58.1,0.217,10.4
5317,6,2025-03-22,0.0,32.1,22.3,50.0,0.289,13.8
5318,6,2025-03-23,0.0,34.1,22.8,69.8,0.315,2.0
5319,6,2025-03-24,0.0,33.0,20.6,56.2,0.244,19.0
5320,6,2025-03-25,0.0,32.8,22.8,49.3,0.189,7.4
5321,6,2025-03-26,0.0,37.1,20.5,49.5,0.279,7.3
5322,6,2025-03-27,0.0,33.2,22.4,47.6,0.337,11.0
5323,6,2025-03-28,0.0,32.4,21.4,67.4,0.188,7.1
5324,6,2025-03-29,0.0,35.2,22.5,61.5,0.297,9.4
5325,6,2025-03-30,0.0,34.8,21.9,49.1,0.226,11.3
5326,6,2025-03-31,0.0,34.8,21.0,67.0,0.282,11.5
5327,6,2025-04-01,0.0,44.4,27.9,24.0,0.087,15.2
5328,6,2025-04-02,0.0,42.4,26.2,23.0,0.083,14.2
5329,6,2025-04-03,0.0,45.1,26.8,20.1,0.147,11.9
5330,6,2025-04-04,0.0,41.3,26.1,22.3,0.087,10.3
5331,6,2025-04-05,0.0,46.5,27.9,20.7,0.106,11.0
5332,6,2025-04-06,0.0,44.6,29.2,28.8,0.091,12.5
5333,6,2025-04-07,0.0,46.2,28.1,37.1,0.149,2.0
5334,6,2025-04-08,0.0,44.7,28.1,27.0,0.106,16.7
5335,6,2025-04-09,0.0,42.3,30.2,33.4,0.173,10.1
5336,6,2025-04-10,0.0,43.5,27.2,28.4,0.161,9.0
5337,6,2025-04-11,0.0,45.9,30.0,34.3,0.164,18.0
5338,6,2025-04-12,0.0,45.2,27.5,36.0,0.164,8.8
5339,6,2025-04-13,0.0,43.1,29.9,20.8,0.104,8.8
5340,6,2025-04-14,0.0,41.5,27.7,38.0,0.1,13.5
5341,6,2025-04-15,0.0,43.7,27.6,24.3,0.152,15.9
5342,6,2025-04-16,0.0,42.2,30.3,37.2,0.121,7.5
5343,6,2025-04-17,0.0,43.4,29.5,24.6,0.17,14.8
5344,6,2025-04-18,0.0,41.6,28.4,24.7,0.139,11.8
5345,6,2025-04-19,0.0,44.3,29.8,36.3,0.132,13.7
5346,6,2025-04-20,0.0,41.9,29.3,32.7,0.096,10.8
5347,6,2025-04-21,0.3,46.1,29.7,27.7,0.116,10.2
5348,6,2025-04-22,0.0,44.8,29.5,27.6,0.127,11.7
5349,6,2025-04-23,0.0,42.2,28.3,35.5,0.081,11.4
5350,6,2025-04-24,0.0,42.9,26.0,36.9,0.161,13.9
5351,6,2025-04-25,0.0,42.0,26.9,22.5,0.103,5.9
5352,6,2025-04-26,0.0,43.4,30.6,26.6,0.136,12.7
5353,6,2025-04-27,0.0,43.0,28.1,20.9,0.118,13.9
5354,6,2025-04-28,0.0,42.5,30.0,24.1,0.12,15.9
5355,6,2025-04-29,0.0,43.0,26.8,27.6,0.121,17.3
5356,6,2025-04-30,0.0,45.1,30.1,26.3,0.153,14.6
5357,6,2025-05-01,0.0,46.2,30.7,26.5,0.122,12.0
5358,6,2025-05-02,0.0,45.1,28.1,26.9,0.165,15.1
5359,6,2025-05-03,0.0,42.4,26.1,26.6,0.088,4.6
5360,6,2025-05-04,0.0,43.1,29.8,37.0,0.092,10.1
5361,6,2025-05-05,0.0,44.2,29.5,23.7,0.177,12.2
5362,6,2025-05-06,0.0,43.2,29.9,35.4,0.085,18.8
5363,6,2025-05-07,0.0,41.1,26.9,36.2,0.178,11.8
5364,6,2025-05-08,0.0,43.1,29.6,26.3,0.136,19.0
5365,6,2025-05-09,0.0,43.2,27.4,23.7,0.179,7.8
5366,6,2025-05-10,0.0,44.7,29.4,22.1,0.163,10.5
5367,6,2025-05-11,0.0,43.1,28.5,33.6,0.106,11.0
5368,6,2025-05-12,0.0,43.6,29.4,32.1,0.164,13.0
5369,6,2025-05-13,0.0,42.3,26.0,30.0,0.1,14.5
5370,6,2025-05-14,0.0,43.2,30.9,25.9,0.127,7.6
5371,6,2025-05-15,0.0,43.3,26.1,28.4,0.138,4.4
5372,6,2025-05-16,0.0,44.9,29.0,22.6,0.086,11.4
5373,6,2025-05-17,0.0,42.6,30.2,27.9,0.117,12.4
5374,6,2025-05-18,0.0,42.4,30.1,34.4,0.129,10.8
5375,6,2025-05-19,0.0,41.1,28.8,20.3,0.126,14.6
5376,6,2025-05-20,0.0,44.1,28.7,20.9,0.147,13.9
5377,6,2025-05-21,0.0,44.2,29.1,25.0,0.096,6.5
5378,6,2025-05-22,0.0,45.2,29.2,34.7,0.121,23.2
5379,6,2025-05-23,0.0,41.1,30.0,25.7,0.092,12.6
5380,6,2025-05-24,0.0,46.1,26.8,30.9,0.123,7.2
5381,6,2025-05-25,0.0,41.6,28.7,25.0,0.112,15.0
5382,6,2025-05-26,0.0,44.5,30.1,21.0,0.112,8.2
5383,6,2025-05-27,0.0,45.4,26.3,21.5,0.134,10.5
5384,6,2025-05-28,0.0,42.3,30.2,35.0,0.177,10.4
5385,6,2025-05-29,0.0,43.1,26.5,34.6,0.124,10.1
5386,6,2025-05-30,0.0,45.4,27.6,22.2,0.088,7.5
5387,6,2025-05-31,0.0,42.2,27.0,21.8,0.145,8.7
5388,6,2025-06-01,0.0,37.5,21.8,56.1,0.335,7.6
5389,6,2025-06-02,22.1,32.0,18.8,50.0,0.194,12.6
5390,6,2025-06-03,26.0,34.1,20.4,59.7,0.256,5.0
5391,6,2025-06-04,20.0,35.9,21.9,67.7,0.25,6.4
5392,6,2025-06-05,0.0,34.0,18.6,57.2,0.312,11.3
5393,6,2025-06-06,7.5,36.1,23.4,61.8,0.241,11.4
5394,6,2025-06-07,0.0,33.2,21.7,48.4,0.223,13.7
5395,6,2025-06-08,0.0,35.2,18.6,67.2,0.203,3.5
5396,6,2025-06-09,0.0,37.4,19.3,59.8,0.286,13.8
5397,6,2025-06-10,0.0,36.8,21.1,64.5,0.238,9.3
5398,6,2025-06-11,18.3,32.9,19.1,67.8,0.217,10.2
5399,6,2025-06-12,43.8,35.0,20.2,49.5,0.319,13.4
5400,6,2025-06-13,30.0,37.2,24.0,58.7,0.288,5.4
5401,6,2025-06-14,0.0,32.4,23.6,47.0,0.243,8.6
5402,6,2025-06-15,0.0,34.9,19.7,54.9,0.331,10.3
5403,6,2025-06-16,17.9,33.5,18.6,49.1,0.301,14.9
5404,6,2025-06-17,9.9,36.2,23.4,52.7,0.28,16.7
5405,6,2025-06-18,0.0,33.9,20.7,52.2,0.273,9.6
5406,6,2025-06-19,0.0,32.1,18.9,54.0,0.304,12.9
5407,6,2025-06-20,0.0,36.0,23.0,51.9,0.29,13.0
5408,6,2025-06-21,0.0,35.2,21.6,49.6,0.195,7.5
5409,6,2025-06-22,29.4,33.7,22.6,60.0,0.182,12.9
5410,6,2025-06-23,0.0,33.1,18.8,63.8,0.277,11.7
5411,6,2025-06-24,14.6,33.9,21.6,51.6,0.19,16.9
5412,6,2025-06-25,0.0,35.1,21.4,53.7,0.222,9.8
5413,6,2025-06-26,0.0,37.5,18.6,51.4,0.251,11.1
5414,6,2025-06-27,8.1,34.1,23.7,54.1,0.208,23.0
5415,6,2025-06-28,0.0,37.4,20.7,61.7,0.303,11.2
5416,6,2025-06-29,31.7,37.4,22.7,54.7,0.232,20.2
5417,6,2025-06-30,0.0,35.2,23.4,48.9,0.283,12.4
5418,6,2025-07-01,96.8,29.9,24.9,100.0,1.0,17.3
5419,6,2025-07-02,2.7,28.8,24.0,95.0,0.467,14.1
5420,6,2025-07-03,46.9,30.8,24.9,92.5,0.752,10.3
5421,6,2025-07-04,64.4,28.1,26.0,100.0,0.864,8.1
5422,6,2025-07-05,1.6,28.2,23.5,78.7,0.46,15.6
5423,6,2025-07-06,60.9,30.6,23.3,100.0,0.842,18.0
5424,6,2025-07-07,65.2,29.8,25.5,96.1,0.869,19.7
5425,6,2025-07-08,72.4,31.3,23.2,96.2,0.915,3.2
5426,6,2025-07-09,71.2,30.4,25.4,100.0,0.908,15.7
5427,6,2025-07-10,43.6,32.1,24.8,87.2,0.73,15.1
5428,6,2025-07-11,78.9,32.6,25.0,95.0,0.957,6.2
5429,6,2025-07-12,39.6,31.5,25.9,85.6,0.705,8.0
5430,6,2025-07-13,37.9,28.0,25.8,84.9,0.694,10.8
5431,6,2025-07-14,1.8,29.6,23.5,84.2,0.462,14.5
5432,6,2025-07-15,30.9,29.2,25.4,81.8,0.649,4.4
5433,6,2025-07-16,68.6,29.7,24.3,97.7,0.891,13.9
5434,6,2025-07-17,0.4,29.9,23.0,76.0,0.453,15.2
5435,6,2025-07-18,56.7,31.6,23.0,100.0,0.815,2.0
5436,6,2025-07-19,35.7,30.0,23.8,91.7,0.679,6.7
5437,6,2025-07-20,0.8,32.5,24.9,88.2,0.455,13.0
5438,6,2025-07-21,0.7,31.2,25.4,86.8,0.455,9.0
5439,6,2025-07-22,2.8,30.6,24.0,82.7,0.468,6.9
5440,6,2025-07-23,0.1,28.9,23.9,88.4,0.451,14.7
5441,6,2025-07-24,54.5,32.6,23.9,100.0,0.8,9.5
5442,6,2025-07-25,33.5,28.8,25.2,89.9,0.665,6.1
5443,6,2025-07-26,60.2,30.9,25.2,89.1,0.837,4.6
5444,6,2025-07-27,0.5,30.5,23.6,90.8,0.453,2.0
5445,6,2025-07-28,2.2,32.3,25.8,87.8,0.464,7.1
5446,6,2025-07-29,0.6,29.0,23.0,76.2,0.454,10.1
5447,6,2025-07-30,2.4,30.7,25.8,87.2,0.465,13.3
5448,6,2025-07-31,17.6,31.5,24.3,96.5,0.563,10.9
5449,6,2025-08-01,84.8,30.1,24.4,100.0,0.995,16.2
5450,6,2025-08-02,54.9,28.3,24.1,98.9,0.803,5.9
5451,6,2025-08-03,62.4,31.9,23.9,98.0,0.851,12.6
5452,6,2025-08-04,51.4,31.0,25.4,97.2,0.78,17.4
5453,6,2025-08-05,51.7,32.6,25.5,86.4,0.782,12.9
5454,6,2025-08-06,59.8,28.2,23.3,93.1,0.834,13.0
5455,6,2025-08-07,23.6,32.1,24.8,79.8,0.602,21.7
5456,6,2025-08-08,89.7,30.3,24.5,100.0,1.0,11.0
5457,6,2025-08-09,42.1,32.5,24.0,91.1,0.721,14.1
5458,6,2025-08-10,73.7,31.6,25.6,99.6,0.924,14.5
5459,6,2025-08-11,2.3,29.2,23.4,76.6,0.465,18.5
5460,6,2025-08-12,83.9,28.8,23.3,96.0,0.989,13.1
5461,6,2025-08-13,40.7,31.2,25.3,88.2,0.712,15.3
5462,6,2025-08-14,39.4,32.8,23.3,100.0,0.703,17.8
5463,6,2025-08-15,45.3,29.6,24.3,98.4,0.741,2.0
5464,6,2025-08-16,1.1,31.5,23.8,82.9,0.457,7.2
5465,6,2025-08-17,43.9,31.0,23.7,100.0,0.732,8.7
5466,6,2025-08-18,84.4,29.7,24.4,100.0,0.993,14.8
5467,6,2025-08-19,2.7,30.9,24.5,88.6,0.467,5.5
5468,6,2025-08-20,76.4,30.1,24.6,99.3,0.941,17.2
5469,6,2025-08-21,12.1,30.4,25.4,87.5,0.528,4.1
5470,6,2025-08-22,1.8,30.5,24.7,87.2,0.462,15.6
5471,6,2025-08-23,0.9,29.8,25.8,76.4,0.456,12.1
5472,6,2025-08-24,89.9,28.5,24.9,100.0,1.0,9.9
5473,6,2025-08-25,59.3,30.0,23.2,90.9,0.831,6.2
5474,6,2025-08-26,19.5,28.1,24.3,97.1,0.575,11.5
5475,6,2025-08-27,0.9,28.8,24.1,80.8,0.456,13.6
5476,6,2025-08-28,45.7,29.1,24.9,90.0,0.744,5.4
5477,6,2025-08-29,2.7,31.9,23.0,88.8,0.467,13.6
5478,6,2025-08-30,47.3,30.8,23.6,97.9,0.754,9.0
5479,6,2025-08-31,2.5,29.7,23.7,93.5,0.466,10.1
5480,6,2025-09-01,0.0,34.4,23.3,51.5,0.248,9.5
5481,6,2025-09-02,17.1,35.5,18.4,54.4,0.215,14.5
5482,6,2025-09-03,56.8,32.8,20.5,68.8,0.29,6.3
5483,6,2025-09-04,34.0,32.9,18.3,68.2,0.26,3.5
5484,6,2025-09-05,0.0,33.7,20.3,51.4,0.287,12.4
5485,6,2025-09-06,0.0,32.7,23.9,68.6,0.314,14.5
5486,6,2025-09-07,0.0,33.9,24.0,67.9,0.245,11.1
5487,6,2025-09-08,0.0,33.6,22.9,64.1,0.195,17.3
5488,6,2025-09-09,0.0,37.9,20.1,55.5,0.196,13.6
5489,6,2025-09-10,0.0,32.9,22.7,46.7,0.212,14.0
5490,6,2025-09-11,22.7,37.4,18.1,52.1,0.227,14.2
5491,6,2025-09-12,18.8,32.5,20.7,64.8,0.225,11.4
5492,6,2025-09-13,35.4,33.2,23.7,49.6,0.32,10.6
5493,6,2025-09-14,0.0,36.2,20.3,57.2,0.292,17.0
5494,6,2025-09-15,30.7,32.9,23.6,62.9,0.254,20.8
5495,6,2025-09-16,0.0,37.2,20.2,67.0,0.261,5.0
5496,6,2025-09-17,0.0,34.8,18.7,53.9,0.184,10.8
5497,6,2025-09-18,0.0,36.0,22.0,48.5,0.271,21.3
5498,6,2025-09-19,28.9,35.2,20.3,55.6,0.341,6.6
5499,6,2025-09-20,22.5,34.0,18.7,61.9,0.214,18.5
5500,6,2025-09-21,39.8,33.8,22.3,61.4,0.232,13.3
5501,6,2025-09-22,14.8,34.3,19.2,52.9,0.276,6.5
5502,6,2025-09-23,0.0,36.0,22.9,59.6,0.312,17.2
5503,6,2025-09-24,0.0,35.3,19.9,56.5,0.32,16.0
5504,6,2025-09-25,0.0,32.5,21.0,52.4,0.289,7.2
5505,6,2025-09-26,24.0,32.6,19.7,45.7,0.226,5.0
5506,6,2025-09-27,15.8,37.9,18.7,69.8,0.235,9.9
5507,6,2025-09-28,0.0,36.4,22.0,59.8,0.248,20.2
5508,6,2025-09-29,0.0,37.9,22.3,56.4,0.284,7.2
5509,6,2025-09-30,9.0,32.2,19.9,56.6,0.301,10.4
5510,6,2025-10-01,0.0,34.7,18.5,61.8,0.33,12.5
5511,6,2025-10-02,0.0,33.9,21.5,53.1,0.204,11.3
5512,6,2025-10-03,0.0,37.6,20.3,46.4,0.227,11.7
5513,6,2025-10-04,0.0,35.3,23.6,54.6,0.248,8.3
5514,6,2025-10-05,14.0,33.0,18.9,62.9,0.342,9.8
5515,6,2025-10-06,0.0,32.3,19.5,51.0,0.303,5.1
5516,6,2025-10-07,0.0,35.5,18.7,68.1,0.278,12.5
5517,6,2025-10-08,0.0,35.4,19.1,60.6,0.307,15.0
5518,6,2025-10-09,0.0,36.5,19.6,53.2,0.324,10.5
5519,6,2025-10-10,0.0,36.0,19.7,58.6,0.25,6.5
5520,6,2025-10-11,0.0,34.1,20.6,65.9,0.188,12.3
5521,6,2025-10-12,0.0,36.9,22.0,47.8,0.317,2.0
5522,6,2025-10-13,0.0,34.8,20.3,61.3,0.31,10.5
5523,6,2025-10-14,0.0,36.2,23.6,65.5,0.344,11.5
5524,6,2025-10-15,0.0,33.1,23.1,58.7,0.24,6.1
5525,6,2025-10-16,0.0,34.1,18.9,48.2,0.205,10.1
5526,6,2025-10-17,7.4,34.6,22.4,45.5,0.246,4.3
5527,6,2025-10-18,0.0,32.7,18.6,53.4,0.323,9.2
5528,6,2025-10-19,0.0,33.0,19.3,45.5,0.244,14.6
5529,6,2025-10-20,0.0,37.6,23.1,61.2,0.303,20.8
5530,6,2025-10-21,0.0,34.7,18.6,64.5,0.283,10.7
5531,6,2025-10-22,0.2,35.7,19.8,58.0,0.249,11.9
5532,6,2025-10-23,0.0,33.5,20.0,68.3,0.186,5.3
5533,6,2025-10-24,0.0,33.3,21.5,63.1,0.315,11.4
5534,6,2025-10-25,0.0,35.2,21.8,60.7,0.29,15.1
5535,6,2025-10-26,0.0,35.1,22.3,54.8,0.297,19.6
5536,6,2025-10-27,0.0,33.1,19.7,53.6,0.198,6.8
5537,6,2025-10-28,0.0,34.2,18.7,55.5,0.213,12.9
5538,6,2025-10-29,0.0,32.5,23.0,57.6,0.272,14.3
5539,6,2025-10-30,0.6,33.2,19.8,58.1,0.268,4.1
5540,6,2025-10-31,1.0,34.4,21.7,45.5,0.237,9.1
5541,6,2025-11-01,1.3,32.0,19.9,64.7,0.266,12.1
5542,6,2025-11-02,0.0,33.4,22.7,58.1,0.257,6.2
5543,6,2025-11-03,0.0,34.4,21.6,58.5,0.343,8.6
5544,6,2025-11-04,0.0,33.9,18.2,53.1,0.342,8.4
5545,6,2025-11-05,0.0,33.5,20.6,59.0,0.252,19.6
5546,6,2025-11-06,0.0,33.2,21.2,65.3,0.194,15.0
5547,6,2025-11-07,1.9,37.0,18.9,66.9,0.26,19.3
5548,6,2025-11-08,0.0,33.7,18.2,69.6,0.333,14.3
5549,6,2025-11-09,0.0,36.3,23.1,49.0,0.229,17.0
5550,6,2025-11-10,0.0,37.2,24.0,53.7,0.18,15.6
5551,6,2025-11-11,0.0,33.9,22.9,48.6,0.308,9.8
5552,6,2025-11-12,0.0,36.4,18.9,65.8,0.349,12.0
5553,6,2025-11-13,0.0,34.5,23.1,51.2,0.349,7.2
5554,6,2025-11-14,0.0,34.7,21.3,69.5,0.2,10.6
5555,6,2025-11-15,0.0,33.8,21.5,63.5,0.225,10.5
5556,6,2025-11-16,0.0,34.1,22.9,50.9,0.295,11.2
5557,6,2025-11-17,0.0,33.8,22.6,65.4,0.23,11.8
5558,6,2025-11-18,0.0,32.3,20.2,55.7,0.197,5.3
5559,6,2025-11-19,0.0,35.6,23.9,63.5,0.274,9.7
5560,6,2025-11-20,0.0,35.5,22.1,67.1,0.202,11.8
5561,6,2025-11-21,0.0,36.6,19.5,52.8,0.217,3.0
5562,6,2025-11-22,0.0,32.8,21.3,65.5,0.345,15.2
5563,6,2025-11-23,3.0,36.9,22.9,46.1,0.214,8.4
5564,6,2025-11-24,0.0,33.0,22.4,46.1,0.337,9.3
5565,6,2025-11-25,0.0,32.7,20.8,60.9,0.209,5.0
5566,6,2025-11-26,0.0,34.5,18.3,57.4,0.269,13.7
5567,6,2025-11-27,0.0,36.7,23.8,67.2,0.308,7.4
5568,6,2025-11-28,0.0,34.6,21.6,49.2,0.299,11.9
5569,6,2025-11-29,1.1,37.4,20.9,66.1,0.272,9.8
5570,6,2025-11-30,0.0,35.2,21.7,61.1,0.304,8.3
5571,6,2025-12-01,0.0,30.3,11.6,45.5,0.27,12.2
5572,6,2025-12-02,0.0,29.2,14.1,52.4,0.176,8.0
5573,6,2025-12-03,0.0,27.6,9.4,41.2,0.277,8.4
5574,6,2025-12-04,0.8,27.7,12.8,52.3,0.265,4.5
5575,6,2025-12-05,0.0,30.5,13.0,53.2,0.28,17.9
5576,6,2025-12-06,0.0,28.5,9.7,48.1,0.214,10.8
5577,6,2025-12-07,3.5,30.4,10.4,61.2,0.274,16.4
5578,6,2025-12-08,0.0,29.6,12.4,41.4,0.262,15.8
5579,6,2025-12-09,0.0,27.6,12.5,45.9,0.256,15.4
5580,6,2025-12-10,0.0,28.1,12.1,40.9,0.164,6.4
5581,6,2025-12-11,0.0,28.4,10.0,58.9,0.18,12.5
5582,6,2025-12-12,0.0,26.0,13.8,59.5,0.152,16.4
5583,6,2025-12-13,0.0,26.6,10.6,59.3,0.225,10.5
5584,6,2025-12-14,0.0,26.2,12.9,57.6,0.256,2.0
5585,6,2025-12-15,0.0,28.3,9.3,43.4,0.255,15.5
5586,6,2025-12-16,0.0,28.3,11.2,40.7,0.184,13.4
5587,6,2025-12-17,0.0,26.8,13.6,41.4,0.203,13.9
5588,6,2025-12-18,0.0,28.2,11.8,45.3,0.202,9.6
5589,6,2025-12-19,0.0,28.1,12.8,56.3,0.151,10.1
5590,6,2025-12-20,0.0,30.2,10.6,41.6,0.227,6.9
5591,6,2025-12-21,0.0,28.1,10.1,51.7,0.171,6.5
5592,6,2025-12-22,0.0,30.4,13.9,59.6,0.227,14.0
5593,6,2025-12-23,0.0,28.6,12.2,42.5,0.235,16.8
5594,6,2025-12-24,0.0,30.0,9.4,43.4,0.26,14.1
5595,6,2025-12-25,0.0,27.4,13.3,43.7,0.255,18.2
5596,6,2025-12-26,0.0,26.4,10.5,61.9,0.194,5.4
5597,6,2025-12-27,0.0,29.8,11.8,53.4,0.208,6.6
5598,6,2025-12-28,0.0,29.0,10.9,49.0,0.261,8.0
5599,6,2025-12-29,0.0,26.7,12.9,45.4,0.191,10.4
5600,6,2025-12-30,0.0,30.1,13.5,50.5,0.234,9.2
5601,6,2025-12-31,0.0,28.5,14.5,42.9,0.278,8.1
5602,6,2026-01-01,0.0,27.1,12.4,53.9,0.168,20.3
5603,6,2026-01-02,0.0,28.0,9.8,46.3,0.162,12.6
5604,6,2026-01-03,0.0,28.2,14.2,45.3,0.228,18.5
5605,6,2026-01-04,0.0,26.4,14.3,51.9,0.159,9.2
5606,6,2026-01-05,0.0,27.1,14.2,57.1,0.232,11.9
5607,6,2026-01-06,0.0,28.7,14.2,48.9,0.194,9.5
5608,6,2026-01-07,0.0,30.5,14.4,62.0,0.152,10.8
5609,6,2026-01-08,0.0,27.0,9.4,42.6,0.24,10.7
5610,6,2026-01-09,0.0,30.0,9.2,56.0,0.259,5.2
5611,6,2026-01-10,0.0,27.4,13.4,49.5,0.174,19.5
5612,6,2026-01-11,0.0,26.7,10.7,47.4,0.179,17.5
5613,6,2026-01-12,0.0,27.3,10.6,61.0,0.276,5.0
5614,6,2026-01-13,0.0,29.7,10.2,41.0,0.168,12.7
5615,6,2026-01-14,0.0,26.1,10.7,42.7,0.268,9.5
5616,6,2026-01-15,0.0,30.0,13.6,57.4,0.223,9.2
5617,6,2026-01-16,0.0,28.6,12.5,61.4,0.223,12.3
5618,6,2026-01-17,0.0,26.7,11.6,59.2,0.25,3.1
5619,6,2026-01-18,0.0,26.5,13.8,53.4,0.192,16.9
5620,6,2026-01-19,0.0,27.6,11.8,55.0,0.203,22.4
5621,6,2026-01-20,0.0,29.4,12.9,61.3,0.165,7.9
5622,6,2026-01-21,0.0,27.8,13.2,56.4,0.198,17.2
5623,6,2026-01-22,0.0,29.4,11.1,45.5,0.276,7.0
5624,6,2026-01-23,0.0,29.4,10.5,40.5,0.238,9.4
5625,6,2026-01-24,0.0,26.2,13.0,49.1,0.251,18.1
5626,6,2026-01-25,5.0,30.1,9.6,48.1,0.253,10.4
5627,6,2026-01-26,0.0,27.7,14.0,58.0,0.248,8.2
5628,6,2026-01-27,0.0,26.3,11.1,44.0,0.275,15.9
5629,6,2026-01-28,0.0,28.5,9.1,55.3,0.255,9.9
5630,6,2026-01-29,0.0,26.7,10.9,55.6,0.229,13.6
5631,6,2026-01-30,0.0,30.1,9.8,41.5,0.155,3.8
5632,6,2026-01-31,0.0,26.0,9.3,47.0,0.265,2.0
5633,6,2026-02-01,0.0,36.1,21.2,59.3,0.339,17.7
5634,6,2026-02-02,0.0,35.2,20.0,53.4,0.214,2.0
5635,6,2026-02-03,0.0,32.6,19.9,66.4,0.238,13.5
5636,6,2026-02-04,0.0,36.7,22.3,62.7,0.274,22.0
5637,6,2026-02-05,0.0,33.9,19.5,50.5,0.324,11.9
5638,6,2026-02-06,0.0,34.0,19.7,66.6,0.218,14.3
5639,6,2026-02-07,0.0,32.1,22.6,65.8,0.27,8.3
5640,6,2026-02-08,0.0,33.3,20.3,64.3,0.235,15.0
5641,6,2026-02-09,0.0,38.0,20.3,53.0,0.184,17.8
5642,6,2026-02-10,0.0,34.3,20.4,50.1,0.258,10.6
5643,6,2026-02-11,0.0,32.7,21.7,62.2,0.328,4.9
5644,6,2026-02-12,0.0,33.4,20.2,65.0,0.329,2.7
5645,6,2026-02-13,0.0,37.1,19.2,49.8,0.219,13.4
5646,6,2026-02-14,0.0,32.3,21.3,66.0,0.3,13.1
5647,6,2026-02-15,0.0,32.9,20.1,49.2,0.242,4.4
5648,6,2026-02-16,0.0,36.1,20.3,56.7,0.297,13.3
5649,6,2026-02-17,0.0,35.1,18.4,51.3,0.239,17.9
5650,6,2026-02-18,0.0,33.5,19.2,47.2,0.312,13.8
5651,6,2026-02-19,0.0,32.8,23.1,65.4,0.302,18.6
5652,6,2026-02-20,0.0,34.4,19.3,66.5,0.187,12.4
5653,6,2026-02-21,0.0,35.0,20.1,47.9,0.203,15.0
5654,6,2026-02-22,0.0,32.9,18.8,49.3,0.32,13.6
5655,6,2026-02-23,0.0,33.7,18.5,69.6,0.227,11.5
5656,6,2026-02-24,0.0,34.6,19.0,51.0,0.19,10.1
5657,6,2026-02-25,0.0,36.2,22.9,54.3,0.278,23.1
5658,6,2026-02-26,0.0,37.8,20.3,49.8,0.183,11.4
5659,6,2026-02-27,0.0,34.0,18.4,62.7,0.304,20.9
5660,6,2026-02-28,0.3,35.5,22.9,48.3,0.244,12.5
5661,6,2026-03-01,0.0,36.1,19.8,45.7,0.314,13.3
5662,6,2026-03-02,0.0,35.7,21.9,62.4,0.237,11.0
5663,6,2026-03-03,0.0,33.1,22.6,55.4,0.246,6.4
5664,6,2026-03-04,0.0,34.8,18.3,46.5,0.324,12.1
5665,6,2026-03-05,0.0,33.4,19.4,69.3,0.274,8.4
5666,6,2026-03-06,0.0,32.6,20.9,55.0,0.321,6.9
5667,6,2026-03-07,0.0,34.2,21.0,68.1,0.202,11.1
5668,6,2026-03-08,0.0,32.1,23.7,65.9,0.208,16.4
5669,6,2026-03-09,0.0,34.9,23.1,62.9,0.228,13.0
5670,6,2026-03-10,0.0,37.7,21.6,68.7,0.249,6.0
5671,6,2026-03-11,0.0,34.8,23.7,54.5,0.331,13.2
5672,6,2026-03-12,0.0,34.1,21.9,54.0,0.299,13.9
5673,6,2026-03-13,0.0,32.1,18.1,55.2,0.223,9.9
5674,6,2026-03-14,0.0,34.9,20.2,68.3,0.243,11.1
5675,6,2026-03-15,0.0,33.7,23.1,67.3,0.28,11.1
5676,6,2026-03-16,0.0,35.4,22.7,46.9,0.324,23.6
5677,6,2026-03-17,0.0,34.8,19.9,48.9,0.238,13.3
5678,6,2026-03-18,0.0,36.6,19.7,67.2,0.26,6.1
5679,6,2026-03-19,0.0,36.1,19.2,45.3,0.229,15.2
5680,6,2026-03-20,0.0,35.7,19.9,63.4,0.215,8.2
5681,6,2026-03-21,0.0,37.5,18.5,46.2,0.206,8.3
5682,6,2026-03-22,0.0,35.6,20.4,48.0,0.188,10.9
5683,6,2026-03-23,0.0,35.8,22.7,45.9,0.342,10.3
5684,6,2026-03-24,0.0,34.9,18.4,53.4,0.315,13.1
5685,6,2026-03-25,0.0,37.6,22.2,65.3,0.196,20.6
5686,6,2026-03-26,0.0,32.2,20.7,56.1,0.237,12.3
5687,6,2026-03-27,0.0,34.2,21.2,54.9,0.342,13.6
5688,6,2026-03-28,0.0,35.7,18.7,60.2,0.306,9.0
5689,6,2026-03-29,0.0,36.1,21.8,47.9,0.223,5.4
5690,6,2026-03-30,0.0,37.3,20.0,48.5,0.288,9.5
5691,6,2026-03-31,0.0,35.0,19.4,50.0,0.29,13.8
5692,6,2026-04-01,1.6,46.0,29.8,35.1,0.081,14.1
5693,6,2026-04-02,0.0,45.6,26.5,28.0,0.129,9.3
5694,6,2026-04-03,0.0,44.7,27.0,36.3,0.156,13.0
5695,6,2026-04-04,0.0,42.3,28.2,20.5,0.156,16.6
5696,6,2026-04-05,0.0,43.6,30.6,26.5,0.167,15.4
5697,6,2026-04-06,0.0,41.5,26.3,36.1,0.138,16.0
5698,6,2026-04-07,0.0,44.3,29.8,21.5,0.094,10.4
5699,6,2026-04-08,0.0,42.2,30.4,36.9,0.168,16.5
5700,6,2026-04-09,0.0,43.6,28.4,37.2,0.164,8.6
5701,6,2026-04-10,0.0,44.8,28.7,37.6,0.129,18.4
5702,6,2026-04-11,0.0,45.3,27.2,22.9,0.114,11.4
5703,6,2026-04-12,0.0,44.8,27.4,24.5,0.145,15.1
5704,6,2026-04-13,0.0,41.0,29.3,24.6,0.119,13.7
5705,6,2026-04-14,0.0,43.4,30.3,23.4,0.127,11.5
5706,6,2026-04-15,0.0,44.0,28.6,26.7,0.156,8.3
5707,6,2026-04-16,0.0,46.3,29.5,24.4,0.169,16.3
5708,6,2026-04-17,0.0,45.6,29.9,35.3,0.138,15.4
5709,6,2026-04-18,0.0,46.1,28.8,36.9,0.106,7.6
5710,6,2026-04-19,0.0,42.7,29.7,25.3,0.157,19.4
5711,6,2026-04-20,0.0,46.3,26.5,37.8,0.134,13.1
5712,6,2026-04-21,0.0,44.9,27.7,23.1,0.156,11.3
5713,6,2026-04-22,0.0,42.4,28.7,22.7,0.091,18.5
5714,6,2026-04-23,0.0,42.8,27.3,24.1,0.177,21.0
5715,6,2026-04-24,2.3,41.9,30.6,35.7,0.129,13.9
5716,6,2026-04-25,0.0,42.2,30.0,27.1,0.121,17.9
5717,6,2026-04-26,0.0,43.7,30.1,26.3,0.083,15.9
5718,6,2026-04-27,0.2,44.4,27.9,33.6,0.142,18.5
5719,6,2026-04-28,0.0,46.0,27.3,32.7,0.179,18.5
5720,6,2026-04-29,0.0,42.7,30.8,27.9,0.087,3.4
5721,6,2026-04-30,0.0,42.7,28.1,27.4,0.154,14.1
5722,6,2026-05-01,0.0,44.6,29.0,29.3,0.175,5.6
5723,6,2026-05-02,0.0,44.2,26.9,34.4,0.151,11.0
5724,6,2026-05-03,0.0,43.8,29.7,25.5,0.15,9.3
5725,6,2026-05-04,0.0,41.1,26.6,35.9,0.102,15.5
5726,6,2026-05-05,0.0,41.2,26.3,24.7,0.134,13.3
5727,6,2026-05-06,0.0,41.6,30.0,29.9,0.082,13.8
5728,6,2026-05-07,0.0,44.3,27.5,22.4,0.157,5.6
5729,6,2026-05-08,0.0,44.3,27.0,25.1,0.085,13.7
5730,6,2026-05-09,0.0,44.1,26.3,22.2,0.125,8.7
5731,6,2026-05-10,0.0,46.1,30.7,20.3,0.138,7.1
5732,6,2026-05-11,0.0,44.1,30.3,26.6,0.175,16.9
5733,6,2026-05-12,0.0,43.7,27.4,32.4,0.146,8.5
5734,6,2026-05-13,0.0,42.8,26.1,28.7,0.168,6.1
5735,6,2026-05-14,0.0,44.2,28.9,31.1,0.119,15.3
5736,6,2026-05-15,0.0,45.7,27.3,37.1,0.131,8.3
5737,6,2026-05-16,0.0,41.6,30.7,23.6,0.169,7.3
5738,6,2026-05-17,2.5,43.5,27.5,32.3,0.134,9.8
5739,6,2026-05-18,0.7,41.4,27.0,37.3,0.159,10.5
5740,6,2026-05-19,0.0,42.3,27.7,36.5,0.168,8.7
5741,6,2026-05-20,0.0,46.3,28.1,22.0,0.13,9.8
5742,6,2026-05-21,0.0,44.0,28.0,27.4,0.174,9.7
5743,6,2026-05-22,0.0,43.7,26.8,23.0,0.166,14.1
5744,6,2026-05-23,0.0,45.1,27.1,31.1,0.161,6.0
5745,6,2026-05-24,0.0,43.8,30.2,35.5,0.141,4.9
5746,6,2026-05-25,0.0,41.3,29.5,30.1,0.099,5.3
5747,6,2026-05-26,0.0,45.4,28.6,29.6,0.149,4.8
5748,6,2026-05-27,0.0,43.9,29.8,21.4,0.128,15.7
5749,6,2026-05-28,0.0,45.0,27.3,26.0,0.156,10.8
5750,6,2026-05-29,0.0,43.8,27.1,25.5,0.165,14.9
5751,6,2026-05-30,0.0,42.7,28.6,20.1,0.088,10.2
5752,6,2026-05-31,3.1,43.4,27.9,34.5,0.143,13.6
5753,6,2026-06-01,0.0,32.4,21.6,58.1,0.184,12.5
5754,6,2026-06-02,17.5,35.2,21.8,60.5,0.186,6.2
5755,6,2026-06-03,15.5,35.3,21.6,53.8,0.202,8.0
5756,6,2026-06-04,32.3,32.7,18.1,46.2,0.236,14.0
5757,6,2026-06-05,35.8,34.8,18.3,53.1,0.189,7.4
5758,6,2026-06-06,0.0,33.7,20.4,49.6,0.189,13.5
5759,6,2026-06-07,0.0,32.2,23.2,60.3,0.289,14.6
5760,6,2026-06-08,15.0,34.1,18.1,52.5,0.209,11.6
5761,6,2026-06-09,43.9,36.9,19.1,60.1,0.215,12.1
5762,6,2026-06-10,0.0,32.3,22.8,60.6,0.325,13.3
5763,6,2026-06-11,21.8,32.3,22.2,61.1,0.192,15.6
5764,6,2026-06-12,14.5,33.4,20.1,60.9,0.244,8.2
5765,6,2026-06-13,25.2,37.2,22.1,55.6,0.232,5.0
5766,6,2026-06-14,0.0,32.5,18.4,67.5,0.184,10.1
5767,6,2026-06-15,0.0,37.3,19.7,48.9,0.308,4.1
5768,6,2026-06-16,0.0,35.8,19.7,46.5,0.192,13.1
5769,6,2026-06-17,0.0,37.2,19.2,51.3,0.34,14.0
5770,6,2026-06-18,0.0,35.2,21.1,61.2,0.318,7.2
5771,6,2026-06-19,0.0,37.0,18.7,63.7,0.224,17.6
5772,6,2026-06-20,0.0,37.1,22.2,53.3,0.215,8.3
5773,6,2026-06-21,33.9,37.3,21.6,58.8,0.211,4.0
5774,6,2026-06-22,15.4,34.8,18.1,63.2,0.223,14.9
5775,6,2026-06-23,14.5,35.9,21.5,49.6,0.315,8.2
5776,6,2026-06-24,39.1,37.2,23.6,58.0,0.241,14.8
5777,6,2026-06-25,47.8,36.1,21.7,58.1,0.281,4.5
5778,6,2026-06-26,0.0,32.6,18.7,47.4,0.249,18.2
5779,6,2026-06-27,0.0,37.3,22.7,66.3,0.305,9.1
5780,6,2026-06-28,32.1,37.0,22.4,67.4,0.182,6.3
5781,6,2026-06-29,0.0,36.1,22.6,46.7,0.211,9.4
5782,6,2026-06-30,0.0,32.7,19.3,68.9,0.219,9.7
5783,6,2026-07-01,38.4,29.2,24.7,97.1,0.697,9.4
5784,6,2026-07-02,51.8,31.9,23.1,90.1,0.783,15.2
5785,6,2026-07-03,86.1,31.7,23.6,100.0,1.0,11.2
5786,6,2026-07-04,39.0,28.1,25.4,91.5,0.701,4.4
5787,6,2026-07-05,88.0,31.9,24.8,93.0,1.0,15.1
5788,6,2026-07-06,2.9,32.3,23.4,86.8,0.469,12.1
5789,6,2026-07-07,1.7,29.1,25.4,93.5,0.461,2.7
5790,6,2026-07-08,41.0,28.2,24.5,84.7,0.714,17.3
5791,6,2026-07-09,1.8,30.5,25.3,91.7,0.462,6.5
5792,6,2026-07-10,64.8,28.6,24.1,96.2,0.867,8.3
5793,6,2026-07-11,2.8,29.0,25.8,92.8,0.468,13.7
5794,6,2026-07-12,0.3,32.9,25.8,90.4,0.452,18.2
5795,6,2026-07-13,101.6,30.8,24.1,100.0,1.0,9.7
5796,6,2026-07-14,42.3,30.9,23.6,84.6,0.722,10.8
5797,6,2026-07-15,92.5,32.3,23.9,100.0,1.0,13.6
5798,6,2026-07-16,2.9,31.5,23.8,89.4,0.469,15.9
5799,6,2026-07-17,41.6,30.0,23.5,88.1,0.717,12.9
5800,6,2026-07-18,75.7,32.2,24.5,100.0,0.937,9.1
5801,6,2026-07-19,48.4,29.3,24.8,99.7,0.761,13.1
5802,6,2026-07-20,38.6,29.2,24.9,89.6,0.698,13.3
5803,6,2026-07-21,40.5,31.4,25.1,100.0,0.71,3.7
5804,6,2026-07-22,101.5,31.7,23.5,99.3,1.0,9.6
5805,6,2026-07-23,2.5,28.8,23.9,87.6,0.466,8.7
5806,6,2026-07-24,1.3,29.6,24.5,76.9,0.458,14.8
5807,6,2026-07-25,23.6,31.7,25.9,98.0,0.602,10.5
5808,6,2026-07-26,49.4,30.4,23.4,100.0,0.768,15.6
5809,6,2026-07-27,2.7,32.9,24.5,84.1,0.467,10.8
5810,6,2026-07-28,61.9,32.8,25.9,95.0,0.848,17.2
5811,6,2026-07-29,34.5,30.6,25.9,90.0,0.672,5.4
5812,6,2026-07-30,50.1,29.1,25.9,92.3,0.772,2.0
5813,6,2026-07-31,38.9,29.2,24.4,89.1,0.7,5.6
5814,6,2026-08-01,25.2,30.9,25.3,90.8,0.612,13.5
5815,6,2026-08-02,82.5,32.3,25.6,100.0,0.98,13.7
5816,6,2026-08-03,27.4,29.3,23.8,83.7,0.626,15.3
5817,6,2026-08-04,48.1,31.4,24.7,100.0,0.759,6.2
5818,6,2026-08-05,2.4,30.0,24.8,82.6,0.465,2.0
5819,6,2026-08-06,69.9,28.4,25.2,92.1,0.899,11.5
5820,6,2026-08-07,44.1,30.7,24.2,89.8,0.734,19.8
5821,6,2026-08-08,2.2,28.1,25.4,96.4,0.464,8.6
5822,6,2026-08-09,2.6,29.1,24.9,95.8,0.467,10.4
5823,6,2026-08-10,58.4,30.3,25.8,91.0,0.825,13.8
5824,6,2026-08-11,48.9,32.0,26.0,99.5,0.764,14.7
5825,6,2026-08-12,16.5,32.3,25.9,89.1,0.556,4.4
5826,6,2026-08-13,48.5,31.9,25.8,91.3,0.762,4.8
5827,6,2026-08-14,2.9,30.0,24.5,80.6,0.469,7.5
5828,6,2026-08-15,46.3,31.8,24.6,89.8,0.748,10.4
5829,6,2026-08-16,0.9,28.8,25.8,95.6,0.456,5.6
5830,6,2026-08-17,2.9,32.2,25.9,81.4,0.469,7.0
5831,6,2026-08-18,24.7,31.1,24.2,84.4,0.609,11.7
5832,6,2026-08-19,48.8,29.6,23.2,90.2,0.764,7.9
5833,6,2026-08-20,38.9,29.0,24.9,86.4,0.7,14.3
5834,6,2026-08-21,53.8,29.3,25.6,86.1,0.796,16.1
5835,6,2026-08-22,47.9,29.7,25.1,84.7,0.758,9.7
5836,6,2026-08-23,1.6,29.0,24.6,81.0,0.46,16.3
5837,6,2026-08-24,25.0,32.8,25.1,89.5,0.611,12.4
5838,6,2026-08-25,32.3,30.9,24.3,100.0,0.658,13.1
5839,6,2026-08-26,2.0,30.5,25.6,81.6,0.463,17.6
5840,6,2026-08-27,19.2,28.1,24.5,90.7,0.573,8.8
5841,6,2026-08-28,39.9,29.9,25.7,94.3,0.707,6.4
5842,6,2026-08-29,0.3,29.2,25.5,94.7,0.452,11.2
5843,6,2026-08-30,0.5,32.3,25.3,78.6,0.453,16.6
5844,6,2026-08-31,35.9,30.4,25.8,100.0,0.681,22.8
5845,7,2024-01-01,0.0,27.5,14.4,59.7,0.208,19.1
5846,7,2024-01-02,0.0,26.7,10.8,59.7,0.163,12.6
5847,7,2024-01-03,0.0,26.6,12.5,49.8,0.233,6.0
5848,7,2024-01-04,0.0,29.5,13.5,54.6,0.242,11.9
5849,7,2024-01-05,0.0,26.8,10.0,61.5,0.158,12.4
5850,7,2024-01-06,0.0,30.2,9.9,53.3,0.241,13.3
5851,7,2024-01-07,0.0,28.4,10.1,44.4,0.167,2.1
5852,7,2024-01-08,0.0,30.1,14.4,55.7,0.264,8.1
5853,7,2024-01-09,0.0,28.4,10.1,44.0,0.16,12.9
5854,7,2024-01-10,0.0,30.2,10.8,54.8,0.25,9.6
5855,7,2024-01-11,0.0,28.5,14.3,41.1,0.263,10.3
5856,7,2024-01-12,0.0,29.8,14.4,49.5,0.205,13.4
5857,7,2024-01-13,0.0,29.5,11.8,57.4,0.155,14.2
5858,7,2024-01-14,0.0,28.8,13.8,45.8,0.175,12.9
5859,7,2024-01-15,0.0,26.8,13.1,49.2,0.202,12.5
5860,7,2024-01-16,0.0,27.8,10.7,57.1,0.224,14.5
5861,7,2024-01-17,0.0,26.4,10.4,61.5,0.231,15.3
5862,7,2024-01-18,0.0,27.6,11.5,43.6,0.238,15.4
5863,7,2024-01-19,0.0,28.5,13.1,59.9,0.191,6.1
5864,7,2024-01-20,0.0,26.2,12.2,50.7,0.191,12.1
5865,7,2024-01-21,0.0,27.9,10.0,45.2,0.246,6.8
5866,7,2024-01-22,0.0,27.5,13.1,50.3,0.27,21.0
5867,7,2024-01-23,0.0,29.4,13.2,52.7,0.173,18.1
5868,7,2024-01-24,0.0,26.2,12.4,52.5,0.153,5.8
5869,7,2024-01-25,0.0,29.8,13.7,40.6,0.154,10.8
5870,7,2024-01-26,0.0,28.2,9.1,46.5,0.261,6.6
5871,7,2024-01-27,0.0,30.1,13.7,54.3,0.248,5.3
5872,7,2024-01-28,0.0,26.7,14.2,46.2,0.266,8.3
5873,7,2024-01-29,1.4,26.7,13.6,57.9,0.188,9.6
5874,7,2024-01-30,0.0,28.1,14.4,41.1,0.233,17.2
5875,7,2024-01-31,0.0,29.9,13.5,56.6,0.237,14.5
5876,7,2024-02-01,0.0,32.2,20.1,45.5,0.31,10.1
5877,7,2024-02-02,0.0,32.4,20.6,50.5,0.266,9.6
5878,7,2024-02-03,0.0,37.4,21.2,67.0,0.233,5.9
5879,7,2024-02-04,0.0,33.6,20.6,46.3,0.316,4.4
5880,7,2024-02-05,0.0,33.0,21.7,60.5,0.219,9.4
5881,7,2024-02-06,0.0,37.4,20.3,57.7,0.329,13.3
5882,7,2024-02-07,0.0,32.9,18.2,66.5,0.189,5.8
5883,7,2024-02-08,0.0,33.2,20.1,49.8,0.226,11.1
5884,7,2024-02-09,0.0,36.9,18.7,46.1,0.203,12.6
5885,7,2024-02-10,0.0,34.8,23.9,52.8,0.345,10.2
5886,7,2024-02-11,0.0,35.8,21.2,64.9,0.184,17.0
5887,7,2024-02-12,0.0,37.2,22.8,67.4,0.204,11.3
5888,7,2024-02-13,0.0,36.1,19.0,51.0,0.273,15.5
5889,7,2024-02-14,0.0,33.6,21.7,49.9,0.2,10.4
5890,7,2024-02-15,0.0,37.4,20.1,61.6,0.215,9.7
5891,7,2024-02-16,0.0,35.4,22.3,60.5,0.183,9.4
5892,7,2024-02-17,0.0,37.8,18.7,54.9,0.192,16.5
5893,7,2024-02-18,0.0,34.6,19.0,48.5,0.329,16.0
5894,7,2024-02-19,0.0,32.5,21.0,58.7,0.313,8.5
5895,7,2024-02-20,0.0,34.6,23.7,54.0,0.301,12.0
5896,7,2024-02-21,0.0,34.7,23.6,65.5,0.226,8.7
5897,7,2024-02-22,0.0,32.0,20.5,60.4,0.194,17.4
5898,7,2024-02-23,0.0,35.6,21.0,57.2,0.245,12.7
5899,7,2024-02-24,0.0,32.8,21.8,54.8,0.244,11.4
5900,7,2024-02-25,0.0,32.2,23.2,62.2,0.215,6.0
5901,7,2024-02-26,0.0,37.2,20.0,47.7,0.247,14.7
5902,7,2024-02-27,0.0,36.2,18.1,58.6,0.189,11.2
5903,7,2024-02-28,0.0,34.8,19.3,48.0,0.287,15.5
5904,7,2024-02-29,0.0,34.6,21.9,58.0,0.194,11.8
5905,7,2024-03-01,0.7,34.0,23.2,53.0,0.256,11.8
5906,7,2024-03-02,0.0,34.4,21.4,58.6,0.223,8.9
5907,7,2024-03-03,0.0,35.0,18.4,59.4,0.276,12.0
5908,7,2024-03-04,0.0,33.2,23.6,57.9,0.246,12.7
5909,7,2024-03-05,0.0,32.8,20.4,61.2,0.228,15.1
5910,7,2024-03-06,0.0,35.1,18.1,51.0,0.258,6.8
5911,7,2024-03-07,0.0,34.8,23.5,47.3,0.288,14.3
5912,7,2024-03-08,0.8,34.8,18.7,61.7,0.25,12.4
5913,7,2024-03-09,0.0,36.1,23.1,49.2,0.3,10.0
5914,7,2024-03-10,0.0,33.1,21.2,54.4,0.328,10.1
5915,7,2024-03-11,0.0,37.3,20.5,46.4,0.231,11.7
5916,7,2024-03-12,0.0,35.7,21.8,64.0,0.23,12.2
5917,7,2024-03-13,0.2,36.8,20.7,62.9,0.319,15.6
5918,7,2024-03-14,0.0,35.1,21.2,47.3,0.276,9.4
5919,7,2024-03-15,0.0,33.3,23.2,54.5,0.319,2.0
5920,7,2024-03-16,0.0,36.9,22.9,60.9,0.192,7.5
5921,7,2024-03-17,0.0,35.0,20.2,67.3,0.199,10.8
5922,7,2024-03-18,0.0,32.5,22.5,52.4,0.331,16.7
5923,7,2024-03-19,0.0,36.5,21.0,64.4,0.317,17.0
5924,7,2024-03-20,0.0,34.2,21.8,69.2,0.276,7.7
5925,7,2024-03-21,0.0,35.2,22.2,46.6,0.31,23.3
5926,7,2024-03-22,0.0,37.1,20.8,67.6,0.232,14.8
5927,7,2024-03-23,0.0,35.2,21.3,68.1,0.264,6.5
5928,7,2024-03-24,0.0,34.3,22.5,67.5,0.275,13.2
5929,7,2024-03-25,0.0,32.2,22.8,67.4,0.271,4.3
5930,7,2024-03-26,0.0,36.2,21.1,58.1,0.341,15.0
5931,7,2024-03-27,0.0,35.5,19.9,47.3,0.309,10.9
5932,7,2024-03-28,0.0,36.2,19.5,54.9,0.267,8.8
5933,7,2024-03-29,0.0,36.3,20.0,58.2,0.243,11.3
5934,7,2024-03-30,0.0,34.6,22.0,45.1,0.35,9.7
5935,7,2024-03-31,0.0,36.7,19.7,51.7,0.22,3.4
5936,7,2024-04-01,0.0,41.2,28.0,23.0,0.116,11.2
5937,7,2024-04-02,0.0,43.8,27.5,37.4,0.163,19.1
5938,7,2024-04-03,0.0,41.3,26.9,24.4,0.148,12.0
5939,7,2024-04-04,0.0,41.7,30.5,27.8,0.117,6.9
5940,7,2024-04-05,0.0,45.4,28.9,26.8,0.117,11.6
5941,7,2024-04-06,0.0,46.4,26.9,37.5,0.15,8.2
5942,7,2024-04-07,0.0,43.6,30.8,22.6,0.13,15.0
5943,7,2024-04-08,0.0,43.4,27.0,24.0,0.081,13.6
5944,7,2024-04-09,0.0,44.9,27.2,24.3,0.163,16.9
5945,7,2024-04-10,0.0,46.1,28.4,28.2,0.125,15.5
5946,7,2024-04-11,0.0,46.5,29.5,36.7,0.131,4.9
5947,7,2024-04-12,0.0,44.5,29.2,24.9,0.163,14.8
5948,7,2024-04-13,0.0,43.9,30.1,35.3,0.141,18.7
5949,7,2024-04-14,0.0,42.3,27.2,23.5,0.099,13.9
5950,7,2024-04-15,0.0,45.9,29.5,36.3,0.136,12.1
5951,7,2024-04-16,0.0,43.1,26.3,27.5,0.119,2.0
5952,7,2024-04-17,0.0,43.5,27.7,34.7,0.101,10.0
5953,7,2024-04-18,0.0,45.6,26.8,33.9,0.122,19.9
5954,7,2024-04-19,0.0,45.1,28.2,32.4,0.128,14.2
5955,7,2024-04-20,0.0,41.5,28.9,36.6,0.144,14.8
5956,7,2024-04-21,0.0,43.9,30.3,20.9,0.136,13.1
5957,7,2024-04-22,0.0,41.4,29.3,35.2,0.147,7.4
5958,7,2024-04-23,0.0,44.1,29.8,25.0,0.113,8.2
5959,7,2024-04-24,0.0,42.2,27.3,33.2,0.12,10.5
5960,7,2024-04-25,0.0,45.7,30.6,36.9,0.17,6.9
5961,7,2024-04-26,0.0,41.5,26.2,30.5,0.128,5.6
5962,7,2024-04-27,0.0,44.9,26.8,34.3,0.172,3.8
5963,7,2024-04-28,0.0,45.4,28.6,25.3,0.125,15.3
5964,7,2024-04-29,0.0,41.7,30.3,29.8,0.098,9.7
5965,7,2024-04-30,0.0,46.4,26.8,26.5,0.117,6.4
5966,7,2024-05-01,0.0,45.5,26.9,33.7,0.141,11.8
5967,7,2024-05-02,0.0,43.1,28.2,22.4,0.172,6.7
5968,7,2024-05-03,0.0,45.7,29.6,29.1,0.162,14.8
5969,7,2024-05-04,1.5,45.1,28.9,36.0,0.082,7.3
5970,7,2024-05-05,0.0,41.4,26.2,29.3,0.135,4.2
5971,7,2024-05-06,0.0,41.2,27.4,21.2,0.099,2.5
5972,7,2024-05-07,0.0,45.0,29.5,36.9,0.148,15.5
5973,7,2024-05-08,0.0,43.6,30.7,24.3,0.177,13.7
5974,7,2024-05-09,0.0,42.1,29.9,26.0,0.12,10.7
5975,7,2024-05-10,0.0,44.2,28.5,24.2,0.085,13.1
5976,7,2024-05-11,0.0,42.7,29.1,34.8,0.127,12.7
5977,7,2024-05-12,0.0,44.5,26.6,23.6,0.166,11.4
5978,7,2024-05-13,0.0,46.3,26.2,30.6,0.158,15.4
5979,7,2024-05-14,0.0,44.9,29.2,29.9,0.097,9.0
5980,7,2024-05-15,0.0,41.7,30.2,35.0,0.09,13.0
5981,7,2024-05-16,0.0,45.2,27.6,21.2,0.132,12.9
5982,7,2024-05-17,0.0,45.2,27.1,33.9,0.167,6.6
5983,7,2024-05-18,0.0,41.3,28.6,35.3,0.172,4.1
5984,7,2024-05-19,0.0,44.5,28.4,27.9,0.09,13.8
5985,7,2024-05-20,0.0,44.1,27.8,31.4,0.161,16.8
5986,7,2024-05-21,0.0,43.2,30.4,30.9,0.118,14.2
5987,7,2024-05-22,0.0,42.0,26.2,27.3,0.088,7.7
5988,7,2024-05-23,0.0,42.2,28.3,25.2,0.155,12.3
5989,7,2024-05-24,0.0,46.2,26.0,23.7,0.152,13.9
5990,7,2024-05-25,0.0,44.1,30.2,27.7,0.136,13.4
5991,7,2024-05-26,0.0,42.4,29.5,31.2,0.125,13.8
5992,7,2024-05-27,0.0,46.4,27.0,33.3,0.144,4.2
5993,7,2024-05-28,0.0,43.2,27.4,29.6,0.164,7.7
5994,7,2024-05-29,0.0,44.0,30.6,24.6,0.157,13.1
5995,7,2024-05-30,0.0,45.1,30.7,25.6,0.12,4.0
5996,7,2024-05-31,0.0,42.1,29.9,30.2,0.176,11.7
5997,7,2024-06-01,0.0,36.7,18.9,51.6,0.258,16.7
5998,7,2024-06-02,26.0,32.8,19.5,46.9,0.241,8.0
5999,7,2024-06-03,9.3,37.1,23.8,46.1,0.256,9.2
6000,7,2024-06-04,0.0,33.3,21.2,60.3,0.336,14.8
6001,7,2024-06-05,71.2,35.0,23.1,52.3,0.299,13.5
6002,7,2024-06-06,0.0,35.4,23.4,69.4,0.241,22.0
6003,7,2024-06-07,0.0,34.2,21.4,55.0,0.252,14.9
6004,7,2024-06-08,0.0,33.1,21.8,51.6,0.348,7.9
6005,7,2024-06-09,0.0,35.5,23.1,64.8,0.33,10.2
6006,7,2024-06-10,20.1,35.0,22.3,61.2,0.307,12.0
6007,7,2024-06-11,0.0,36.9,19.7,59.7,0.189,7.2
6008,7,2024-06-12,0.0,37.4,23.2,49.6,0.302,7.8
6009,7,2024-06-13,0.0,35.0,20.8,57.1,0.28,13.1
6010,7,2024-06-14,0.0,36.4,20.4,62.5,0.279,7.3
6011,7,2024-06-15,13.5,34.1,23.3,45.7,0.32,7.7
6012,7,2024-06-16,30.1,32.4,21.4,48.4,0.311,8.9
6013,7,2024-06-17,0.0,33.0,22.6,60.0,0.25,9.4
6014,7,2024-06-18,26.6,34.3,21.8,48.0,0.332,17.0
6015,7,2024-06-19,24.9,36.4,20.0,58.1,0.336,9.4
6016,7,2024-06-20,0.0,36.9,21.8,45.2,0.264,10.8
6017,7,2024-06-21,26.6,37.4,18.8,66.1,0.212,21.8
6018,7,2024-06-22,0.0,33.1,21.8,48.5,0.337,2.0
6019,7,2024-06-23,0.0,32.2,18.8,59.9,0.256,9.2
6020,7,2024-06-24,5.2,32.9,19.6,65.7,0.188,5.3
6021,7,2024-06-25,5.7,37.4,19.2,56.5,0.201,5.7
6022,7,2024-06-26,0.0,35.3,22.1,64.7,0.245,18.0
6023,7,2024-06-27,10.2,37.8,23.9,55.9,0.339,12.9
6024,7,2024-06-28,0.0,35.8,22.9,55.4,0.282,6.9
6025,7,2024-06-29,0.0,36.2,23.6,62.8,0.195,3.8
6026,7,2024-06-30,23.4,32.7,20.7,52.3,0.346,10.1
6027,7,2024-07-01,80.9,31.2,24.4,95.3,0.97,5.7
6028,7,2024-07-02,89.7,31.2,25.9,100.0,1.0,18.0
6029,7,2024-07-03,66.6,31.6,25.1,94.2,0.878,19.2
6030,7,2024-07-04,74.1,32.9,25.7,92.8,0.926,8.5
6031,7,2024-07-05,44.3,30.8,23.6,98.6,0.735,9.0
6032,7,2024-07-06,18.7,32.5,24.2,96.9,0.57,11.9
6033,7,2024-07-07,2.1,31.4,23.4,78.1,0.464,15.9
6034,7,2024-07-08,143.3,28.5,25.1,100.0,1.0,9.9
6035,7,2024-07-09,150.0,29.1,24.1,100.0,1.0,9.8
6036,7,2024-07-10,70.6,31.2,23.0,94.9,0.904,6.1
6037,7,2024-07-11,29.6,28.3,25.1,84.6,0.64,8.1
6038,7,2024-07-12,0.3,32.9,25.2,87.1,0.452,5.5
6039,7,2024-07-13,82.0,32.2,25.2,94.5,0.977,7.0
6040,7,2024-07-14,0.1,32.9,25.0,91.6,0.451,11.9
6041,7,2024-07-15,0.9,32.6,23.1,88.6,0.456,8.0
6042,7,2024-07-16,1.7,31.7,23.2,93.5,0.461,17.8
6043,7,2024-07-17,2.7,32.9,24.9,84.0,0.467,8.5
6044,7,2024-07-18,32.2,30.9,25.9,93.9,0.657,2.0
6045,7,2024-07-19,86.3,30.3,24.2,100.0,1.0,12.9
6046,7,2024-07-20,32.6,28.4,25.5,87.6,0.66,13.2
6047,7,2024-07-21,14.5,28.9,24.6,86.4,0.543,8.3
6048,7,2024-07-22,53.6,29.6,25.4,100.0,0.795,15.7
6049,7,2024-07-23,48.3,31.6,25.2,86.6,0.76,16.6
6050,7,2024-07-24,47.1,32.6,24.7,95.6,0.753,11.5
6051,7,2024-07-25,99.0,28.2,25.7,100.0,1.0,19.2
6052,7,2024-07-26,1.1,28.2,23.3,90.3,0.457,4.3
6053,7,2024-07-27,65.9,31.8,24.3,100.0,0.874,14.6
6054,7,2024-07-28,2.8,29.7,24.0,86.0,0.468,8.6
6055,7,2024-07-29,1.9,33.0,23.1,93.8,0.462,11.8
6056,7,2024-07-30,1.8,31.7,25.1,91.5,0.462,13.1
6057,7,2024-07-31,57.4,31.3,23.0,91.4,0.819,14.2
6058,7,2024-08-01,35.5,30.4,23.1,93.2,0.678,13.3
6059,7,2024-08-02,1.6,29.2,23.5,90.1,0.46,12.8
6060,7,2024-08-03,40.4,28.8,25.1,86.0,0.71,10.6
6061,7,2024-08-04,0.7,31.0,23.7,92.9,0.455,6.0
6062,7,2024-08-05,0.0,31.1,24.3,79.3,0.45,11.3
6063,7,2024-08-06,37.5,30.0,24.6,100.0,0.691,9.4
6064,7,2024-08-07,61.3,32.1,24.1,100.0,0.844,8.9
6065,7,2024-08-08,52.9,32.7,23.9,92.2,0.79,14.6
6066,7,2024-08-09,26.8,32.0,24.8,98.0,0.622,13.3
6067,7,2024-08-10,46.4,28.4,23.3,94.6,0.748,7.5
6068,7,2024-08-11,38.0,29.0,23.8,92.3,0.694,12.6
6069,7,2024-08-12,0.5,28.9,25.7,94.6,0.453,6.7
6070,7,2024-08-13,54.6,29.1,23.3,95.6,0.801,12.1
6071,7,2024-08-14,55.7,28.5,24.4,91.5,0.808,11.1
6072,7,2024-08-15,38.5,28.2,24.4,96.0,0.698,3.5
6073,7,2024-08-16,55.0,30.7,24.5,88.2,0.804,10.7
6074,7,2024-08-17,15.2,32.6,25.3,98.7,0.548,3.7
6075,7,2024-08-18,53.6,32.9,24.0,86.5,0.795,10.2
6076,7,2024-08-19,69.6,29.4,25.4,100.0,0.897,22.1
6077,7,2024-08-20,1.7,30.7,24.8,82.6,0.461,4.0
6078,7,2024-08-21,32.4,28.5,25.3,90.6,0.658,15.9
6079,7,2024-08-22,2.7,31.0,25.7,78.0,0.467,20.0
6080,7,2024-08-23,50.4,32.0,24.2,92.7,0.774,11.8
6081,7,2024-08-24,36.1,31.7,25.3,100.0,0.682,13.5
6082,7,2024-08-25,37.0,30.3,23.9,98.2,0.688,11.3
6083,7,2024-08-26,2.6,31.4,25.4,91.8,0.467,15.2
6084,7,2024-08-27,60.2,28.1,25.7,93.3,0.837,6.9
6085,7,2024-08-28,1.6,31.0,25.4,79.6,0.46,17.5
6086,7,2024-08-29,37.8,31.8,23.0,90.9,0.693,12.1
6087,7,2024-08-30,1.8,32.3,24.4,92.7,0.462,9.5
6088,7,2024-08-31,85.8,30.6,25.9,99.1,1.0,11.0
6089,7,2024-09-01,0.0,32.6,22.5,60.7,0.216,14.0
6090,7,2024-09-02,0.0,37.1,19.8,64.1,0.331,18.2
6091,7,2024-09-03,0.0,32.8,22.1,51.5,0.18,9.4
6092,7,2024-09-04,0.0,32.7,22.5,60.1,0.289,5.2
6093,7,2024-09-05,0.0,37.6,22.5,53.0,0.307,9.7
6094,7,2024-09-06,0.0,34.7,22.7,65.9,0.18,10.6
6095,7,2024-09-07,21.5,35.5,18.9,50.5,0.315,13.0
6096,7,2024-09-08,0.0,35.2,19.4,53.0,0.337,10.9
6097,7,2024-09-09,17.4,33.4,18.9,47.4,0.255,11.6
6098,7,2024-09-10,0.0,35.5,19.5,57.1,0.26,8.4
6099,7,2024-09-11,12.3,32.0,19.1,57.3,0.305,7.3
6100,7,2024-09-12,21.7,37.3,20.8,45.0,0.236,7.6
6101,7,2024-09-13,12.6,35.1,20.0,47.9,0.32,16.5
6102,7,2024-09-14,16.4,34.3,23.0,54.8,0.222,13.7
6103,7,2024-09-15,15.2,33.5,22.0,62.6,0.24,9.8
6104,7,2024-09-16,29.2,33.4,20.0,59.0,0.323,2.0
6105,7,2024-09-17,0.0,35.8,19.3,55.9,0.231,13.9
6106,7,2024-09-18,38.9,37.8,20.4,57.6,0.32,13.0
6107,7,2024-09-19,0.0,32.2,21.5,52.2,0.225,10.6
6108,7,2024-09-20,0.0,36.7,19.0,57.3,0.342,17.7
6109,7,2024-09-21,0.0,33.1,20.1,60.6,0.281,17.1
6110,7,2024-09-22,17.1,36.2,18.8,66.8,0.269,12.9
6111,7,2024-09-23,24.8,32.9,23.0,61.1,0.31,3.1
6112,7,2024-09-24,8.1,36.0,20.7,46.4,0.303,7.8
6113,7,2024-09-25,0.0,35.1,18.5,59.7,0.231,14.2
6114,7,2024-09-26,0.0,32.2,22.8,53.7,0.334,12.8
6115,7,2024-09-27,0.0,32.2,23.3,52.5,0.312,3.0
6116,7,2024-09-28,0.0,34.0,18.8,68.6,0.244,3.5
6117,7,2024-09-29,0.0,37.7,20.9,49.1,0.252,15.4
6118,7,2024-09-30,0.0,36.0,22.6,55.3,0.299,16.8
6119,7,2024-10-01,0.0,33.8,22.5,58.1,0.317,11.3
6120,7,2024-10-02,0.0,32.4,19.0,50.3,0.325,18.2
6121,7,2024-10-03,0.0,34.4,20.6,52.5,0.289,9.6
6122,7,2024-10-04,3.1,34.1,23.4,55.0,0.231,7.7
6123,7,2024-10-05,0.0,34.4,19.4,62.2,0.28,3.1
6124,7,2024-10-06,0.0,32.1,21.5,67.1,0.249,10.9
6125,7,2024-10-07,0.0,34.3,22.6,46.0,0.297,17.2
6126,7,2024-10-08,0.0,32.7,23.4,54.1,0.213,19.6
6127,7,2024-10-09,0.0,35.5,19.4,53.2,0.294,12.0
6128,7,2024-10-10,0.0,33.5,23.8,46.3,0.342,11.6
6129,7,2024-10-11,0.0,34.8,20.0,56.2,0.193,13.7
6130,7,2024-10-12,0.0,36.3,23.9,58.1,0.237,11.8
6131,7,2024-10-13,0.0,33.0,23.8,69.0,0.23,13.7
6132,7,2024-10-14,0.0,33.7,23.4,65.2,0.266,15.0
6133,7,2024-10-15,0.0,35.2,20.8,69.5,0.313,14.4
6134,7,2024-10-16,0.0,37.2,20.6,69.1,0.194,12.7
6135,7,2024-10-17,0.0,35.6,21.0,45.2,0.284,14.4
6136,7,2024-10-18,0.0,37.6,23.0,65.3,0.214,12.7
6137,7,2024-10-19,0.0,33.0,21.6,56.8,0.262,8.4
6138,7,2024-10-20,0.0,32.2,21.1,59.1,0.277,10.0
6139,7,2024-10-21,0.0,33.9,20.0,53.4,0.31,11.2
6140,7,2024-10-22,0.0,34.6,18.7,63.6,0.305,11.8
6141,7,2024-10-23,1.6,34.1,18.6,61.2,0.291,18.5
6142,7,2024-10-24,0.0,35.5,21.6,60.5,0.278,10.2
6143,7,2024-10-25,0.0,32.4,23.3,60.1,0.315,9.1
6144,7,2024-10-26,0.0,33.7,18.5,45.1,0.234,11.7
6145,7,2024-10-27,0.0,36.4,21.6,50.7,0.213,5.5
6146,7,2024-10-28,0.0,32.3,20.0,55.2,0.318,8.8
6147,7,2024-10-29,0.0,33.0,22.5,66.0,0.293,16.4
6148,7,2024-10-30,0.0,36.7,21.1,60.0,0.22,14.2
6149,7,2024-10-31,0.0,35.8,23.9,60.7,0.262,4.4
6150,7,2024-11-01,0.0,36.9,23.7,64.3,0.322,8.6
6151,7,2024-11-02,0.0,37.4,21.8,48.5,0.244,8.1
6152,7,2024-11-03,0.0,34.8,21.4,60.9,0.32,7.1
6153,7,2024-11-04,0.0,33.5,21.5,48.9,0.335,11.3
6154,7,2024-11-05,0.0,35.4,20.4,47.0,0.274,13.4
6155,7,2024-11-06,0.0,36.4,22.0,61.9,0.211,6.4
6156,7,2024-11-07,0.0,32.8,18.2,50.7,0.254,7.6
6157,7,2024-11-08,0.0,34.5,21.5,57.0,0.205,2.0
6158,7,2024-11-09,0.0,37.4,22.2,65.5,0.261,7.0
6159,7,2024-11-10,0.0,35.7,22.5,69.8,0.251,6.5
6160,7,2024-11-11,0.0,35.1,18.3,55.2,0.32,10.6
6161,7,2024-11-12,3.1,37.1,20.2,65.0,0.224,16.1
6162,7,2024-11-13,0.0,37.8,21.2,50.3,0.207,7.9
6163,7,2024-11-14,0.0,35.3,19.7,60.3,0.248,15.0
6164,7,2024-11-15,0.0,34.9,23.7,64.2,0.326,2.8
6165,7,2024-11-16,0.0,32.9,23.7,50.2,0.318,9.9
6166,7,2024-11-17,0.0,34.7,24.0,60.3,0.341,5.1
6167,7,2024-11-18,2.1,33.3,23.5,45.7,0.255,9.5
6168,7,2024-11-19,0.0,33.8,23.2,65.8,0.318,15.0
6169,7,2024-11-20,0.0,37.4,21.4,52.7,0.309,16.1
6170,7,2024-11-21,0.0,36.4,18.3,64.0,0.206,9.9
6171,7,2024-11-22,0.0,33.2,20.5,50.3,0.21,16.6
6172,7,2024-11-23,0.0,36.1,18.2,66.0,0.216,11.7
6173,7,2024-11-24,0.0,33.1,20.6,64.7,0.296,18.7
6174,7,2024-11-25,0.0,32.9,18.3,64.4,0.291,8.7
6175,7,2024-11-26,0.0,38.0,23.7,67.6,0.257,8.5
6176,7,2024-11-27,0.0,34.4,21.7,65.9,0.27,9.5
6177,7,2024-11-28,0.0,33.0,19.2,55.9,0.234,16.0
6178,7,2024-11-29,0.0,36.5,21.3,55.6,0.332,17.7
6179,7,2024-11-30,0.0,36.0,19.0,55.4,0.313,7.2
6180,7,2024-12-01,0.0,26.6,11.8,46.9,0.215,5.1
6181,7,2024-12-02,0.0,26.6,9.2,50.6,0.252,7.5
6182,7,2024-12-03,0.0,29.3,11.4,43.9,0.151,14.7
6183,7,2024-12-04,0.0,27.7,11.5,52.7,0.274,11.5
6184,7,2024-12-05,0.0,26.6,10.1,41.3,0.254,12.8
6185,7,2024-12-06,0.0,29.1,10.2,44.9,0.196,10.0
6186,7,2024-12-07,0.0,28.4,12.4,61.5,0.223,14.0
6187,7,2024-12-08,0.0,28.2,12.4,48.5,0.221,13.9
6188,7,2024-12-09,0.0,30.1,11.2,60.5,0.181,12.4
6189,7,2024-12-10,0.0,27.5,9.8,53.7,0.268,14.0
6190,7,2024-12-11,0.0,28.0,10.5,44.3,0.25,12.6
6191,7,2024-12-12,0.0,28.7,9.1,58.2,0.226,8.1
6192,7,2024-12-13,3.1,28.1,12.4,61.0,0.266,11.3
6193,7,2024-12-14,0.0,28.5,12.6,60.5,0.252,14.5
6194,7,2024-12-15,0.0,28.4,13.9,45.8,0.171,15.8
6195,7,2024-12-16,0.0,28.3,12.0,46.5,0.25,6.4
6196,7,2024-12-17,0.0,29.3,12.1,51.3,0.168,12.0
6197,7,2024-12-18,0.0,27.1,9.9,53.6,0.191,11.4
6198,7,2024-12-19,0.0,28.7,9.8,47.8,0.161,12.3
6199,7,2024-12-20,0.0,28.9,14.5,51.9,0.275,12.6
6200,7,2024-12-21,0.0,27.7,14.4,56.8,0.173,4.4
6201,7,2024-12-22,0.0,29.0,12.8,59.5,0.277,15.4
6202,7,2024-12-23,0.5,28.0,13.7,59.1,0.151,17.9
6203,7,2024-12-24,0.0,26.6,9.5,56.0,0.247,15.5
6204,7,2024-12-25,0.0,28.5,14.2,43.3,0.238,14.1
6205,7,2024-12-26,0.0,26.1,14.4,49.4,0.16,15.8
6206,7,2024-12-27,0.0,29.1,11.4,40.4,0.189,15.5
6207,7,2024-12-28,0.0,28.7,10.4,41.7,0.229,13.7
6208,7,2024-12-29,0.0,30.1,11.0,48.5,0.215,17.0
6209,7,2024-12-30,0.0,26.5,13.0,60.9,0.177,15.4
6210,7,2024-12-31,0.0,27.5,12.4,58.3,0.166,7.7
6211,7,2025-01-01,0.0,27.4,9.8,53.2,0.259,17.5
6212,7,2025-01-02,0.0,29.2,13.2,46.7,0.16,13.7
6213,7,2025-01-03,0.0,28.2,12.0,51.2,0.181,11.6
6214,7,2025-01-04,0.0,27.3,12.4,57.6,0.256,3.3
6215,7,2025-01-05,0.0,26.4,9.4,47.6,0.201,8.7
6216,7,2025-01-06,0.0,30.0,12.7,46.0,0.258,14.1
6217,7,2025-01-07,0.0,30.2,13.9,48.6,0.268,7.4
6218,7,2025-01-08,0.0,26.4,14.2,42.2,0.197,13.5
6219,7,2025-01-09,0.0,27.6,9.1,40.5,0.279,11.0
6220,7,2025-01-10,0.0,29.5,12.7,40.9,0.269,8.6
6221,7,2025-01-11,0.0,28.6,10.8,40.0,0.178,6.2
6222,7,2025-01-12,0.0,28.5,9.8,41.8,0.253,3.1
6223,7,2025-01-13,0.0,27.8,12.7,56.7,0.177,11.8
6224,7,2025-01-14,0.0,29.4,13.9,57.6,0.26,13.3
6225,7,2025-01-15,0.0,26.1,11.1,53.4,0.25,11.2
6226,7,2025-01-16,0.0,29.4,9.1,50.1,0.246,9.8
6227,7,2025-01-17,0.0,27.8,10.0,53.5,0.15,9.7
6228,7,2025-01-18,0.0,27.5,12.4,52.0,0.156,17.8
6229,7,2025-01-19,0.0,26.1,11.7,60.9,0.168,6.9
6230,7,2025-01-20,0.0,27.3,13.8,60.7,0.254,10.9
6231,7,2025-01-21,0.0,29.4,12.2,59.5,0.211,13.1
6232,7,2025-01-22,0.0,27.0,10.1,51.5,0.243,19.1
6233,7,2025-01-23,0.0,29.2,10.4,60.8,0.265,12.2
6234,7,2025-01-24,0.0,29.6,10.9,58.6,0.225,7.1
6235,7,2025-01-25,0.0,26.6,14.4,44.6,0.198,10.8
6236,7,2025-01-26,0.0,27.9,12.5,40.4,0.206,15.0
6237,7,2025-01-27,0.0,29.9,9.1,49.8,0.276,18.7
6238,7,2025-01-28,0.0,26.4,14.2,51.7,0.225,13.8
6239,7,2025-01-29,1.9,30.3,14.0,61.4,0.276,14.8
6240,7,2025-01-30,0.2,27.1,13.7,59.6,0.242,9.1
6241,7,2025-01-31,0.0,26.5,14.4,46.8,0.209,18.2
6242,7,2025-02-01,1.5,36.5,22.4,58.6,0.312,9.9
6243,7,2025-02-02,0.0,34.6,21.3,48.4,0.286,12.3
6244,7,2025-02-03,0.0,36.9,19.7,55.1,0.209,13.0
6245,7,2025-02-04,0.0,34.4,21.9,58.7,0.255,13.0
6246,7,2025-02-05,0.0,32.8,20.1,56.2,0.205,7.3
6247,7,2025-02-06,0.0,32.8,22.1,63.0,0.213,8.4
6248,7,2025-02-07,0.0,36.9,21.9,47.3,0.348,8.3
6249,7,2025-02-08,2.5,36.0,22.4,66.0,0.244,14.0
6250,7,2025-02-09,0.0,33.5,19.1,61.4,0.243,9.8
6251,7,2025-02-10,0.0,33.2,22.8,64.4,0.246,14.0
6252,7,2025-02-11,0.0,35.5,23.7,61.6,0.27,17.1
6253,7,2025-02-12,0.0,35.9,22.8,57.4,0.311,14.9
6254,7,2025-02-13,0.0,34.7,18.7,45.7,0.263,13.8
6255,7,2025-02-14,0.0,36.6,19.9,51.9,0.272,5.5
6256,7,2025-02-15,0.0,33.4,19.6,47.5,0.189,12.4
6257,7,2025-02-16,0.0,36.9,19.4,68.9,0.21,15.3
6258,7,2025-02-17,0.0,32.4,22.2,49.1,0.246,10.4
6259,7,2025-02-18,1.4,37.5,19.6,60.1,0.222,23.0
6260,7,2025-02-19,0.0,37.8,23.9,48.3,0.199,17.5
6261,7,2025-02-20,0.0,37.9,20.0,49.4,0.293,12.0
6262,7,2025-02-21,0.0,35.2,22.8,69.8,0.293,17.4
6263,7,2025-02-22,0.0,33.5,22.5,54.1,0.193,10.7
6264,7,2025-02-23,0.0,37.6,22.0,67.9,0.333,12.1
6265,7,2025-02-24,0.0,34.7,18.6,62.5,0.23,12.2
6266,7,2025-02-25,0.0,33.4,19.5,49.6,0.327,10.8
6267,7,2025-02-26,0.0,36.6,18.9,60.7,0.229,14.1
6268,7,2025-02-27,0.0,34.0,18.4,63.9,0.342,18.4
6269,7,2025-02-28,0.0,34.7,18.2,60.4,0.251,2.8
6270,7,2025-03-01,0.0,32.4,20.2,47.6,0.346,7.8
6271,7,2025-03-02,0.0,33.4,20.4,58.0,0.233,7.4
6272,7,2025-03-03,0.0,37.7,21.3,49.8,0.337,12.8
6273,7,2025-03-04,0.0,32.0,23.9,58.2,0.283,13.6
6274,7,2025-03-05,0.0,32.3,19.1,67.1,0.346,13.4
6275,7,2025-03-06,0.0,35.8,19.2,61.8,0.237,13.5
6276,7,2025-03-07,0.0,34.4,23.9,59.8,0.271,9.8
6277,7,2025-03-08,0.0,36.1,23.7,48.4,0.197,15.2
6278,7,2025-03-09,0.0,32.6,20.4,51.0,0.255,9.3
6279,7,2025-03-10,0.0,35.0,20.5,65.4,0.31,15.8
6280,7,2025-03-11,0.0,36.3,22.2,47.8,0.264,13.1
6281,7,2025-03-12,0.0,37.9,20.9,68.8,0.235,6.9
6282,7,2025-03-13,0.0,32.3,21.7,48.0,0.338,8.0
6283,7,2025-03-14,0.0,37.0,22.1,63.6,0.277,11.1
6284,7,2025-03-15,0.0,33.9,23.1,56.9,0.192,11.6
6285,7,2025-03-16,0.1,34.5,20.3,62.1,0.307,16.6
6286,7,2025-03-17,0.0,36.9,20.0,60.0,0.311,8.5
6287,7,2025-03-18,0.0,36.6,22.9,45.5,0.193,11.5
6288,7,2025-03-19,0.0,32.7,21.0,66.5,0.195,17.1
6289,7,2025-03-20,0.0,33.9,21.6,52.1,0.286,16.6
6290,7,2025-03-21,0.0,33.3,22.5,59.1,0.197,10.8
6291,7,2025-03-22,0.0,33.4,20.9,56.3,0.334,7.0
6292,7,2025-03-23,0.0,37.0,23.5,61.2,0.317,13.7
6293,7,2025-03-24,0.0,36.5,23.4,69.1,0.347,14.0
6294,7,2025-03-25,3.5,35.7,19.9,48.7,0.207,11.2
6295,7,2025-03-26,0.0,36.1,19.4,63.9,0.341,14.1
6296,7,2025-03-27,0.0,34.1,18.5,46.9,0.331,20.0
6297,7,2025-03-28,0.0,32.3,22.7,62.8,0.327,12.6
6298,7,2025-03-29,0.0,36.1,20.5,65.1,0.249,11.2
6299,7,2025-03-30,0.0,37.8,20.0,46.8,0.2,10.7
6300,7,2025-03-31,0.0,33.8,21.0,54.9,0.261,8.6
6301,7,2025-04-01,0.0,46.3,30.4,34.3,0.167,8.1
6302,7,2025-04-02,0.0,42.0,29.7,21.5,0.172,5.0
6303,7,2025-04-03,0.0,45.3,30.2,20.9,0.13,4.5
6304,7,2025-04-04,0.0,44.3,28.0,28.2,0.149,11.1
6305,7,2025-04-05,0.0,41.7,27.9,30.5,0.109,12.9
6306,7,2025-04-06,0.0,45.9,27.7,34.8,0.166,19.8
6307,7,2025-04-07,0.0,45.5,29.9,28.3,0.121,12.6
6308,7,2025-04-08,0.0,42.7,29.2,24.1,0.118,3.3
6309,7,2025-04-09,0.0,41.7,30.9,25.8,0.169,7.8
6310,7,2025-04-10,0.0,46.0,27.1,34.5,0.102,10.3
6311,7,2025-04-11,0.0,41.7,28.2,33.5,0.171,12.2
6312,7,2025-04-12,0.0,45.3,26.2,33.2,0.085,12.5
6313,7,2025-04-13,0.0,45.4,28.8,28.5,0.106,10.9
6314,7,2025-04-14,0.0,46.4,28.1,24.0,0.116,13.1
6315,7,2025-04-15,0.0,41.4,30.4,28.8,0.157,9.2
6316,7,2025-04-16,0.0,42.9,26.9,32.5,0.093,8.8
6317,7,2025-04-17,0.0,43.3,27.9,27.5,0.088,7.5
6318,7,2025-04-18,0.0,42.5,28.4,33.0,0.135,3.5
6319,7,2025-04-19,0.0,45.8,27.3,26.3,0.174,14.0
6320,7,2025-04-20,0.0,43.4,30.0,21.9,0.142,14.8
6321,7,2025-04-21,0.0,44.7,30.7,24.7,0.11,14.4
6322,7,2025-04-22,0.0,43.4,30.6,33.7,0.164,13.8
6323,7,2025-04-23,0.0,43.3,29.2,36.8,0.153,12.7
6324,7,2025-04-24,0.0,42.4,30.9,20.4,0.093,11.3
6325,7,2025-04-25,0.0,42.8,26.8,24.6,0.128,5.3
6326,7,2025-04-26,0.0,44.6,27.7,28.6,0.177,10.1
6327,7,2025-04-27,0.0,43.8,29.9,25.9,0.109,8.8
6328,7,2025-04-28,0.0,42.8,28.0,27.8,0.101,12.2
6329,7,2025-04-29,0.0,43.6,26.4,27.6,0.172,15.3
6330,7,2025-04-30,0.0,43.5,29.3,27.8,0.154,12.7
6331,7,2025-05-01,0.0,45.9,28.4,33.4,0.175,13.4
6332,7,2025-05-02,0.0,41.9,30.7,30.8,0.138,9.5
6333,7,2025-05-03,0.6,42.7,28.6,20.9,0.171,4.6
6334,7,2025-05-04,0.0,41.0,27.2,21.5,0.176,7.2
6335,7,2025-05-05,0.0,44.6,30.0,24.0,0.17,3.5
6336,7,2025-05-06,0.0,44.4,27.4,29.8,0.145,11.6
6337,7,2025-05-07,0.0,43.5,29.2,23.1,0.168,10.0
6338,7,2025-05-08,0.0,45.0,29.3,35.1,0.106,11.4
6339,7,2025-05-09,0.0,44.7,29.0,28.3,0.134,3.5
6340,7,2025-05-10,0.0,42.0,27.3,31.0,0.177,10.9
6341,7,2025-05-11,0.0,44.1,27.4,26.7,0.166,10.9
6342,7,2025-05-12,0.0,41.4,27.8,26.1,0.175,4.1
6343,7,2025-05-13,0.0,45.3,30.6,32.7,0.156,9.9
6344,7,2025-05-14,0.0,42.4,28.3,23.1,0.169,10.0
6345,7,2025-05-15,0.0,44.9,27.4,24.8,0.168,10.8
6346,7,2025-05-16,0.0,43.4,29.9,22.4,0.109,14.9
6347,7,2025-05-17,0.0,43.7,27.7,29.2,0.137,19.4
6348,7,2025-05-18,0.0,45.9,30.9,29.0,0.131,19.4
6349,7,2025-05-19,0.0,41.7,27.1,34.7,0.089,9.6
6350,7,2025-05-20,0.0,45.6,29.9,26.6,0.153,14.0
6351,7,2025-05-21,0.0,43.6,26.9,29.9,0.098,12.5
6352,7,2025-05-22,0.0,46.4,29.1,24.1,0.104,9.1
6353,7,2025-05-23,0.0,44.5,26.8,26.8,0.158,13.7
6354,7,2025-05-24,0.0,44.6,30.9,32.2,0.133,11.4
6355,7,2025-05-25,0.0,43.7,27.4,22.2,0.094,13.0
6356,7,2025-05-26,0.0,41.1,29.7,32.5,0.108,10.5
6357,7,2025-05-27,0.0,43.2,30.7,21.2,0.138,12.7
6358,7,2025-05-28,0.0,42.4,27.0,21.1,0.159,17.8
6359,7,2025-05-29,0.0,42.6,26.0,27.0,0.119,14.0
6360,7,2025-05-30,0.0,44.4,26.1,21.2,0.166,22.7
6361,7,2025-05-31,0.0,45.0,30.4,24.1,0.151,14.9
6362,7,2025-06-01,0.0,33.7,23.5,69.0,0.31,8.6
6363,7,2025-06-02,0.0,36.4,22.3,69.4,0.327,16.8
6364,7,2025-06-03,0.0,35.0,21.3,51.0,0.286,3.1
6365,7,2025-06-04,27.7,37.5,18.3,63.2,0.197,5.2
6366,7,2025-06-05,0.0,36.4,22.3,49.8,0.269,16.0
6367,7,2025-06-06,0.0,32.4,19.0,48.1,0.266,15.3
6368,7,2025-06-07,0.0,32.4,21.5,65.8,0.248,13.0
6369,7,2025-06-08,0.0,34.4,18.9,47.5,0.194,14.5
6370,7,2025-06-09,0.0,37.6,18.4,64.4,0.25,2.0
6371,7,2025-06-10,7.3,33.3,21.3,53.6,0.259,13.6
6372,7,2025-06-11,16.7,36.3,22.6,54.3,0.34,11.2
6373,7,2025-06-12,0.0,37.6,23.9,58.5,0.24,15.7
6374,7,2025-06-13,15.9,35.4,20.8,58.5,0.266,10.7
6375,7,2025-06-14,0.0,35.1,20.5,50.2,0.349,17.0
6376,7,2025-06-15,0.0,36.0,18.9,52.5,0.287,8.6
6377,7,2025-06-16,14.0,35.3,19.8,61.1,0.182,15.6
6378,7,2025-06-17,0.0,32.6,19.0,58.7,0.189,5.3
6379,7,2025-06-18,13.3,37.0,18.9,64.5,0.329,11.8
6380,7,2025-06-19,0.0,33.2,20.4,67.0,0.278,10.3
6381,7,2025-06-20,39.2,33.8,19.6,50.4,0.18,9.8
6382,7,2025-06-21,19.7,37.3,18.9,55.9,0.286,14.7
6383,7,2025-06-22,0.0,36.9,21.2,49.6,0.281,12.5
6384,7,2025-06-23,51.2,32.8,22.2,51.3,0.321,13.8
6385,7,2025-06-24,7.4,34.1,18.2,49.3,0.259,10.2
6386,7,2025-06-25,0.0,37.5,19.5,49.1,0.183,14.4
6387,7,2025-06-26,0.0,34.4,21.8,45.3,0.208,15.9
6388,7,2025-06-27,0.0,36.6,20.1,59.3,0.222,15.2
6389,7,2025-06-28,0.0,36.8,19.4,48.5,0.3,13.7
6390,7,2025-06-29,24.5,34.3,20.2,46.3,0.203,9.1
6391,7,2025-06-30,0.0,34.2,20.8,67.1,0.334,13.8
6392,7,2025-07-01,54.5,32.9,25.2,88.2,0.8,11.4
6393,7,2025-07-02,26.4,29.2,25.7,98.5,0.62,10.4
6394,7,2025-07-03,12.2,32.7,25.0,86.4,0.528,10.7
6395,7,2025-07-04,1.3,32.3,24.0,89.8,0.458,7.3
6396,7,2025-07-05,60.4,30.2,24.0,93.3,0.838,7.2
6397,7,2025-07-06,52.3,28.4,23.6,87.5,0.786,10.6
6398,7,2025-07-07,0.3,31.3,25.9,90.0,0.452,11.1
6399,7,2025-07-08,110.1,33.0,24.3,100.0,1.0,19.0
6400,7,2025-07-09,1.1,28.7,24.9,78.0,0.457,12.5
6401,7,2025-07-10,52.3,31.4,24.8,100.0,0.786,15.4
6402,7,2025-07-11,14.0,29.6,24.6,95.1,0.54,16.3
6403,7,2025-07-12,0.3,32.7,25.1,78.4,0.452,12.1
6404,7,2025-07-13,50.2,28.8,23.2,90.9,0.773,15.2
6405,7,2025-07-14,25.9,28.1,24.5,83.2,0.617,10.6
6406,7,2025-07-15,2.1,30.2,24.8,80.7,0.464,10.9
6407,7,2025-07-16,54.9,28.8,25.4,100.0,0.803,4.0
6408,7,2025-07-17,53.3,31.5,23.4,100.0,0.793,8.4
6409,7,2025-07-18,0.2,29.6,23.5,76.9,0.451,12.5
6410,7,2025-07-19,2.7,31.1,23.6,85.0,0.467,14.3
6411,7,2025-07-20,50.6,28.8,24.9,97.3,0.775,4.4
6412,7,2025-07-21,2.9,29.6,23.6,83.1,0.469,3.7
6413,7,2025-07-22,73.3,29.0,25.5,100.0,0.921,7.8
6414,7,2025-07-23,69.3,30.9,23.8,100.0,0.895,17.9
6415,7,2025-07-24,38.6,32.1,25.7,89.9,0.698,17.1
6416,7,2025-07-25,2.1,33.0,23.1,85.8,0.464,2.0
6417,7,2025-07-26,2.8,29.8,25.9,95.2,0.468,10.4
6418,7,2025-07-27,18.7,29.6,24.0,94.1,0.57,14.0
6419,7,2025-07-28,120.5,30.8,23.9,100.0,1.0,18.5
6420,7,2025-07-29,79.6,32.8,25.3,100.0,0.962,8.4
6421,7,2025-07-30,28.0,32.4,23.1,99.2,0.63,6.3
6422,7,2025-07-31,41.4,32.3,25.8,95.6,0.716,9.6
6423,7,2025-08-01,50.3,31.5,24.8,98.5,0.773,6.3
6424,7,2025-08-02,0.1,28.6,24.6,78.9,0.451,14.5
6425,7,2025-08-03,0.8,31.6,25.1,90.9,0.455,17.5
6426,7,2025-08-04,85.3,29.1,24.5,100.0,0.998,26.1
6427,7,2025-08-05,67.7,29.6,25.2,100.0,0.885,17.8
6428,7,2025-08-06,2.9,32.7,25.4,81.2,0.469,16.3
6429,7,2025-08-07,67.5,28.0,23.6,100.0,0.884,5.1
6430,7,2025-08-08,50.5,31.9,23.4,86.8,0.775,11.8
6431,7,2025-08-09,0.7,31.5,23.1,75.3,0.455,5.2
6432,7,2025-08-10,61.4,28.4,24.5,88.6,0.845,10.8
6433,7,2025-08-11,2.2,32.7,23.4,94.6,0.464,12.0
6434,7,2025-08-12,54.7,28.1,24.0,89.1,0.802,13.2
6435,7,2025-08-13,1.8,30.1,25.1,77.9,0.462,9.1
6436,7,2025-08-14,30.4,30.7,24.2,99.5,0.645,8.5
6437,7,2025-08-15,60.9,28.9,23.1,100.0,0.842,6.5
6438,7,2025-08-16,0.0,28.5,25.9,85.1,0.45,7.1
6439,7,2025-08-17,46.2,29.3,24.8,94.5,0.747,14.3
6440,7,2025-08-18,68.8,30.3,23.1,94.8,0.892,8.9
6441,7,2025-08-19,25.9,30.6,25.7,86.9,0.617,16.6
6442,7,2025-08-20,2.3,30.8,23.6,84.6,0.465,11.3
6443,7,2025-08-21,75.0,30.7,23.8,98.6,0.932,12.0
6444,7,2025-08-22,30.1,32.3,25.0,98.0,0.643,20.9
6445,7,2025-08-23,30.3,29.4,25.3,94.2,0.645,4.4
6446,7,2025-08-24,72.2,31.3,25.9,100.0,0.914,12.7
6447,7,2025-08-25,2.9,32.6,25.2,81.4,0.469,19.2
6448,7,2025-08-26,59.6,28.2,23.6,94.3,0.833,8.9
6449,7,2025-08-27,22.8,32.4,25.2,88.7,0.597,15.8
6450,7,2025-08-28,1.5,32.1,24.2,79.3,0.46,15.4
6451,7,2025-08-29,75.7,32.5,23.8,100.0,0.937,11.4
6452,7,2025-08-30,65.2,29.0,25.3,100.0,0.869,15.1
6453,7,2025-08-31,0.1,29.8,25.4,95.5,0.451,8.7
6454,7,2025-09-01,15.9,35.7,22.6,57.8,0.333,17.6
6455,7,2025-09-02,0.0,34.0,21.1,65.8,0.196,17.7
6456,7,2025-09-03,24.1,36.4,22.1,49.3,0.201,9.5
6457,7,2025-09-04,15.5,35.4,20.5,67.9,0.286,9.5
6458,7,2025-09-05,0.0,32.6,21.5,50.2,0.181,6.2
6459,7,2025-09-06,0.0,37.1,18.2,51.2,0.308,11.9
6460,7,2025-09-07,0.0,33.6,21.9,59.4,0.324,15.3
6461,7,2025-09-08,0.0,35.2,22.6,59.3,0.241,11.9
6462,7,2025-09-09,0.0,35.7,19.9,63.9,0.297,11.2
6463,7,2025-09-10,26.9,35.5,20.0,65.0,0.229,14.1
6464,7,2025-09-11,0.0,36.8,21.1,60.9,0.328,3.3
6465,7,2025-09-12,0.0,32.1,20.8,49.9,0.309,9.9
6466,7,2025-09-13,0.0,35.6,18.6,62.0,0.252,10.8
6467,7,2025-09-14,0.0,37.6,21.2,54.6,0.198,2.0
6468,7,2025-09-15,12.9,35.1,20.0,49.6,0.204,2.0
6469,7,2025-09-16,22.3,35.3,22.7,60.6,0.212,16.3
6470,7,2025-09-17,25.8,33.1,21.0,65.5,0.265,14.5
6471,7,2025-09-18,0.0,38.0,19.5,56.3,0.197,13.8
6472,7,2025-09-19,13.5,37.8,22.4,69.4,0.188,6.3
6473,7,2025-09-20,0.0,37.3,22.7,46.1,0.335,13.9
6474,7,2025-09-21,35.3,36.3,21.2,48.8,0.305,4.6
6475,7,2025-09-22,0.0,33.1,18.9,62.6,0.252,14.6
6476,7,2025-09-23,0.0,33.6,22.9,67.2,0.308,18.5
6477,7,2025-09-24,24.1,36.0,20.0,67.9,0.248,18.5
6478,7,2025-09-25,0.0,33.7,20.9,47.1,0.184,13.8
6479,7,2025-09-26,0.0,32.2,19.8,52.1,0.242,6.8
6480,7,2025-09-27,0.0,35.5,18.0,57.8,0.184,22.1
6481,7,2025-09-28,14.2,34.7,22.6,57.8,0.286,17.3
6482,7,2025-09-29,0.0,33.9,22.6,62.1,0.215,3.8
6483,7,2025-09-30,0.0,33.3,18.0,65.8,0.344,18.6
6484,7,2025-10-01,0.0,32.1,20.8,47.8,0.189,9.5
6485,7,2025-10-02,0.0,33.6,23.3,57.6,0.184,10.7
6486,7,2025-10-03,0.0,32.1,19.4,58.1,0.223,3.4
6487,7,2025-10-04,0.0,37.7,23.9,45.4,0.263,8.4
6488,7,2025-10-05,0.0,33.7,18.1,46.8,0.213,14.1
6489,7,2025-10-06,0.0,36.9,18.8,48.5,0.267,14.8
6490,7,2025-10-07,0.0,32.2,20.1,57.6,0.295,11.0
6491,7,2025-10-08,0.0,37.8,18.2,68.7,0.284,12.6
6492,7,2025-10-09,0.0,34.0,21.7,56.1,0.335,16.2
6493,7,2025-10-10,0.0,37.2,19.5,68.6,0.25,13.4
6494,7,2025-10-11,0.0,32.8,21.1,52.3,0.285,13.4
6495,7,2025-10-12,0.0,33.3,18.8,57.1,0.185,8.7
6496,7,2025-10-13,0.0,34.8,23.1,52.3,0.248,14.8
6497,7,2025-10-14,0.0,37.3,21.8,62.2,0.18,18.4
6498,7,2025-10-15,0.0,34.6,22.3,56.2,0.21,4.3
6499,7,2025-10-16,0.0,35.6,19.4,58.5,0.301,10.4
6500,7,2025-10-17,0.0,37.1,18.5,61.5,0.229,14.2
6501,7,2025-10-18,0.0,37.7,24.0,65.9,0.258,4.0
6502,7,2025-10-19,0.0,35.6,23.8,69.2,0.27,8.5
6503,7,2025-10-20,0.0,35.2,21.1,64.0,0.215,4.5
6504,7,2025-10-21,0.0,32.5,21.8,64.4,0.318,10.9
6505,7,2025-10-22,0.0,37.9,23.6,48.6,0.213,10.6
6506,7,2025-10-23,0.0,36.7,22.8,63.5,0.342,11.0
6507,7,2025-10-24,0.0,34.4,23.6,58.4,0.249,15.4
6508,7,2025-10-25,0.0,34.7,19.8,68.2,0.347,12.2
6509,7,2025-10-26,0.0,34.8,18.4,69.1,0.314,11.5
6510,7,2025-10-27,0.0,33.1,20.9,47.4,0.269,13.5
6511,7,2025-10-28,0.0,37.2,20.1,63.2,0.204,11.6
6512,7,2025-10-29,0.0,33.7,19.8,50.1,0.301,13.0
6513,7,2025-10-30,0.0,33.1,21.6,66.4,0.228,5.8
6514,7,2025-10-31,0.0,36.7,23.7,65.3,0.321,11.0
6515,7,2025-11-01,0.0,37.2,21.9,51.2,0.341,9.4
6516,7,2025-11-02,0.0,34.1,20.6,52.8,0.252,18.1
6517,7,2025-11-03,0.0,33.1,18.7,63.4,0.257,13.7
6518,7,2025-11-04,0.0,33.4,23.1,53.6,0.284,2.0
6519,7,2025-11-05,0.0,32.7,22.4,55.6,0.321,9.0
6520,7,2025-11-06,0.0,34.7,22.2,53.1,0.186,12.4
6521,7,2025-11-07,0.0,34.9,22.5,55.1,0.285,14.5
6522,7,2025-11-08,0.0,33.2,19.6,63.2,0.201,7.7
6523,7,2025-11-09,0.0,36.7,21.4,48.8,0.261,3.2
6524,7,2025-11-10,0.0,37.9,23.9,55.4,0.288,4.6
6525,7,2025-11-11,0.0,35.0,21.7,45.4,0.224,8.5
6526,7,2025-11-12,0.0,36.2,20.5,63.8,0.198,11.7
6527,7,2025-11-13,0.0,35.7,20.1,69.3,0.333,14.0
6528,7,2025-11-14,0.0,32.1,19.1,60.7,0.193,14.1
6529,7,2025-11-15,0.0,37.5,23.7,66.5,0.193,12.8
6530,7,2025-11-16,0.0,35.7,19.2,47.4,0.266,15.6
6531,7,2025-11-17,0.0,36.2,22.3,53.2,0.266,15.7
6532,7,2025-11-18,4.3,33.1,23.8,66.7,0.288,19.1
6533,7,2025-11-19,0.0,34.9,18.4,66.0,0.23,17.6
6534,7,2025-11-20,0.0,36.4,20.7,50.6,0.327,7.0
6535,7,2025-11-21,0.0,35.2,21.4,55.0,0.294,4.8
6536,7,2025-11-22,0.0,37.3,18.8,63.9,0.219,9.1
6537,7,2025-11-23,0.0,33.8,23.0,60.5,0.248,8.2
6538,7,2025-11-24,0.0,35.7,18.1,53.3,0.221,13.4
6539,7,2025-11-25,3.2,35.2,21.5,62.7,0.314,12.1
6540,7,2025-11-26,5.3,35.9,22.5,69.1,0.244,9.8
6541,7,2025-11-27,0.0,34.8,22.4,66.8,0.297,5.0
6542,7,2025-11-28,0.0,32.9,22.1,68.7,0.29,9.5
6543,7,2025-11-29,0.0,33.4,20.7,56.5,0.266,7.5
6544,7,2025-11-30,0.0,34.7,23.4,61.0,0.342,6.9
6545,7,2025-12-01,0.0,28.3,14.0,40.3,0.268,18.2
6546,7,2025-12-02,0.0,28.4,10.3,58.4,0.162,11.5
6547,7,2025-12-03,0.0,30.2,9.1,54.0,0.182,5.7
6548,7,2025-12-04,0.0,28.7,13.3,55.6,0.258,18.7
6549,7,2025-12-05,0.0,29.8,12.9,57.9,0.272,16.2
6550,7,2025-12-06,0.0,26.7,12.3,52.4,0.191,10.4
6551,7,2025-12-07,0.0,29.5,12.6,51.6,0.204,6.2
6552,7,2025-12-08,0.0,30.3,13.6,60.6,0.157,8.5
6553,7,2025-12-09,0.0,29.9,12.8,53.7,0.275,12.2
6554,7,2025-12-10,0.0,29.3,11.1,49.5,0.193,10.5
6555,7,2025-12-11,0.0,28.3,12.8,50.7,0.256,9.6
6556,7,2025-12-12,0.0,26.7,10.7,43.1,0.264,12.7
6557,7,2025-12-13,0.0,26.5,10.9,44.6,0.25,10.7
6558,7,2025-12-14,0.0,29.7,9.7,56.8,0.229,17.2
6559,7,2025-12-15,0.0,28.7,10.1,53.6,0.173,4.4
6560,7,2025-12-16,0.0,26.5,12.7,60.0,0.153,10.3
6561,7,2025-12-17,0.0,30.4,12.8,43.0,0.169,9.3
6562,7,2025-12-18,0.0,26.3,13.3,45.4,0.158,15.0
6563,7,2025-12-19,0.0,26.5,13.4,54.8,0.193,11.6
6564,7,2025-12-20,0.0,30.2,12.1,49.5,0.23,13.0
6565,7,2025-12-21,0.0,29.0,12.9,56.3,0.254,8.8
6566,7,2025-12-22,0.0,29.5,10.0,41.3,0.194,14.9
6567,7,2025-12-23,0.0,26.5,9.8,41.8,0.261,9.0
6568,7,2025-12-24,0.0,27.1,14.0,43.4,0.24,13.1
6569,7,2025-12-25,0.0,28.3,13.6,44.1,0.164,2.0
6570,7,2025-12-26,0.0,27.8,9.6,49.3,0.226,2.4
6571,7,2025-12-27,0.0,30.2,12.2,54.2,0.273,7.2
6572,7,2025-12-28,0.0,27.1,10.6,45.7,0.211,7.8
6573,7,2025-12-29,0.0,30.0,10.3,56.0,0.159,8.1
6574,7,2025-12-30,0.0,30.4,13.2,55.4,0.225,2.8
6575,7,2025-12-31,0.0,27.1,14.1,50.9,0.256,8.2
6576,7,2026-01-01,0.0,26.3,13.1,54.0,0.223,3.2
6577,7,2026-01-02,0.0,29.2,14.2,47.9,0.156,10.4
6578,7,2026-01-03,0.0,30.3,9.9,60.5,0.211,17.4
6579,7,2026-01-04,0.0,28.3,9.5,45.6,0.275,20.6
6580,7,2026-01-05,0.0,27.9,13.5,41.4,0.178,8.2
6581,7,2026-01-06,0.0,27.0,11.1,47.4,0.238,9.4
6582,7,2026-01-07,0.0,30.1,12.1,45.4,0.278,7.7
6583,7,2026-01-08,0.0,27.4,11.9,49.5,0.176,13.3
6584,7,2026-01-09,0.0,27.1,13.2,60.7,0.258,5.0
6585,7,2026-01-10,0.0,26.5,9.5,43.4,0.265,13.9
6586,7,2026-01-11,0.0,26.9,10.7,60.7,0.165,7.2
6587,7,2026-01-12,2.0,29.4,9.8,60.1,0.17,10.3
6588,7,2026-01-13,0.0,26.1,12.8,54.5,0.258,11.7
6589,7,2026-01-14,0.0,27.9,9.4,61.5,0.219,11.0
6590,7,2026-01-15,0.0,28.2,12.1,44.1,0.226,10.0
6591,7,2026-01-16,0.0,28.6,9.5,41.5,0.253,6.7
6592,7,2026-01-17,0.0,29.9,9.6,57.7,0.261,10.1
6593,7,2026-01-18,0.0,29.4,12.9,53.1,0.192,4.5
6594,7,2026-01-19,0.0,27.0,11.9,50.2,0.214,10.8
6595,7,2026-01-20,0.0,26.6,13.3,48.3,0.207,11.1
6596,7,2026-01-21,0.0,30.1,9.2,52.7,0.232,10.6
6597,7,2026-01-22,1.1,29.6,13.0,43.9,0.259,12.0
6598,7,2026-01-23,0.0,27.1,13.9,48.3,0.254,9.2
6599,7,2026-01-24,0.0,26.5,12.3,55.5,0.266,25.6
6600,7,2026-01-25,0.0,26.5,14.3,44.1,0.237,17.0
6601,7,2026-01-26,0.0,28.4,11.9,52.2,0.171,15.8
6602,7,2026-01-27,0.0,27.8,12.0,47.8,0.2,12.5
6603,7,2026-01-28,0.0,30.3,10.6,49.8,0.157,10.4
6604,7,2026-01-29,0.0,26.3,13.7,44.9,0.15,12.2
6605,7,2026-01-30,0.0,27.7,9.8,59.0,0.166,12.7
6606,7,2026-01-31,0.0,26.4,12.4,48.6,0.248,2.6
6607,7,2026-02-01,0.0,32.6,22.6,59.6,0.324,12.3
6608,7,2026-02-02,0.0,33.3,23.8,59.1,0.301,2.3
6609,7,2026-02-03,0.0,36.9,21.0,62.1,0.199,8.0
6610,7,2026-02-04,0.0,35.4,18.8,47.5,0.271,10.1
6611,7,2026-02-05,0.0,33.4,21.7,64.1,0.29,11.4
6612,7,2026-02-06,0.0,37.1,22.4,51.6,0.26,9.9
6613,7,2026-02-07,0.0,35.7,20.2,60.1,0.287,8.0
6614,7,2026-02-08,0.0,32.4,22.3,60.9,0.191,12.3
6615,7,2026-02-09,0.0,34.8,21.2,67.0,0.257,19.2
6616,7,2026-02-10,0.0,34.0,19.0,64.0,0.327,3.4
6617,7,2026-02-11,0.0,34.3,18.2,57.7,0.327,12.6
6618,7,2026-02-12,0.0,37.0,22.1,52.3,0.187,14.5
6619,7,2026-02-13,0.0,32.4,19.4,65.7,0.245,10.0
6620,7,2026-02-14,0.0,34.5,21.4,62.9,0.321,12.2
6621,7,2026-02-15,0.0,35.6,22.4,67.2,0.247,9.0
6622,7,2026-02-16,0.0,37.5,22.7,52.8,0.344,4.9
6623,7,2026-02-17,0.0,37.2,23.7,45.8,0.339,5.5
6624,7,2026-02-18,0.0,32.9,20.6,59.6,0.193,11.4
6625,7,2026-02-19,0.0,33.0,19.6,56.0,0.259,17.2
6626,7,2026-02-20,0.0,32.4,20.1,45.2,0.318,16.1
6627,7,2026-02-21,0.0,36.6,19.6,45.1,0.302,9.7
6628,7,2026-02-22,0.0,33.0,21.1,48.4,0.191,12.4
6629,7,2026-02-23,0.0,33.2,20.3,50.0,0.243,9.4
6630,7,2026-02-24,0.0,33.2,20.4,48.9,0.217,9.7
6631,7,2026-02-25,2.5,37.3,20.5,59.4,0.338,12.6
6632,7,2026-02-26,1.9,34.5,20.7,68.6,0.23,17.5
6633,7,2026-02-27,0.8,32.5,20.3,50.7,0.211,3.8
6634,7,2026-02-28,0.0,37.2,18.5,66.2,0.301,5.3
6635,7,2026-03-01,0.0,32.4,18.9,67.6,0.187,5.2
6636,7,2026-03-02,0.0,32.5,19.8,45.4,0.311,11.0
6637,7,2026-03-03,0.0,34.4,18.6,55.5,0.31,15.0
6638,7,2026-03-04,0.0,37.6,19.5,63.9,0.233,16.8
6639,7,2026-03-05,0.0,32.4,21.4,51.6,0.252,8.7
6640,7,2026-03-06,0.4,37.4,19.1,54.3,0.271,8.9
6641,7,2026-03-07,0.0,37.5,23.4,69.6,0.283,11.6
6642,7,2026-03-08,0.0,37.0,21.1,47.4,0.301,5.4
6643,7,2026-03-09,0.0,37.3,23.3,69.9,0.271,11.3
6644,7,2026-03-10,0.0,36.5,21.9,48.6,0.199,7.3
6645,7,2026-03-11,0.0,35.9,20.7,64.6,0.341,18.1
6646,7,2026-03-12,0.0,32.2,22.5,54.9,0.248,13.9
6647,7,2026-03-13,0.0,32.5,23.8,45.4,0.181,14.1
6648,7,2026-03-14,0.0,32.3,18.2,56.6,0.24,5.9
6649,7,2026-03-15,0.0,35.9,20.0,58.4,0.205,16.0
6650,7,2026-03-16,0.0,37.7,22.7,56.8,0.31,9.0
6651,7,2026-03-17,1.2,35.4,21.9,61.4,0.234,11.7
6652,7,2026-03-18,0.0,37.2,20.2,60.4,0.34,7.0
6653,7,2026-03-19,3.5,34.2,20.5,64.9,0.309,6.0
6654,7,2026-03-20,1.9,33.1,23.2,56.7,0.184,14.2
6655,7,2026-03-21,0.0,36.4,23.1,67.0,0.229,14.3
6656,7,2026-03-22,0.0,32.9,22.6,57.3,0.242,5.9
6657,7,2026-03-23,0.0,33.3,19.0,55.0,0.197,8.1
6658,7,2026-03-24,0.0,33.8,23.0,66.6,0.248,19.3
6659,7,2026-03-25,0.0,35.3,18.0,67.2,0.244,16.4
6660,7,2026-03-26,0.0,34.4,18.6,63.6,0.324,11.2
6661,7,2026-03-27,0.0,35.2,19.3,61.0,0.298,10.5
6662,7,2026-03-28,0.0,35.3,23.6,46.9,0.301,12.0
6663,7,2026-03-29,0.0,33.3,19.1,51.0,0.276,15.0
6664,7,2026-03-30,0.0,33.6,23.4,62.4,0.342,8.1
6665,7,2026-03-31,0.0,37.3,22.0,66.9,0.181,15.7
6666,7,2026-04-01,0.0,44.4,26.0,35.9,0.104,13.6
6667,7,2026-04-02,0.0,42.0,26.3,35.0,0.151,18.6
6668,7,2026-04-03,0.0,41.7,29.7,32.0,0.098,8.4
6669,7,2026-04-04,0.0,45.0,29.4,24.0,0.116,16.1
6670,7,2026-04-05,0.0,44.7,27.1,23.6,0.127,3.4
6671,7,2026-04-06,0.0,43.1,30.4,23.2,0.156,23.3
6672,7,2026-04-07,0.0,45.3,30.1,31.0,0.12,15.5
6673,7,2026-04-08,0.0,43.6,29.8,27.4,0.142,6.1
6674,7,2026-04-09,0.0,41.8,29.2,24.1,0.107,11.5
6675,7,2026-04-10,0.0,43.7,27.0,37.6,0.1,19.1
6676,7,2026-04-11,0.0,41.5,30.1,35.0,0.137,15.4
6677,7,2026-04-12,0.0,45.5,26.9,32.9,0.165,5.1
6678,7,2026-04-13,0.0,43.4,29.0,35.8,0.097,9.2
6679,7,2026-04-14,0.0,44.4,30.2,33.8,0.099,2.1
6680,7,2026-04-15,0.0,41.0,30.8,30.4,0.162,10.4
6681,7,2026-04-16,0.0,45.5,30.6,28.2,0.087,12.5
6682,7,2026-04-17,0.0,44.9,27.3,21.3,0.123,5.0
6683,7,2026-04-18,0.0,45.6,30.0,28.5,0.117,3.0
6684,7,2026-04-19,0.0,42.1,29.8,25.5,0.13,10.7
6685,7,2026-04-20,0.0,41.3,29.9,22.2,0.119,17.6
6686,7,2026-04-21,0.0,41.1,30.9,25.2,0.109,10.8
6687,7,2026-04-22,0.0,42.6,30.1,24.4,0.094,9.9
6688,7,2026-04-23,1.0,46.1,28.4,36.1,0.129,9.0
6689,7,2026-04-24,0.0,45.4,28.9,23.6,0.172,19.4
6690,7,2026-04-25,0.0,41.4,26.1,30.5,0.173,16.6
6691,7,2026-04-26,0.0,42.3,26.5,20.3,0.1,8.6
6692,7,2026-04-27,0.0,46.3,27.7,24.5,0.101,8.8
6693,7,2026-04-28,0.0,46.3,28.5,21.1,0.15,10.8
6694,7,2026-04-29,0.0,42.4,29.9,29.0,0.162,12.9
6695,7,2026-04-30,0.0,44.0,30.3,22.6,0.172,17.1
6696,7,2026-05-01,0.0,46.4,28.3,35.4,0.127,13.7
6697,7,2026-05-02,0.0,41.8,28.0,21.7,0.095,7.6
6698,7,2026-05-03,0.0,41.7,27.3,22.0,0.103,7.8
6699,7,2026-05-04,0.0,45.6,27.1,32.8,0.098,14.4
6700,7,2026-05-05,0.0,45.4,27.8,23.8,0.11,13.6
6701,7,2026-05-06,0.0,44.8,29.6,34.5,0.105,15.5
6702,7,2026-05-07,0.0,43.7,28.0,31.3,0.105,7.2
6703,7,2026-05-08,0.0,44.3,30.2,24.7,0.153,14.6
6704,7,2026-05-09,0.0,41.8,26.7,22.3,0.117,6.7
6705,7,2026-05-10,0.0,43.2,27.6,25.2,0.095,9.9
6706,7,2026-05-11,0.0,45.0,29.0,26.3,0.12,15.7
6707,7,2026-05-12,0.0,45.6,26.3,21.5,0.117,12.7
6708,7,2026-05-13,0.0,42.5,27.7,36.0,0.087,10.9
6709,7,2026-05-14,0.0,42.1,30.7,29.7,0.171,13.8
6710,7,2026-05-15,0.0,41.9,27.4,23.3,0.135,16.9
6711,7,2026-05-16,0.0,44.2,28.3,22.4,0.147,8.2
6712,7,2026-05-17,0.0,44.8,30.2,34.5,0.165,13.4
6713,7,2026-05-18,0.0,44.6,28.1,35.6,0.117,19.5
6714,7,2026-05-19,0.0,41.1,29.0,31.7,0.11,10.2
6715,7,2026-05-20,0.0,45.5,26.8,30.0,0.134,15.9
6716,7,2026-05-21,0.0,46.4,30.5,31.9,0.093,9.7
6717,7,2026-05-22,0.0,45.7,27.5,31.3,0.141,6.1
6718,7,2026-05-23,0.0,41.7,27.5,34.6,0.084,6.0
6719,7,2026-05-24,0.0,42.2,26.6,25.6,0.131,7.6
6720,7,2026-05-25,0.0,43.2,30.9,24.3,0.15,10.8
6721,7,2026-05-26,0.0,44.3,30.9,23.6,0.116,5.2
6722,7,2026-05-27,0.0,41.9,28.6,27.0,0.159,5.7
6723,7,2026-05-28,0.0,45.3,28.8,26.9,0.123,16.1
6724,7,2026-05-29,0.0,45.2,30.6,27.6,0.098,17.7
6725,7,2026-05-30,0.0,44.8,30.0,34.4,0.154,12.2
6726,7,2026-05-31,0.0,43.8,29.0,24.9,0.1,10.6
6727,7,2026-06-01,0.0,32.3,18.1,60.6,0.248,16.5
6728,7,2026-06-02,0.0,34.5,19.9,69.4,0.258,16.6
6729,7,2026-06-03,27.0,35.1,22.0,55.1,0.213,12.3
6730,7,2026-06-04,0.0,34.1,21.0,45.9,0.204,12.1
6731,7,2026-06-05,21.8,32.9,20.0,53.2,0.346,15.2
6732,7,2026-06-06,22.8,34.7,19.8,58.4,0.184,22.0
6733,7,2026-06-07,29.3,32.8,23.8,62.2,0.22,12.7
6734,7,2026-06-08,0.0,35.5,22.8,54.3,0.344,21.3
6735,7,2026-06-09,15.1,35.2,21.3,48.6,0.188,4.9
6736,7,2026-06-10,0.0,33.9,21.2,52.0,0.186,5.8
6737,7,2026-06-11,0.0,37.6,19.9,68.4,0.236,5.7
6738,7,2026-06-12,0.0,33.6,23.3,68.9,0.182,10.9
6739,7,2026-06-13,0.0,33.4,20.8,63.0,0.349,9.2
6740,7,2026-06-14,0.0,34.0,18.0,60.4,0.344,3.6
6741,7,2026-06-15,0.0,37.1,18.5,54.1,0.203,11.7
6742,7,2026-06-16,0.0,32.3,23.6,49.0,0.334,9.5
6743,7,2026-06-17,23.5,35.4,20.1,69.9,0.226,10.4
6744,7,2026-06-18,0.0,37.0,21.7,52.6,0.253,12.1
6745,7,2026-06-19,0.0,36.6,20.4,52.3,0.189,8.3
6746,7,2026-06-20,0.0,35.5,19.5,54.2,0.342,7.1
6747,7,2026-06-21,0.0,36.2,20.8,54.9,0.224,7.2
6748,7,2026-06-22,16.3,35.4,23.5,58.0,0.326,9.2
6749,7,2026-06-23,0.0,34.0,23.3,61.0,0.242,15.1
6750,7,2026-06-24,16.4,35.3,19.3,46.1,0.184,6.9
6751,7,2026-06-25,23.3,35.1,23.1,60.3,0.277,12.2
6752,7,2026-06-26,0.0,32.2,20.2,49.4,0.263,10.0
6753,7,2026-06-27,0.0,37.0,21.7,59.1,0.196,18.7
6754,7,2026-06-28,0.0,34.8,18.8,66.7,0.223,2.0
6755,7,2026-06-29,0.0,36.6,20.0,58.2,0.254,15.3
6756,7,2026-06-30,35.7,34.9,20.7,65.3,0.32,5.0
6757,7,2026-07-01,1.6,31.8,25.0,90.1,0.46,12.8
6758,7,2026-07-02,0.6,28.0,23.8,78.3,0.454,14.9
6759,7,2026-07-03,73.5,31.2,23.5,91.4,0.923,19.2
6760,7,2026-07-04,2.7,32.7,23.5,77.4,0.467,16.1
6761,7,2026-07-05,33.1,31.3,23.4,86.8,0.663,8.3
6762,7,2026-07-06,31.3,30.6,24.9,100.0,0.651,11.7
6763,7,2026-07-07,1.6,28.2,23.4,90.8,0.46,11.3
6764,7,2026-07-08,59.0,28.2,23.5,99.1,0.829,9.5
6765,7,2026-07-09,25.1,28.1,24.8,80.6,0.611,5.6
6766,7,2026-07-10,130.3,32.9,25.2,100.0,1.0,6.3
6767,7,2026-07-11,81.8,31.6,25.4,100.0,0.976,13.6
6768,7,2026-07-12,50.2,31.4,23.7,93.6,0.773,9.9
6769,7,2026-07-13,28.3,29.2,25.1,81.0,0.632,5.9
6770,7,2026-07-14,27.8,32.9,25.6,99.7,0.629,7.4
6771,7,2026-07-15,112.7,30.4,24.7,100.0,1.0,13.2
6772,7,2026-07-16,66.5,28.5,23.5,100.0,0.877,9.0
6773,7,2026-07-17,35.3,32.6,25.3,98.9,0.677,11.2
6774,7,2026-07-18,2.0,32.4,23.7,76.4,0.463,12.1
6775,7,2026-07-19,1.8,31.2,24.0,81.1,0.462,17.5
6776,7,2026-07-20,97.1,30.6,23.9,100.0,1.0,19.8
6777,7,2026-07-21,1.1,32.1,24.4,94.1,0.457,10.2
6778,7,2026-07-22,1.3,29.1,25.7,92.2,0.458,9.4
6779,7,2026-07-23,49.1,32.1,23.5,89.3,0.766,14.0
6780,7,2026-07-24,1.4,32.2,23.9,84.1,0.459,10.5
6781,7,2026-07-25,42.9,31.2,23.0,100.0,0.726,5.6
6782,7,2026-07-26,0.9,32.3,25.2,93.5,0.456,16.3
6783,7,2026-07-27,1.9,30.1,25.0,89.6,0.462,11.5
6784,7,2026-07-28,58.5,31.7,23.7,95.3,0.826,15.5
6785,7,2026-07-29,71.1,30.3,24.4,98.1,0.907,20.6
6786,7,2026-07-30,21.3,29.5,24.2,82.4,0.587,9.6
6787,7,2026-07-31,26.3,31.2,23.3,95.5,0.619,6.3
6788,7,2026-08-01,1.0,31.5,23.3,87.0,0.456,6.3
6789,7,2026-08-02,59.9,28.7,24.0,100.0,0.835,9.4
6790,7,2026-08-03,18.2,31.9,24.5,82.7,0.567,4.7
6791,7,2026-08-04,142.9,32.2,23.5,100.0,1.0,6.8
6792,7,2026-08-05,2.2,28.1,25.6,76.2,0.464,17.8
6793,7,2026-08-06,55.0,31.2,24.5,98.4,0.804,11.8
6794,7,2026-08-07,41.0,31.7,25.2,100.0,0.714,19.4
6795,7,2026-08-08,1.8,30.9,23.6,81.2,0.462,8.4
6796,7,2026-08-09,19.5,32.2,24.3,95.8,0.575,13.9
6797,7,2026-08-10,67.6,30.8,25.7,100.0,0.885,14.5
6798,7,2026-08-11,32.5,32.4,23.9,92.7,0.659,12.8
6799,7,2026-08-12,1.3,32.2,23.5,84.0,0.458,10.8
6800,7,2026-08-13,51.6,29.1,23.5,97.9,0.782,11.9
6801,7,2026-08-14,1.0,29.8,23.6,80.3,0.456,14.0
6802,7,2026-08-15,23.1,29.6,24.2,94.9,0.599,3.1
6803,7,2026-08-16,2.7,31.4,25.6,75.7,0.467,16.4
6804,7,2026-08-17,2.5,28.9,24.3,92.8,0.466,9.8
6805,7,2026-08-18,25.7,31.9,24.0,90.9,0.615,8.6
6806,7,2026-08-19,2.9,28.3,24.6,95.7,0.469,10.7
6807,7,2026-08-20,86.9,31.9,25.3,100.0,1.0,13.6
6808,7,2026-08-21,47.7,32.7,25.6,100.0,0.757,17.0
6809,7,2026-08-22,1.9,29.9,24.0,91.6,0.462,10.1
6810,7,2026-08-23,68.5,30.8,25.1,90.0,0.89,9.8
6811,7,2026-08-24,0.4,30.7,23.2,83.6,0.453,14.2
6812,7,2026-08-25,17.9,31.1,25.7,98.2,0.565,13.2
6813,7,2026-08-26,41.7,32.4,25.0,91.0,0.718,13.1
6814,7,2026-08-27,0.6,32.1,23.7,87.9,0.454,12.8
6815,7,2026-08-28,0.5,29.7,24.6,95.6,0.453,8.6
6816,7,2026-08-29,1.3,31.1,23.1,78.3,0.458,9.3
6817,7,2026-08-30,37.5,31.0,25.6,97.6,0.691,9.4
6818,7,2026-08-31,31.6,29.2,25.8,94.4,0.653,11.5
6819,8,2024-01-01,0.4,27.4,12.0,57.5,0.182,17.9
6820,8,2024-01-02,0.0,27.0,13.9,40.9,0.24,11.2
6821,8,2024-01-03,0.0,27.5,11.7,59.1,0.181,14.3
6822,8,2024-01-04,0.0,28.9,12.7,61.3,0.203,10.9
6823,8,2024-01-05,0.0,29.7,12.3,55.0,0.158,11.5
6824,8,2024-01-06,0.0,28.9,14.3,53.3,0.196,2.0
6825,8,2024-01-07,0.0,27.7,11.5,45.5,0.195,10.4
6826,8,2024-01-08,0.0,29.3,12.2,53.1,0.166,10.5
6827,8,2024-01-09,0.0,29.4,10.2,53.5,0.273,6.1
6828,8,2024-01-10,0.0,28.2,12.2,41.8,0.193,7.0
6829,8,2024-01-11,0.0,30.1,10.3,61.6,0.269,11.5
6830,8,2024-01-12,0.0,29.6,10.2,53.1,0.253,10.4
6831,8,2024-01-13,0.0,26.7,9.0,57.9,0.185,14.6
6832,8,2024-01-14,0.0,26.9,9.1,47.9,0.278,13.3
6833,8,2024-01-15,0.0,27.8,13.5,52.2,0.165,14.2
6834,8,2024-01-16,0.0,29.9,10.1,40.7,0.25,5.1
6835,8,2024-01-17,0.0,29.1,12.7,52.5,0.275,12.1
6836,8,2024-01-18,0.0,27.4,14.4,45.2,0.234,2.0
6837,8,2024-01-19,0.0,27.6,11.5,47.9,0.173,10.4
6838,8,2024-01-20,0.0,30.3,12.3,53.9,0.239,6.9
6839,8,2024-01-21,0.0,29.2,13.8,46.5,0.205,10.8
6840,8,2024-01-22,0.0,30.2,13.2,50.7,0.16,13.9
6841,8,2024-01-23,0.0,27.9,11.7,58.1,0.247,15.0
6842,8,2024-01-24,0.0,27.5,11.9,57.8,0.235,4.0
6843,8,2024-01-25,0.0,27.7,12.8,58.7,0.28,15.3
6844,8,2024-01-26,0.0,27.3,10.5,54.5,0.212,2.0
6845,8,2024-01-27,0.0,27.9,9.9,41.6,0.211,9.2
6846,8,2024-01-28,0.0,28.1,14.4,59.9,0.218,14.4
6847,8,2024-01-29,0.0,28.6,14.3,53.0,0.156,14.8
6848,8,2024-01-30,0.0,26.1,10.1,60.7,0.214,14.6
6849,8,2024-01-31,0.0,30.3,13.7,53.8,0.204,6.6
6850,8,2024-02-01,0.0,32.7,20.6,65.0,0.287,9.3
6851,8,2024-02-02,2.1,37.9,23.0,63.1,0.181,9.6
6852,8,2024-02-03,0.0,33.8,21.8,60.1,0.188,10.5
6853,8,2024-02-04,0.0,32.6,23.8,60.6,0.254,7.5
6854,8,2024-02-05,0.0,32.5,23.6,60.7,0.303,10.1
6855,8,2024-02-06,0.0,33.9,23.8,46.4,0.201,11.5
6856,8,2024-02-07,0.0,37.8,21.1,52.7,0.312,13.9
6857,8,2024-02-08,0.0,36.5,21.8,57.7,0.243,9.9
6858,8,2024-02-09,0.0,33.2,22.3,61.4,0.229,16.5
6859,8,2024-02-10,0.0,36.7,21.4,69.9,0.346,14.9
6860,8,2024-02-11,0.0,33.0,22.1,60.7,0.293,10.0
6861,8,2024-02-12,0.0,34.7,22.0,66.7,0.26,6.7
6862,8,2024-02-13,0.0,32.6,22.7,65.0,0.23,15.4
6863,8,2024-02-14,0.0,36.2,22.2,52.5,0.242,11.2
6864,8,2024-02-15,0.0,37.7,23.2,62.1,0.279,8.6
6865,8,2024-02-16,0.0,34.9,22.6,50.7,0.229,4.8
6866,8,2024-02-17,0.0,35.8,18.0,52.7,0.289,12.6
6867,8,2024-02-18,0.0,36.9,23.9,49.6,0.198,12.0
6868,8,2024-02-19,0.0,37.8,19.8,50.3,0.32,12.4
6869,8,2024-02-20,0.0,35.5,21.6,59.1,0.242,4.1
6870,8,2024-02-21,0.0,32.9,18.7,52.2,0.301,9.6
6871,8,2024-02-22,0.0,32.4,18.3,48.7,0.229,9.4
6872,8,2024-02-23,0.0,36.7,21.7,55.0,0.31,10.3
6873,8,2024-02-24,0.0,33.6,19.3,46.1,0.207,16.3
6874,8,2024-02-25,0.0,34.7,19.5,54.1,0.256,10.5
6875,8,2024-02-26,0.0,37.5,19.9,48.5,0.222,9.3
6876,8,2024-02-27,2.1,36.5,18.1,67.2,0.247,16.5
6877,8,2024-02-28,0.0,32.9,18.5,48.7,0.231,9.6
6878,8,2024-02-29,0.0,37.6,23.6,46.2,0.312,9.2
6879,8,2024-03-01,0.0,33.9,22.6,50.5,0.317,11.2
6880,8,2024-03-02,0.0,32.5,22.1,68.5,0.198,11.4
6881,8,2024-03-03,0.0,37.6,21.2,61.8,0.206,9.6
6882,8,2024-03-04,0.0,35.0,20.7,49.8,0.313,9.4
6883,8,2024-03-05,0.0,32.7,22.3,52.4,0.185,14.9
6884,8,2024-03-06,0.1,36.4,18.5,50.6,0.314,18.6
6885,8,2024-03-07,0.0,36.2,21.6,64.0,0.18,14.4
6886,8,2024-03-08,0.0,36.6,23.4,52.9,0.33,11.4
6887,8,2024-03-09,0.0,32.2,20.7,54.8,0.314,11.6
6888,8,2024-03-10,0.0,32.3,22.3,45.5,0.243,16.9
6889,8,2024-03-11,0.0,35.5,22.7,62.9,0.266,10.9
6890,8,2024-03-12,0.0,32.4,20.7,47.9,0.31,20.6
6891,8,2024-03-13,0.0,36.2,18.9,64.5,0.225,15.4
6892,8,2024-03-14,0.0,35.1,18.0,66.4,0.261,9.5
6893,8,2024-03-15,0.0,36.0,23.2,45.9,0.234,5.1
6894,8,2024-03-16,0.0,36.4,18.0,47.0,0.2,14.3
6895,8,2024-03-17,0.0,35.5,19.5,45.9,0.205,13.0
6896,8,2024-03-18,0.0,34.5,18.5,58.4,0.337,12.0
6897,8,2024-03-19,0.0,36.3,21.7,55.3,0.331,12.6
6898,8,2024-03-20,0.0,37.1,21.1,69.1,0.28,22.2
6899,8,2024-03-21,0.0,37.2,20.5,47.6,0.311,18.0
6900,8,2024-03-22,0.0,34.5,23.2,67.5,0.309,20.1
6901,8,2024-03-23,0.0,33.5,19.8,55.5,0.274,7.1
6902,8,2024-03-24,0.0,33.7,19.5,61.1,0.347,17.1
6903,8,2024-03-25,0.0,36.0,23.6,68.6,0.267,12.7
6904,8,2024-03-26,0.0,33.3,22.9,56.6,0.315,8.9
6905,8,2024-03-27,0.0,37.0,23.7,49.6,0.228,13.7
6906,8,2024-03-28,0.0,37.0,20.3,65.0,0.345,11.8
6907,8,2024-03-29,0.0,35.9,22.0,56.7,0.261,11.8
6908,8,2024-03-30,0.0,34.7,18.9,55.0,0.272,15.1
6909,8,2024-03-31,0.0,35.7,21.2,70.0,0.32,4.5
6910,8,2024-04-01,0.0,44.4,28.1,25.2,0.09,8.8
6911,8,2024-04-02,0.0,45.5,30.7,29.5,0.12,14.9
6912,8,2024-04-03,0.0,45.8,30.5,24.4,0.171,2.0
6913,8,2024-04-04,0.0,42.4,26.7,21.1,0.09,7.5
6914,8,2024-04-05,0.0,42.8,29.0,33.1,0.103,2.1
6915,8,2024-04-06,0.0,45.7,30.4,32.7,0.095,9.3
6916,8,2024-04-07,0.0,43.8,28.1,24.3,0.082,6.3
6917,8,2024-04-08,0.0,45.4,30.8,36.6,0.095,7.3
6918,8,2024-04-09,0.0,44.8,28.5,35.4,0.104,10.6
6919,8,2024-04-10,0.2,44.4,30.3,27.5,0.109,9.7
6920,8,2024-04-11,0.0,43.5,29.6,29.1,0.114,5.2
6921,8,2024-04-12,0.0,43.9,28.9,27.6,0.129,20.4
6922,8,2024-04-13,0.0,42.9,30.6,29.6,0.091,10.5
6923,8,2024-04-14,0.0,45.9,26.7,34.3,0.166,10.9
6924,8,2024-04-15,0.0,45.3,27.7,27.0,0.087,8.0
6925,8,2024-04-16,0.0,44.6,29.2,24.8,0.108,8.9
6926,8,2024-04-17,0.0,43.9,29.1,29.0,0.118,7.2
6927,8,2024-04-18,0.0,42.5,27.0,29.9,0.176,13.8
6928,8,2024-04-19,0.0,42.1,28.3,24.6,0.104,8.4
6929,8,2024-04-20,0.0,42.6,27.9,26.2,0.143,10.4
6930,8,2024-04-21,0.0,45.2,27.0,37.8,0.112,9.2
6931,8,2024-04-22,0.0,42.8,29.2,23.9,0.11,14.8
6932,8,2024-04-23,0.0,42.6,30.0,23.7,0.116,11.2
6933,8,2024-04-24,0.0,41.4,28.6,27.3,0.155,14.6
6934,8,2024-04-25,0.0,44.2,29.3,26.7,0.088,13.7
6935,8,2024-04-26,0.0,42.4,26.8,23.5,0.164,4.7
6936,8,2024-04-27,0.0,45.5,27.0,34.0,0.123,8.4
6937,8,2024-04-28,0.0,43.4,27.4,30.3,0.136,8.0
6938,8,2024-04-29,0.0,41.8,29.5,22.7,0.162,7.1
6939,8,2024-04-30,0.0,46.2,29.5,20.9,0.175,8.7
6940,8,2024-05-01,0.0,45.6,28.0,37.1,0.154,12.2
6941,8,2024-05-02,0.0,41.6,27.9,27.2,0.086,5.5
6942,8,2024-05-03,0.0,44.3,29.9,37.8,0.176,10.4
6943,8,2024-05-04,0.0,46.3,28.3,26.2,0.117,8.3
6944,8,2024-05-05,0.0,41.2,29.6,31.2,0.164,13.5
6945,8,2024-05-06,0.0,44.2,30.8,25.9,0.085,13.2
6946,8,2024-05-07,0.0,43.7,29.1,29.0,0.163,17.4
6947,8,2024-05-08,0.0,43.3,27.8,23.0,0.144,6.2
6948,8,2024-05-09,0.0,46.0,27.9,25.0,0.16,12.1
6949,8,2024-05-10,0.0,45.9,30.6,25.9,0.159,13.0
6950,8,2024-05-11,0.0,42.7,27.9,30.6,0.136,16.5
6951,8,2024-05-12,0.0,42.8,26.5,24.4,0.088,13.6
6952,8,2024-05-13,0.0,43.5,26.4,37.3,0.082,5.0
6953,8,2024-05-14,0.0,44.6,26.8,36.0,0.137,5.8
6954,8,2024-05-15,0.0,43.0,30.3,30.4,0.105,14.9
6955,8,2024-05-16,0.0,41.7,27.9,33.6,0.116,15.7
6956,8,2024-05-17,0.0,42.1,30.4,34.4,0.097,11.3
6957,8,2024-05-18,0.0,41.1,29.0,20.1,0.133,8.8
6958,8,2024-05-19,0.0,46.3,28.7,31.4,0.166,7.1
6959,8,2024-05-20,0.0,43.7,28.3,23.9,0.082,13.4
6960,8,2024-05-21,0.0,42.4,27.2,37.4,0.162,8.9
6961,8,2024-05-22,0.0,46.4,27.6,37.4,0.171,6.6
6962,8,2024-05-23,0.0,43.2,30.4,36.7,0.087,13.8
6963,8,2024-05-24,0.0,43.1,30.5,28.6,0.138,11.2
6964,8,2024-05-25,0.0,41.6,26.9,30.6,0.082,14.0
6965,8,2024-05-26,0.0,42.2,28.2,20.9,0.177,23.4
6966,8,2024-05-27,0.0,46.3,27.3,33.1,0.12,12.7
6967,8,2024-05-28,0.0,44.5,28.7,28.5,0.123,11.9
6968,8,2024-05-29,0.0,41.3,26.2,25.3,0.146,12.5
6969,8,2024-05-30,0.0,42.3,27.1,35.3,0.176,4.6
6970,8,2024-05-31,0.0,44.7,29.8,36.5,0.084,14.9
6971,8,2024-06-01,0.0,34.8,19.6,51.3,0.349,13.0
6972,8,2024-06-02,0.0,36.5,23.5,67.9,0.296,6.3
6973,8,2024-06-03,0.0,33.0,21.9,53.8,0.323,19.0
6974,8,2024-06-04,0.0,32.3,20.7,66.5,0.316,12.3
6975,8,2024-06-05,0.0,35.7,20.7,61.3,0.28,9.7
6976,8,2024-06-06,0.0,37.8,22.1,52.5,0.295,14.5
6977,8,2024-06-07,6.1,32.8,23.8,47.5,0.326,4.9
6978,8,2024-06-08,14.6,35.6,21.4,45.6,0.338,10.7
6979,8,2024-06-09,12.1,34.7,23.2,55.0,0.266,10.4
6980,8,2024-06-10,0.0,35.6,19.8,46.9,0.271,6.8
6981,8,2024-06-11,36.6,35.6,21.4,57.3,0.216,4.2
6982,8,2024-06-12,19.8,34.1,23.9,58.5,0.341,9.0
6983,8,2024-06-13,0.0,34.3,24.0,54.3,0.252,2.0
6984,8,2024-06-14,0.0,34.6,23.9,61.7,0.257,13.9
6985,8,2024-06-15,50.3,37.8,19.0,69.5,0.35,12.3
6986,8,2024-06-16,7.8,33.6,19.3,61.2,0.184,13.4
6987,8,2024-06-17,9.7,32.0,19.5,63.7,0.218,6.9
6988,8,2024-06-18,27.9,36.8,19.5,55.5,0.314,8.5
6989,8,2024-06-19,0.0,36.4,22.6,63.7,0.314,17.4
6990,8,2024-06-20,0.0,32.2,20.9,50.2,0.223,11.3
6991,8,2024-06-21,20.7,35.6,22.6,45.9,0.315,7.0
6992,8,2024-06-22,11.7,36.3,20.3,64.1,0.293,13.1
6993,8,2024-06-23,16.0,34.6,21.2,46.0,0.256,9.8
6994,8,2024-06-24,5.3,37.3,22.0,60.5,0.335,12.2
6995,8,2024-06-25,0.0,33.1,20.3,57.7,0.209,10.9
6996,8,2024-06-26,0.0,32.6,21.9,63.9,0.187,8.4
6997,8,2024-06-27,69.6,34.3,22.0,68.0,0.209,9.7
6998,8,2024-06-28,4.5,35.8,22.5,51.3,0.214,8.0
6999,8,2024-06-29,28.3,34.3,19.1,58.3,0.237,18.2
7000,8,2024-06-30,39.9,32.7,19.4,58.4,0.244,15.5
7001,8,2024-07-01,19.0,29.9,24.3,98.6,0.572,16.0
7002,8,2024-07-02,45.5,31.3,25.4,95.2,0.743,11.9
7003,8,2024-07-03,14.3,29.3,25.1,81.2,0.542,13.2
7004,8,2024-07-04,47.5,31.8,23.3,95.2,0.755,14.4
7005,8,2024-07-05,0.7,32.1,23.2,92.7,0.455,8.3
7006,8,2024-07-06,48.2,30.8,23.8,94.0,0.76,10.4
7007,8,2024-07-07,0.8,32.9,25.3,81.5,0.455,12.0
7008,8,2024-07-08,53.8,30.3,25.1,90.5,0.796,7.2
7009,8,2024-07-09,44.6,32.3,24.1,83.9,0.737,11.5
7010,8,2024-07-10,28.3,28.0,23.1,100.0,0.632,10.3
7011,8,2024-07-11,58.0,29.3,24.3,100.0,0.823,2.0
7012,8,2024-07-12,55.7,28.6,25.4,100.0,0.808,14.9
7013,8,2024-07-13,42.5,30.1,25.1,95.2,0.723,13.2
7014,8,2024-07-14,52.3,31.9,25.7,100.0,0.786,8.8
7015,8,2024-07-15,72.9,30.1,23.8,97.8,0.919,11.0
7016,8,2024-07-16,87.2,30.5,23.4,100.0,1.0,3.0
7017,8,2024-07-17,1.9,29.6,23.7,91.3,0.462,5.2
7018,8,2024-07-18,29.7,31.3,25.8,95.6,0.641,9.3
7019,8,2024-07-19,19.8,32.8,26.0,87.5,0.577,3.5
7020,8,2024-07-20,2.8,29.4,23.9,93.9,0.468,12.1
7021,8,2024-07-21,18.3,32.6,25.3,95.9,0.568,18.9
7022,8,2024-07-22,21.3,32.0,23.9,84.9,0.587,11.9
7023,8,2024-07-23,24.5,28.1,23.5,84.0,0.608,16.6
7024,8,2024-07-24,47.7,28.9,25.3,100.0,0.757,9.8
7025,8,2024-07-25,35.2,29.4,25.9,91.1,0.676,7.3
7026,8,2024-07-26,0.9,30.7,23.3,84.4,0.456,8.7
7027,8,2024-07-27,1.8,29.4,25.2,85.2,0.462,15.7
7028,8,2024-07-28,44.7,31.6,25.2,100.0,0.737,9.9
7029,8,2024-07-29,13.1,31.5,25.4,93.2,0.534,10.1
7030,8,2024-07-30,1.0,30.2,23.6,91.3,0.456,12.7
7031,8,2024-07-31,1.7,32.4,24.5,82.0,0.461,8.2
7032,8,2024-08-01,11.4,31.1,24.4,83.6,0.523,16.8
7033,8,2024-08-02,2.2,29.9,25.3,87.5,0.464,8.3
7034,8,2024-08-03,1.0,30.4,25.9,75.2,0.456,9.8
7035,8,2024-08-04,2.2,29.5,25.7,82.3,0.464,9.8
7036,8,2024-08-05,41.9,32.7,25.7,84.1,0.719,8.5
7037,8,2024-08-06,2.9,28.1,23.2,87.2,0.469,13.1
7038,8,2024-08-07,50.4,29.9,23.1,100.0,0.774,2.0
7039,8,2024-08-08,2.4,31.4,25.0,79.7,0.465,9.7
7040,8,2024-08-09,46.1,30.3,23.6,96.4,0.746,5.0
7041,8,2024-08-10,22.2,29.7,23.6,90.2,0.593,10.0
7042,8,2024-08-11,47.7,32.3,25.1,100.0,0.757,16.7
7043,8,2024-08-12,2.7,30.3,23.5,84.5,0.467,3.2
7044,8,2024-08-13,1.8,28.2,25.0,84.2,0.462,16.8
7045,8,2024-08-14,32.3,28.9,25.8,87.1,0.658,10.7
7046,8,2024-08-15,122.4,32.5,25.2,100.0,1.0,19.0
7047,8,2024-08-16,60.1,28.8,24.6,100.0,0.836,16.1
7048,8,2024-08-17,67.2,29.2,23.1,100.0,0.882,9.6
7049,8,2024-08-18,47.2,31.5,23.6,100.0,0.753,9.6
7050,8,2024-08-19,35.2,32.6,25.0,100.0,0.676,10.9
7051,8,2024-08-20,1.2,30.5,23.2,92.9,0.458,11.8
7052,8,2024-08-21,15.6,32.9,23.7,88.1,0.55,11.8
7053,8,2024-08-22,36.7,30.3,24.4,83.9,0.686,12.1
7054,8,2024-08-23,38.0,29.2,25.8,85.1,0.694,20.8
7055,8,2024-08-24,1.3,30.6,25.3,80.4,0.458,11.1
7056,8,2024-08-25,49.7,31.7,23.5,86.4,0.77,13.0
7057,8,2024-08-26,62.2,32.5,24.5,100.0,0.85,11.8
7058,8,2024-08-27,0.4,29.7,25.6,92.0,0.453,5.7
7059,8,2024-08-28,16.3,29.3,24.9,91.2,0.555,7.1
7060,8,2024-08-29,40.5,32.1,25.2,83.5,0.71,9.4
7061,8,2024-08-30,65.2,28.3,23.2,94.6,0.869,9.0
7062,8,2024-08-31,0.5,32.1,23.4,92.9,0.453,7.9
7063,8,2024-09-01,0.0,34.8,22.6,53.6,0.263,12.3
7064,8,2024-09-02,0.0,34.3,23.1,54.6,0.242,10.7
7065,8,2024-09-03,0.0,34.0,20.5,45.7,0.238,12.8
7066,8,2024-09-04,10.5,33.8,19.3,65.0,0.251,11.1
7067,8,2024-09-05,24.1,35.5,22.6,59.0,0.282,11.5
7068,8,2024-09-06,0.0,34.2,21.9,45.7,0.221,15.3
7069,8,2024-09-07,19.1,33.1,21.3,54.0,0.251,10.0
7070,8,2024-09-08,0.0,37.3,19.6,63.5,0.239,11.3
7071,8,2024-09-09,0.0,33.1,21.2,61.8,0.337,5.9
7072,8,2024-09-10,0.0,34.5,23.6,50.6,0.308,2.0
7073,8,2024-09-11,20.6,32.9,18.8,55.9,0.189,14.1
7074,8,2024-09-12,0.0,34.9,20.7,56.3,0.224,17.9
7075,8,2024-09-13,18.5,33.3,19.7,66.2,0.236,8.6
7076,8,2024-09-14,0.0,36.9,18.5,61.0,0.198,14.9
7077,8,2024-09-15,0.0,35.8,22.5,55.8,0.266,2.4
7078,8,2024-09-16,21.9,37.9,20.1,48.8,0.308,14.2
7079,8,2024-09-17,32.4,36.1,21.6,66.4,0.277,9.2
7080,8,2024-09-18,0.0,37.6,22.5,53.1,0.255,18.4
7081,8,2024-09-19,0.0,35.0,22.6,65.5,0.191,11.0
7082,8,2024-09-20,13.0,32.4,19.0,65.6,0.23,6.7
7083,8,2024-09-21,0.0,32.2,19.0,66.9,0.271,18.0
7084,8,2024-09-22,45.6,37.3,22.3,52.0,0.189,7.5
7085,8,2024-09-23,17.4,32.2,21.3,52.2,0.34,4.3
7086,8,2024-09-24,7.8,35.3,23.0,64.2,0.309,17.0
7087,8,2024-09-25,22.5,34.9,22.4,67.6,0.301,17.1
7088,8,2024-09-26,31.2,37.9,21.0,53.7,0.27,13.1
7089,8,2024-09-27,30.4,37.1,21.7,45.9,0.321,14.7
7090,8,2024-09-28,0.0,35.7,21.1,56.1,0.325,5.7
7091,8,2024-09-29,0.0,35.4,19.7,57.8,0.297,10.1
7092,8,2024-09-30,9.6,33.7,20.9,67.9,0.226,14.4
7093,8,2024-10-01,0.0,35.5,21.2,62.8,0.297,7.8
7094,8,2024-10-02,0.0,37.5,22.3,61.1,0.184,2.0
7095,8,2024-10-03,0.0,35.9,19.0,61.7,0.335,17.0
7096,8,2024-10-04,0.0,35.4,18.1,59.2,0.328,9.1
7097,8,2024-10-05,0.0,35.8,22.9,45.4,0.304,13.2
7098,8,2024-10-06,0.0,34.0,20.7,54.8,0.255,2.0
7099,8,2024-10-07,3.7,32.4,20.6,61.0,0.346,17.9
7100,8,2024-10-08,0.0,37.7,21.8,59.5,0.319,9.1
7101,8,2024-10-09,0.0,35.0,18.3,68.5,0.231,10.5
7102,8,2024-10-10,0.0,35.2,20.2,66.1,0.329,13.7
7103,8,2024-10-11,0.0,36.2,22.0,49.4,0.283,2.0
7104,8,2024-10-12,0.0,34.2,18.1,55.2,0.265,17.8
7105,8,2024-10-13,0.0,33.3,19.0,66.3,0.192,15.2
7106,8,2024-10-14,0.0,37.6,23.0,60.9,0.257,8.7
7107,8,2024-10-15,0.0,37.2,21.1,57.2,0.189,16.9
7108,8,2024-10-16,0.0,32.8,23.4,59.5,0.241,13.7
7109,8,2024-10-17,0.0,37.9,23.7,54.2,0.187,10.9
7110,8,2024-10-18,0.0,35.2,23.1,55.2,0.337,10.5
7111,8,2024-10-19,0.9,33.0,18.7,57.5,0.281,10.9
7112,8,2024-10-20,0.0,32.7,22.8,68.9,0.269,23.9
7113,8,2024-10-21,0.0,35.4,21.4,61.8,0.267,9.4
7114,8,2024-10-22,0.0,32.2,18.9,67.4,0.318,7.1
7115,8,2024-10-23,0.0,37.3,19.9,68.5,0.217,17.4
7116,8,2024-10-24,0.0,36.9,21.5,68.8,0.204,12.6
7117,8,2024-10-25,0.0,33.9,18.7,61.3,0.264,11.4
7118,8,2024-10-26,0.0,36.0,18.5,45.6,0.321,11.9
7119,8,2024-10-27,0.0,32.8,22.1,60.5,0.339,9.4
7120,8,2024-10-28,0.0,36.7,23.5,67.2,0.298,10.2
7121,8,2024-10-29,6.1,36.4,23.5,56.0,0.182,19.6
7122,8,2024-10-30,3.3,37.6,21.9,68.9,0.249,5.6
7123,8,2024-10-31,0.0,35.4,19.1,65.9,0.23,11.2
7124,8,2024-11-01,0.0,37.2,21.6,51.8,0.336,10.5
7125,8,2024-11-02,0.1,36.6,23.6,63.6,0.256,13.1
7126,8,2024-11-03,0.0,35.2,21.1,65.0,0.244,13.6
7127,8,2024-11-04,0.0,35.9,20.0,49.4,0.184,15.7
7128,8,2024-11-05,0.0,36.2,23.8,52.6,0.318,12.3
7129,8,2024-11-06,0.0,33.1,20.1,60.6,0.261,15.4
7130,8,2024-11-07,0.0,34.5,21.0,68.3,0.204,10.1
7131,8,2024-11-08,0.0,34.7,23.5,54.4,0.27,23.2
7132,8,2024-11-09,0.0,34.8,19.5,57.9,0.257,8.9
7133,8,2024-11-10,0.0,33.0,22.5,65.9,0.29,20.6
7134,8,2024-11-11,0.0,33.5,22.3,45.2,0.325,8.7
7135,8,2024-11-12,0.0,36.9,21.4,56.3,0.334,9.9
7136,8,2024-11-13,0.0,37.7,19.6,48.6,0.235,7.8
7137,8,2024-11-14,0.0,35.2,22.4,64.2,0.32,10.5
7138,8,2024-11-15,0.0,37.8,21.3,46.9,0.349,5.3
7139,8,2024-11-16,0.0,36.4,20.0,46.9,0.203,17.3
7140,8,2024-11-17,0.0,37.1,22.4,69.4,0.271,11.1
7141,8,2024-11-18,0.0,37.6,18.5,56.4,0.209,10.8
7142,8,2024-11-19,0.0,32.5,23.6,55.8,0.181,7.2
7143,8,2024-11-20,0.0,34.0,19.4,65.1,0.291,9.0
7144,8,2024-11-21,0.0,32.8,21.5,57.6,0.207,17.0
7145,8,2024-11-22,0.0,36.0,19.6,63.3,0.252,12.5
7146,8,2024-11-23,0.0,34.5,23.8,60.5,0.3,20.0
7147,8,2024-11-24,0.0,36.9,23.3,68.7,0.199,9.2
7148,8,2024-11-25,0.0,33.7,19.9,66.9,0.19,18.5
7149,8,2024-11-26,0.0,37.2,18.6,63.9,0.202,9.2
7150,8,2024-11-27,2.5,35.9,23.1,69.4,0.181,14.9
7151,8,2024-11-28,0.0,34.5,23.8,48.2,0.27,11.7
7152,8,2024-11-29,0.0,34.5,22.4,55.0,0.237,14.5
7153,8,2024-11-30,0.0,34.1,21.1,45.0,0.181,8.8
7154,8,2024-12-01,0.0,27.6,12.3,51.1,0.222,10.4
7155,8,2024-12-02,0.2,29.9,12.0,52.4,0.271,13.5
7156,8,2024-12-03,0.0,28.3,9.5,56.7,0.264,14.4
7157,8,2024-12-04,0.0,29.9,13.2,42.2,0.253,2.0
7158,8,2024-12-05,0.0,28.0,11.0,61.0,0.179,8.0
7159,8,2024-12-06,0.0,28.8,10.2,45.2,0.157,12.7
7160,8,2024-12-07,0.0,27.5,13.7,59.2,0.199,11.1
7161,8,2024-12-08,0.0,27.3,11.3,55.3,0.173,6.2
7162,8,2024-12-09,0.0,27.1,10.0,55.8,0.226,12.7
7163,8,2024-12-10,0.0,30.2,9.9,40.7,0.234,2.3
7164,8,2024-12-11,0.1,28.0,9.0,59.2,0.274,10.6
7165,8,2024-12-12,0.0,26.9,9.3,49.8,0.155,15.3
7166,8,2024-12-13,0.0,30.0,14.1,40.5,0.239,14.3
7167,8,2024-12-14,0.0,28.6,11.2,43.1,0.212,6.3
7168,8,2024-12-15,0.0,28.5,9.6,42.2,0.266,20.6
7169,8,2024-12-16,0.0,26.7,10.5,59.0,0.207,8.4
7170,8,2024-12-17,0.6,26.5,14.0,60.3,0.172,12.9
7171,8,2024-12-18,0.0,30.4,11.1,44.7,0.244,9.5
7172,8,2024-12-19,0.0,29.9,12.9,60.6,0.239,13.3
7173,8,2024-12-20,0.0,27.2,12.8,41.4,0.159,4.0
7174,8,2024-12-21,0.0,27.7,13.1,44.8,0.233,8.8
7175,8,2024-12-22,0.0,29.7,13.6,58.1,0.275,15.1
7176,8,2024-12-23,0.0,28.9,12.5,53.1,0.234,6.0
7177,8,2024-12-24,0.0,28.8,14.3,51.5,0.224,8.4
7178,8,2024-12-25,0.0,30.0,12.9,55.2,0.215,8.6
7179,8,2024-12-26,0.0,26.9,10.8,40.7,0.279,12.4
7180,8,2024-12-27,1.8,28.2,10.1,46.8,0.255,17.6
7181,8,2024-12-28,0.0,28.5,12.8,45.8,0.176,3.8
7182,8,2024-12-29,0.0,29.5,10.1,51.9,0.26,5.3
7183,8,2024-12-30,0.0,26.9,10.1,42.2,0.254,18.4
7184,8,2024-12-31,0.0,27.3,14.3,60.4,0.23,14.1
7185,8,2025-01-01,0.0,29.3,10.9,55.3,0.231,12.8
7186,8,2025-01-02,1.9,29.4,11.7,53.4,0.183,6.8
7187,8,2025-01-03,0.0,28.5,9.4,42.6,0.205,12.7
7188,8,2025-01-04,0.0,26.5,12.4,43.3,0.265,15.2
7189,8,2025-01-05,0.0,28.5,9.7,43.5,0.168,12.4
7190,8,2025-01-06,0.0,27.7,11.0,54.4,0.19,13.8
7191,8,2025-01-07,0.0,28.1,11.8,58.3,0.239,7.7
7192,8,2025-01-08,0.0,26.2,12.6,41.4,0.169,12.1
7193,8,2025-01-09,0.0,26.9,14.3,61.4,0.178,7.3
7194,8,2025-01-10,0.0,26.5,13.3,62.0,0.181,14.6
7195,8,2025-01-11,0.0,27.8,10.4,42.7,0.237,8.9
7196,8,2025-01-12,0.0,26.1,12.8,54.1,0.231,4.2
7197,8,2025-01-13,0.0,29.6,12.9,59.9,0.154,14.7
7198,8,2025-01-14,0.0,26.9,10.8,41.4,0.223,17.9
7199,8,2025-01-15,0.0,26.0,9.5,43.5,0.257,5.4
7200,8,2025-01-16,0.0,30.2,12.3,51.5,0.223,11.3
7201,8,2025-01-17,0.0,29.7,10.1,59.1,0.183,14.6
7202,8,2025-01-18,0.0,30.3,11.8,61.1,0.169,12.5
7203,8,2025-01-19,0.0,28.1,11.0,57.6,0.209,3.0
7204,8,2025-01-20,0.0,30.2,10.8,59.7,0.279,13.4
7205,8,2025-01-21,0.0,28.3,13.5,49.3,0.262,10.7
7206,8,2025-01-22,0.0,30.3,10.4,56.4,0.193,13.3
7207,8,2025-01-23,0.0,28.5,12.6,55.9,0.262,13.3
7208,8,2025-01-24,0.0,29.2,11.9,45.8,0.274,13.1
7209,8,2025-01-25,0.0,29.8,12.0,58.2,0.262,2.0
7210,8,2025-01-26,1.2,29.5,12.7,51.0,0.188,15.0
7211,8,2025-01-27,0.0,29.4,11.4,59.1,0.279,9.2
7212,8,2025-01-28,0.0,30.5,10.3,52.9,0.203,11.7
7213,8,2025-01-29,0.0,29.8,11.4,53.5,0.153,12.1
7214,8,2025-01-30,0.7,29.7,10.3,58.5,0.195,16.8
7215,8,2025-01-31,0.0,26.2,10.4,42.9,0.18,20.5
7216,8,2025-02-01,0.0,33.2,23.3,56.3,0.285,4.7
7217,8,2025-02-02,0.0,37.3,18.3,61.8,0.29,13.7
7218,8,2025-02-03,0.0,36.4,22.9,68.4,0.328,15.4
7219,8,2025-02-04,0.0,33.6,20.7,52.7,0.349,10.3
7220,8,2025-02-05,0.0,34.6,18.4,57.8,0.3,11.1
7221,8,2025-02-06,1.6,35.5,18.5,55.6,0.239,18.5
7222,8,2025-02-07,0.0,36.0,20.1,61.4,0.188,15.4
7223,8,2025-02-08,0.0,32.9,23.3,51.1,0.329,14.1
7224,8,2025-02-09,0.0,35.3,21.7,67.7,0.188,12.4
7225,8,2025-02-10,0.0,34.0,21.6,60.4,0.278,10.0
7226,8,2025-02-11,0.0,37.6,18.2,47.2,0.185,12.9
7227,8,2025-02-12,0.0,37.8,19.2,62.8,0.219,11.3
7228,8,2025-02-13,0.0,35.7,22.0,56.0,0.224,8.9
7229,8,2025-02-14,0.0,38.0,21.6,57.2,0.236,18.0
7230,8,2025-02-15,3.5,37.9,22.2,45.9,0.344,8.3
7231,8,2025-02-16,0.0,37.1,20.8,56.7,0.308,11.0
7232,8,2025-02-17,0.0,32.1,20.9,59.3,0.231,8.9
7233,8,2025-02-18,2.6,32.0,22.3,68.6,0.335,10.0
7234,8,2025-02-19,0.0,37.5,20.3,54.5,0.326,14.0
7235,8,2025-02-20,0.0,34.6,22.8,68.2,0.35,11.7
7236,8,2025-02-21,0.0,35.7,20.1,61.4,0.284,12.2
7237,8,2025-02-22,0.0,32.9,19.8,61.1,0.235,12.2
7238,8,2025-02-23,0.0,36.5,22.5,67.1,0.315,12.5
7239,8,2025-02-24,0.0,34.8,21.4,66.6,0.34,8.1
7240,8,2025-02-25,0.0,35.9,22.1,55.1,0.217,16.7
7241,8,2025-02-26,0.0,33.0,22.7,59.6,0.289,6.7
7242,8,2025-02-27,0.0,33.5,21.9,52.2,0.331,11.1
7243,8,2025-02-28,0.0,37.9,23.2,68.2,0.202,8.0
7244,8,2025-03-01,0.0,36.8,20.6,54.3,0.279,12.5
7245,8,2025-03-02,0.0,33.5,20.1,52.6,0.274,17.1
7246,8,2025-03-03,0.0,35.3,18.5,54.4,0.311,10.1
7247,8,2025-03-04,0.0,35.1,21.3,47.5,0.292,18.4
7248,8,2025-03-05,0.0,35.0,19.1,57.3,0.303,14.5
7249,8,2025-03-06,0.0,34.8,23.4,63.1,0.197,2.0
7250,8,2025-03-07,0.0,37.2,22.2,69.0,0.304,7.5
7251,8,2025-03-08,0.0,35.6,19.0,68.5,0.231,14.5
7252,8,2025-03-09,1.8,34.5,22.6,56.1,0.323,8.2
7253,8,2025-03-10,0.0,32.9,18.8,49.5,0.273,14.1
7254,8,2025-03-11,0.0,37.2,18.4,68.3,0.326,10.6
7255,8,2025-03-12,0.0,35.5,23.7,62.3,0.323,8.2
7256,8,2025-03-13,0.0,33.5,19.8,48.4,0.241,12.2
7257,8,2025-03-14,1.4,35.8,18.6,55.2,0.339,8.5
7258,8,2025-03-15,0.0,33.5,23.6,67.0,0.217,9.2
7259,8,2025-03-16,0.0,33.1,22.8,66.8,0.218,9.4
7260,8,2025-03-17,0.0,36.8,23.7,60.7,0.245,23.5
7261,8,2025-03-18,0.0,32.4,19.3,58.9,0.258,17.5
7262,8,2025-03-19,0.0,36.0,21.5,55.9,0.216,12.3
7263,8,2025-03-20,0.0,35.4,20.2,53.6,0.245,10.6
7264,8,2025-03-21,0.0,37.3,22.1,57.9,0.184,15.6
7265,8,2025-03-22,0.0,34.3,23.5,61.4,0.333,10.7
7266,8,2025-03-23,0.0,37.6,18.6,61.3,0.21,12.7
7267,8,2025-03-24,0.0,34.2,19.8,54.4,0.311,15.5
7268,8,2025-03-25,0.0,33.8,20.9,55.5,0.207,11.9
7269,8,2025-03-26,0.0,37.3,19.4,69.8,0.215,11.4
7270,8,2025-03-27,0.0,32.6,20.3,51.8,0.236,12.8
7271,8,2025-03-28,0.0,33.2,20.1,52.6,0.324,12.4
7272,8,2025-03-29,0.0,37.3,21.9,69.4,0.216,13.0
7273,8,2025-03-30,0.0,37.0,22.3,66.8,0.332,8.2
7274,8,2025-03-31,0.0,34.7,22.6,61.2,0.347,13.8
7275,8,2025-04-01,0.0,41.1,28.8,32.7,0.091,8.4
7276,8,2025-04-02,0.0,41.6,26.3,36.3,0.137,11.4
7277,8,2025-04-03,0.0,41.9,28.4,20.7,0.142,11.0
7278,8,2025-04-04,0.0,42.9,29.3,31.0,0.151,14.2
7279,8,2025-04-05,0.0,41.9,28.8,32.7,0.117,11.4
7280,8,2025-04-06,0.0,46.0,29.6,24.9,0.162,9.2
7281,8,2025-04-07,0.0,42.3,26.3,30.2,0.133,14.5
7282,8,2025-04-08,0.0,45.2,29.3,27.7,0.157,12.8
7283,8,2025-04-09,0.0,43.0,28.7,33.1,0.178,15.4
7284,8,2025-04-10,0.0,44.5,28.9,30.1,0.101,17.8
7285,8,2025-04-11,0.0,41.7,28.5,29.2,0.158,10.9
7286,8,2025-04-12,0.0,46.1,28.1,20.8,0.161,13.1
7287,8,2025-04-13,0.0,44.7,26.2,34.9,0.119,15.2
7288,8,2025-04-14,0.0,45.1,26.2,34.2,0.141,5.8
7289,8,2025-04-15,0.0,42.6,27.0,20.2,0.129,15.5
7290,8,2025-04-16,0.0,43.5,30.2,29.0,0.099,13.0
7291,8,2025-04-17,0.0,43.7,26.2,24.6,0.133,13.4
7292,8,2025-04-18,0.0,42.5,27.3,35.0,0.093,14.4
7293,8,2025-04-19,0.0,45.7,27.0,35.6,0.13,17.0
7294,8,2025-04-20,0.0,44.5,30.9,28.7,0.171,12.1
7295,8,2025-04-21,0.8,45.5,28.2,29.2,0.129,15.6
7296,8,2025-04-22,0.0,42.9,26.1,26.2,0.169,9.3
7297,8,2025-04-23,0.1,44.4,30.2,25.0,0.088,9.3
7298,8,2025-04-24,0.0,45.6,27.2,27.3,0.156,13.8
7299,8,2025-04-25,0.0,45.5,30.5,21.1,0.121,14.1
7300,8,2025-04-26,0.0,44.7,28.6,31.4,0.142,14.2
7301,8,2025-04-27,0.0,46.3,27.2,24.2,0.12,8.9
7302,8,2025-04-28,0.0,43.7,29.8,37.8,0.101,17.1
7303,8,2025-04-29,1.7,46.2,27.2,24.6,0.095,16.8
7304,8,2025-04-30,0.0,45.9,28.3,25.7,0.157,12.9
7305,8,2025-05-01,0.0,42.4,29.1,30.4,0.162,9.2
7306,8,2025-05-02,0.0,45.0,26.3,26.4,0.116,12.5
7307,8,2025-05-03,0.0,41.4,27.4,25.9,0.093,8.9
7308,8,2025-05-04,0.0,43.9,27.6,24.8,0.091,21.9
7309,8,2025-05-05,0.0,41.9,29.5,25.4,0.168,13.7
7310,8,2025-05-06,0.0,46.2,27.5,24.2,0.101,13.3
7311,8,2025-05-07,0.0,42.3,28.6,28.9,0.127,17.0
7312,8,2025-05-08,0.0,43.7,27.7,35.7,0.114,15.9
7313,8,2025-05-09,0.0,45.0,29.2,23.6,0.147,7.2
7314,8,2025-05-10,0.0,45.3,27.6,25.3,0.111,14.4
7315,8,2025-05-11,0.0,43.6,27.0,20.1,0.171,6.2
7316,8,2025-05-12,0.0,45.1,27.2,27.9,0.132,18.1
7317,8,2025-05-13,0.0,41.2,30.2,27.6,0.147,12.0
7318,8,2025-05-14,0.0,42.7,28.1,37.9,0.131,10.1
7319,8,2025-05-15,0.0,43.7,28.8,31.1,0.152,9.5
7320,8,2025-05-16,0.8,46.5,28.7,31.5,0.161,8.4
7321,8,2025-05-17,0.0,44.4,31.0,22.7,0.097,9.2
7322,8,2025-05-18,0.0,44.2,29.6,26.1,0.168,9.1
7323,8,2025-05-19,0.0,44.0,27.4,21.8,0.101,16.4
7324,8,2025-05-20,0.0,42.5,28.3,21.5,0.156,12.1
7325,8,2025-05-21,0.0,44.4,29.7,35.5,0.139,11.7
7326,8,2025-05-22,0.0,45.9,28.8,23.0,0.163,15.4
7327,8,2025-05-23,0.0,43.8,26.0,37.2,0.107,9.4
7328,8,2025-05-24,0.0,43.9,28.8,24.7,0.16,6.8
7329,8,2025-05-25,0.0,46.2,28.8,24.4,0.137,11.6
7330,8,2025-05-26,0.0,41.0,26.8,30.4,0.145,11.0
7331,8,2025-05-27,0.0,44.3,27.5,33.8,0.156,10.8
7332,8,2025-05-28,0.0,44.2,28.9,29.6,0.129,6.0
7333,8,2025-05-29,0.0,46.1,26.6,30.7,0.159,12.1
7334,8,2025-05-30,0.0,41.2,27.6,27.0,0.11,20.2
7335,8,2025-05-31,0.0,42.0,30.5,35.0,0.146,9.4
7336,8,2025-06-01,21.3,37.1,21.8,70.0,0.295,7.4
7337,8,2025-06-02,0.0,33.0,18.8,67.4,0.197,16.3
7338,8,2025-06-03,0.0,35.4,22.9,68.2,0.315,11.2
7339,8,2025-06-04,0.0,33.5,19.3,67.3,0.207,12.6
7340,8,2025-06-05,14.3,33.4,21.2,68.7,0.237,14.1
7341,8,2025-06-06,25.1,34.0,19.8,57.6,0.31,6.9
7342,8,2025-06-07,0.0,32.0,22.5,65.6,0.21,17.0
7343,8,2025-06-08,0.0,37.3,20.8,56.3,0.344,13.4
7344,8,2025-06-09,0.0,33.2,19.4,52.8,0.285,6.9
7345,8,2025-06-10,0.0,34.2,18.7,61.4,0.34,12.4
7346,8,2025-06-11,27.1,35.4,19.1,50.1,0.324,11.8
7347,8,2025-06-12,18.3,35.4,23.7,53.4,0.305,7.6
7348,8,2025-06-13,0.0,33.7,21.6,46.6,0.244,18.0
7349,8,2025-06-14,0.0,36.7,19.7,48.6,0.197,17.9
7350,8,2025-06-15,0.0,33.4,20.5,54.9,0.295,3.9
7351,8,2025-06-16,30.8,34.7,20.6,67.0,0.243,14.9
7352,8,2025-06-17,0.0,32.8,18.3,52.1,0.308,10.7
7353,8,2025-06-18,0.0,36.2,20.5,66.0,0.185,17.2
7354,8,2025-06-19,19.1,32.0,23.3,68.0,0.329,18.6
7355,8,2025-06-20,0.0,34.0,19.5,53.5,0.313,13.4
7356,8,2025-06-21,0.0,37.7,19.8,70.0,0.318,9.7
7357,8,2025-06-22,0.0,35.0,18.9,68.1,0.349,10.9
7358,8,2025-06-23,10.7,36.5,19.3,68.8,0.294,4.6
7359,8,2025-06-24,13.5,37.0,20.6,66.4,0.273,7.5
7360,8,2025-06-25,0.0,32.2,21.6,53.6,0.207,9.6
7361,8,2025-06-26,0.0,34.1,23.8,48.5,0.312,13.8
7362,8,2025-06-27,0.0,35.8,20.9,67.4,0.193,7.1
7363,8,2025-06-28,0.0,32.0,22.1,62.6,0.323,15.4
7364,8,2025-06-29,0.0,36.9,22.4,61.3,0.342,13.3
7365,8,2025-06-30,0.0,32.4,23.2,64.5,0.19,10.1
7366,8,2025-07-01,39.5,29.6,25.8,84.9,0.704,12.9
7367,8,2025-07-02,57.7,30.3,24.6,96.3,0.821,12.8
7368,8,2025-07-03,74.9,31.4,25.0,100.0,0.931,20.5
7369,8,2025-07-04,49.5,32.9,24.5,93.4,0.768,16.7
7370,8,2025-07-05,58.2,30.2,25.1,94.5,0.824,22.6
7371,8,2025-07-06,81.0,29.2,25.0,100.0,0.971,13.5
7372,8,2025-07-07,58.2,28.9,24.9,100.0,0.824,19.1
7373,8,2025-07-08,2.6,29.3,25.0,91.5,0.467,14.0
7374,8,2025-07-09,74.4,31.5,24.1,94.7,0.928,6.6
7375,8,2025-07-10,33.8,29.7,25.6,84.0,0.667,14.7
7376,8,2025-07-11,0.1,32.3,24.5,78.0,0.451,4.0
7377,8,2025-07-12,2.4,29.0,23.3,76.7,0.465,12.7
7378,8,2025-07-13,28.8,32.1,24.9,84.6,0.635,11.8
7379,8,2025-07-14,26.5,28.9,23.0,97.8,0.62,8.1
7380,8,2025-07-15,28.2,30.6,25.9,92.2,0.631,2.0
7381,8,2025-07-16,56.3,32.1,24.7,88.3,0.812,11.9
7382,8,2025-07-17,0.4,29.7,24.5,76.1,0.453,6.9
7383,8,2025-07-18,2.2,28.2,25.4,83.7,0.464,10.4
7384,8,2025-07-19,1.0,31.0,25.4,87.7,0.456,11.2
7385,8,2025-07-20,1.7,31.8,24.8,82.3,0.461,12.7
7386,8,2025-07-21,1.1,32.1,25.5,76.2,0.457,4.7
7387,8,2025-07-22,0.5,30.5,25.5,91.6,0.453,14.9
7388,8,2025-07-23,29.0,31.1,25.4,90.9,0.636,20.5
7389,8,2025-07-24,2.0,29.2,23.6,84.2,0.463,9.7
7390,8,2025-07-25,29.1,31.9,24.4,91.3,0.637,2.2
7391,8,2025-07-26,54.3,28.9,24.8,88.6,0.799,14.5
7392,8,2025-07-27,30.8,30.2,23.4,91.0,0.648,7.5
7393,8,2025-07-28,31.3,29.6,23.6,82.4,0.651,13.7
7394,8,2025-07-29,54.6,29.7,26.0,95.0,0.801,14.1
7395,8,2025-07-30,23.0,32.3,25.8,94.1,0.598,6.9
7396,8,2025-07-31,0.6,28.5,24.3,77.2,0.454,11.6
7397,8,2025-08-01,78.1,30.6,25.5,100.0,0.952,6.6
7398,8,2025-08-02,48.1,30.8,23.9,85.7,0.759,9.7
7399,8,2025-08-03,100.4,31.2,23.1,97.2,1.0,2.8
7400,8,2025-08-04,22.4,29.3,23.9,84.1,0.594,9.7
7401,8,2025-08-05,20.6,32.5,25.1,98.5,0.582,11.7
7402,8,2025-08-06,2.7,28.6,24.7,95.9,0.467,9.8
7403,8,2025-08-07,1.4,32.8,24.1,82.5,0.459,6.6
7404,8,2025-08-08,120.1,30.0,25.5,100.0,1.0,12.7
7405,8,2025-08-09,31.0,28.8,25.4,86.3,0.649,14.3
7406,8,2025-08-10,1.4,32.3,23.8,85.6,0.459,12.6
7407,8,2025-08-11,36.3,29.2,25.0,82.3,0.683,13.9
7408,8,2025-08-12,73.0,30.6,24.4,100.0,0.919,3.3
7409,8,2025-08-13,26.3,28.2,25.2,97.3,0.619,13.1
7410,8,2025-08-14,1.7,31.6,25.1,94.0,0.461,16.1
7411,8,2025-08-15,1.8,32.3,23.9,89.2,0.462,11.0
7412,8,2025-08-16,28.9,32.1,25.5,84.9,0.636,2.0
7413,8,2025-08-17,126.6,30.3,24.7,100.0,1.0,17.2
7414,8,2025-08-18,68.4,28.4,24.7,100.0,0.89,10.6
7415,8,2025-08-19,0.4,28.7,25.7,86.7,0.453,5.0
7416,8,2025-08-20,57.0,30.8,23.0,95.6,0.816,11.4
7417,8,2025-08-21,0.1,30.2,24.1,88.8,0.451,16.8
7418,8,2025-08-22,1.7,32.8,24.8,86.9,0.461,8.1
7419,8,2025-08-23,2.8,31.3,24.8,85.3,0.468,7.6
7420,8,2025-08-24,82.1,29.2,23.3,100.0,0.978,9.0
7421,8,2025-08-25,0.6,32.6,24.1,83.1,0.454,12.3
7422,8,2025-08-26,1.8,29.7,23.6,85.7,0.462,19.7
7423,8,2025-08-27,105.1,28.8,25.2,98.0,1.0,12.5
7424,8,2025-08-28,0.7,31.2,24.9,82.7,0.455,12.6
7425,8,2025-08-29,41.1,29.4,24.3,100.0,0.714,5.4
7426,8,2025-08-30,28.3,29.9,24.7,90.3,0.632,23.3
7427,8,2025-08-31,2.7,28.9,24.8,95.9,0.467,4.0
7428,8,2025-09-01,0.0,37.2,22.4,49.7,0.346,9.5
7429,8,2025-09-02,0.0,32.2,19.9,60.1,0.272,9.5
7430,8,2025-09-03,0.0,35.3,20.4,66.7,0.324,8.3
7431,8,2025-09-04,0.0,34.5,22.2,48.2,0.345,9.4
7432,8,2025-09-05,50.7,35.9,19.5,53.6,0.29,14.8
7433,8,2025-09-06,0.0,37.0,18.9,57.3,0.213,3.1
7434,8,2025-09-07,19.1,34.6,19.7,65.1,0.197,15.8
7435,8,2025-09-08,0.0,34.6,21.0,64.9,0.184,14.8
7436,8,2025-09-09,0.0,36.8,21.5,53.0,0.314,9.7
7437,8,2025-09-10,0.0,37.4,23.2,67.1,0.252,11.0
7438,8,2025-09-11,0.0,35.8,18.3,57.3,0.258,3.2
7439,8,2025-09-12,21.7,33.5,22.2,69.5,0.32,9.2
7440,8,2025-09-13,18.5,35.5,21.5,65.7,0.225,10.3
7441,8,2025-09-14,14.5,33.5,20.4,66.1,0.183,15.0
7442,8,2025-09-15,0.0,33.8,22.7,64.4,0.346,9.9
7443,8,2025-09-16,0.0,36.5,18.3,63.3,0.209,11.4
7444,8,2025-09-17,10.8,33.3,21.0,49.3,0.19,7.3
7445,8,2025-09-18,0.0,36.4,20.6,59.4,0.219,7.1
7446,8,2025-09-19,21.2,34.5,21.9,64.6,0.256,11.8
7447,8,2025-09-20,0.0,35.4,22.5,58.9,0.349,18.6
7448,8,2025-09-21,0.0,37.2,21.5,66.0,0.288,6.9
7449,8,2025-09-22,60.6,38.0,20.4,46.8,0.333,2.2
7450,8,2025-09-23,0.0,33.9,20.4,65.3,0.313,10.3
7451,8,2025-09-24,0.0,36.9,19.5,64.7,0.188,10.8
7452,8,2025-09-25,0.0,37.4,22.1,51.7,0.203,6.4
7453,8,2025-09-26,0.0,32.1,19.8,62.3,0.319,4.9
7454,8,2025-09-27,0.0,33.5,19.9,66.8,0.181,7.4
7455,8,2025-09-28,0.0,37.9,19.1,67.1,0.182,9.1
7456,8,2025-09-29,0.0,35.8,23.2,45.4,0.314,4.2
7457,8,2025-09-30,16.2,33.5,18.9,65.5,0.344,13.2
7458,8,2025-10-01,2.5,37.5,20.2,47.2,0.233,15.6
7459,8,2025-10-02,0.0,35.7,22.3,69.0,0.331,9.2
7460,8,2025-10-03,0.0,35.4,21.2,64.2,0.314,3.6
7461,8,2025-10-04,0.0,35.9,22.0,69.7,0.278,9.9
7462,8,2025-10-05,0.0,37.8,20.0,56.7,0.231,14.5
7463,8,2025-10-06,0.0,36.9,23.2,54.5,0.212,14.6
7464,8,2025-10-07,0.0,34.0,18.4,54.4,0.264,8.0
7465,8,2025-10-08,0.0,35.6,18.1,65.1,0.317,12.7
7466,8,2025-10-09,2.7,36.2,23.7,55.1,0.329,2.1
7467,8,2025-10-10,6.6,34.7,21.7,62.1,0.204,8.2
7468,8,2025-10-11,0.0,34.6,23.7,56.5,0.268,19.3
7469,8,2025-10-12,0.0,37.5,18.3,61.2,0.228,14.1
7470,8,2025-10-13,0.1,37.5,23.1,56.8,0.265,4.9
7471,8,2025-10-14,0.0,33.5,22.3,49.5,0.278,9.6
7472,8,2025-10-15,0.0,33.1,23.3,52.1,0.215,14.1
7473,8,2025-10-16,0.0,37.1,19.3,53.4,0.211,9.3
7474,8,2025-10-17,0.0,37.9,18.6,49.7,0.198,10.1
7475,8,2025-10-18,0.0,34.2,19.4,48.2,0.283,5.0
7476,8,2025-10-19,3.2,35.2,19.2,60.6,0.336,10.0
7477,8,2025-10-20,0.0,32.3,23.9,48.2,0.224,12.0
7478,8,2025-10-21,0.0,33.1,21.4,59.5,0.226,18.2
7479,8,2025-10-22,0.0,35.4,20.5,46.7,0.333,19.4
7480,8,2025-10-23,0.0,37.1,18.2,45.5,0.276,15.2
7481,8,2025-10-24,0.2,37.7,19.8,54.0,0.259,9.1
7482,8,2025-10-25,0.0,35.8,21.0,50.3,0.27,7.3
7483,8,2025-10-26,0.0,36.0,20.0,45.9,0.224,12.6
7484,8,2025-10-27,0.0,35.2,23.3,56.6,0.193,7.4
7485,8,2025-10-28,0.0,36.3,18.2,55.7,0.284,16.1
7486,8,2025-10-29,0.0,32.5,18.4,62.5,0.31,12.0
7487,8,2025-10-30,0.0,33.5,22.8,50.8,0.186,19.5
7488,8,2025-10-31,0.0,36.7,21.6,62.7,0.2,12.8
7489,8,2025-11-01,0.0,36.7,20.1,50.5,0.272,17.7
7490,8,2025-11-02,0.0,35.8,20.9,59.3,0.275,17.9
7491,8,2025-11-03,0.5,36.5,18.7,69.3,0.289,8.1
7492,8,2025-11-04,0.0,34.8,18.4,61.4,0.276,18.2
7493,8,2025-11-05,0.0,34.3,21.3,66.0,0.207,14.7
7494,8,2025-11-06,0.0,33.3,22.0,64.6,0.281,6.4
7495,8,2025-11-07,0.0,32.6,21.0,68.8,0.319,2.3
7496,8,2025-11-08,0.0,36.5,18.2,59.9,0.234,15.8
7497,8,2025-11-09,2.2,37.2,20.5,67.5,0.203,15.3
7498,8,2025-11-10,0.0,37.1,23.6,62.0,0.222,12.5
7499,8,2025-11-11,0.0,36.6,22.9,69.2,0.181,21.0
7500,8,2025-11-12,0.0,33.6,18.9,65.6,0.265,17.3
7501,8,2025-11-13,0.0,32.8,21.0,48.9,0.209,9.2
7502,8,2025-11-14,0.0,33.0,19.2,57.5,0.347,9.9
7503,8,2025-11-15,0.0,36.8,23.6,45.6,0.185,6.7
7504,8,2025-11-16,1.6,36.9,22.1,61.2,0.299,8.0
7505,8,2025-11-17,0.0,34.4,23.4,68.7,0.321,13.3
7506,8,2025-11-18,0.0,33.2,21.8,56.9,0.316,9.8
7507,8,2025-11-19,0.0,37.0,21.3,45.7,0.272,10.0
7508,8,2025-11-20,0.0,35.0,18.1,51.4,0.221,9.5
7509,8,2025-11-21,0.0,35.2,19.4,63.6,0.292,12.4
7510,8,2025-11-22,0.0,34.5,23.6,52.0,0.207,14.0
7511,8,2025-11-23,0.0,34.5,20.4,58.8,0.235,4.2
7512,8,2025-11-24,0.0,36.6,21.5,63.0,0.334,13.4
7513,8,2025-11-25,0.0,37.0,19.7,58.1,0.197,3.1
7514,8,2025-11-26,0.0,35.7,23.0,66.1,0.326,16.8
7515,8,2025-11-27,0.0,33.0,23.3,47.9,0.325,18.8
7516,8,2025-11-28,0.0,37.6,18.5,53.4,0.254,13.9
7517,8,2025-11-29,0.0,37.1,21.0,67.4,0.334,14.0
7518,8,2025-11-30,0.0,33.5,19.9,67.3,0.231,10.3
7519,8,2025-12-01,0.0,27.8,9.7,42.0,0.258,5.6
7520,8,2025-12-02,0.0,26.7,11.6,56.2,0.196,13.6
7521,8,2025-12-03,0.0,29.7,9.7,51.8,0.184,15.7
7522,8,2025-12-04,0.0,27.1,10.6,45.8,0.22,21.4
7523,8,2025-12-05,0.0,27.1,13.8,41.4,0.189,15.6
7524,8,2025-12-06,1.8,28.5,12.7,49.0,0.153,4.1
7525,8,2025-12-07,0.0,26.7,12.3,60.4,0.233,19.5
7526,8,2025-12-08,0.0,30.0,9.2,58.3,0.24,4.8
7527,8,2025-12-09,0.0,26.2,9.8,55.9,0.228,14.9
7528,8,2025-12-10,0.0,29.9,14.1,49.2,0.165,6.3
7529,8,2025-12-11,0.0,27.3,10.6,40.3,0.172,11.3
7530,8,2025-12-12,0.0,27.4,10.4,41.6,0.155,12.0
7531,8,2025-12-13,0.0,26.6,13.6,49.6,0.245,2.6
7532,8,2025-12-14,0.0,26.4,10.7,60.6,0.207,11.0
7533,8,2025-12-15,0.0,26.0,12.5,46.9,0.251,7.6
7534,8,2025-12-16,0.0,28.3,13.4,56.0,0.178,4.3
7535,8,2025-12-17,0.0,26.1,11.6,53.6,0.173,15.2
7536,8,2025-12-18,0.0,26.9,9.3,47.4,0.278,11.9
7537,8,2025-12-19,2.4,28.6,13.4,42.0,0.195,3.9
7538,8,2025-12-20,0.0,30.4,9.6,47.0,0.157,6.4
7539,8,2025-12-21,0.0,27.9,14.2,44.7,0.207,9.1
7540,8,2025-12-22,0.0,26.5,11.3,53.5,0.279,11.0
7541,8,2025-12-23,0.0,27.6,10.1,44.1,0.234,8.5
7542,8,2025-12-24,0.0,26.6,10.8,54.0,0.25,13.9
7543,8,2025-12-25,0.0,26.9,13.0,48.4,0.254,2.6
7544,8,2025-12-26,0.0,29.6,14.4,53.3,0.215,17.2
7545,8,2025-12-27,0.0,26.7,12.6,50.2,0.247,20.6
7546,8,2025-12-28,0.0,26.6,10.3,59.8,0.155,14.7
7547,8,2025-12-29,0.0,26.2,13.7,40.3,0.237,6.7
7548,8,2025-12-30,0.0,27.0,9.5,59.3,0.17,2.0
7549,8,2025-12-31,0.0,27.9,10.2,58.0,0.181,11.9
7550,8,2026-01-01,0.0,28.8,11.0,48.2,0.226,9.1
7551,8,2026-01-02,0.0,28.1,13.5,58.5,0.243,7.2
7552,8,2026-01-03,0.0,29.9,14.4,60.1,0.238,7.9
7553,8,2026-01-04,0.0,28.8,12.6,44.9,0.263,8.5
7554,8,2026-01-05,0.0,29.0,11.0,45.8,0.218,16.1
7555,8,2026-01-06,0.0,28.8,10.6,59.6,0.161,9.1
7556,8,2026-01-07,0.0,29.8,10.7,48.9,0.242,17.7
7557,8,2026-01-08,0.0,28.6,10.6,50.4,0.274,5.8
7558,8,2026-01-09,0.0,29.9,11.8,60.3,0.211,10.5
7559,8,2026-01-10,0.0,30.0,11.7,51.6,0.268,9.3
7560,8,2026-01-11,0.0,26.4,14.5,55.8,0.192,17.8
7561,8,2026-01-12,0.0,28.0,10.5,41.4,0.262,7.1
7562,8,2026-01-13,0.0,30.2,13.8,42.0,0.233,11.5
7563,8,2026-01-14,1.5,26.6,12.6,44.6,0.245,10.8
7564,8,2026-01-15,0.0,26.9,10.2,57.5,0.174,20.1
7565,8,2026-01-16,0.0,29.9,12.8,44.4,0.243,4.3
7566,8,2026-01-17,0.0,26.9,11.8,50.6,0.192,8.6
7567,8,2026-01-18,0.0,28.0,11.6,61.3,0.219,14.0
7568,8,2026-01-19,0.0,27.1,9.6,59.1,0.273,12.3
7569,8,2026-01-20,0.0,27.5,13.6,40.1,0.243,8.5
7570,8,2026-01-21,0.0,26.6,12.5,40.2,0.154,11.9
7571,8,2026-01-22,0.0,27.2,10.1,57.3,0.231,9.2
7572,8,2026-01-23,0.0,28.3,12.0,42.9,0.155,15.1
7573,8,2026-01-24,0.0,27.3,9.8,57.4,0.247,17.4
7574,8,2026-01-25,0.0,29.8,14.2,53.9,0.251,7.2
7575,8,2026-01-26,0.0,29.6,9.2,42.0,0.202,6.5
7576,8,2026-01-27,0.0,30.1,14.5,58.2,0.229,14.0
7577,8,2026-01-28,0.0,29.3,13.7,59.0,0.206,8.0
7578,8,2026-01-29,0.0,28.3,14.1,42.7,0.185,12.6
7579,8,2026-01-30,0.0,27.7,11.5,54.8,0.188,9.8
7580,8,2026-01-31,0.0,26.2,13.3,60.9,0.252,5.6
7581,8,2026-02-01,0.0,34.7,22.4,48.4,0.31,9.9
7582,8,2026-02-02,0.0,34.5,19.1,60.4,0.349,4.2
7583,8,2026-02-03,0.0,32.3,20.5,51.2,0.289,14.8
7584,8,2026-02-04,0.0,37.7,22.1,62.2,0.201,7.1
7585,8,2026-02-05,0.0,34.9,21.6,49.9,0.238,10.9
7586,8,2026-02-06,0.0,32.4,21.4,68.7,0.311,12.5
7587,8,2026-02-07,0.0,35.9,18.5,47.9,0.285,8.9
7588,8,2026-02-08,0.0,33.4,23.7,56.0,0.246,9.3
7589,8,2026-02-09,0.0,34.6,18.9,55.4,0.185,7.6
7590,8,2026-02-10,0.0,32.2,18.1,46.8,0.199,19.0
7591,8,2026-02-11,0.0,37.2,20.6,58.8,0.202,15.3
7592,8,2026-02-12,0.0,35.8,18.6,49.7,0.335,6.5
7593,8,2026-02-13,0.0,34.8,22.8,46.0,0.335,9.5
7594,8,2026-02-14,0.0,33.0,18.2,59.8,0.203,5.3
7595,8,2026-02-15,0.0,32.4,20.2,57.4,0.268,9.3
7596,8,2026-02-16,0.0,33.3,18.7,51.0,0.195,9.7
7597,8,2026-02-17,0.0,32.2,22.2,65.6,0.211,11.4
7598,8,2026-02-18,0.0,35.1,18.9,69.3,0.207,13.2
7599,8,2026-02-19,0.0,35.7,21.1,66.1,0.349,8.2
7600,8,2026-02-20,0.2,37.5,21.5,65.8,0.251,9.3
7601,8,2026-02-21,0.0,38.0,18.9,69.6,0.27,9.6
7602,8,2026-02-22,0.0,35.9,21.8,46.7,0.28,13.9
7603,8,2026-02-23,0.0,35.5,19.1,57.1,0.207,20.9
7604,8,2026-02-24,0.0,32.4,20.4,55.6,0.294,20.8
7605,8,2026-02-25,0.0,34.4,19.1,45.6,0.278,13.8
7606,8,2026-02-26,0.0,34.9,19.2,56.7,0.281,7.3
7607,8,2026-02-27,0.0,35.7,21.1,50.9,0.226,11.8
7608,8,2026-02-28,0.0,32.1,23.0,57.7,0.268,14.1
7609,8,2026-03-01,0.0,32.4,18.3,55.8,0.273,7.4
7610,8,2026-03-02,0.0,33.7,19.3,56.8,0.193,9.5
7611,8,2026-03-03,0.0,34.2,21.6,46.1,0.276,13.0
7612,8,2026-03-04,0.0,36.4,20.8,57.5,0.272,4.9
7613,8,2026-03-05,0.0,37.1,23.2,67.3,0.301,12.7
7614,8,2026-03-06,0.0,36.3,22.9,48.3,0.203,11.5
7615,8,2026-03-07,0.0,36.0,19.9,62.6,0.266,13.6
7616,8,2026-03-08,0.0,32.1,20.5,46.2,0.242,13.8
7617,8,2026-03-09,0.0,35.3,20.1,69.2,0.283,15.6
7618,8,2026-03-10,0.0,35.4,18.7,49.5,0.302,9.4
7619,8,2026-03-11,0.0,37.9,22.6,61.7,0.199,9.8
7620,8,2026-03-12,0.0,32.5,21.3,68.6,0.234,8.8
7621,8,2026-03-13,0.0,34.1,18.3,46.0,0.259,3.7
7622,8,2026-03-14,0.0,33.5,18.5,60.5,0.244,15.0
7623,8,2026-03-15,0.0,37.5,19.9,45.4,0.31,13.5
7624,8,2026-03-16,0.0,36.7,20.3,59.1,0.246,2.0
7625,8,2026-03-17,0.0,36.8,18.9,66.5,0.323,20.3
7626,8,2026-03-18,1.2,37.2,19.4,66.5,0.208,10.7
7627,8,2026-03-19,0.0,32.5,23.1,50.8,0.3,11.5
7628,8,2026-03-20,0.0,36.5,23.1,61.5,0.342,15.4
7629,8,2026-03-21,0.0,34.1,22.4,50.3,0.346,2.1
7630,8,2026-03-22,0.0,37.7,20.6,68.8,0.186,11.4
7631,8,2026-03-23,0.0,35.7,22.9,48.2,0.335,14.9
7632,8,2026-03-24,0.0,33.4,18.8,60.1,0.255,8.8
7633,8,2026-03-25,0.0,37.3,20.7,62.4,0.32,6.0
7634,8,2026-03-26,0.0,37.7,18.3,64.2,0.314,4.6
7635,8,2026-03-27,0.0,32.5,20.5,55.5,0.284,10.1
7636,8,2026-03-28,0.0,34.4,18.1,62.0,0.307,12.9
7637,8,2026-03-29,0.0,32.9,22.5,61.0,0.316,14.0
7638,8,2026-03-30,0.0,33.7,22.3,47.8,0.35,7.4
7639,8,2026-03-31,0.0,36.0,20.9,50.4,0.269,14.6
7640,8,2026-04-01,0.0,45.9,30.6,37.1,0.09,7.4
7641,8,2026-04-02,2.1,43.5,30.8,31.7,0.09,12.3
7642,8,2026-04-03,0.0,41.3,26.7,22.1,0.118,11.2
7643,8,2026-04-04,0.0,46.2,28.8,34.1,0.17,14.7
7644,8,2026-04-05,0.0,43.2,29.3,20.1,0.122,7.0
7645,8,2026-04-06,0.0,44.4,27.8,22.3,0.129,20.1
7646,8,2026-04-07,0.0,41.1,29.2,35.3,0.151,10.6
7647,8,2026-04-08,0.0,43.7,29.6,34.6,0.173,2.5
7648,8,2026-04-09,0.0,43.4,29.9,33.1,0.174,13.1
7649,8,2026-04-10,0.0,46.1,28.0,37.5,0.137,6.1
7650,8,2026-04-11,0.0,46.4,31.0,30.3,0.107,13.1
7651,8,2026-04-12,0.0,42.3,29.7,31.5,0.125,25.1
7652,8,2026-04-13,0.0,46.5,30.2,31.1,0.147,7.5
7653,8,2026-04-14,0.0,46.3,28.9,31.1,0.086,9.4
7654,8,2026-04-15,0.0,42.8,27.8,25.8,0.161,7.0
7655,8,2026-04-16,0.0,42.6,27.6,35.8,0.087,8.6
7656,8,2026-04-17,0.0,44.6,29.1,28.9,0.122,13.0
7657,8,2026-04-18,0.0,42.6,30.2,20.2,0.168,15.3
7658,8,2026-04-19,0.0,42.7,27.4,23.8,0.135,17.6
7659,8,2026-04-20,0.0,41.1,30.5,21.7,0.135,12.3
7660,8,2026-04-21,0.0,46.0,29.0,35.7,0.157,7.5
7661,8,2026-04-22,0.9,43.9,30.9,26.7,0.082,4.4
7662,8,2026-04-23,0.0,45.9,27.5,31.1,0.143,19.2
7663,8,2026-04-24,2.6,42.9,30.0,34.3,0.17,2.0
7664,8,2026-04-25,0.0,46.4,26.8,35.8,0.174,8.7
7665,8,2026-04-26,0.0,46.5,30.3,20.8,0.16,10.5
7666,8,2026-04-27,0.0,42.2,29.5,30.9,0.128,10.2
7667,8,2026-04-28,0.0,44.2,29.0,31.0,0.164,9.6
7668,8,2026-04-29,0.0,43.2,27.8,20.6,0.15,13.2
7669,8,2026-04-30,0.0,42.5,29.5,24.3,0.135,5.9
7670,8,2026-05-01,0.0,41.0,30.8,20.6,0.152,16.9
7671,8,2026-05-02,0.0,41.5,30.9,36.4,0.16,3.1
7672,8,2026-05-03,0.0,43.5,27.7,23.0,0.171,14.6
7673,8,2026-05-04,0.0,44.2,26.4,25.1,0.129,15.5
7674,8,2026-05-05,0.0,41.5,26.1,25.3,0.083,11.4
7675,8,2026-05-06,0.0,42.1,26.3,34.6,0.151,15.1
7676,8,2026-05-07,0.0,44.3,30.7,25.4,0.084,2.3
7677,8,2026-05-08,0.0,41.8,30.0,30.6,0.172,12.9
7678,8,2026-05-09,0.0,42.8,27.5,27.7,0.132,19.7
7679,8,2026-05-10,0.0,43.3,30.2,36.0,0.112,7.0
7680,8,2026-05-11,0.0,46.5,29.6,37.7,0.129,19.2
7681,8,2026-05-12,1.5,43.2,26.2,34.1,0.11,15.2
7682,8,2026-05-13,0.0,42.8,28.8,33.0,0.177,10.0
7683,8,2026-05-14,0.0,45.8,26.7,21.2,0.135,12.9
7684,8,2026-05-15,0.0,44.5,26.9,32.0,0.128,13.4
7685,8,2026-05-16,0.0,46.5,27.4,30.2,0.081,18.0
7686,8,2026-05-17,0.0,45.2,30.0,37.6,0.159,23.5
7687,8,2026-05-18,0.0,43.4,30.5,22.8,0.122,16.6
7688,8,2026-05-19,0.0,42.2,29.1,23.9,0.133,13.6
7689,8,2026-05-20,0.0,41.8,30.2,29.5,0.125,16.9
7690,8,2026-05-21,0.0,45.5,30.1,28.6,0.1,23.6
7691,8,2026-05-22,0.0,46.4,30.8,31.7,0.166,17.7
7692,8,2026-05-23,0.0,41.4,30.1,30.2,0.092,17.6
7693,8,2026-05-24,0.0,41.5,31.0,23.5,0.169,22.2
7694,8,2026-05-25,0.0,43.9,30.0,21.8,0.136,11.6
7695,8,2026-05-26,0.0,43.5,27.5,26.9,0.14,7.9
7696,8,2026-05-27,0.0,42.0,28.5,36.6,0.081,13.1
7697,8,2026-05-28,2.2,43.2,26.0,28.4,0.134,9.1
7698,8,2026-05-29,0.0,42.4,29.5,31.2,0.081,7.7
7699,8,2026-05-30,0.0,42.8,30.1,26.5,0.173,15.7
7700,8,2026-05-31,2.9,46.0,31.0,33.7,0.146,15.6
7701,8,2026-06-01,13.8,35.0,21.3,45.3,0.317,2.6
7702,8,2026-06-02,13.2,37.9,19.0,69.5,0.227,13.2
7703,8,2026-06-03,0.0,34.4,19.8,59.7,0.263,13.8
7704,8,2026-06-04,0.0,33.3,23.0,57.2,0.193,15.9
7705,8,2026-06-05,0.0,32.9,20.9,57.8,0.32,7.4
7706,8,2026-06-06,0.0,36.6,23.9,62.9,0.215,15.2
7707,8,2026-06-07,0.0,33.3,22.5,59.2,0.254,2.0
7708,8,2026-06-08,0.0,37.7,23.4,48.4,0.287,10.4
7709,8,2026-06-09,0.0,32.3,18.1,63.8,0.28,7.3
7710,8,2026-06-10,19.6,33.6,23.7,55.3,0.345,13.8
7711,8,2026-06-11,13.3,35.7,19.6,51.2,0.305,4.4
7712,8,2026-06-12,0.0,32.8,19.5,68.8,0.318,13.5
7713,8,2026-06-13,0.0,34.5,23.3,69.9,0.194,18.5
7714,8,2026-06-14,30.0,34.6,19.3,65.7,0.266,16.9
7715,8,2026-06-15,23.5,37.4,21.5,48.4,0.198,13.8
7716,8,2026-06-16,0.0,36.5,21.0,68.6,0.265,13.7
7717,8,2026-06-17,0.0,32.1,21.9,67.2,0.215,6.7
7718,8,2026-06-18,6.0,33.1,20.4,58.0,0.304,11.3
7719,8,2026-06-19,23.3,35.3,18.1,64.7,0.349,9.4
7720,8,2026-06-20,0.0,36.8,20.6,59.0,0.318,10.5
7721,8,2026-06-21,22.0,36.5,20.7,57.3,0.237,6.6
7722,8,2026-06-22,35.1,33.1,23.8,61.3,0.302,9.1
7723,8,2026-06-23,22.6,36.4,22.7,48.2,0.278,5.2
7724,8,2026-06-24,0.0,37.7,19.7,59.6,0.234,2.0
7725,8,2026-06-25,19.3,34.1,20.4,58.7,0.294,14.4
7726,8,2026-06-26,0.0,36.7,22.8,64.4,0.338,16.2
7727,8,2026-06-27,0.0,36.3,22.1,47.2,0.277,3.8
7728,8,2026-06-28,0.0,35.9,23.3,53.5,0.344,10.8
7729,8,2026-06-29,27.7,37.0,18.3,49.5,0.252,16.9
7730,8,2026-06-30,10.4,36.7,23.1,65.7,0.342,11.9
7731,8,2026-07-01,98.1,30.9,24.8,100.0,1.0,20.5
7732,8,2026-07-02,2.1,30.5,24.6,87.9,0.464,18.0
7733,8,2026-07-03,55.4,29.7,25.5,97.6,0.806,14.7
7734,8,2026-07-04,58.1,32.0,23.7,93.5,0.824,16.0
7735,8,2026-07-05,42.1,28.9,25.0,100.0,0.721,2.7
7736,8,2026-07-06,0.6,30.1,23.7,89.1,0.454,14.9
7737,8,2026-07-07,12.8,29.9,24.5,85.0,0.532,7.4
7738,8,2026-07-08,2.8,29.2,24.4,85.4,0.468,17.0
7739,8,2026-07-09,52.9,29.1,23.1,100.0,0.79,12.4
7740,8,2026-07-10,2.2,32.9,24.7,90.4,0.464,14.8
7741,8,2026-07-11,72.7,29.0,24.7,100.0,0.917,18.0
7742,8,2026-07-12,55.3,30.4,25.9,90.0,0.805,9.3
7743,8,2026-07-13,44.6,28.7,23.5,100.0,0.737,8.4
7744,8,2026-07-14,52.8,30.8,23.8,88.5,0.789,25.0
7745,8,2026-07-15,76.0,30.5,25.2,95.2,0.939,11.7
7746,8,2026-07-16,78.0,32.2,25.2,100.0,0.951,12.9
7747,8,2026-07-17,71.1,30.3,23.0,100.0,0.907,11.1
7748,8,2026-07-18,53.8,29.3,25.6,100.0,0.796,15.2
7749,8,2026-07-19,46.8,31.8,23.1,94.8,0.751,10.2
7750,8,2026-07-20,50.0,32.5,23.1,86.6,0.771,16.1
7751,8,2026-07-21,55.0,32.9,23.7,100.0,0.804,12.1
7752,8,2026-07-22,34.4,31.4,23.2,92.3,0.671,15.7
7753,8,2026-07-23,128.0,28.2,25.7,100.0,1.0,8.8
7754,8,2026-07-24,44.3,28.4,24.1,96.9,0.735,14.3
7755,8,2026-07-25,41.5,31.3,23.4,87.5,0.717,14.1
7756,8,2026-07-26,23.0,29.1,24.5,95.6,0.598,13.1
7757,8,2026-07-27,2.8,30.6,24.3,91.1,0.468,13.9
7758,8,2026-07-28,0.8,28.6,25.3,84.5,0.455,4.7
7759,8,2026-07-29,93.9,29.6,23.3,100.0,1.0,7.9
7760,8,2026-07-30,17.8,31.4,25.1,82.2,0.564,12.7
7761,8,2026-07-31,66.3,28.9,25.4,92.0,0.876,14.2
7762,8,2026-08-01,41.8,28.2,24.2,87.2,0.719,7.8
7763,8,2026-08-02,2.3,29.0,25.8,91.7,0.465,7.5
7764,8,2026-08-03,15.3,32.9,23.8,85.6,0.548,8.4
7765,8,2026-08-04,1.5,29.3,24.3,95.4,0.46,9.8
7766,8,2026-08-05,60.5,30.1,24.8,100.0,0.839,14.1
7767,8,2026-08-06,17.1,32.2,25.8,94.5,0.56,13.6
7768,8,2026-08-07,107.4,31.4,25.7,100.0,1.0,18.7
7769,8,2026-08-08,90.6,32.7,25.6,93.4,1.0,9.4
7770,8,2026-08-09,0.4,29.8,24.9,82.3,0.453,10.2
7771,8,2026-08-10,2.1,31.6,24.3,79.7,0.464,14.7
7772,8,2026-08-11,22.1,31.8,24.2,92.0,0.592,9.4
7773,8,2026-08-12,2.4,29.2,25.0,91.4,0.465,17.1
7774,8,2026-08-13,2.1,31.2,25.9,95.3,0.464,13.4
7775,8,2026-08-14,166.5,29.5,25.2,100.0,1.0,6.4
7776,8,2026-08-15,45.1,32.6,24.7,86.3,0.74,13.8
7777,8,2026-08-16,43.9,31.1,23.8,90.9,0.732,11.8
7778,8,2026-08-17,0.9,31.6,25.2,93.9,0.456,12.1
7779,8,2026-08-18,23.9,30.6,23.3,94.7,0.604,14.9
7780,8,2026-08-19,0.5,30.2,23.5,75.8,0.453,17.5
7781,8,2026-08-20,34.3,31.4,24.8,82.0,0.67,16.5
7782,8,2026-08-21,71.7,30.3,25.2,96.5,0.911,17.6
7783,8,2026-08-22,43.1,30.7,25.8,88.8,0.727,8.4
7784,8,2026-08-23,41.7,29.1,25.4,87.1,0.718,18.0
7785,8,2026-08-24,46.6,29.4,24.4,100.0,0.75,18.1
7786,8,2026-08-25,23.9,32.2,24.1,82.5,0.604,12.8
7787,8,2026-08-26,70.7,30.7,25.9,97.6,0.905,18.1
7788,8,2026-08-27,0.1,32.7,25.9,89.7,0.451,12.4
7789,8,2026-08-28,2.8,32.2,23.4,78.5,0.468,14.9
7790,8,2026-08-29,43.7,30.5,24.6,90.8,0.731,7.5
7791,8,2026-08-30,51.2,30.4,24.3,88.7,0.779,13.6
7792,8,2026-08-31,0.9,32.0,25.3,89.2,0.456,4.0
7793,9,2024-01-01,0.0,30.5,13.1,47.8,0.239,6.1
7794,9,2024-01-02,0.0,26.4,10.7,59.6,0.177,16.2
7795,9,2024-01-03,0.0,28.9,9.4,47.7,0.28,23.6
7796,9,2024-01-04,0.0,27.3,13.6,55.5,0.161,18.3
7797,9,2024-01-05,0.0,29.4,13.9,57.5,0.17,18.5
7798,9,2024-01-06,0.0,26.1,12.9,50.1,0.227,6.8
7799,9,2024-01-07,0.0,26.3,11.6,53.7,0.172,10.3
7800,9,2024-01-08,0.0,28.7,13.7,51.5,0.223,5.7
7801,9,2024-01-09,0.0,28.3,11.1,56.7,0.226,2.3
7802,9,2024-01-10,0.0,29.4,11.1,59.5,0.18,6.7
7803,9,2024-01-11,0.0,27.7,13.8,42.5,0.227,19.1
7804,9,2024-01-12,0.0,28.7,13.1,42.7,0.198,13.6
7805,9,2024-01-13,0.0,28.3,13.4,47.5,0.279,17.1
7806,9,2024-01-14,0.0,27.4,9.9,44.9,0.205,10.4
7807,9,2024-01-15,0.0,26.3,9.4,55.2,0.164,12.9
7808,9,2024-01-16,0.0,29.3,9.7,60.9,0.154,13.2
7809,9,2024-01-17,0.0,28.6,14.0,57.9,0.189,13.6
7810,9,2024-01-18,0.0,28.8,11.8,58.3,0.23,17.2
7811,9,2024-01-19,0.0,27.5,10.8,43.8,0.217,13.1
7812,9,2024-01-20,0.0,26.2,13.4,61.7,0.196,6.8
7813,9,2024-01-21,0.0,29.0,10.2,56.7,0.269,9.1
7814,9,2024-01-22,0.0,27.8,14.4,49.9,0.187,10.2
7815,9,2024-01-23,0.0,28.9,13.0,49.5,0.232,2.0
7816,9,2024-01-24,0.0,30.4,10.5,48.1,0.261,9.1
7817,9,2024-01-25,0.0,26.5,12.3,60.9,0.253,8.8
7818,9,2024-01-26,0.0,27.0,13.4,55.8,0.172,8.8
7819,9,2024-01-27,0.0,27.0,10.2,43.4,0.279,18.7
7820,9,2024-01-28,0.0,30.4,9.8,53.5,0.251,12.8
7821,9,2024-01-29,0.0,30.0,14.2,55.4,0.277,12.2
7822,9,2024-01-30,0.0,30.3,11.4,61.2,0.195,13.6
7823,9,2024-01-31,0.0,28.3,9.7,53.6,0.183,15.8
7824,9,2024-02-01,0.0,34.0,24.0,63.2,0.247,13.4
7825,9,2024-02-02,0.0,35.7,20.0,55.2,0.188,11.5
7826,9,2024-02-03,0.0,37.3,19.9,62.9,0.327,11.1
7827,9,2024-02-04,0.0,34.4,20.3,68.7,0.231,8.9
7828,9,2024-02-05,0.0,36.0,20.0,63.6,0.301,11.9
7829,9,2024-02-06,0.0,37.9,19.5,62.3,0.319,9.2
7830,9,2024-02-07,0.0,36.5,18.1,66.6,0.204,14.3
7831,9,2024-02-08,0.0,34.5,23.4,50.4,0.344,12.9
7832,9,2024-02-09,0.0,32.4,21.7,45.2,0.227,5.5
7833,9,2024-02-10,0.0,37.3,20.7,52.5,0.337,13.1
7834,9,2024-02-11,0.0,35.4,19.1,50.4,0.209,5.2
7835,9,2024-02-12,0.0,36.0,18.6,56.0,0.298,12.6
7836,9,2024-02-13,0.0,34.6,19.5,58.1,0.24,16.7
7837,9,2024-02-14,0.0,36.7,18.4,49.5,0.206,13.4
7838,9,2024-02-15,0.0,35.1,20.6,49.9,0.338,3.4
7839,9,2024-02-16,0.0,35.6,18.1,57.4,0.208,11.6
7840,9,2024-02-17,0.0,35.9,19.7,51.0,0.251,11.1
7841,9,2024-02-18,0.0,35.0,18.1,48.5,0.253,8.3
7842,9,2024-02-19,0.0,32.9,22.1,59.2,0.241,4.2
7843,9,2024-02-20,0.0,33.0,19.5,49.0,0.289,17.3
7844,9,2024-02-21,0.0,37.3,18.8,56.8,0.25,13.9
7845,9,2024-02-22,0.0,34.9,22.3,51.3,0.315,12.4
7846,9,2024-02-23,0.0,35.6,21.0,60.2,0.327,5.5
7847,9,2024-02-24,0.0,33.4,23.3,68.7,0.289,5.0
7848,9,2024-02-25,0.0,34.8,18.2,55.9,0.207,12.6
7849,9,2024-02-26,0.0,33.7,23.7,68.1,0.234,3.8
7850,9,2024-02-27,0.0,35.0,20.4,52.9,0.279,15.2
7851,9,2024-02-28,0.0,35.3,21.5,52.8,0.323,17.3
7852,9,2024-02-29,0.0,37.7,22.3,53.8,0.252,13.7
7853,9,2024-03-01,0.0,32.0,22.8,62.3,0.243,12.0
7854,9,2024-03-02,0.0,34.6,20.2,54.4,0.248,10.5
7855,9,2024-03-03,0.0,37.5,21.0,66.7,0.208,17.3
7856,9,2024-03-04,0.0,36.7,23.9,45.3,0.273,2.0
7857,9,2024-03-05,0.0,36.0,23.6,53.2,0.208,18.2
7858,9,2024-03-06,0.0,36.3,20.6,52.0,0.252,11.2
7859,9,2024-03-07,0.0,34.0,22.3,62.4,0.217,7.5
7860,9,2024-03-08,0.0,35.4,18.6,51.5,0.35,20.6
7861,9,2024-03-09,0.0,32.5,21.7,61.7,0.297,11.0
7862,9,2024-03-10,0.0,37.5,23.7,58.3,0.183,7.0
7863,9,2024-03-11,0.0,34.9,21.1,53.3,0.321,16.7
7864,9,2024-03-12,0.0,36.7,22.1,59.3,0.217,13.1
7865,9,2024-03-13,2.6,35.8,22.0,65.9,0.214,11.6
7866,9,2024-03-14,0.0,37.5,19.9,54.2,0.188,12.4
7867,9,2024-03-15,0.0,37.0,18.6,53.5,0.249,7.8
7868,9,2024-03-16,0.0,32.4,20.2,68.0,0.286,16.6
7869,9,2024-03-17,0.0,36.3,21.7,52.7,0.193,5.8
7870,9,2024-03-18,0.0,37.5,18.2,62.0,0.228,11.8
7871,9,2024-03-19,0.0,36.2,19.1,63.1,0.195,12.8
7872,9,2024-03-20,0.0,33.2,21.9,62.1,0.343,15.8
7873,9,2024-03-21,0.0,37.6,20.1,52.7,0.21,17.3
7874,9,2024-03-22,0.0,33.9,19.4,63.0,0.217,10.1
7875,9,2024-03-23,0.0,34.0,20.8,63.8,0.233,8.3
7876,9,2024-03-24,0.0,32.3,23.6,64.3,0.335,13.9
7877,9,2024-03-25,0.0,33.4,20.9,56.3,0.186,17.3
7878,9,2024-03-26,0.0,34.4,21.5,66.0,0.276,13.7
7879,9,2024-03-27,0.0,37.8,19.6,49.7,0.314,15.4
7880,9,2024-03-28,0.0,33.3,20.6,48.1,0.258,13.3
7881,9,2024-03-29,1.7,32.3,21.7,53.1,0.339,5.9
7882,9,2024-03-30,0.0,36.7,22.3,55.6,0.238,12.7
7883,9,2024-03-31,0.0,34.9,18.4,61.0,0.333,5.6
7884,9,2024-04-01,0.7,45.5,30.7,33.5,0.143,13.0
7885,9,2024-04-02,0.0,45.5,26.6,33.7,0.084,21.5
7886,9,2024-04-03,0.0,43.0,27.0,33.7,0.155,15.9
7887,9,2024-04-04,0.0,42.8,30.8,28.1,0.12,6.8
7888,9,2024-04-05,0.0,43.5,30.1,35.6,0.095,8.3
7889,9,2024-04-06,0.0,43.1,30.7,30.7,0.104,2.3
7890,9,2024-04-07,0.0,44.4,28.9,29.2,0.115,11.9
7891,9,2024-04-08,0.0,42.1,30.1,20.6,0.142,13.9
7892,9,2024-04-09,1.3,46.3,29.7,31.4,0.171,14.9
7893,9,2024-04-10,0.0,45.8,27.1,22.2,0.152,9.0
7894,9,2024-04-11,0.0,45.7,26.0,31.9,0.1,18.4
7895,9,2024-04-12,0.0,44.4,27.9,34.4,0.12,12.9
7896,9,2024-04-13,0.0,42.7,27.3,25.7,0.171,8.6
7897,9,2024-04-14,0.0,43.9,27.9,37.3,0.085,9.6
7898,9,2024-04-15,0.0,46.5,27.5,21.6,0.123,11.8
7899,9,2024-04-16,0.0,41.5,26.6,22.4,0.148,18.6
7900,9,2024-04-17,0.0,42.2,26.1,31.1,0.154,10.3
7901,9,2024-04-18,0.0,43.4,28.6,23.7,0.137,7.8
7902,9,2024-04-19,0.0,41.5,26.4,20.2,0.144,11.6
7903,9,2024-04-20,0.0,45.6,30.0,27.8,0.127,3.2
7904,9,2024-04-21,0.0,45.5,26.8,20.5,0.097,9.5
7905,9,2024-04-22,1.3,45.2,28.8,23.1,0.081,12.5
7906,9,2024-04-23,0.0,41.0,28.4,29.6,0.126,10.2
7907,9,2024-04-24,0.0,42.9,28.5,22.1,0.11,10.3
7908,9,2024-04-25,0.0,44.6,27.7,28.8,0.138,8.9
7909,9,2024-04-26,0.0,45.1,28.0,21.8,0.125,12.8
7910,9,2024-04-27,0.0,43.6,29.2,31.0,0.179,18.5
7911,9,2024-04-28,0.0,43.2,28.4,32.4,0.145,11.9
7912,9,2024-04-29,0.0,43.7,30.7,31.8,0.104,2.0
7913,9,2024-04-30,0.0,44.9,27.4,34.7,0.119,14.8
7914,9,2024-05-01,0.0,41.2,30.8,27.5,0.12,2.0
7915,9,2024-05-02,0.0,42.4,28.0,29.6,0.141,12.7
7916,9,2024-05-03,0.0,42.1,30.9,26.6,0.113,6.5
7917,9,2024-05-04,0.0,44.2,29.3,30.3,0.11,3.0
7918,9,2024-05-05,0.0,45.2,29.5,26.0,0.16,16.2
7919,9,2024-05-06,0.0,42.7,30.8,28.5,0.126,15.6
7920,9,2024-05-07,0.0,44.5,29.6,37.3,0.113,11.5
7921,9,2024-05-08,0.0,41.7,28.8,31.3,0.083,8.8
7922,9,2024-05-09,0.0,41.7,31.0,22.3,0.176,19.5
7923,9,2024-05-10,0.0,44.9,28.2,24.8,0.133,9.6
7924,9,2024-05-11,0.0,42.8,28.4,32.5,0.096,11.6
7925,9,2024-05-12,0.0,45.9,30.5,25.0,0.125,20.6
7926,9,2024-05-13,0.0,45.3,29.7,22.5,0.128,10.3
7927,9,2024-05-14,0.0,42.9,26.5,25.4,0.095,14.1
7928,9,2024-05-15,0.0,46.0,30.5,28.4,0.128,16.2
7929,9,2024-05-16,0.0,45.8,26.2,35.6,0.124,7.0
7930,9,2024-05-17,0.0,44.1,27.5,29.4,0.172,11.5
7931,9,2024-05-18,0.0,42.9,30.6,34.7,0.179,10.3
7932,9,2024-05-19,0.0,42.8,27.1,25.0,0.123,14.8
7933,9,2024-05-20,0.0,44.6,27.2,35.6,0.136,11.6
7934,9,2024-05-21,0.0,42.1,30.7,31.6,0.164,14.7
7935,9,2024-05-22,0.0,43.4,28.9,35.4,0.139,9.9
7936,9,2024-05-23,0.0,46.3,27.4,30.9,0.166,15.5
7937,9,2024-05-24,0.0,41.3,30.9,28.1,0.176,15.1
7938,9,2024-05-25,2.6,45.8,29.4,35.7,0.081,10.3
7939,9,2024-05-26,0.0,43.6,27.3,21.4,0.162,8.9
7940,9,2024-05-27,0.0,43.7,26.4,36.2,0.11,15.5
7941,9,2024-05-28,0.0,46.4,29.2,22.8,0.125,12.6
7942,9,2024-05-29,0.0,41.2,30.2,34.1,0.106,13.3
7943,9,2024-05-30,1.8,44.2,28.4,28.8,0.095,7.8
7944,9,2024-05-31,0.0,42.8,27.3,28.1,0.103,19.0
7945,9,2024-06-01,0.0,32.5,23.0,48.9,0.201,6.9
7946,9,2024-06-02,0.0,33.7,18.0,46.7,0.219,8.4
7947,9,2024-06-03,0.0,37.7,20.9,69.2,0.321,12.0
7948,9,2024-06-04,0.0,36.0,21.7,68.3,0.319,2.0
7949,9,2024-06-05,21.6,34.1,18.1,69.7,0.182,18.2
7950,9,2024-06-06,41.1,35.2,23.3,61.5,0.326,15.9
7951,9,2024-06-07,0.0,36.1,21.0,53.5,0.329,15.9
7952,9,2024-06-08,0.0,32.2,18.1,67.6,0.328,14.0
7953,9,2024-06-09,0.0,37.2,19.2,49.0,0.258,11.8
7954,9,2024-06-10,113.6,32.5,18.6,62.1,0.205,10.9
7955,9,2024-06-11,28.8,34.9,18.6,55.5,0.301,8.9
7956,9,2024-06-12,0.0,34.4,22.1,58.0,0.226,4.7
7957,9,2024-06-13,18.1,34.4,19.2,47.8,0.282,15.6
7958,9,2024-06-14,14.8,32.6,18.8,48.5,0.345,6.9
7959,9,2024-06-15,10.7,33.1,23.2,49.1,0.321,12.9
7960,9,2024-06-16,6.7,32.9,18.9,62.6,0.338,10.5
7961,9,2024-06-17,0.0,37.0,19.0,69.9,0.311,6.0
7962,9,2024-06-18,23.0,35.3,22.8,65.7,0.309,8.2
7963,9,2024-06-19,0.0,37.7,20.6,49.0,0.312,16.3
7964,9,2024-06-20,19.5,37.1,19.6,47.5,0.232,10.2
7965,9,2024-06-21,23.2,35.0,19.8,63.8,0.25,7.1
7966,9,2024-06-22,0.0,36.0,22.2,58.4,0.264,16.6
7967,9,2024-06-23,0.0,32.9,23.7,65.9,0.342,10.4
7968,9,2024-06-24,0.0,35.2,21.2,59.5,0.286,14.5
7969,9,2024-06-25,34.9,35.1,19.5,69.8,0.288,17.6
7970,9,2024-06-26,12.0,36.5,18.4,60.3,0.334,13.6
7971,9,2024-06-27,0.0,35.6,23.5,54.8,0.186,16.5
7972,9,2024-06-28,0.0,33.7,19.2,59.3,0.283,9.2
7973,9,2024-06-29,19.0,36.6,19.3,54.5,0.272,16.3
7974,9,2024-06-30,17.4,36.4,21.0,56.8,0.32,5.3
7975,9,2024-07-01,1.1,30.6,23.4,86.5,0.457,2.0
7976,9,2024-07-02,31.5,28.5,23.2,89.8,0.653,8.0
7977,9,2024-07-03,83.1,28.9,25.0,99.7,0.984,11.4
7978,9,2024-07-04,112.5,32.3,23.7,100.0,1.0,11.6
7979,9,2024-07-05,0.1,29.2,23.7,83.4,0.451,20.9
7980,9,2024-07-06,45.7,30.4,24.4,85.8,0.744,5.3
7981,9,2024-07-07,1.2,32.8,23.8,90.6,0.458,10.9
7982,9,2024-07-08,1.5,28.1,23.3,86.3,0.46,7.0
7983,9,2024-07-09,64.9,29.0,23.1,92.5,0.867,23.7
7984,9,2024-07-10,31.2,31.1,23.7,86.9,0.651,13.2
7985,9,2024-07-11,1.5,32.4,24.6,78.5,0.46,3.5
7986,9,2024-07-12,37.5,29.3,24.5,98.3,0.691,8.0
7987,9,2024-07-13,48.9,28.6,23.4,86.3,0.764,2.8
7988,9,2024-07-14,52.7,32.8,25.0,100.0,0.789,15.6
7989,9,2024-07-15,44.4,32.2,25.2,87.8,0.735,13.8
7990,9,2024-07-16,62.6,31.2,25.9,88.7,0.852,12.9
7991,9,2024-07-17,2.0,31.9,23.4,88.4,0.463,13.8
7992,9,2024-07-18,55.4,28.8,25.2,100.0,0.806,11.1
7993,9,2024-07-19,91.4,31.7,25.3,100.0,1.0,8.8
7994,9,2024-07-20,29.0,30.2,25.2,82.7,0.636,11.4
7995,9,2024-07-21,29.8,31.8,23.8,81.3,0.642,5.9
7996,9,2024-07-22,1.7,31.4,25.0,95.1,0.461,12.5
7997,9,2024-07-23,90.4,32.4,23.6,100.0,1.0,16.2
7998,9,2024-07-24,2.6,31.3,25.7,80.0,0.467,11.5
7999,9,2024-07-25,2.1,32.3,24.4,88.1,0.464,7.1
8000,9,2024-07-26,1.0,32.0,24.6,82.1,0.456,2.0
8001,9,2024-07-27,103.4,29.2,23.9,96.3,1.0,15.6
8002,9,2024-07-28,131.6,31.7,23.2,100.0,1.0,15.6
8003,9,2024-07-29,0.9,30.1,25.5,81.0,0.456,2.6
8004,9,2024-07-30,1.7,31.7,25.4,88.3,0.461,9.8
8005,9,2024-07-31,0.1,31.1,23.2,93.0,0.451,5.6
8006,9,2024-08-01,59.8,30.8,24.1,95.8,0.834,17.5
8007,9,2024-08-02,51.4,30.2,23.4,100.0,0.78,13.2
8008,9,2024-08-03,3.0,30.1,24.9,85.9,0.469,10.4
8009,9,2024-08-04,1.4,28.6,24.0,86.7,0.459,8.3
8010,9,2024-08-05,2.1,31.1,25.4,85.9,0.464,2.0
8011,9,2024-08-06,43.8,29.7,23.6,90.0,0.732,14.9
8012,9,2024-08-07,2.1,28.4,25.5,95.7,0.464,6.7
8013,9,2024-08-08,34.5,28.9,25.2,100.0,0.672,9.1
8014,9,2024-08-09,50.8,30.2,25.9,100.0,0.777,14.0
8015,9,2024-08-10,120.2,32.8,25.8,100.0,1.0,13.6
8016,9,2024-08-11,2.0,31.6,25.2,81.8,0.463,11.5
8017,9,2024-08-12,2.6,28.6,24.4,85.8,0.467,15.5
8018,9,2024-08-13,36.9,32.1,25.7,83.9,0.687,16.6
8019,9,2024-08-14,37.4,32.4,25.6,97.7,0.69,5.3
8020,9,2024-08-15,35.8,32.1,25.9,90.5,0.68,20.1
8021,9,2024-08-16,16.0,30.0,25.5,79.8,0.553,14.6
8022,9,2024-08-17,0.0,31.9,25.3,89.5,0.45,11.2
8023,9,2024-08-18,52.8,31.2,23.2,89.8,0.789,14.7
8024,9,2024-08-19,37.9,31.8,24.6,99.5,0.694,14.4
8025,9,2024-08-20,28.5,29.3,23.5,100.0,0.633,13.6
8026,9,2024-08-21,25.2,31.7,24.6,98.7,0.612,14.5
8027,9,2024-08-22,34.2,29.3,24.1,86.9,0.67,12.8
8028,9,2024-08-23,71.2,30.0,25.7,100.0,0.908,9.8
8029,9,2024-08-24,2.5,31.6,24.9,85.9,0.466,17.3
8030,9,2024-08-25,55.8,30.8,23.1,91.2,0.809,16.6
8031,9,2024-08-26,1.9,31.5,24.7,84.8,0.462,10.4
8032,9,2024-08-27,2.1,28.8,24.0,88.5,0.464,9.7
8033,9,2024-08-28,48.3,29.6,24.0,100.0,0.76,5.3
8034,9,2024-08-29,2.2,28.6,24.6,92.9,0.464,8.8
8035,9,2024-08-30,0.3,28.0,23.2,89.7,0.452,9.3
8036,9,2024-08-31,1.6,30.3,25.7,95.8,0.46,14.9
8037,9,2024-09-01,30.2,32.6,23.7,68.8,0.292,17.8
8038,9,2024-09-02,0.0,36.5,23.2,56.2,0.212,10.8
8039,9,2024-09-03,0.0,32.1,22.9,65.7,0.332,7.0
8040,9,2024-09-04,20.8,37.8,20.9,67.3,0.241,15.9
8041,9,2024-09-05,0.0,37.6,23.5,62.4,0.213,8.5
8042,9,2024-09-06,0.0,33.9,23.4,45.5,0.203,6.3
8043,9,2024-09-07,10.1,34.9,19.3,52.2,0.246,9.4
8044,9,2024-09-08,40.5,36.8,19.9,54.0,0.337,12.1
8045,9,2024-09-09,0.0,33.6,23.1,69.6,0.231,19.5
8046,9,2024-09-10,0.0,32.4,21.5,67.3,0.196,9.7
8047,9,2024-09-11,0.0,37.3,19.9,51.0,0.313,11.2
8048,9,2024-09-12,0.0,37.5,18.8,61.4,0.247,6.0
8049,9,2024-09-13,33.8,37.9,18.7,49.1,0.317,4.5
8050,9,2024-09-14,0.0,37.0,20.6,46.9,0.308,13.5
8051,9,2024-09-15,0.0,34.7,22.0,52.6,0.19,10.7
8052,9,2024-09-16,28.2,32.3,22.9,51.7,0.184,14.7
8053,9,2024-09-17,0.0,37.7,23.1,68.4,0.244,23.0
8054,9,2024-09-18,0.0,34.9,19.0,46.5,0.324,18.4
8055,9,2024-09-19,18.5,35.8,19.3,61.1,0.329,14.1
8056,9,2024-09-20,0.0,35.4,24.0,49.0,0.331,12.4
8057,9,2024-09-21,0.0,37.2,19.3,62.6,0.22,13.3
8058,9,2024-09-22,0.0,35.9,21.1,50.4,0.312,10.9
8059,9,2024-09-23,0.0,36.9,22.3,46.6,0.212,24.9
8060,9,2024-09-24,17.7,36.6,20.8,59.4,0.285,16.2
8061,9,2024-09-25,0.0,36.4,21.6,61.3,0.192,11.9
8062,9,2024-09-26,0.0,36.1,19.2,45.8,0.227,10.6
8063,9,2024-09-27,4.5,37.2,18.9,45.6,0.238,9.7
8064,9,2024-09-28,0.0,32.3,18.5,53.2,0.349,11.2
8065,9,2024-09-29,0.0,35.4,21.2,53.9,0.286,17.9
8066,9,2024-09-30,0.0,35.7,18.0,57.1,0.256,12.6
8067,9,2024-10-01,0.0,34.8,23.5,63.3,0.301,5.3
8068,9,2024-10-02,0.0,36.1,20.2,50.0,0.263,14.2
8069,9,2024-10-03,0.0,35.1,21.7,63.8,0.195,14.2
8070,9,2024-10-04,0.0,37.0,21.8,50.9,0.305,4.5
8071,9,2024-10-05,3.3,32.3,19.1,62.1,0.335,17.1
8072,9,2024-10-06,0.0,37.7,20.7,65.7,0.316,15.6
8073,9,2024-10-07,0.0,32.0,19.1,69.2,0.19,19.2
8074,9,2024-10-08,0.0,33.9,21.2,46.9,0.215,18.6
8075,9,2024-10-09,0.0,32.5,19.2,46.6,0.188,14.2
8076,9,2024-10-10,0.8,33.6,22.0,54.0,0.296,6.3
8077,9,2024-10-11,0.0,35.3,19.8,51.6,0.285,8.3
8078,9,2024-10-12,0.1,34.5,20.8,52.2,0.254,13.1
8079,9,2024-10-13,0.0,32.7,19.8,65.9,0.349,6.1
8080,9,2024-10-14,0.0,32.3,21.4,46.7,0.267,7.7
8081,9,2024-10-15,0.0,36.6,20.0,68.0,0.189,7.9
8082,9,2024-10-16,0.0,35.8,23.0,51.0,0.223,10.6
8083,9,2024-10-17,4.3,35.7,19.2,54.0,0.299,11.9
8084,9,2024-10-18,0.0,35.5,22.7,53.1,0.266,11.2
8085,9,2024-10-19,0.0,34.8,21.5,62.5,0.231,9.2
8086,9,2024-10-20,0.0,34.1,20.0,68.6,0.265,9.4
8087,9,2024-10-21,0.0,34.0,19.4,54.9,0.255,14.2
8088,9,2024-10-22,0.0,33.4,23.5,45.1,0.267,12.6
8089,9,2024-10-23,0.0,37.2,24.0,45.2,0.318,16.6
8090,9,2024-10-24,0.0,34.8,23.6,66.5,0.269,7.1
8091,9,2024-10-25,0.0,36.3,21.3,61.4,0.216,8.3
8092,9,2024-10-26,0.0,36.5,20.8,53.0,0.221,10.6
8093,9,2024-10-27,0.0,35.8,21.9,54.6,0.298,9.9
8094,9,2024-10-28,0.0,35.1,21.1,46.1,0.215,19.3
8095,9,2024-10-29,0.0,34.0,20.7,58.4,0.26,6.4
8096,9,2024-10-30,0.0,35.4,20.8,66.7,0.24,10.7
8097,9,2024-10-31,0.0,32.1,21.4,60.7,0.229,15.0
8098,9,2024-11-01,0.0,36.5,18.7,54.1,0.306,4.8
8099,9,2024-11-02,0.9,36.2,23.1,48.5,0.297,15.2
8100,9,2024-11-03,0.0,37.5,22.6,59.3,0.344,12.5
8101,9,2024-11-04,0.0,33.6,22.9,49.5,0.315,14.9
8102,9,2024-11-05,0.0,34.9,22.5,57.4,0.285,14.0
8103,9,2024-11-06,0.0,34.3,20.5,58.3,0.191,21.3
8104,9,2024-11-07,0.0,32.2,18.7,45.1,0.278,8.7
8105,9,2024-11-08,0.4,34.4,22.9,48.4,0.331,6.4
8106,9,2024-11-09,5.0,37.2,23.7,55.1,0.19,4.5
8107,9,2024-11-10,1.9,34.2,21.0,61.0,0.241,12.3
8108,9,2024-11-11,0.0,36.7,22.8,51.2,0.348,14.2
8109,9,2024-11-12,0.0,35.7,20.8,68.6,0.239,3.2
8110,9,2024-11-13,0.0,32.8,18.2,67.4,0.216,10.9
8111,9,2024-11-14,0.0,32.7,18.7,48.9,0.223,7.1
8112,9,2024-11-15,0.0,36.1,22.3,64.5,0.345,11.1
8113,9,2024-11-16,6.2,36.9,19.9,62.2,0.269,6.9
8114,9,2024-11-17,0.0,33.1,18.3,62.6,0.228,14.3
8115,9,2024-11-18,0.0,35.9,23.9,64.0,0.245,12.7
8116,9,2024-11-19,0.0,34.7,19.8,67.5,0.272,10.0
8117,9,2024-11-20,0.0,32.5,21.6,57.3,0.345,9.1
8118,9,2024-11-21,0.0,34.0,21.9,55.9,0.276,14.8
8119,9,2024-11-22,0.0,35.2,24.0,49.8,0.296,5.9
8120,9,2024-11-23,0.0,34.0,21.1,57.9,0.189,5.5
8121,9,2024-11-24,0.8,33.4,18.5,46.0,0.344,15.6
8122,9,2024-11-25,0.0,35.6,18.4,58.8,0.22,10.6
8123,9,2024-11-26,0.0,35.7,22.1,46.4,0.201,13.2
8124,9,2024-11-27,0.0,35.7,23.5,47.0,0.318,2.0
8125,9,2024-11-28,0.0,34.0,22.3,56.4,0.349,5.3
8126,9,2024-11-29,0.0,36.7,18.6,54.8,0.234,10.9
8127,9,2024-11-30,0.0,34.7,21.8,54.3,0.264,7.4
8128,9,2024-12-01,0.0,27.9,9.8,45.9,0.167,10.7
8129,9,2024-12-02,0.0,30.4,14.1,53.8,0.252,2.0
8130,9,2024-12-03,0.0,26.5,9.4,52.5,0.273,14.5
8131,9,2024-12-04,0.0,30.5,9.6,55.4,0.251,11.9
8132,9,2024-12-05,0.0,26.4,13.6,61.5,0.155,6.2
8133,9,2024-12-06,0.0,29.6,10.2,44.3,0.26,12.6
8134,9,2024-12-07,0.0,27.6,14.1,41.7,0.259,17.2
8135,9,2024-12-08,0.0,26.1,9.8,41.5,0.275,17.8
8136,9,2024-12-09,0.0,29.8,13.9,60.0,0.186,7.7
8137,9,2024-12-10,0.0,28.0,10.5,41.2,0.224,13.2
8138,9,2024-12-11,0.0,29.7,11.3,52.1,0.201,10.5
8139,9,2024-12-12,0.9,28.4,9.0,52.4,0.208,12.1
8140,9,2024-12-13,0.0,30.4,9.2,48.6,0.273,6.8
8141,9,2024-12-14,0.0,26.3,13.9,55.2,0.178,16.7
8142,9,2024-12-15,0.0,27.0,11.6,43.3,0.208,9.0
8143,9,2024-12-16,0.0,28.7,12.6,57.7,0.235,11.4
8144,9,2024-12-17,0.0,29.9,12.7,47.8,0.262,11.2
8145,9,2024-12-18,0.0,29.3,9.1,61.5,0.249,6.5
8146,9,2024-12-19,0.0,27.2,13.9,42.2,0.2,13.0
8147,9,2024-12-20,0.0,29.3,13.3,57.6,0.154,10.4
8148,9,2024-12-21,0.0,27.9,13.5,43.6,0.194,14.3
8149,9,2024-12-22,0.0,28.3,10.7,55.3,0.224,5.8
8150,9,2024-12-23,1.2,30.4,10.6,54.6,0.199,7.4
8151,9,2024-12-24,0.0,27.8,9.8,48.7,0.278,7.9
8152,9,2024-12-25,0.0,26.2,11.0,60.7,0.273,13.2
8153,9,2024-12-26,0.0,30.1,11.1,50.3,0.241,11.2
8154,9,2024-12-27,0.0,27.3,9.6,52.2,0.232,11.3
8155,9,2024-12-28,0.0,27.9,10.6,61.9,0.2,15.4
8156,9,2024-12-29,0.0,29.1,11.7,42.0,0.171,14.0
8157,9,2024-12-30,0.0,27.3,9.9,46.5,0.216,12.0
8158,9,2024-12-31,0.0,27.2,10.7,60.4,0.272,12.8
8159,9,2025-01-01,0.0,28.8,14.0,53.3,0.22,14.1
8160,9,2025-01-02,0.7,26.5,14.2,53.9,0.185,15.5
8161,9,2025-01-03,0.0,27.3,9.6,60.3,0.184,2.1
8162,9,2025-01-04,0.0,30.0,10.4,60.1,0.224,13.9
8163,9,2025-01-05,0.0,29.6,12.4,50.4,0.215,11.6
8164,9,2025-01-06,0.0,27.0,9.4,56.0,0.265,14.3
8165,9,2025-01-07,0.0,29.8,14.1,45.0,0.194,8.1
8166,9,2025-01-08,0.0,26.2,10.6,53.1,0.243,20.8
8167,9,2025-01-09,0.0,29.4,10.6,40.8,0.194,15.3
8168,9,2025-01-10,0.0,27.2,9.2,40.7,0.17,15.2
8169,9,2025-01-11,0.0,27.8,12.1,42.7,0.218,17.1
8170,9,2025-01-12,0.0,28.3,12.2,44.0,0.225,10.4
8171,9,2025-01-13,0.0,29.5,9.1,56.0,0.167,15.2
8172,9,2025-01-14,0.0,27.8,13.7,41.8,0.279,8.9
8173,9,2025-01-15,0.0,26.0,9.3,40.3,0.244,9.2
8174,9,2025-01-16,0.0,28.4,10.9,41.6,0.277,19.0
8175,9,2025-01-17,0.0,29.6,11.3,45.0,0.155,21.6
8176,9,2025-01-18,0.0,27.5,9.6,49.9,0.272,13.6
8177,9,2025-01-19,0.0,26.8,13.6,52.7,0.265,11.9
8178,9,2025-01-20,0.0,27.2,10.3,54.8,0.169,8.9
8179,9,2025-01-21,0.0,26.9,12.5,57.8,0.256,15.3
8180,9,2025-01-22,0.0,28.2,14.3,56.2,0.236,13.3
8181,9,2025-01-23,0.0,29.4,11.8,53.5,0.16,10.9
8182,9,2025-01-24,0.0,27.2,11.5,45.8,0.183,13.2
8183,9,2025-01-25,0.0,27.4,11.7,49.9,0.214,6.3
8184,9,2025-01-26,0.0,27.3,12.0,58.2,0.154,17.9
8185,9,2025-01-27,0.0,27.0,14.1,61.6,0.223,9.9
8186,9,2025-01-28,0.0,30.3,13.3,56.1,0.265,27.0
8187,9,2025-01-29,0.0,29.8,12.8,50.9,0.27,10.0
8188,9,2025-01-30,0.0,29.5,13.8,51.7,0.174,16.0
8189,9,2025-01-31,0.0,29.9,9.7,59.0,0.228,12.8
8190,9,2025-02-01,0.0,34.1,21.6,45.3,0.242,3.2
8191,9,2025-02-02,0.0,34.4,20.0,52.6,0.257,16.4
8192,9,2025-02-03,0.0,32.7,22.4,48.4,0.22,5.0
8193,9,2025-02-04,0.0,36.7,22.8,68.7,0.187,17.4
8194,9,2025-02-05,0.0,35.7,22.4,52.2,0.213,12.3
8195,9,2025-02-06,0.0,35.4,21.0,47.1,0.212,14.5
8196,9,2025-02-07,0.0,33.9,20.9,68.3,0.248,13.9
8197,9,2025-02-08,0.0,34.1,22.1,46.5,0.303,13.5
8198,9,2025-02-09,0.0,37.0,18.1,57.9,0.269,12.5
8199,9,2025-02-10,0.0,34.8,19.8,55.6,0.349,15.2
8200,9,2025-02-11,1.4,35.1,20.8,69.3,0.226,5.0
8201,9,2025-02-12,0.0,33.7,23.2,45.3,0.239,2.0
8202,9,2025-02-13,0.0,33.1,18.4,49.3,0.191,14.4
8203,9,2025-02-14,2.5,33.0,20.1,48.1,0.279,6.4
8204,9,2025-02-15,0.0,34.7,18.5,62.3,0.307,10.5
8205,9,2025-02-16,0.0,33.1,18.3,55.4,0.218,13.5
8206,9,2025-02-17,0.0,37.7,20.8,65.7,0.269,16.7
8207,9,2025-02-18,0.0,37.0,18.2,68.4,0.319,17.3
8208,9,2025-02-19,0.0,34.4,20.0,69.4,0.187,14.4
8209,9,2025-02-20,0.0,37.8,18.2,48.3,0.329,5.6
8210,9,2025-02-21,0.0,37.8,20.9,45.6,0.183,9.4
8211,9,2025-02-22,0.0,34.6,21.8,67.4,0.25,8.2
8212,9,2025-02-23,0.0,36.0,24.0,68.0,0.314,4.6
8213,9,2025-02-24,1.5,37.3,19.3,51.5,0.215,11.0
8214,9,2025-02-25,0.0,37.4,20.4,51.1,0.321,19.4
8215,9,2025-02-26,0.0,37.7,18.6,56.0,0.291,12.5
8216,9,2025-02-27,0.0,37.9,21.3,51.3,0.224,10.6
8217,9,2025-02-28,0.0,36.7,18.1,45.1,0.187,10.0
8218,9,2025-03-01,0.0,34.5,20.3,66.3,0.29,12.8
8219,9,2025-03-02,0.0,34.8,23.8,57.0,0.224,6.2
8220,9,2025-03-03,0.0,32.5,22.8,45.9,0.315,9.2
8221,9,2025-03-04,0.0,34.6,21.9,51.0,0.323,14.1
8222,9,2025-03-05,0.0,33.4,19.8,68.9,0.306,8.1
8223,9,2025-03-06,0.0,37.0,21.0,46.4,0.237,19.2
8224,9,2025-03-07,0.0,37.6,22.1,67.3,0.209,11.7
8225,9,2025-03-08,0.0,37.1,20.9,66.1,0.187,3.8
8226,9,2025-03-09,0.8,36.2,20.5,66.9,0.31,14.3
8227,9,2025-03-10,0.0,32.2,20.0,55.9,0.224,19.6
8228,9,2025-03-11,0.0,37.9,20.7,63.5,0.31,12.8
8229,9,2025-03-12,0.0,34.3,19.1,62.7,0.204,7.4
8230,9,2025-03-13,0.0,34.5,20.6,51.6,0.26,16.8
8231,9,2025-03-14,0.0,34.3,22.4,66.9,0.311,9.4
8232,9,2025-03-15,0.0,32.5,22.5,54.3,0.212,12.2
8233,9,2025-03-16,0.0,35.7,19.8,48.4,0.216,13.6
8234,9,2025-03-17,0.0,35.4,20.2,48.4,0.261,10.5
8235,9,2025-03-18,0.0,33.0,21.2,50.5,0.288,13.3
8236,9,2025-03-19,0.0,33.1,20.3,54.8,0.225,5.8
8237,9,2025-03-20,0.0,34.2,20.1,47.6,0.292,19.1
8238,9,2025-03-21,0.0,32.7,23.5,54.4,0.203,19.5
8239,9,2025-03-22,0.0,37.5,23.8,66.1,0.222,8.3
8240,9,2025-03-23,0.0,33.6,23.0,51.0,0.255,14.7
8241,9,2025-03-24,0.0,32.7,20.8,56.4,0.204,11.7
8242,9,2025-03-25,1.4,33.2,19.1,49.0,0.235,9.2
8243,9,2025-03-26,0.0,36.0,20.3,48.5,0.246,14.2
8244,9,2025-03-27,0.0,34.4,21.0,59.8,0.217,9.8
8245,9,2025-03-28,0.0,37.5,23.7,52.5,0.212,10.8
8246,9,2025-03-29,0.0,37.5,18.1,62.0,0.277,10.2
8247,9,2025-03-30,0.0,32.9,21.4,47.2,0.334,14.2
8248,9,2025-03-31,0.0,37.1,18.8,53.9,0.324,8.8
8249,9,2025-04-01,0.0,44.8,26.5,28.5,0.125,15.3
8250,9,2025-04-02,0.0,45.5,26.9,32.5,0.115,15.6
8251,9,2025-04-03,0.0,45.5,27.1,26.5,0.095,7.8
8252,9,2025-04-04,0.0,45.8,28.9,25.5,0.119,12.9
8253,9,2025-04-05,0.0,42.2,30.8,21.0,0.095,15.4
8254,9,2025-04-06,0.0,44.3,30.1,23.1,0.103,14.7
8255,9,2025-04-07,0.1,45.5,29.8,36.2,0.158,2.9
8256,9,2025-04-08,0.0,41.4,27.0,35.7,0.089,9.6
8257,9,2025-04-09,0.0,44.7,27.9,32.3,0.152,7.4
8258,9,2025-04-10,0.0,45.5,30.4,23.6,0.152,13.8
8259,9,2025-04-11,0.0,44.8,26.6,31.3,0.148,10.3
8260,9,2025-04-12,0.0,44.2,29.1,20.7,0.175,6.4
8261,9,2025-04-13,0.0,46.3,28.9,21.6,0.122,16.4
8262,9,2025-04-14,0.0,42.6,26.2,36.1,0.175,6.4
8263,9,2025-04-15,0.0,43.5,28.4,25.6,0.116,5.7
8264,9,2025-04-16,0.0,42.9,28.4,22.5,0.175,6.0
8265,9,2025-04-17,0.3,43.9,26.2,30.8,0.135,15.4
8266,9,2025-04-18,0.0,43.7,27.5,36.9,0.094,19.3
8267,9,2025-04-19,0.0,41.7,30.5,28.9,0.119,6.8
8268,9,2025-04-20,0.0,43.2,27.9,24.4,0.175,8.2
8269,9,2025-04-21,0.0,43.1,27.9,36.0,0.106,13.4
8270,9,2025-04-22,0.0,45.6,27.8,27.0,0.17,9.6
8271,9,2025-04-23,0.0,42.1,28.0,26.8,0.082,16.7
8272,9,2025-04-24,0.0,42.4,30.0,22.2,0.1,10.5
8273,9,2025-04-25,0.0,41.8,28.5,26.3,0.094,12.1
8274,9,2025-04-26,0.0,42.6,26.7,20.6,0.102,26.7
8275,9,2025-04-27,0.0,41.9,26.5,31.2,0.105,18.0
8276,9,2025-04-28,0.0,46.2,26.5,24.3,0.136,15.9
8277,9,2025-04-29,0.0,42.0,28.0,27.5,0.085,10.4
8278,9,2025-04-30,0.0,42.7,29.9,21.2,0.094,14.2
8279,9,2025-05-01,1.2,43.3,27.7,37.8,0.101,10.5
8280,9,2025-05-02,0.0,45.0,28.4,22.5,0.168,9.5
8281,9,2025-05-03,0.0,43.5,27.9,25.0,0.124,6.2
8282,9,2025-05-04,0.0,44.3,28.7,29.4,0.085,14.7
8283,9,2025-05-05,0.0,44.2,28.3,37.6,0.173,14.1
8284,9,2025-05-06,0.0,44.9,30.1,26.4,0.102,12.9
8285,9,2025-05-07,0.0,43.1,28.4,29.6,0.144,8.0
8286,9,2025-05-08,0.0,45.9,30.6,32.1,0.127,18.3
8287,9,2025-05-09,0.0,46.0,27.5,25.9,0.127,14.1
8288,9,2025-05-10,0.0,41.3,27.5,26.9,0.176,10.2
8289,9,2025-05-11,0.0,43.4,30.8,30.9,0.081,11.8
8290,9,2025-05-12,0.0,43.7,26.3,27.8,0.147,9.4
8291,9,2025-05-13,0.0,43.6,31.0,37.5,0.111,11.7
8292,9,2025-05-14,0.0,45.8,28.1,24.3,0.108,13.6
8293,9,2025-05-15,0.0,42.3,27.0,28.7,0.113,16.0
8294,9,2025-05-16,0.0,42.0,26.5,30.6,0.161,10.5
8295,9,2025-05-17,0.0,45.5,30.5,21.5,0.116,15.0
8296,9,2025-05-18,0.0,45.9,30.5,35.3,0.159,12.2
8297,9,2025-05-19,0.0,44.5,29.0,26.0,0.102,5.4
8298,9,2025-05-20,0.0,46.4,30.1,23.4,0.087,11.4
8299,9,2025-05-21,0.0,42.5,26.2,22.0,0.116,9.9
8300,9,2025-05-22,0.0,45.4,30.1,33.6,0.174,9.0
8301,9,2025-05-23,0.0,41.6,27.9,22.2,0.089,14.8
8302,9,2025-05-24,0.0,42.5,29.3,28.6,0.094,7.5
8303,9,2025-05-25,0.0,43.5,27.3,35.6,0.129,7.7
8304,9,2025-05-26,0.0,46.2,26.3,24.9,0.113,16.1
8305,9,2025-05-27,0.0,42.3,30.3,28.5,0.107,6.3
8306,9,2025-05-28,0.0,41.7,30.8,22.8,0.093,18.7
8307,9,2025-05-29,0.0,43.3,26.6,29.9,0.145,9.9
8308,9,2025-05-30,0.0,44.6,29.1,35.8,0.099,7.6
8309,9,2025-05-31,0.0,45.0,27.8,34.7,0.113,11.7
8310,9,2025-06-01,0.0,35.0,19.3,51.0,0.298,17.1
8311,9,2025-06-02,36.4,33.6,18.4,59.7,0.345,7.0
8312,9,2025-06-03,0.0,34.1,23.2,65.5,0.186,7.7
8313,9,2025-06-04,20.9,32.2,20.7,56.1,0.335,7.1
8314,9,2025-06-05,15.8,36.6,21.5,63.1,0.302,10.2
8315,9,2025-06-06,0.0,33.5,23.0,59.2,0.344,15.0
8316,9,2025-06-07,0.0,33.5,21.7,47.6,0.256,5.1
8317,9,2025-06-08,18.7,37.2,18.8,50.7,0.337,6.5
8318,9,2025-06-09,0.0,36.1,23.7,69.7,0.274,7.9
8319,9,2025-06-10,35.9,32.2,21.2,50.0,0.338,12.7
8320,9,2025-06-11,0.0,35.0,18.3,49.9,0.2,10.0
8321,9,2025-06-12,5.1,37.8,22.9,63.2,0.318,17.0
8322,9,2025-06-13,20.7,32.4,18.2,50.9,0.323,4.7
8323,9,2025-06-14,12.4,34.6,22.0,59.7,0.195,6.6
8324,9,2025-06-15,138.0,36.7,19.7,48.7,0.312,12.2
8325,9,2025-06-16,0.0,33.6,21.5,56.4,0.249,15.2
8326,9,2025-06-17,0.0,32.8,23.5,46.2,0.289,6.1
8327,9,2025-06-18,10.9,32.4,20.6,64.5,0.238,16.2
8328,9,2025-06-19,0.0,37.3,22.7,63.3,0.195,7.8
8329,9,2025-06-20,0.0,34.0,21.3,61.2,0.193,20.9
8330,9,2025-06-21,0.0,36.9,20.7,54.1,0.188,14.8
8331,9,2025-06-22,19.4,37.8,23.2,51.7,0.252,11.7
8332,9,2025-06-23,0.0,34.3,22.5,63.0,0.347,6.0
8333,9,2025-06-24,0.0,37.9,20.3,48.9,0.208,8.0
8334,9,2025-06-25,0.0,35.8,18.3,51.1,0.283,6.9
8335,9,2025-06-26,0.0,32.9,21.6,46.4,0.229,12.4
8336,9,2025-06-27,0.0,34.5,22.8,49.5,0.27,10.5
8337,9,2025-06-28,0.0,35.3,18.5,69.1,0.266,17.9
8338,9,2025-06-29,0.0,37.3,23.9,66.8,0.188,4.0
8339,9,2025-06-30,0.0,35.9,23.7,62.6,0.349,13.8
8340,9,2025-07-01,50.1,31.2,26.0,85.9,0.772,23.0
8341,9,2025-07-02,25.7,28.4,26.0,88.1,0.615,15.3
8342,9,2025-07-03,17.3,29.0,24.1,98.6,0.561,6.1
8343,9,2025-07-04,40.9,28.3,25.5,100.0,0.713,13.5
8344,9,2025-07-05,0.8,29.4,24.7,86.6,0.455,17.8
8345,9,2025-07-06,58.4,32.2,25.3,95.3,0.825,5.3
8346,9,2025-07-07,29.3,28.1,25.2,83.0,0.638,18.8
8347,9,2025-07-08,2.9,32.5,23.1,79.9,0.469,16.2
8348,9,2025-07-09,2.7,32.6,23.5,77.1,0.467,8.0
8349,9,2025-07-10,2.3,31.3,25.4,93.1,0.465,9.5
8350,9,2025-07-11,1.5,30.4,25.7,91.2,0.46,9.9
8351,9,2025-07-12,35.8,29.8,23.2,89.3,0.68,2.1
8352,9,2025-07-13,35.7,31.6,23.4,98.3,0.679,5.6
8353,9,2025-07-14,36.3,31.8,25.5,99.0,0.683,12.7
8354,9,2025-07-15,165.6,31.6,23.4,100.0,1.0,6.2
8355,9,2025-07-16,42.4,29.4,23.7,99.6,0.723,19.8
8356,9,2025-07-17,76.5,31.2,25.5,100.0,0.942,19.7
8357,9,2025-07-18,78.9,29.1,24.8,92.5,0.957,9.7
8358,9,2025-07-19,1.1,32.5,25.2,86.1,0.457,11.6
8359,9,2025-07-20,2.9,28.6,24.6,93.6,0.469,13.0
8360,9,2025-07-21,58.5,29.9,23.4,91.4,0.826,18.2
8361,9,2025-07-22,55.1,28.6,25.6,99.2,0.804,16.6
8362,9,2025-07-23,1.6,32.6,25.6,79.0,0.46,11.9
8363,9,2025-07-24,68.0,30.8,23.9,99.6,0.887,12.8
8364,9,2025-07-25,2.6,31.3,25.3,87.6,0.467,17.5
8365,9,2025-07-26,16.5,32.1,24.1,96.8,0.556,8.7
8366,9,2025-07-27,50.3,32.1,25.5,86.5,0.773,14.1
8367,9,2025-07-28,36.0,29.9,23.6,89.4,0.681,12.0
8368,9,2025-07-29,2.7,29.4,25.4,90.7,0.467,16.5
8369,9,2025-07-30,2.9,32.3,24.3,75.7,0.469,12.7
8370,9,2025-07-31,25.1,28.6,24.8,82.3,0.611,2.0
8371,9,2025-08-01,0.7,32.2,23.0,82.7,0.455,16.1
8372,9,2025-08-02,51.2,32.8,25.0,96.2,0.779,19.7
8373,9,2025-08-03,41.0,28.6,24.4,92.4,0.714,16.3
8374,9,2025-08-04,1.8,29.1,24.7,81.7,0.462,7.0
8375,9,2025-08-05,2.9,29.1,25.7,80.6,0.469,10.3
8376,9,2025-08-06,114.8,28.8,24.8,100.0,1.0,14.5
8377,9,2025-08-07,1.1,30.5,25.3,76.6,0.457,9.9
8378,9,2025-08-08,1.1,29.1,24.5,87.9,0.457,2.0
8379,9,2025-08-09,23.5,28.4,25.5,89.7,0.601,2.6
8380,9,2025-08-10,0.1,30.6,23.7,84.2,0.451,16.1
8381,9,2025-08-11,24.4,31.1,23.6,89.6,0.607,14.1
8382,9,2025-08-12,0.2,28.5,25.0,78.8,0.451,7.5
8383,9,2025-08-13,39.7,28.2,24.4,93.0,0.705,11.7
8384,9,2025-08-14,2.7,32.7,23.7,92.1,0.467,13.6
8385,9,2025-08-15,55.6,29.2,24.9,100.0,0.807,8.0
8386,9,2025-08-16,43.0,31.2,24.7,91.1,0.726,17.2
8387,9,2025-08-17,63.3,28.2,25.9,100.0,0.857,11.4
8388,9,2025-08-18,46.2,30.3,25.8,89.3,0.747,13.4
8389,9,2025-08-19,33.2,28.8,24.8,100.0,0.663,10.6
8390,9,2025-08-20,0.6,28.3,23.7,95.8,0.454,9.3
8391,9,2025-08-21,1.5,28.3,23.2,90.6,0.46,16.8
8392,9,2025-08-22,20.3,32.9,24.6,82.5,0.581,13.8
8393,9,2025-08-23,66.9,31.3,25.3,93.6,0.88,14.1
8394,9,2025-08-24,36.7,30.0,25.0,95.4,0.686,16.8
8395,9,2025-08-25,1.7,28.2,25.1,83.9,0.461,7.3
8396,9,2025-08-26,22.5,31.9,25.0,81.9,0.595,2.0
8397,9,2025-08-27,47.8,31.7,23.6,96.1,0.757,20.6
8398,9,2025-08-28,90.2,29.0,25.7,97.2,1.0,13.3
8399,9,2025-08-29,0.4,29.8,24.7,78.2,0.453,7.1
8400,9,2025-08-30,2.3,31.3,25.4,93.6,0.465,10.9
8401,9,2025-08-31,0.7,28.2,24.4,82.6,0.455,15.1
8402,9,2025-09-01,18.2,32.8,20.2,66.8,0.319,11.0
8403,9,2025-09-02,0.0,35.4,18.9,45.7,0.185,12.2
8404,9,2025-09-03,0.0,33.2,22.1,49.5,0.269,7.1
8405,9,2025-09-04,13.8,35.8,18.1,65.4,0.286,9.6
8406,9,2025-09-05,0.0,35.7,22.5,58.0,0.219,8.8
8407,9,2025-09-06,5.6,37.3,18.5,51.7,0.195,16.7
8408,9,2025-09-07,0.0,37.8,22.0,65.7,0.311,8.4
8409,9,2025-09-08,0.0,36.6,21.0,50.7,0.301,8.1
8410,9,2025-09-09,28.8,37.5,20.0,49.6,0.191,15.2
8411,9,2025-09-10,5.6,32.6,18.9,68.4,0.241,16.4
8412,9,2025-09-11,0.0,37.8,19.3,54.9,0.263,7.3
8413,9,2025-09-12,0.0,37.9,21.6,48.8,0.254,7.1
8414,9,2025-09-13,12.5,37.8,18.8,46.3,0.31,18.5
8415,9,2025-09-14,19.5,33.4,22.2,48.9,0.305,4.6
8416,9,2025-09-15,0.0,33.0,18.5,57.2,0.191,11.0
8417,9,2025-09-16,41.2,34.6,21.8,68.8,0.244,12.8
8418,9,2025-09-17,0.0,35.8,23.5,57.1,0.261,12.0
8419,9,2025-09-18,0.0,34.1,20.4,50.5,0.189,13.7
8420,9,2025-09-19,28.0,32.7,18.8,52.0,0.249,9.4
8421,9,2025-09-20,0.0,37.8,20.8,48.5,0.26,5.2
8422,9,2025-09-21,25.8,35.9,18.8,46.8,0.314,17.5
8423,9,2025-09-22,0.0,35.9,21.1,56.2,0.198,10.2
8424,9,2025-09-23,0.0,35.2,23.4,47.1,0.209,9.1
8425,9,2025-09-24,0.0,34.1,18.6,47.9,0.203,16.0
8426,9,2025-09-25,33.7,37.5,20.2,48.6,0.329,14.6
8427,9,2025-09-26,19.1,33.5,18.7,57.1,0.28,16.2
8428,9,2025-09-27,0.0,36.5,20.5,62.2,0.267,18.6
8429,9,2025-09-28,0.0,34.1,21.1,49.4,0.186,8.6
8430,9,2025-09-29,0.0,36.7,22.3,59.5,0.218,5.9
8431,9,2025-09-30,12.1,35.9,18.7,50.1,0.319,14.0
8432,9,2025-10-01,0.0,34.6,18.5,51.1,0.239,8.7
8433,9,2025-10-02,0.0,35.6,18.8,65.0,0.323,8.1
8434,9,2025-10-03,0.0,34.8,20.0,53.6,0.298,11.6
8435,9,2025-10-04,2.3,33.4,21.2,66.7,0.293,9.5
8436,9,2025-10-05,1.9,37.0,22.7,69.3,0.306,21.8
8437,9,2025-10-06,1.0,35.6,21.6,61.6,0.332,8.7
8438,9,2025-10-07,0.0,32.1,19.5,50.8,0.304,14.9
8439,9,2025-10-08,0.0,34.7,21.8,48.4,0.264,11.6
8440,9,2025-10-09,0.0,37.9,18.3,65.3,0.342,12.2
8441,9,2025-10-10,0.0,35.7,22.0,50.5,0.204,8.8
8442,9,2025-10-11,1.0,34.8,19.6,61.6,0.251,10.5
8443,9,2025-10-12,0.0,37.4,21.6,48.6,0.246,14.5
8444,9,2025-10-13,0.0,35.6,23.3,48.7,0.342,19.5
8445,9,2025-10-14,0.0,34.7,18.8,67.1,0.319,10.1
8446,9,2025-10-15,0.0,32.4,20.7,46.3,0.294,11.6
8447,9,2025-10-16,0.0,38.0,21.3,55.8,0.239,9.1
8448,9,2025-10-17,0.0,35.0,20.7,65.3,0.318,10.4
8449,9,2025-10-18,0.0,32.4,19.1,53.8,0.254,8.9
8450,9,2025-10-19,0.0,34.8,23.9,67.7,0.235,15.0
8451,9,2025-10-20,3.4,32.5,20.5,49.8,0.285,11.0
8452,9,2025-10-21,0.0,37.0,18.6,45.6,0.248,9.0
8453,9,2025-10-22,0.0,33.0,22.1,64.8,0.325,9.6
8454,9,2025-10-23,1.3,32.9,23.7,57.6,0.289,17.0
8455,9,2025-10-24,4.2,36.1,20.2,56.7,0.228,17.1
8456,9,2025-10-25,0.0,37.5,21.5,55.9,0.327,13.3
8457,9,2025-10-26,0.0,32.6,22.1,66.4,0.241,10.4
8458,9,2025-10-27,3.1,36.8,21.8,52.1,0.253,5.6
8459,9,2025-10-28,0.0,33.4,19.2,67.2,0.289,13.5
8460,9,2025-10-29,0.0,34.8,20.4,59.6,0.262,2.0
8461,9,2025-10-30,0.0,33.9,23.0,64.0,0.219,8.8
8462,9,2025-10-31,0.0,36.6,19.7,58.0,0.301,8.5
8463,9,2025-11-01,1.6,34.6,22.6,49.2,0.329,14.5
8464,9,2025-11-02,0.0,32.2,19.4,62.4,0.325,6.1
8465,9,2025-11-03,0.0,34.0,18.7,62.3,0.204,14.6
8466,9,2025-11-04,0.0,36.4,21.5,60.0,0.324,7.8
8467,9,2025-11-05,0.0,34.9,20.8,47.3,0.299,13.5
8468,9,2025-11-06,0.0,37.7,18.2,65.1,0.35,11.4
8469,9,2025-11-07,0.0,34.4,22.4,62.5,0.336,16.4
8470,9,2025-11-08,0.0,33.6,18.0,58.8,0.277,20.9
8471,9,2025-11-09,0.0,33.2,23.0,69.8,0.326,8.4
8472,9,2025-11-10,0.0,32.8,20.8,49.7,0.333,8.2
8473,9,2025-11-11,0.0,34.0,21.3,48.9,0.19,14.9
8474,9,2025-11-12,0.0,35.3,19.5,69.1,0.258,8.1
8475,9,2025-11-13,0.0,37.3,21.8,59.3,0.269,14.2
8476,9,2025-11-14,1.9,32.8,18.3,66.7,0.189,7.5
8477,9,2025-11-15,0.0,33.5,18.2,66.9,0.181,11.6
8478,9,2025-11-16,0.0,34.2,20.2,51.7,0.295,7.2
8479,9,2025-11-17,0.0,35.8,18.0,49.9,0.294,12.5
8480,9,2025-11-18,0.0,34.2,22.2,54.9,0.303,15.3
8481,9,2025-11-19,0.0,36.4,18.0,66.0,0.259,10.2
8482,9,2025-11-20,1.1,35.0,19.7,58.4,0.301,3.9
8483,9,2025-11-21,0.0,34.3,19.5,48.0,0.311,21.3
8484,9,2025-11-22,0.0,33.4,20.9,62.4,0.312,2.0
8485,9,2025-11-23,0.0,32.8,21.1,57.2,0.344,7.4
8486,9,2025-11-24,0.0,32.8,18.1,51.9,0.187,8.4
8487,9,2025-11-25,0.0,34.1,20.1,59.6,0.267,8.1
8488,9,2025-11-26,0.0,36.6,23.3,59.7,0.324,8.8
8489,9,2025-11-27,0.0,35.9,22.6,51.3,0.205,13.6
8490,9,2025-11-28,0.0,36.6,23.7,51.4,0.208,7.4
8491,9,2025-11-29,0.0,32.2,19.1,51.9,0.214,2.0
8492,9,2025-11-30,0.0,32.6,21.1,55.5,0.216,8.7
8493,9,2025-12-01,0.0,28.1,13.7,58.8,0.268,18.9
8494,9,2025-12-02,0.0,27.2,11.4,51.8,0.179,8.8
8495,9,2025-12-03,1.8,30.2,13.8,43.8,0.219,13.2
8496,9,2025-12-04,0.0,29.2,10.8,50.5,0.219,6.0
8497,9,2025-12-05,0.0,29.4,13.2,47.8,0.276,10.6
8498,9,2025-12-06,0.0,29.3,12.2,42.8,0.156,7.0
8499,9,2025-12-07,0.0,28.2,11.9,53.7,0.201,15.1
8500,9,2025-12-08,0.0,27.8,11.5,49.2,0.193,11.2
8501,9,2025-12-09,0.0,28.3,9.6,47.5,0.212,6.1
8502,9,2025-12-10,0.0,28.2,13.7,51.5,0.249,14.7
8503,9,2025-12-11,0.0,27.5,14.5,47.1,0.217,17.4
8504,9,2025-12-12,0.0,28.3,11.9,57.6,0.193,11.4
8505,9,2025-12-13,0.0,26.3,10.6,43.8,0.197,8.4
8506,9,2025-12-14,0.0,29.3,12.2,42.3,0.158,13.6
8507,9,2025-12-15,0.0,27.0,9.7,47.7,0.165,11.4
8508,9,2025-12-16,0.0,28.4,10.4,47.1,0.194,11.2
8509,9,2025-12-17,0.0,30.1,12.3,54.1,0.275,17.6
8510,9,2025-12-18,0.0,30.0,11.1,52.2,0.159,12.5
8511,9,2025-12-19,1.9,28.9,9.9,58.0,0.274,16.2
8512,9,2025-12-20,0.0,27.6,10.4,53.2,0.207,8.3
8513,9,2025-12-21,0.0,28.2,9.6,51.5,0.214,16.8
8514,9,2025-12-22,0.0,29.3,12.0,48.6,0.268,17.3
8515,9,2025-12-23,0.0,28.6,13.4,55.3,0.163,13.4
8516,9,2025-12-24,0.0,29.1,10.7,44.4,0.158,8.7
8517,9,2025-12-25,0.0,30.0,9.3,52.2,0.273,13.9
8518,9,2025-12-26,0.0,27.1,10.2,53.4,0.177,17.9
8519,9,2025-12-27,2.4,30.4,12.8,43.5,0.185,4.3
8520,9,2025-12-28,0.0,26.1,9.9,50.9,0.248,7.3
8521,9,2025-12-29,0.0,29.7,12.4,41.7,0.208,19.1
8522,9,2025-12-30,0.0,27.3,10.7,43.4,0.157,10.9
8523,9,2025-12-31,0.0,30.0,14.0,55.8,0.171,15.0
8524,9,2026-01-01,0.0,28.0,11.6,52.6,0.258,13.0
8525,9,2026-01-02,0.0,29.9,10.7,42.3,0.247,13.6
8526,9,2026-01-03,0.0,26.1,10.0,48.5,0.257,18.8
8527,9,2026-01-04,0.0,27.8,11.3,55.9,0.218,11.0
8528,9,2026-01-05,0.0,26.0,11.3,61.3,0.243,18.4
8529,9,2026-01-06,0.0,27.6,13.3,55.9,0.263,9.5
8530,9,2026-01-07,0.0,28.7,14.0,54.8,0.229,8.6
8531,9,2026-01-08,0.0,28.4,11.4,55.5,0.229,20.2
8532,9,2026-01-09,0.0,30.0,9.7,52.2,0.236,20.9
8533,9,2026-01-10,0.0,26.9,10.3,42.3,0.171,9.5
8534,9,2026-01-11,0.0,29.6,13.5,41.5,0.268,11.7
8535,9,2026-01-12,0.0,26.3,14.2,50.5,0.161,15.3
8536,9,2026-01-13,0.0,26.7,10.7,56.5,0.161,7.5
8537,9,2026-01-14,0.0,27.3,11.8,45.6,0.216,8.1
8538,9,2026-01-15,2.3,26.0,12.4,60.1,0.24,7.4
8539,9,2026-01-16,3.0,30.3,9.5,41.9,0.151,17.8
8540,9,2026-01-17,0.0,26.6,10.8,60.3,0.202,14.4
8541,9,2026-01-18,0.0,27.3,13.8,43.0,0.231,19.6
8542,9,2026-01-19,0.0,30.1,12.1,54.8,0.188,17.1
8543,9,2026-01-20,0.0,26.1,12.8,55.2,0.214,8.0
8544,9,2026-01-21,0.0,30.2,12.9,44.2,0.186,12.0
8545,9,2026-01-22,0.0,28.6,14.0,56.8,0.28,9.8
8546,9,2026-01-23,0.0,26.1,10.1,56.9,0.278,14.5
8547,9,2026-01-24,0.0,29.1,12.1,50.5,0.247,10.5
8548,9,2026-01-25,0.0,26.5,13.1,49.4,0.231,18.9
8549,9,2026-01-26,0.0,27.6,12.7,40.1,0.177,5.8
8550,9,2026-01-27,0.0,26.3,12.7,45.3,0.22,2.0
8551,9,2026-01-28,0.0,27.4,12.4,54.5,0.189,10.3
8552,9,2026-01-29,0.0,27.3,14.4,59.8,0.228,7.5
8553,9,2026-01-30,0.0,29.3,9.9,54.8,0.244,15.8
8554,9,2026-01-31,0.0,29.6,10.7,48.5,0.189,17.0
8555,9,2026-02-01,0.0,34.8,22.1,59.9,0.181,9.6
8556,9,2026-02-02,0.0,34.1,23.4,62.6,0.318,4.5
8557,9,2026-02-03,0.0,35.0,19.2,62.9,0.248,5.4
8558,9,2026-02-04,0.0,34.7,20.5,67.2,0.343,15.2
8559,9,2026-02-05,0.0,36.7,22.8,49.1,0.296,3.6
8560,9,2026-02-06,0.0,34.1,23.9,57.6,0.337,9.4
8561,9,2026-02-07,0.0,35.8,20.2,70.0,0.323,11.8
8562,9,2026-02-08,0.0,33.7,19.3,68.0,0.189,17.7
8563,9,2026-02-09,0.0,35.4,19.5,67.3,0.305,4.1
8564,9,2026-02-10,0.0,35.4,19.2,67.9,0.339,23.7
8565,9,2026-02-11,0.0,37.0,22.7,49.8,0.199,16.9
8566,9,2026-02-12,0.0,32.4,20.3,56.0,0.348,20.4
8567,9,2026-02-13,0.0,34.1,23.7,62.8,0.218,14.3
8568,9,2026-02-14,0.0,34.2,19.3,59.5,0.218,14.9
8569,9,2026-02-15,0.0,36.9,20.7,64.1,0.237,13.4
8570,9,2026-02-16,0.0,38.0,22.5,62.9,0.266,14.2
8571,9,2026-02-17,0.0,34.6,21.4,62.9,0.324,16.1
8572,9,2026-02-18,0.0,33.8,20.7,45.0,0.23,11.7
8573,9,2026-02-19,0.0,35.1,20.4,59.4,0.24,14.0
8574,9,2026-02-20,0.0,32.6,23.4,45.9,0.347,7.4
8575,9,2026-02-21,0.0,35.4,21.3,50.8,0.273,15.5
8576,9,2026-02-22,0.0,35.8,21.5,57.0,0.272,17.2
8577,9,2026-02-23,0.0,38.0,19.2,69.9,0.206,5.7
8578,9,2026-02-24,0.0,37.6,21.7,49.2,0.218,6.8
8579,9,2026-02-25,0.0,35.8,20.8,52.1,0.231,12.0
8580,9,2026-02-26,0.0,32.8,23.9,65.3,0.203,15.4
8581,9,2026-02-27,0.0,35.2,18.4,66.4,0.289,10.9
8582,9,2026-02-28,0.0,32.0,23.2,49.3,0.213,2.2
8583,9,2026-03-01,0.0,37.7,23.8,59.7,0.331,17.9
8584,9,2026-03-02,0.0,37.9,18.4,48.9,0.292,13.0
8585,9,2026-03-03,0.0,32.5,20.9,53.0,0.287,13.2
8586,9,2026-03-04,0.0,37.9,18.5,59.1,0.273,7.1
8587,9,2026-03-05,0.0,36.4,22.7,48.3,0.201,17.2
8588,9,2026-03-06,0.0,36.2,23.9,69.4,0.322,11.0
8589,9,2026-03-07,0.0,34.9,22.6,54.3,0.347,17.8
8590,9,2026-03-08,0.0,33.3,21.0,67.9,0.303,12.4
8591,9,2026-03-09,0.0,36.5,18.7,58.2,0.241,4.0
8592,9,2026-03-10,0.0,35.5,18.6,48.3,0.27,8.5
8593,9,2026-03-11,0.0,36.4,23.9,47.6,0.224,10.0
8594,9,2026-03-12,0.0,33.3,23.7,61.8,0.265,10.9
8595,9,2026-03-13,0.0,32.1,22.5,56.2,0.303,25.1
8596,9,2026-03-14,0.0,33.0,21.0,59.5,0.342,12.1
8597,9,2026-03-15,0.0,37.7,23.1,46.4,0.332,5.8
8598,9,2026-03-16,0.0,37.4,18.9,53.2,0.311,13.6
8599,9,2026-03-17,0.0,33.7,24.0,52.0,0.339,11.0
8600,9,2026-03-18,0.0,37.8,18.9,49.1,0.349,9.3
8601,9,2026-03-19,0.0,32.4,23.6,48.7,0.279,12.7
8602,9,2026-03-20,0.0,34.1,19.4,56.6,0.226,14.2
8603,9,2026-03-21,0.0,32.9,18.4,69.6,0.211,18.4
8604,9,2026-03-22,0.0,37.3,22.4,51.4,0.243,17.9
8605,9,2026-03-23,0.0,34.9,23.9,69.0,0.202,16.1
8606,9,2026-03-24,0.0,35.8,21.8,68.4,0.23,16.1
8607,9,2026-03-25,0.0,34.2,20.5,56.1,0.244,10.8
8608,9,2026-03-26,0.0,34.9,23.0,52.3,0.314,8.0
8609,9,2026-03-27,0.0,34.0,18.3,45.0,0.288,3.2
8610,9,2026-03-28,0.0,32.5,19.8,50.2,0.255,13.8
8611,9,2026-03-29,0.0,33.6,18.4,67.2,0.256,13.4
8612,9,2026-03-30,0.0,33.7,20.4,60.5,0.239,12.0
8613,9,2026-03-31,0.0,33.7,18.5,51.2,0.296,13.2
8614,9,2026-04-01,0.0,41.1,28.9,34.5,0.091,12.1
8615,9,2026-04-02,0.0,46.4,30.2,31.6,0.098,9.7
8616,9,2026-04-03,0.0,41.3,26.4,20.9,0.14,12.4
8617,9,2026-04-04,0.0,41.5,30.7,22.7,0.122,2.0
8618,9,2026-04-05,0.0,44.6,29.9,30.6,0.165,19.5
8619,9,2026-04-06,0.0,41.8,29.1,33.7,0.108,17.3
8620,9,2026-04-07,0.0,45.2,29.2,24.7,0.169,12.5
8621,9,2026-04-08,0.0,45.4,27.0,33.7,0.144,16.4
8622,9,2026-04-09,0.0,41.0,30.6,34.0,0.118,8.1
8623,9,2026-04-10,0.0,41.4,27.1,20.0,0.099,15.8
8624,9,2026-04-11,0.0,46.3,27.1,20.3,0.129,15.9
8625,9,2026-04-12,0.4,43.9,29.0,29.2,0.099,14.0
8626,9,2026-04-13,0.0,42.2,29.9,35.1,0.145,11.9
8627,9,2026-04-14,0.0,41.6,28.6,33.6,0.143,9.8
8628,9,2026-04-15,0.0,45.3,29.4,27.5,0.088,16.2
8629,9,2026-04-16,0.0,46.2,28.3,33.5,0.124,9.4
8630,9,2026-04-17,0.0,43.5,26.6,23.8,0.095,2.0
8631,9,2026-04-18,0.0,46.0,30.2,23.9,0.145,4.5
8632,9,2026-04-19,0.0,42.7,30.0,28.1,0.128,13.7
8633,9,2026-04-20,0.0,42.8,26.1,28.7,0.154,10.0
8634,9,2026-04-21,0.0,43.8,28.9,36.9,0.142,13.8
8635,9,2026-04-22,0.0,42.1,30.7,31.7,0.111,14.1
8636,9,2026-04-23,0.0,44.0,30.4,34.3,0.082,17.6
8637,9,2026-04-24,0.0,41.3,30.0,32.8,0.091,13.9
8638,9,2026-04-25,0.0,46.2,28.7,34.3,0.136,4.9
8639,9,2026-04-26,0.0,46.2,26.3,27.7,0.118,3.3
8640,9,2026-04-27,0.0,46.3,30.7,30.7,0.08,15.7
8641,9,2026-04-28,0.0,41.5,28.8,37.2,0.173,2.0
8642,9,2026-04-29,0.0,44.8,30.5,33.3,0.113,14.7
8643,9,2026-04-30,0.0,45.0,28.5,30.6,0.101,10.7
8644,9,2026-05-01,0.0,45.2,30.3,32.4,0.136,12.5
8645,9,2026-05-02,0.0,44.9,30.5,35.7,0.149,15.7
8646,9,2026-05-03,0.0,46.4,28.0,21.8,0.125,11.0
8647,9,2026-05-04,0.0,42.3,26.7,23.0,0.136,14.1
8648,9,2026-05-05,0.0,46.1,29.2,34.8,0.085,10.7
8649,9,2026-05-06,0.0,44.6,27.3,29.0,0.096,19.8
8650,9,2026-05-07,0.0,41.6,26.4,23.9,0.177,5.7
8651,9,2026-05-08,0.0,41.8,30.5,20.1,0.126,14.7
8652,9,2026-05-09,0.0,43.0,30.8,37.7,0.124,15.1
8653,9,2026-05-10,0.0,45.9,30.9,30.1,0.121,7.2
8654,9,2026-05-11,0.0,43.9,30.8,22.9,0.136,17.5
8655,9,2026-05-12,0.0,45.8,29.5,20.8,0.119,8.4
8656,9,2026-05-13,0.0,41.6,29.4,33.2,0.109,6.6
8657,9,2026-05-14,0.0,45.0,30.3,37.9,0.139,17.8
8658,9,2026-05-15,0.0,42.2,30.7,24.7,0.125,12.8
8659,9,2026-05-16,0.0,41.6,30.4,30.5,0.177,12.7
8660,9,2026-05-17,0.0,41.3,30.1,33.8,0.105,13.2
8661,9,2026-05-18,0.0,43.8,29.7,23.0,0.144,8.6
8662,9,2026-05-19,0.0,45.1,28.3,25.6,0.082,8.4
8663,9,2026-05-20,0.0,43.2,27.1,36.7,0.089,8.5
8664,9,2026-05-21,0.0,44.3,30.0,29.8,0.125,9.1
8665,9,2026-05-22,0.0,45.1,30.1,32.4,0.136,14.8
8666,9,2026-05-23,0.0,43.7,30.4,33.3,0.104,8.7
8667,9,2026-05-24,0.0,41.9,28.2,24.9,0.179,11.9
8668,9,2026-05-25,0.0,44.7,28.7,27.8,0.177,10.9
8669,9,2026-05-26,0.0,44.2,28.1,25.6,0.122,2.4
8670,9,2026-05-27,0.0,41.2,27.7,31.1,0.18,17.1
8671,9,2026-05-28,0.0,42.3,26.5,26.3,0.131,2.1
8672,9,2026-05-29,0.0,42.6,26.8,36.8,0.161,2.0
8673,9,2026-05-30,0.0,41.8,26.1,33.5,0.12,18.0
8674,9,2026-05-31,0.0,42.9,30.5,36.5,0.121,9.6
8675,9,2026-06-01,65.9,34.7,18.9,53.5,0.262,6.2
8676,9,2026-06-02,20.1,36.0,18.4,49.7,0.228,5.1
8677,9,2026-06-03,0.0,37.0,22.8,67.0,0.341,12.2
8678,9,2026-06-04,33.4,36.4,22.7,45.9,0.303,6.4
8679,9,2026-06-05,8.1,37.2,21.8,66.7,0.192,3.1
8680,9,2026-06-06,0.0,35.5,19.6,68.1,0.262,11.4
8681,9,2026-06-07,20.8,36.1,23.7,60.2,0.304,10.9
8682,9,2026-06-08,18.7,32.0,22.5,56.3,0.254,7.0
8683,9,2026-06-09,35.5,36.5,20.7,68.1,0.332,11.9
8684,9,2026-06-10,23.4,36.2,23.8,58.9,0.337,13.8
8685,9,2026-06-11,0.0,37.0,20.5,49.2,0.275,19.0
8686,9,2026-06-12,0.0,34.3,18.3,62.4,0.301,14.0
8687,9,2026-06-13,0.0,34.5,23.2,52.8,0.212,15.3
8688,9,2026-06-14,0.0,35.2,18.9,53.2,0.286,4.0
8689,9,2026-06-15,0.0,34.5,22.4,65.3,0.204,9.8
8690,9,2026-06-16,0.0,36.7,18.8,51.5,0.344,8.9
8691,9,2026-06-17,0.0,36.9,18.8,57.0,0.238,6.5
8692,9,2026-06-18,0.0,37.2,19.2,48.4,0.24,4.7
8693,9,2026-06-19,29.7,34.8,20.8,60.3,0.209,15.8
8694,9,2026-06-20,0.0,36.8,22.6,47.0,0.268,17.2
8695,9,2026-06-21,0.0,34.7,21.3,68.5,0.305,13.9
8696,9,2026-06-22,0.0,35.6,21.4,59.5,0.22,10.6
8697,9,2026-06-23,20.3,32.9,23.3,59.3,0.275,8.0
8698,9,2026-06-24,0.0,32.2,23.0,64.4,0.188,18.1
8699,9,2026-06-25,0.0,32.5,21.9,67.9,0.194,14.6
8700,9,2026-06-26,0.0,36.8,23.8,68.9,0.271,16.2
8701,9,2026-06-27,14.5,36.3,21.9,52.6,0.268,12.6
8702,9,2026-06-28,4.0,37.0,23.4,48.4,0.214,11.6
8703,9,2026-06-29,18.8,36.8,21.0,51.6,0.316,5.2
8704,9,2026-06-30,0.0,34.9,18.3,51.1,0.324,17.4
8705,9,2026-07-01,24.4,32.8,24.9,96.2,0.607,11.3
8706,9,2026-07-02,109.2,30.0,25.7,97.0,1.0,8.7
8707,9,2026-07-03,55.5,31.7,23.4,100.0,0.807,13.4
8708,9,2026-07-04,15.1,28.9,23.7,78.4,0.547,20.9
8709,9,2026-07-05,95.1,30.8,24.4,100.0,1.0,9.4
8710,9,2026-07-06,2.2,29.9,23.6,87.5,0.464,7.7
8711,9,2026-07-07,48.9,32.6,24.5,87.8,0.764,6.3
8712,9,2026-07-08,0.6,32.8,25.5,77.2,0.454,13.3
8713,9,2026-07-09,35.2,31.4,25.0,85.9,0.676,3.4
8714,9,2026-07-10,78.6,30.8,24.0,96.1,0.955,23.9
8715,9,2026-07-11,0.3,32.8,25.5,75.1,0.452,15.5
8716,9,2026-07-12,0.0,30.2,25.4,84.6,0.45,10.4
8717,9,2026-07-13,18.9,30.5,24.6,80.1,0.572,8.7
8718,9,2026-07-14,1.0,32.5,25.5,85.4,0.456,10.4
8719,9,2026-07-15,56.4,31.0,25.0,100.0,0.813,2.4
8720,9,2026-07-16,16.0,32.8,23.6,78.3,0.553,4.6
8721,9,2026-07-17,74.1,32.8,25.3,91.9,0.926,16.7
8722,9,2026-07-18,0.7,30.9,24.4,87.0,0.455,10.4
8723,9,2026-07-19,24.1,29.9,25.9,86.2,0.605,7.1
8724,9,2026-07-20,37.9,29.0,23.1,94.5,0.694,7.4
8725,9,2026-07-21,112.1,32.1,25.9,100.0,1.0,8.9
8726,9,2026-07-22,28.1,30.4,25.6,85.0,0.631,9.0
8727,9,2026-07-23,17.7,30.4,25.7,79.2,0.564,13.8
8728,9,2026-07-24,2.6,32.2,24.3,85.7,0.467,10.7
8729,9,2026-07-25,3.0,31.1,24.9,88.1,0.469,2.1
8730,9,2026-07-26,42.9,32.4,24.5,90.3,0.726,7.2
8731,9,2026-07-27,1.6,28.3,24.8,78.0,0.46,8.1
8732,9,2026-07-28,1.9,31.1,24.5,76.6,0.462,9.8
8733,9,2026-07-29,1.9,28.5,25.3,76.2,0.462,11.3
8734,9,2026-07-30,75.7,32.8,25.1,100.0,0.937,15.0
8735,9,2026-07-31,1.9,29.5,24.7,88.3,0.462,12.5
8736,9,2026-08-01,38.5,32.2,24.8,97.8,0.698,2.0
8737,9,2026-08-02,55.7,30.9,24.3,88.0,0.808,10.4
8738,9,2026-08-03,0.5,32.4,26.0,82.2,0.453,8.4
8739,9,2026-08-04,49.6,32.0,25.7,100.0,0.769,15.6
8740,9,2026-08-05,1.5,32.4,25.8,93.5,0.46,2.0
8741,9,2026-08-06,69.1,31.4,23.6,91.6,0.894,11.3
8742,9,2026-08-07,53.7,31.0,24.0,87.0,0.795,11.6
8743,9,2026-08-08,41.6,30.3,23.4,93.5,0.717,18.2
8744,9,2026-08-09,27.2,32.1,24.5,94.9,0.625,7.0
8745,9,2026-08-10,30.1,32.0,23.7,93.9,0.643,2.7
8746,9,2026-08-11,47.2,28.1,25.1,97.3,0.753,9.4
8747,9,2026-08-12,91.1,31.5,25.6,100.0,1.0,11.1
8748,9,2026-08-13,0.9,32.9,23.1,85.6,0.456,14.0
8749,9,2026-08-14,64.9,29.4,24.4,94.8,0.867,10.2
8750,9,2026-08-15,22.3,32.2,23.3,96.8,0.593,9.1
8751,9,2026-08-16,2.9,29.1,26.0,84.8,0.469,6.9
8752,9,2026-08-17,1.1,30.4,25.8,77.0,0.457,8.5
8753,9,2026-08-18,0.3,28.6,24.2,96.0,0.452,12.8
8754,9,2026-08-19,75.4,29.8,23.9,93.6,0.935,15.0
8755,9,2026-08-20,51.3,30.3,25.8,99.5,0.78,8.3
8756,9,2026-08-21,1.0,30.4,25.9,88.7,0.456,9.6
8757,9,2026-08-22,27.4,31.7,23.8,80.9,0.626,17.7
8758,9,2026-08-23,61.0,28.5,25.2,91.0,0.842,9.8
8759,9,2026-08-24,53.4,30.2,26.0,96.5,0.793,2.7
8760,9,2026-08-25,42.0,31.5,23.9,83.9,0.72,5.9
8761,9,2026-08-26,54.2,29.9,23.1,95.0,0.798,14.2
8762,9,2026-08-27,89.0,30.3,24.1,100.0,1.0,5.3
8763,9,2026-08-28,68.2,31.5,23.1,89.2,0.888,9.4
8764,9,2026-08-29,40.8,32.5,24.9,98.8,0.712,14.2
8765,9,2026-08-30,26.9,32.6,24.4,91.2,0.623,13.0
8766,9,2026-08-31,64.7,31.0,24.5,100.0,0.866,12.4
